TRUNCATE `oc_city`;
TRUNCATE `oc_zone`;
TRUNCATE `oc_country`;
INSERT INTO `oc_country` (country_id, name, iso_code_2, iso_code_3, postcode_required, status) VALUES (1, "Nanggroe Aceh Darussalam (NAD)", "ID", "IDN", 1, 1);
INSERT INTO `oc_zone` (zone_id, country_id, name, status) VALUES (1, 1, "Kab. Aceh Barat", 1);
INSERT INTO `oc_city` (city_id, zone_id, name, code, jnereg) VALUES (1, 1, "Arongan Lambalek", "BTJ20320", "87600");
INSERT INTO `oc_city` (city_id, zone_id, name, code, jnereg) VALUES (2, 1, "Bubon", "BTJ20319", "87600");
INSERT INTO `oc_city` (city_id, zone_id, name, code, jnereg) VALUES (3, 1, "Johan Pahlawan", "BTJ20321", "87600");
INSERT INTO `oc_city` (city_id, zone_id, name, code, jnereg) VALUES (4, 1, "Kec. Kaway XVI", "BTJ20304", "87600");
INSERT INTO `oc_city` (city_id, zone_id, name, code, jnereg) VALUES (5, 1, "Meulaboh", "BTJ20300", "69600");
INSERT INTO `oc_city` (city_id, zone_id, name, code, jnereg) VALUES (6, 1, "Pante Ceureumen", "BTJ20324", "87600");
INSERT INTO `oc_city` (city_id, zone_id, name, code, jnereg) VALUES (7, 1, "Samatiga", "BTJ20308", "87600");
INSERT INTO `oc_city` (city_id, zone_id, name, code, jnereg) VALUES (8, 1, "Sungai Mas", "BTJ20315", "87600");
INSERT INTO `oc_city` (city_id, zone_id, name, code, jnereg) VALUES (9, 1, "Woyla", "BTJ20318", "87600");
INSERT INTO `oc_city` (city_id, zone_id, name, code, jnereg) VALUES (10, 1, "Woyla Barat", "BTJ20322", "87600");
INSERT INTO `oc_city` (city_id, zone_id, name, code, jnereg) VALUES (11, 1, "Woyla Timur", "BTJ20323", "87600");
INSERT INTO `oc_zone` (zone_id, country_id, name, status) VALUES (2, 1, "Kab. Aceh Barat Daya", 1);
INSERT INTO `oc_city` (city_id, zone_id, name, code, jnereg) VALUES (12, 2, "Babah Rot", "BTJ21001", "87600");
INSERT INTO `oc_city` (city_id, zone_id, name, code, jnereg) VALUES (13, 2, "Blangpidie", "BTJ21000", "69600");
INSERT INTO `oc_city` (city_id, zone_id, name, code, jnereg) VALUES (14, 2, "kuala Batee", "BTJ21002", "87600");
INSERT INTO `oc_city` (city_id, zone_id, name, code, jnereg) VALUES (15, 2, "Manggeng", "BTJ21003", "87600");
INSERT INTO `oc_city` (city_id, zone_id, name, code, jnereg) VALUES (16, 2, "Susoh", "BTJ21004", "87600");
INSERT INTO `oc_city` (city_id, zone_id, name, code, jnereg) VALUES (17, 2, "Tangan Tangan", "BTJ21005", "87600");
INSERT INTO `oc_zone` (zone_id, country_id, name, status) VALUES (3, 1, "Kab. Aceh Besar", 1);
INSERT INTO `oc_city` (city_id, zone_id, name, code, jnereg) VALUES (18, 3, "Baitussalam", "BTJ10313", "87600");
INSERT INTO `oc_city` (city_id, zone_id, name, code, jnereg) VALUES (19, 3, "Darul Imarah", "BTJ10301", "87600");
INSERT INTO `oc_city` (city_id, zone_id, name, code, jnereg) VALUES (20, 3, "Darul Kamal", "BTJ10314", "87600");
INSERT INTO `oc_city` (city_id, zone_id, name, code, jnereg) VALUES (21, 3, "Darussalam", "BTJ10302", "87600");
INSERT INTO `oc_city` (city_id, zone_id, name, code, jnereg) VALUES (22, 3, "Indrapuri", "BTJ10303", "87600");
INSERT INTO `oc_city` (city_id, zone_id, name, code, jnereg) VALUES (23, 3, "Ingin Jaya", "BTJ10304", "87600");
INSERT INTO `oc_city` (city_id, zone_id, name, code, jnereg) VALUES (24, 3, "Janto", "BTJ10300", "69600");
INSERT INTO `oc_city` (city_id, zone_id, name, code, jnereg) VALUES (25, 3, "Krueng Barona Jaya", "BTJ10315", "87600");
INSERT INTO `oc_city` (city_id, zone_id, name, code, jnereg) VALUES (26, 3, "Kuta Baro", "BTJ10305", "87600");
INSERT INTO `oc_city` (city_id, zone_id, name, code, jnereg) VALUES (27, 3, "Kuta Cot Glie", "BTJ10316", "87600");
INSERT INTO `oc_city` (city_id, zone_id, name, code, jnereg) VALUES (28, 3, "Kuta Malaka", "BTJ10317", "87600");
INSERT INTO `oc_city` (city_id, zone_id, name, code, jnereg) VALUES (29, 3, "Lembah Seulawah", "BTJ10318", "87600");
INSERT INTO `oc_city` (city_id, zone_id, name, code, jnereg) VALUES (30, 3, "Leupung", "BTJ10319", "87600");
INSERT INTO `oc_city` (city_id, zone_id, name, code, jnereg) VALUES (31, 3, "Lho'Nga", "BTJ10306", "87600");
INSERT INTO `oc_city` (city_id, zone_id, name, code, jnereg) VALUES (32, 3, "Lhoong", "BTJ10307", "87600");
INSERT INTO `oc_city` (city_id, zone_id, name, code, jnereg) VALUES (33, 3, "Mesjid Raya", "BTJ10308", "87600");
INSERT INTO `oc_city` (city_id, zone_id, name, code, jnereg) VALUES (34, 3, "Montasik", "BTJ10309", "87600");
INSERT INTO `oc_city` (city_id, zone_id, name, code, jnereg) VALUES (35, 3, "Peukan Bada", "BTJ10310", "87600");
INSERT INTO `oc_city` (city_id, zone_id, name, code, jnereg) VALUES (36, 3, "Puroaceh", "BTJ10320", "87600");
INSERT INTO `oc_city` (city_id, zone_id, name, code, jnereg) VALUES (37, 3, "Seulimeum", "BTJ10321", "87600");
INSERT INTO `oc_city` (city_id, zone_id, name, code, jnereg) VALUES (38, 3, "Simpang tiga", "BTJ10312", "87600");
INSERT INTO `oc_city` (city_id, zone_id, name, code, jnereg) VALUES (39, 3, "Suka Makmur", "BTJ10311", "87600");
INSERT INTO `oc_zone` (zone_id, country_id, name, status) VALUES (4, 1, "Kab. Aceh Jaya", 1);
INSERT INTO `oc_city` (city_id, zone_id, name, code, jnereg) VALUES (40, 4, "Jaya", "BTJ21101", "87600");
INSERT INTO `oc_city` (city_id, zone_id, name, code, jnereg) VALUES (41, 4, "Krueng Sabee/Calang", "BTJ21100", "69600");
INSERT INTO `oc_city` (city_id, zone_id, name, code, jnereg) VALUES (42, 4, "Pangat", "BTJ21102", "87600");
INSERT INTO `oc_city` (city_id, zone_id, name, code, jnereg) VALUES (43, 4, "Sampo Niet", "BTJ21103", "87600");
INSERT INTO `oc_city` (city_id, zone_id, name, code, jnereg) VALUES (44, 4, "Setia Bakti", "BTJ21104", "87600");
INSERT INTO `oc_city` (city_id, zone_id, name, code, jnereg) VALUES (45, 4, "Teunom", "BTJ21105", "87600");
INSERT INTO `oc_zone` (zone_id, country_id, name, status) VALUES (5, 1, "Kab. Aceh Selatan", 1);
INSERT INTO `oc_city` (city_id, zone_id, name, code, jnereg) VALUES (46, 5, "Bakongan", "BTJ20601", "87600");
INSERT INTO `oc_city` (city_id, zone_id, name, code, jnereg) VALUES (47, 5, "Bakongan Timur", "BTJ20619", "87600");
INSERT INTO `oc_city` (city_id, zone_id, name, code, jnereg) VALUES (48, 5, "Kluet Selatan", "BTJ20605", "87600");
INSERT INTO `oc_city` (city_id, zone_id, name, code, jnereg) VALUES (49, 5, "Kluet Tengah", "BTJ20620", "87600");
INSERT INTO `oc_city` (city_id, zone_id, name, code, jnereg) VALUES (50, 5, "Kluet Timur", "BTJ20621", "87600");
INSERT INTO `oc_city` (city_id, zone_id, name, code, jnereg) VALUES (51, 5, "Kluet Utara", "BTJ20603", "87600");
INSERT INTO `oc_city` (city_id, zone_id, name, code, jnereg) VALUES (52, 5, "Labuhan Haji", "BTJ20606", "87600");
INSERT INTO `oc_city` (city_id, zone_id, name, code, jnereg) VALUES (53, 5, "Labuhan Haji Barat", "BTJ20622", "87600");
INSERT INTO `oc_city` (city_id, zone_id, name, code, jnereg) VALUES (54, 5, "Labuhan Haji Timur", "BTJ20623", "87600");
INSERT INTO `oc_city` (city_id, zone_id, name, code, jnereg) VALUES (55, 5, "Meukek", "BTJ20608", "87600");
INSERT INTO `oc_city` (city_id, zone_id, name, code, jnereg) VALUES (56, 5, "Pasie raja", "BTJ20624", "87600");
INSERT INTO `oc_city` (city_id, zone_id, name, code, jnereg) VALUES (57, 5, "Sama Dua", "BTJ20610", "87600");
INSERT INTO `oc_city` (city_id, zone_id, name, code, jnereg) VALUES (58, 5, "Sawang", "BTJ20646", "87600");
INSERT INTO `oc_city` (city_id, zone_id, name, code, jnereg) VALUES (59, 5, "Tapak Tuan", "BTJ20600", "69600");
INSERT INTO `oc_city` (city_id, zone_id, name, code, jnereg) VALUES (60, 5, "Trumon", "BTJ20617", "87600");
INSERT INTO `oc_city` (city_id, zone_id, name, code, jnereg) VALUES (61, 5, "Trumon Timur", "BTJ20625", "87600");
INSERT INTO `oc_zone` (zone_id, country_id, name, status) VALUES (6, 1, "Kab. Aceh Singkil", 1);
INSERT INTO `oc_city` (city_id, zone_id, name, code, jnereg) VALUES (62, 6, "Danau Paris", "BTJ21201", "87600");
INSERT INTO `oc_city` (city_id, zone_id, name, code, jnereg) VALUES (63, 6, "Gunung Meriah", "BTJ21202", "87600");
INSERT INTO `oc_city` (city_id, zone_id, name, code, jnereg) VALUES (64, 6, "Kota Baharu", "BTJ21203", "87600");
INSERT INTO `oc_city` (city_id, zone_id, name, code, jnereg) VALUES (65, 6, "Pulau Banyak", "BTJ21204", "87600");
INSERT INTO `oc_city` (city_id, zone_id, name, code, jnereg) VALUES (66, 6, "Simpang Kanan", "BTJ21205", "87600");
INSERT INTO `oc_city` (city_id, zone_id, name, code, jnereg) VALUES (67, 6, "Singkil", "BTJ21200", "69600");
INSERT INTO `oc_city` (city_id, zone_id, name, code, jnereg) VALUES (68, 6, "Singkil Utara", "BTJ21206", "87600");
INSERT INTO `oc_city` (city_id, zone_id, name, code, jnereg) VALUES (69, 6, "Singkohor", "BTJ21207", "87600");
INSERT INTO `oc_city` (city_id, zone_id, name, code, jnereg) VALUES (70, 6, "Suro Baru", "BTJ21208", "87600");
INSERT INTO `oc_zone` (zone_id, country_id, name, status) VALUES (7, 1, "Kab. Aceh Tamiang", 1);
INSERT INTO `oc_city` (city_id, zone_id, name, code, jnereg) VALUES (71, 7, "Bendahara", "BTJ21301", "87600");
INSERT INTO `oc_city` (city_id, zone_id, name, code, jnereg) VALUES (72, 7, "Karang Baru", "BTJ21302", "87600");
INSERT INTO `oc_city` (city_id, zone_id, name, code, jnereg) VALUES (73, 7, "Kejuruan Muda", "BTJ21303", "87600");
INSERT INTO `oc_city` (city_id, zone_id, name, code, jnereg, kgp) VALUES (74, 7, "Kuala Simpang", "BTJ21300", "69600", "54000");
INSERT INTO `oc_city` (city_id, zone_id, name, code, jnereg) VALUES (75, 7, "Manyak Payed", "BTJ21304", "87600");
INSERT INTO `oc_city` (city_id, zone_id, name, code, jnereg) VALUES (76, 7, "Rantau", "BTJ21305", "87600");
INSERT INTO `oc_city` (city_id, zone_id, name, code, jnereg) VALUES (77, 7, "Seuruway", "BTJ21306", "87600");
INSERT INTO `oc_city` (city_id, zone_id, name, code, jnereg) VALUES (78, 7, "Tamiang Hulu", "BTJ21307", "87600");
INSERT INTO `oc_zone` (zone_id, country_id, name, status) VALUES (8, 1, "Kab. Aceh Tengah", 1);
INSERT INTO `oc_city` (city_id, zone_id, name, code, jnereg) VALUES (79, 8, "Atu Lintang", "BTJ20509", "87600");
INSERT INTO `oc_city` (city_id, zone_id, name, code, jnereg) VALUES (80, 8, "Bebesen", "BTJ20502", "87600");
INSERT INTO `oc_city` (city_id, zone_id, name, code, jnereg) VALUES (81, 8, "Bies", "BTJ20510", "87600");
INSERT INTO `oc_city` (city_id, zone_id, name, code, jnereg) VALUES (82, 8, "Bintang", "BTJ20503", "87600");
INSERT INTO `oc_city` (city_id, zone_id, name, code, jnereg) VALUES (83, 8, "Celala", "BTJ20511", "87600");
INSERT INTO `oc_city` (city_id, zone_id, name, code, jnereg) VALUES (84, 8, "Jagong Jeget", "BTJ20512", "87600");
INSERT INTO `oc_city` (city_id, zone_id, name, code, jnereg) VALUES (85, 8, "Kebayakan", "BTJ20513", "87600");
INSERT INTO `oc_city` (city_id, zone_id, name, code, jnereg) VALUES (86, 8, "Ketol", "BTJ20514", "87600");
INSERT INTO `oc_city` (city_id, zone_id, name, code, jnereg) VALUES (87, 8, "Kute Panang", "BTJ20515", "87600");
INSERT INTO `oc_city` (city_id, zone_id, name, code, jnereg) VALUES (88, 8, "LautTawar", "BTJ20516", "87600");
INSERT INTO `oc_city` (city_id, zone_id, name, code, jnereg) VALUES (89, 8, "Linge Isak", "BTJ20505", "87600");
INSERT INTO `oc_city` (city_id, zone_id, name, code, jnereg) VALUES (90, 8, "Pegasing", "BTJ20506", "87600");
INSERT INTO `oc_city` (city_id, zone_id, name, code, jnereg) VALUES (91, 8, "Rusip Antara", "BTJ20517", "87600");
INSERT INTO `oc_city` (city_id, zone_id, name, code, jnereg) VALUES (92, 8, "Silih Nara", "BTJ20507", "87600");
INSERT INTO `oc_city` (city_id, zone_id, name, code, jnereg) VALUES (93, 8, "Takengon", "BTJ20500", "69600");
INSERT INTO `oc_zone` (zone_id, country_id, name, status) VALUES (9, 1, "Kab. Aceh Tenggara", 1);
INSERT INTO `oc_city` (city_id, zone_id, name, code, jnereg) VALUES (94, 9, "Babul Makmur", "BTJ20209", "87600");
INSERT INTO `oc_city` (city_id, zone_id, name, code, jnereg) VALUES (95, 9, "Babul Rahmat", "BTJ20210", "87600");
INSERT INTO `oc_city` (city_id, zone_id, name, code, jnereg) VALUES (96, 9, "Babussalam", "BTJ20211", "87600");
INSERT INTO `oc_city` (city_id, zone_id, name, code, jnereg) VALUES (97, 9, "Badar", "BTJ20201", "87600");
INSERT INTO `oc_city` (city_id, zone_id, name, code, jnereg) VALUES (98, 9, "Bambel", "BTJ20202", "87600");
INSERT INTO `oc_city` (city_id, zone_id, name, code, jnereg) VALUES (99, 9, "Bukit Tusam", "BTJ20212", "87600");
INSERT INTO `oc_city` (city_id, zone_id, name, code, jnereg) VALUES (100, 9, "Darul Hasanah", "BTJ20213", "87600");
INSERT INTO `oc_city` (city_id, zone_id, name, code, jnereg) VALUES (101, 9, "Kutacane", "BTJ20200", "69600");
INSERT INTO `oc_city` (city_id, zone_id, name, code, jnereg) VALUES (102, 9, "Lawe Alas", "BTJ20205", "87600");
INSERT INTO `oc_city` (city_id, zone_id, name, code, jnereg) VALUES (103, 9, "Lawe Bulan", "BTJ20214", "87600");
INSERT INTO `oc_city` (city_id, zone_id, name, code, jnereg) VALUES (104, 9, "Lawe Sigala-gala", "BTJ20206", "87600");
INSERT INTO `oc_city` (city_id, zone_id, name, code, jnereg) VALUES (105, 9, "Semadam", "BTJ20215", "87600");
INSERT INTO `oc_zone` (zone_id, country_id, name, status) VALUES (10, 1, "Kab. Aceh Timur", 1);
INSERT INTO `oc_city` (city_id, zone_id, name, code, jnereg) VALUES (106, 10, "Banda Alam", "BTJ21401", "87600");
INSERT INTO `oc_city` (city_id, zone_id, name, code, jnereg) VALUES (107, 10, "Birem Bayeun", "BTJ21402", "87600");
INSERT INTO `oc_city` (city_id, zone_id, name, code, jnereg) VALUES (108, 10, "Darul Aman", "BTJ21403", "87600");
INSERT INTO `oc_city` (city_id, zone_id, name, code, jnereg) VALUES (109, 10, "Darul Iksan", "BTJ21404", "87600");
INSERT INTO `oc_city` (city_id, zone_id, name, code, jnereg, kgp) VALUES (110, 10, "Idi Rayeuk", "BTJ21400", "69600", "54000");
INSERT INTO `oc_city` (city_id, zone_id, name, code, jnereg) VALUES (111, 10, "Idi Tuning", "BTJ21405", "87600");
INSERT INTO `oc_city` (city_id, zone_id, name, code, jnereg) VALUES (112, 10, "Indra Makmur", "BTJ21406", "87600");
INSERT INTO `oc_city` (city_id, zone_id, name, code, jnereg) VALUES (113, 10, "Julok", "BTJ21407", "87600");
INSERT INTO `oc_city` (city_id, zone_id, name, code, jnereg) VALUES (114, 10, "Madat", "BTJ21408", "87600");
INSERT INTO `oc_city` (city_id, zone_id, name, code, jnereg) VALUES (115, 10, "Nurussalam", "BTJ21409", "87600");
INSERT INTO `oc_city` (city_id, zone_id, name, code, jnereg) VALUES (116, 10, "Pante Beudari", "BTJ21410", "87600");
INSERT INTO `oc_city` (city_id, zone_id, name, code, jnereg) VALUES (117, 10, "Peudawa", "BTJ21411", "87600");
INSERT INTO `oc_city` (city_id, zone_id, name, code, jnereg) VALUES (118, 10, "Peureulak", "BTJ21412", "87600");
INSERT INTO `oc_city` (city_id, zone_id, name, code, jnereg) VALUES (119, 10, "Peureulak Barat", "BTJ21413", "87600");
INSERT INTO `oc_city` (city_id, zone_id, name, code, jnereg) VALUES (120, 10, "Peureulak Timur", "BTJ21414", "87600");
INSERT INTO `oc_city` (city_id, zone_id, name, code, jnereg) VALUES (121, 10, "Rantau Selamat", "BTJ21415", "87600");
INSERT INTO `oc_city` (city_id, zone_id, name, code, jnereg) VALUES (122, 10, "Ranto Peureulak", "BTJ21416", "87600");
INSERT INTO `oc_city` (city_id, zone_id, name, code, jnereg) VALUES (123, 10, "Serba Jadi/Lokop", "BTJ21417", "87600");
INSERT INTO `oc_city` (city_id, zone_id, name, code, jnereg) VALUES (124, 10, "Simpang Jernih", "BTJ21418", "87600");
INSERT INTO `oc_city` (city_id, zone_id, name, code, jnereg) VALUES (125, 10, "Simpang Ulim", "BTJ21419", "87600");
INSERT INTO `oc_city` (city_id, zone_id, name, code, jnereg) VALUES (126, 10, "Sungai Raya", "BTJ21420", "87600");
INSERT INTO `oc_zone` (zone_id, country_id, name, status) VALUES (11, 1, "Kab. Aceh Utara", 1);
INSERT INTO `oc_city` (city_id, zone_id, name, code, jnereg) VALUES (127, 11, "Baktia", "BTJ21501", "87600");
INSERT INTO `oc_city` (city_id, zone_id, name, code, jnereg) VALUES (128, 11, "Baktia Barat", "BTJ21502", "87600");
INSERT INTO `oc_city` (city_id, zone_id, name, code, jnereg) VALUES (129, 11, "Cot Girek", "BTJ21503", "87600");
INSERT INTO `oc_city` (city_id, zone_id, name, code, jnereg) VALUES (130, 11, "Dewantara", "BTJ21504", "87600");
INSERT INTO `oc_city` (city_id, zone_id, name, code, jnereg) VALUES (131, 11, "Kuta Makmur", "BTJ21505", "87600");
INSERT INTO `oc_city` (city_id, zone_id, name, code, jnereg) VALUES (132, 11, "Langkahan", "BTJ21506", "87600");
INSERT INTO `oc_city` (city_id, zone_id, name, code, jnereg, kgp) VALUES (133, 11, "Lhoksukon", "BTJ21500", "69600", "53000");
INSERT INTO `oc_city` (city_id, zone_id, name, code, jnereg) VALUES (134, 11, "Matang Kuli", "BTJ21507", "87600");
INSERT INTO `oc_city` (city_id, zone_id, name, code, jnereg) VALUES (135, 11, "Meurah Mulia", "BTJ21508", "87600");
INSERT INTO `oc_city` (city_id, zone_id, name, code, jnereg) VALUES (136, 11, "Muara Batu", "BTJ21509", "87600");
INSERT INTO `oc_city` (city_id, zone_id, name, code, jnereg) VALUES (137, 11, "Nibong", "BTJ21510", "87600");
INSERT INTO `oc_city` (city_id, zone_id, name, code, jnereg) VALUES (138, 11, "Nisam", "BTJ21511", "87600");
INSERT INTO `oc_city` (city_id, zone_id, name, code, jnereg) VALUES (139, 11, "Paya Bakong", "BTJ21512", "87600");
INSERT INTO `oc_city` (city_id, zone_id, name, code, jnereg) VALUES (140, 11, "Samudera", "BTJ21513", "87600");
INSERT INTO `oc_city` (city_id, zone_id, name, code, jnereg) VALUES (141, 11, "Sawang", "BTJ21514", "87600");
INSERT INTO `oc_city` (city_id, zone_id, name, code, jnereg) VALUES (142, 11, "Seunuddon", "BTJ21515", "87600");
INSERT INTO `oc_city` (city_id, zone_id, name, code, jnereg) VALUES (143, 11, "Simpang Keuramat", "BTJ21516", "87600");
INSERT INTO `oc_city` (city_id, zone_id, name, code, jnereg) VALUES (144, 11, "Syamtalira Aron", "BTJ21517", "87600");
INSERT INTO `oc_city` (city_id, zone_id, name, code, jnereg) VALUES (145, 11, "Syamtalira Bayu", "BTJ21518", "87600");
INSERT INTO `oc_city` (city_id, zone_id, name, code, jnereg) VALUES (146, 11, "Tanah Jambo Aye", "BTJ21520", "87600");
INSERT INTO `oc_city` (city_id, zone_id, name, code, jnereg) VALUES (147, 11, "Tanah Luas", "BTJ21519", "87600");
INSERT INTO `oc_city` (city_id, zone_id, name, code, jnereg) VALUES (148, 11, "Tanah Pasir", "BTJ21521", "87600");
INSERT INTO `oc_zone` (zone_id, country_id, name, status) VALUES (12, 1, "Kab. Bener Meriah", 1);
INSERT INTO `oc_city` (city_id, zone_id, name, code, jnereg) VALUES (149, 12, "Bandar", "BTJ21601", "87600");
INSERT INTO `oc_city` (city_id, zone_id, name, code, jnereg) VALUES (150, 12, "Bukit", "BTJ21602", "87600");
INSERT INTO `oc_city` (city_id, zone_id, name, code, jnereg) VALUES (151, 12, "Permata", "BTJ21603", "87600");
INSERT INTO `oc_city` (city_id, zone_id, name, code, jnereg) VALUES (152, 12, "Pintu Rime", "BTJ21604", "87600");
INSERT INTO `oc_city` (city_id, zone_id, name, code, jnereg) VALUES (153, 12, "Simpang Tiga Redelon", "BTJ21600", "69600");
INSERT INTO `oc_city` (city_id, zone_id, name, code, jnereg) VALUES (154, 12, "Syiah Kuala", "BTJ21605", "87600");
INSERT INTO `oc_city` (city_id, zone_id, name, code, jnereg) VALUES (155, 12, "Timang Gajah", "BTJ21606", "87600");
INSERT INTO `oc_city` (city_id, zone_id, name, code, jnereg) VALUES (156, 12, "Wih Pesam", "BTJ21607", "87600");
INSERT INTO `oc_zone` (zone_id, country_id, name, status) VALUES (13, 1, "Kab. Bireuen", 1);
INSERT INTO `oc_city` (city_id, zone_id, name, code, jnereg, kgp) VALUES (157, 13, "Bireuen", "BTJ20100", "69600", "53000");
INSERT INTO `oc_city` (city_id, zone_id, name, code, jnereg) VALUES (158, 13, "Ganda Pura", "BTJ20105", "87600");
INSERT INTO `oc_city` (city_id, zone_id, name, code, jnereg) VALUES (159, 13, "Jangka", "BTJ20108", "87600");
INSERT INTO `oc_city` (city_id, zone_id, name, code, jnereg) VALUES (160, 13, "Jeumpa", "BTJ20109", "87600");
INSERT INTO `oc_city` (city_id, zone_id, name, code, jnereg) VALUES (161, 13, "Jeunieb", "BTJ20101", "87600");
INSERT INTO `oc_city` (city_id, zone_id, name, code, jnereg) VALUES (162, 13, "Juli", "BTJ20110", "87600");
INSERT INTO `oc_city` (city_id, zone_id, name, code, jnereg) VALUES (163, 13, "Kota Juang", "BTJ20111", "87600");
INSERT INTO `oc_city` (city_id, zone_id, name, code, jnereg) VALUES (164, 13, "Kuala", "BTJ20107", "87600");
INSERT INTO `oc_city` (city_id, zone_id, name, code, jnereg) VALUES (165, 13, "Kuta Blang", "BTJ20112", "87600");
INSERT INTO `oc_city` (city_id, zone_id, name, code, jnereg) VALUES (166, 13, "Makmur", "BTJ20106", "87600");
INSERT INTO `oc_city` (city_id, zone_id, name, code, jnereg) VALUES (167, 13, "Pandrah", "BTJ20113", "87600");
INSERT INTO `oc_city` (city_id, zone_id, name, code, jnereg) VALUES (168, 13, "Peudada", "BTJ20103", "87600");
INSERT INTO `oc_city` (city_id, zone_id, name, code, jnereg) VALUES (169, 13, "Peusangan", "BTJ20102", "87600");
INSERT INTO `oc_city` (city_id, zone_id, name, code, jnereg) VALUES (170, 13, "Peusangan Selatan", "BTJ20114", "87600");
INSERT INTO `oc_city` (city_id, zone_id, name, code, jnereg) VALUES (171, 13, "Peusangan Siblah Krueng", "BTJ20115", "87600");
INSERT INTO `oc_city` (city_id, zone_id, name, code, jnereg) VALUES (172, 13, "Primbang", "BTJ20116", "87600");
INSERT INTO `oc_city` (city_id, zone_id, name, code, jnereg) VALUES (173, 13, "Samalanga", "BTJ20104", "87600");
INSERT INTO `oc_city` (city_id, zone_id, name, code, jnereg) VALUES (174, 13, "Simpang Mamplam", "BTJ20117", "87600");
INSERT INTO `oc_zone` (zone_id, country_id, name, status) VALUES (14, 1, "Kab. Gayo Lues", 1);
INSERT INTO `oc_city` (city_id, zone_id, name, code, jnereg) VALUES (175, 14, "Blang Jerango", "BTJ21708", "87600");
INSERT INTO `oc_city` (city_id, zone_id, name, code, jnereg) VALUES (176, 14, "Blang Kejeren", "BTJ21700", "69600");
INSERT INTO `oc_city` (city_id, zone_id, name, code, jnereg) VALUES (177, 14, "Blang Pegayon", "BTJ21706", "87600");
INSERT INTO `oc_city` (city_id, zone_id, name, code, jnereg) VALUES (178, 14, "Dabung Gelang", "BTJ21707", "87600");
INSERT INTO `oc_city` (city_id, zone_id, name, code, jnereg) VALUES (179, 14, "Kuta Panjang", "BTJ21701", "87600");
INSERT INTO `oc_city` (city_id, zone_id, name, code, jnereg) VALUES (180, 14, "Pantan Jaya", "BTJ21713", "87600");
INSERT INTO `oc_city` (city_id, zone_id, name, code, jnereg) VALUES (181, 14, "Pining", "BTJ21702", "87600");
INSERT INTO `oc_city` (city_id, zone_id, name, code, jnereg) VALUES (182, 14, "Putri Betung", "BTJ21705", "87600");
INSERT INTO `oc_city` (city_id, zone_id, name, code, jnereg) VALUES (183, 14, "Rikit Gaib", "BTJ21703", "87600");
INSERT INTO `oc_city` (city_id, zone_id, name, code, jnereg) VALUES (184, 14, "Terangon", "BTJ21704", "87600");
INSERT INTO `oc_city` (city_id, zone_id, name, code, jnereg) VALUES (185, 14, "Teripe Jaya", "BTJ21709", "87600");
INSERT INTO `oc_zone` (zone_id, country_id, name, status) VALUES (15, 1, "Kab. Nagan Raya", 1);
INSERT INTO `oc_city` (city_id, zone_id, name, code, jnereg) VALUES (186, 15, "Beutong", "BTJ21801", "87600");
INSERT INTO `oc_city` (city_id, zone_id, name, code, jnereg) VALUES (187, 15, "Darul Makmur", "BTJ21802", "87600");
INSERT INTO `oc_city` (city_id, zone_id, name, code, jnereg) VALUES (188, 15, "Kuala", "BTJ21803", "87600");
INSERT INTO `oc_city` (city_id, zone_id, name, code, jnereg) VALUES (189, 15, "Seunagan", "BTJ21804", "87600");
INSERT INTO `oc_city` (city_id, zone_id, name, code, jnereg) VALUES (190, 15, "Seunagan Timur", "BTJ21805", "87600");
INSERT INTO `oc_city` (city_id, zone_id, name, code, jnereg) VALUES (191, 15, "Suka Makmue", "BTJ21800", "69600");
INSERT INTO `oc_zone` (zone_id, country_id, name, status) VALUES (16, 1, "Kab. Pidie", 1);
INSERT INTO `oc_city` (city_id, zone_id, name, code, jnereg) VALUES (192, 16, "Batee", "BTJ20403", "87600");
INSERT INTO `oc_city` (city_id, zone_id, name, code, jnereg) VALUES (193, 16, "Delima", "BTJ20404", "87600");
INSERT INTO `oc_city` (city_id, zone_id, name, code, jnereg) VALUES (194, 16, "Geumpang", "BTJ20405", "87600");
INSERT INTO `oc_city` (city_id, zone_id, name, code, jnereg) VALUES (195, 16, "Gleumpang Baro", "BTJ20423", "87600");
INSERT INTO `oc_city` (city_id, zone_id, name, code, jnereg) VALUES (196, 16, "Glumpang Tiga", "BTJ20406", "87600");
INSERT INTO `oc_city` (city_id, zone_id, name, code, jnereg) VALUES (197, 16, "Grong-Grong", "BTJ20424", "87600");
INSERT INTO `oc_city` (city_id, zone_id, name, code, jnereg) VALUES (198, 16, "Indrajaya", "BTJ20407", "87600");
INSERT INTO `oc_city` (city_id, zone_id, name, code, jnereg) VALUES (199, 16, "Kembang Tanjung", "BTJ20408", "87600");
INSERT INTO `oc_city` (city_id, zone_id, name, code, jnereg) VALUES (200, 16, "Mane", "BTJ20425", "87600");
INSERT INTO `oc_city` (city_id, zone_id, name, code, jnereg) VALUES (201, 16, "Mila", "BTJ20410", "87600");
INSERT INTO `oc_city` (city_id, zone_id, name, code, jnereg) VALUES (202, 16, "Muara Tiga", "BTJ20411", "87600");
INSERT INTO `oc_city` (city_id, zone_id, name, code, jnereg) VALUES (203, 16, "Mutiara", "BTJ20412", "87600");
INSERT INTO `oc_city` (city_id, zone_id, name, code, jnereg) VALUES (204, 16, "Mutiara Timur", "BTJ20426", "87600");
INSERT INTO `oc_city` (city_id, zone_id, name, code, jnereg) VALUES (205, 16, "Padang Tiji", "BTJ20413", "87600");
INSERT INTO `oc_city` (city_id, zone_id, name, code, jnereg) VALUES (206, 16, "Peukan Baro", "BTJ20414", "87600");
INSERT INTO `oc_city` (city_id, zone_id, name, code, jnereg) VALUES (207, 16, "Pidie", "BTJ20415", "87600");
INSERT INTO `oc_city` (city_id, zone_id, name, code, jnereg) VALUES (208, 16, "Sakti", "BTJ20416", "87600");
INSERT INTO `oc_city` (city_id, zone_id, name, code, jnereg) VALUES (209, 16, "Sigli", "BTJ20400", "69600");
INSERT INTO `oc_city` (city_id, zone_id, name, code, jnereg) VALUES (210, 16, "Simpang Tiga", "BTJ20417", "87600");
INSERT INTO `oc_city` (city_id, zone_id, name, code, jnereg) VALUES (211, 16, "Tangse", "BTJ20418", "87600");
INSERT INTO `oc_city` (city_id, zone_id, name, code, jnereg) VALUES (212, 16, "Tiro/Truseb", "BTJ20419", "87600");
INSERT INTO `oc_city` (city_id, zone_id, name, code, jnereg) VALUES (213, 16, "Titeua/Keumala", "BTJ20420", "87600");
INSERT INTO `oc_zone` (zone_id, country_id, name, status) VALUES (17, 1, "Kab. Pidie Jaya", 1);
INSERT INTO `oc_city` (city_id, zone_id, name, code, jnereg) VALUES (214, 17, "Bandar Baru", "BTJ21905", "87600");
INSERT INTO `oc_city` (city_id, zone_id, name, code, jnereg) VALUES (215, 17, "Bandar Dua", "BTJ21903", "87600");
INSERT INTO `oc_city` (city_id, zone_id, name, code, jnereg) VALUES (216, 17, "Jangka Buya", "BTJ21902", "87600");
INSERT INTO `oc_city` (city_id, zone_id, name, code, jnereg) VALUES (217, 17, "Meurah Dua", "BTJ21904", "87600");
INSERT INTO `oc_city` (city_id, zone_id, name, code, jnereg) VALUES (218, 17, "Meureudu", "BTJ21900", "69600");
INSERT INTO `oc_city` (city_id, zone_id, name, code, jnereg) VALUES (219, 17, "Panteraja", "BTJ21906", "87600");
INSERT INTO `oc_city` (city_id, zone_id, name, code, jnereg) VALUES (220, 17, "Trienggading", "BTJ21907", "87600");
INSERT INTO `oc_city` (city_id, zone_id, name, code, jnereg) VALUES (221, 17, "Ulim", "BTJ21901", "87600");
INSERT INTO `oc_zone` (zone_id, country_id, name, status) VALUES (18, 1, "Kab. Simeuleu", 1);
INSERT INTO `oc_city` (city_id, zone_id, name, code, jnereg) VALUES (222, 18, "Alafan", "BTJ22101", "132000");
INSERT INTO `oc_city` (city_id, zone_id, name, code, jnereg) VALUES (223, 18, "Salang", "BTJ22102", "132000");
INSERT INTO `oc_city` (city_id, zone_id, name, code, jnereg) VALUES (224, 18, "Simeulue Tengah", "BTJ22103", "132000");
INSERT INTO `oc_city` (city_id, zone_id, name, code, jnereg) VALUES (225, 18, "Simeulue Timur", "BTJ22104", "132000");
INSERT INTO `oc_city` (city_id, zone_id, name, code, jnereg) VALUES (226, 18, "Simuelue Barat", "BTJ22105", "132000");
INSERT INTO `oc_city` (city_id, zone_id, name, code, jnereg) VALUES (227, 18, "Sinabang", "BTJ22100", "132000");
INSERT INTO `oc_city` (city_id, zone_id, name, code, jnereg) VALUES (228, 18, "Teluk Dalam", "BTJ22106", "132000");
INSERT INTO `oc_city` (city_id, zone_id, name, code, jnereg) VALUES (229, 18, "Teupah Barat", "BTJ22108", "132000");
INSERT INTO `oc_city` (city_id, zone_id, name, code, jnereg) VALUES (230, 18, "Teupah Selatan", "BTJ22107", "132000");
INSERT INTO `oc_zone` (zone_id, country_id, name, status) VALUES (19, 1, "Kota Banda Aceh", 1);
INSERT INTO `oc_city` (city_id, zone_id, name, code, jnereg) VALUES (231, 19, "Baiturrahman", "BTJ10018", "42000");
INSERT INTO `oc_city` (city_id, zone_id, name, code, jnereg, kgp) VALUES (232, 19, "Banda Aceh", "BTJ10000", "42000", "40000");
INSERT INTO `oc_city` (city_id, zone_id, name, code, jnereg) VALUES (233, 19, "Banda Raya", "BTJ10017", "42000");
INSERT INTO `oc_city` (city_id, zone_id, name, code, jnereg) VALUES (234, 19, "Jaya Baru", "BTJ10016", "42000");
INSERT INTO `oc_city` (city_id, zone_id, name, code, jnereg) VALUES (235, 19, "Kuta Alam", "BTJ10020", "42000");
INSERT INTO `oc_city` (city_id, zone_id, name, code, jnereg) VALUES (236, 19, "Kuta Raja", "BTJ10021", "42000");
INSERT INTO `oc_city` (city_id, zone_id, name, code, jnereg) VALUES (237, 19, "Lueng Bata", "BTJ10019", "42000");
INSERT INTO `oc_city` (city_id, zone_id, name, code, jnereg) VALUES (238, 19, "Meuraksa", "BTJ10015", "42000");
INSERT INTO `oc_city` (city_id, zone_id, name, code, jnereg) VALUES (239, 19, "Syiah Kuala", "BTJ10022", "42000");
INSERT INTO `oc_city` (city_id, zone_id, name, code, jnereg) VALUES (240, 19, "Ulee Kareng", "BTJ10023", "42000");
INSERT INTO `oc_zone` (zone_id, country_id, name, status) VALUES (20, 1, "Kota Langsa", 1);
INSERT INTO `oc_city` (city_id, zone_id, name, code, jnereg, kgp) VALUES (241, 20, "Langsa", "BTJ10100", "69600", "54000");
INSERT INTO `oc_city` (city_id, zone_id, name, code, jnereg) VALUES (242, 20, "Langsa Barat", "BTJ10118", "69600");
INSERT INTO `oc_city` (city_id, zone_id, name, code, jnereg) VALUES (243, 20, "Langsa Kota", "BTJ10119", "69600");
INSERT INTO `oc_city` (city_id, zone_id, name, code, jnereg) VALUES (244, 20, "Langsa Lama", "BTJ10120", "69600");
INSERT INTO `oc_city` (city_id, zone_id, name, code, jnereg) VALUES (245, 20, "Langsa Teungoh", "BTJ10121", "69600");
INSERT INTO `oc_city` (city_id, zone_id, name, code, jnereg) VALUES (246, 20, "Langsa Timur", "BTJ10122", "69600");
INSERT INTO `oc_zone` (zone_id, country_id, name, status) VALUES (21, 1, "Kota Lhokseumawe", 1);
INSERT INTO `oc_city` (city_id, zone_id, name, code, jnereg) VALUES (247, 21, "Banda Sakti", "BTJ10226", "69600");
INSERT INTO `oc_city` (city_id, zone_id, name, code, jnereg) VALUES (248, 21, "Blang Mangat", "BTJ10227", "69600");
INSERT INTO `oc_city` (city_id, zone_id, name, code, jnereg, kgp) VALUES (249, 21, "Lhokseumawe", "BTJ10200", "69600", "45000");
INSERT INTO `oc_city` (city_id, zone_id, name, code, jnereg) VALUES (250, 21, "Muara Dua", "BTJ10209", "69600");
INSERT INTO `oc_zone` (zone_id, country_id, name, status) VALUES (22, 1, "Kota Sabang", 1);
INSERT INTO `oc_city` (city_id, zone_id, name, code, jnereg) VALUES (251, 22, "Sabang", "BTJ20700", "69600");
INSERT INTO `oc_city` (city_id, zone_id, name, code, jnereg) VALUES (252, 22, "Sukajaya", "BTJ20703", "69600");
INSERT INTO `oc_city` (city_id, zone_id, name, code, jnereg) VALUES (253, 22, "Sukakarya", "BTJ20702", "69600");
INSERT INTO `oc_zone` (zone_id, country_id, name, status) VALUES (23, 1, "Kota Subulussalam", 1);
INSERT INTO `oc_city` (city_id, zone_id, name, code, jnereg) VALUES (254, 23, "Longkip", "BTJ22205", "69600");
INSERT INTO `oc_city` (city_id, zone_id, name, code, jnereg) VALUES (255, 23, "Penanggalan", "BTJ22202", "69600");
INSERT INTO `oc_city` (city_id, zone_id, name, code, jnereg) VALUES (256, 23, "Rundeng", "BTJ22203", "69600");
INSERT INTO `oc_city` (city_id, zone_id, name, code, jnereg) VALUES (257, 23, "Simpang Kiri", "BTJ22201", "69600");
INSERT INTO `oc_city` (city_id, zone_id, name, code, jnereg) VALUES (258, 23, "Subulussalam", "BTJ22200", "69600");
INSERT INTO `oc_city` (city_id, zone_id, name, code, jnereg) VALUES (259, 23, "Sultan Daulat", "BTJ22204", "69600");
INSERT INTO `oc_country` (country_id, name, iso_code_2, iso_code_3, postcode_required, status) VALUES (2, "Sumatera Utara", "ID", "IDN", 1, 1);
INSERT INTO `oc_zone` (zone_id, country_id, name, status) VALUES (24, 2, "Kab. Asahan", 1);
INSERT INTO `oc_city` (city_id, zone_id, name, code, jnereg) VALUES (260, 24, "Aek Kuasan", "MES10117", "60000");
INSERT INTO `oc_city` (city_id, zone_id, name, code, jnereg) VALUES (261, 24, "Air Batu", "MES10103", "60000");
INSERT INTO `oc_city` (city_id, zone_id, name, code, jnereg) VALUES (262, 24, "Air Joman", "MES10102", "60000");
INSERT INTO `oc_city` (city_id, zone_id, name, code, jnereg) VALUES (263, 24, "Bandar Pasir Mandoge", "MES10104", "60000");
INSERT INTO `oc_city` (city_id, zone_id, name, code, jnereg) VALUES (264, 24, "Bandar Pulau", "MES10105", "60000");
INSERT INTO `oc_city` (city_id, zone_id, name, code, jnereg) VALUES (265, 24, "Buntu Pane", "MES10106", "60000");
INSERT INTO `oc_city` (city_id, zone_id, name, code, jnereg, kgp) VALUES (266, 24, "Kisaran", "MES10100", "48000", "44000");
INSERT INTO `oc_city` (city_id, zone_id, name, code, jnereg) VALUES (267, 24, "Kisaran Barat", "MES10126", "60000");
INSERT INTO `oc_city` (city_id, zone_id, name, code, jnereg) VALUES (268, 24, "Kisaran Timur", "MES10127", "60000");
INSERT INTO `oc_city` (city_id, zone_id, name, code, jnereg) VALUES (269, 24, "Meranti", "MES10110", "60000");
INSERT INTO `oc_city` (city_id, zone_id, name, code, jnereg) VALUES (270, 24, "Pulau Rakyat", "MES10111", "60000");
INSERT INTO `oc_city` (city_id, zone_id, name, code, jnereg) VALUES (271, 24, "Sei Kepayang", "MES10118", "60000");
INSERT INTO `oc_city` (city_id, zone_id, name, code, jnereg) VALUES (272, 24, "Simpang Empat", "MES10112", "60000");
INSERT INTO `oc_city` (city_id, zone_id, name, code, jnereg, kgp) VALUES (273, 24, "Tanjung Balai Asahan", "MES10115", "48000", "42000");
INSERT INTO `oc_zone` (zone_id, country_id, name, status) VALUES (25, 2, "Kab. Batubara", 1);
INSERT INTO `oc_city` (city_id, zone_id, name, code, jnereg) VALUES (274, 25, "Air Putih", "MES21503", "60000");
INSERT INTO `oc_city` (city_id, zone_id, name, code, jnereg) VALUES (275, 25, "Limapuluh", "MES21500", "48000");
INSERT INTO `oc_city` (city_id, zone_id, name, code, jnereg) VALUES (276, 25, "Medang Deras", "MES21501", "60000");
INSERT INTO `oc_city` (city_id, zone_id, name, code, jnereg) VALUES (277, 25, "Sei Balai", "MES21506", "60000");
INSERT INTO `oc_city` (city_id, zone_id, name, code, jnereg) VALUES (278, 25, "Sei Suka", "MES21508", "60000");
INSERT INTO `oc_city` (city_id, zone_id, name, code, jnereg) VALUES (279, 25, "Talawi", "MES21504", "60000");
INSERT INTO `oc_city` (city_id, zone_id, name, code, jnereg) VALUES (280, 25, "Tanjung Tiram", "MES21505", "60000");
INSERT INTO `oc_zone` (zone_id, country_id, name, status) VALUES (26, 2, "Kab. Dairi", 1);
INSERT INTO `oc_city` (city_id, zone_id, name, code, jnereg) VALUES (281, 26, "Berampu", "MES10312", "60000");
INSERT INTO `oc_city` (city_id, zone_id, name, code, jnereg) VALUES (282, 26, "Gunung Sitember", "MES10313", "60000");
INSERT INTO `oc_city` (city_id, zone_id, name, code, jnereg) VALUES (283, 26, "Lae Parira", "MES10314", "60000");
INSERT INTO `oc_city` (city_id, zone_id, name, code, jnereg) VALUES (284, 26, "Parbuluan", "MES10302", "60000");
INSERT INTO `oc_city` (city_id, zone_id, name, code, jnereg) VALUES (285, 26, "Pegagan Hilir", "MES10310", "60000");
INSERT INTO `oc_city` (city_id, zone_id, name, code, jnereg) VALUES (286, 26, "Sidikalang", "MES10300", "48000");
INSERT INTO `oc_city` (city_id, zone_id, name, code, jnereg) VALUES (287, 26, "Siempat Nempu", "MES10304", "60000");
INSERT INTO `oc_city` (city_id, zone_id, name, code, jnereg) VALUES (288, 26, "Siempat Nempu Hilir", "MES10305", "60000");
INSERT INTO `oc_city` (city_id, zone_id, name, code, jnereg) VALUES (289, 26, "Siempat Nempu Hulu", "MES10311", "60000");
INSERT INTO `oc_city` (city_id, zone_id, name, code, jnereg) VALUES (290, 26, "Silima Pungga-Pungga", "MES10306", "60000");
INSERT INTO `oc_city` (city_id, zone_id, name, code, jnereg) VALUES (291, 26, "Sumbul", "MES10307", "60000");
INSERT INTO `oc_city` (city_id, zone_id, name, code, jnereg) VALUES (292, 26, "Tanah Pinem", "MES10308", "60000");
INSERT INTO `oc_city` (city_id, zone_id, name, code, jnereg) VALUES (293, 26, "Tiga Lingga", "MES10309", "60000");
INSERT INTO `oc_zone` (zone_id, country_id, name, status) VALUES (27, 2, "Kab. Deli Serdang", 1);
INSERT INTO `oc_city` (city_id, zone_id, name, code, jnereg) VALUES (294, 27, "Bangun Purba", "MES10615", "60000");
INSERT INTO `oc_city` (city_id, zone_id, name, code, jnereg) VALUES (295, 27, "Batang Kuis", "MES10605", "60000");
INSERT INTO `oc_city` (city_id, zone_id, name, code, jnereg) VALUES (296, 27, "Beringin", "MES10616", "60000");
INSERT INTO `oc_city` (city_id, zone_id, name, code, jnereg) VALUES (297, 27, "Biru-Biru", "MES10610", "60000");
INSERT INTO `oc_city` (city_id, zone_id, name, code, jnereg) VALUES (298, 27, "Deli Tua", "MES10601", "60000");
INSERT INTO `oc_city` (city_id, zone_id, name, code, jnereg) VALUES (299, 27, "Galang", "MES10617", "60000");
INSERT INTO `oc_city` (city_id, zone_id, name, code, jnereg) VALUES (300, 27, "Gunung Meriah", "MES10619", "60000");
INSERT INTO `oc_city` (city_id, zone_id, name, code, jnereg) VALUES (301, 27, "Hamparan Perak", "MES10602", "60000");
INSERT INTO `oc_city` (city_id, zone_id, name, code, jnereg) VALUES (302, 27, "Kutalimbaru", "MES10603", "60000");
INSERT INTO `oc_city` (city_id, zone_id, name, code, jnereg) VALUES (303, 27, "Labuhan Deli", "MES10604", "60000");
INSERT INTO `oc_city` (city_id, zone_id, name, code, jnereg, kgp) VALUES (304, 27, "Lubuk Pakam", "MES10600", "48000", "38000");
INSERT INTO `oc_city` (city_id, zone_id, name, code, jnereg) VALUES (305, 27, "Namo Rambe", "MES10620", "60000");
INSERT INTO `oc_city` (city_id, zone_id, name, code, jnereg) VALUES (306, 27, "Pagar Marbau", "MES10621", "60000");
INSERT INTO `oc_city` (city_id, zone_id, name, code, jnereg) VALUES (307, 27, "Pancur Batu", "MES10606", "60000");
INSERT INTO `oc_city` (city_id, zone_id, name, code, jnereg) VALUES (308, 27, "Pantai Labu", "MES10614", "60000");
INSERT INTO `oc_city` (city_id, zone_id, name, code, jnereg) VALUES (309, 27, "Percut Sei Tuan", "MES10607", "60000");
INSERT INTO `oc_city` (city_id, zone_id, name, code, jnereg) VALUES (310, 27, "Petumbak", "MES10608", "60000");
INSERT INTO `oc_city` (city_id, zone_id, name, code, jnereg) VALUES (311, 27, "Sibolangit", "MES10609", "60000");
INSERT INTO `oc_city` (city_id, zone_id, name, code, jnereg) VALUES (312, 27, "Sinembah Tanjungmuda Hilir", "MES10611", "60000");
INSERT INTO `oc_city` (city_id, zone_id, name, code, jnereg) VALUES (313, 27, "Sinembah Tanjungmuda Hulu", "MES10622", "60000");
INSERT INTO `oc_city` (city_id, zone_id, name, code, jnereg) VALUES (314, 27, "Sunggal", "MES10612", "60000");
INSERT INTO `oc_city` (city_id, zone_id, name, code, jnereg) VALUES (315, 27, "Tanjung Morawa", "MES10613", "48000");
INSERT INTO `oc_zone` (zone_id, country_id, name, status) VALUES (28, 2, "Kab. Humbang Hasudutan", 1);
INSERT INTO `oc_city` (city_id, zone_id, name, code, jnereg) VALUES (316, 28, "Baktiraja", "MES21601", "60000");
INSERT INTO `oc_city` (city_id, zone_id, name, code, jnereg) VALUES (317, 28, "Dolok Sanggul", "MES21600", "48000");
INSERT INTO `oc_city` (city_id, zone_id, name, code, jnereg) VALUES (318, 28, "Lintong Nihuta", "MES21602", "60000");
INSERT INTO `oc_city` (city_id, zone_id, name, code, jnereg) VALUES (319, 28, "Onan Ganjang", "MES21603", "60000");
INSERT INTO `oc_city` (city_id, zone_id, name, code, jnereg) VALUES (320, 28, "Pakkat", "MES21604", "60000");
INSERT INTO `oc_city` (city_id, zone_id, name, code, jnereg) VALUES (321, 28, "Paranginan", "MES21605", "60000");
INSERT INTO `oc_city` (city_id, zone_id, name, code, jnereg) VALUES (322, 28, "Parlilitan", "MES21606", "60000");
INSERT INTO `oc_city` (city_id, zone_id, name, code, jnereg) VALUES (323, 28, "Pollung", "MES21607", "60000");
INSERT INTO `oc_city` (city_id, zone_id, name, code, jnereg) VALUES (324, 28, "Sijama Polang", "MES21608", "60000");
INSERT INTO `oc_city` (city_id, zone_id, name, code, jnereg) VALUES (325, 28, "Tarabintang", "MES21609", "60000");
INSERT INTO `oc_zone` (zone_id, country_id, name, status) VALUES (29, 2, "Kab. Karo", 1);
INSERT INTO `oc_city` (city_id, zone_id, name, code, jnereg) VALUES (326, 29, "Barusjahe", "MES20801", "60000");
INSERT INTO `oc_city` (city_id, zone_id, name, code, jnereg) VALUES (327, 29, "Berastagi", "MES20802", "60000");
INSERT INTO `oc_city` (city_id, zone_id, name, code, jnereg) VALUES (328, 29, "Juhar", "MES20803", "60000");
INSERT INTO `oc_city` (city_id, zone_id, name, code, jnereg, kgp) VALUES (329, 29, "Kabanjahe", "MES20800", "48000", "44000");
INSERT INTO `oc_city` (city_id, zone_id, name, code, jnereg) VALUES (330, 29, "Kuta Buluh", "MES20804", "60000");
INSERT INTO `oc_city` (city_id, zone_id, name, code, jnereg) VALUES (331, 29, "Laubaleng", "MES20805", "60000");
INSERT INTO `oc_city` (city_id, zone_id, name, code, jnereg) VALUES (332, 29, "Mardinding", "MES20806", "60000");
INSERT INTO `oc_city` (city_id, zone_id, name, code, jnereg) VALUES (333, 29, "Merek", "MES20807", "60000");
INSERT INTO `oc_city` (city_id, zone_id, name, code, jnereg) VALUES (334, 29, "Munte", "MES20808", "60000");
INSERT INTO `oc_city` (city_id, zone_id, name, code, jnereg) VALUES (335, 29, "Payung", "MES20809", "60000");
INSERT INTO `oc_city` (city_id, zone_id, name, code, jnereg) VALUES (336, 29, "Simpang Empat", "MES20810", "60000");
INSERT INTO `oc_city` (city_id, zone_id, name, code, jnereg) VALUES (337, 29, "Tiga Binanga", "MES20811", "60000");
INSERT INTO `oc_city` (city_id, zone_id, name, code, jnereg) VALUES (338, 29, "Tiga Panah", "MES20812", "60000");
INSERT INTO `oc_zone` (zone_id, country_id, name, status) VALUES (30, 2, "Kab. Labuhan Batu", 1);
INSERT INTO `oc_city` (city_id, zone_id, name, code, jnereg) VALUES (339, 30, "Aek Kuo", "MES20713", "60000");
INSERT INTO `oc_city` (city_id, zone_id, name, code, jnereg) VALUES (340, 30, "Aek Natas", "MES20701", "60000");
INSERT INTO `oc_city` (city_id, zone_id, name, code, jnereg) VALUES (341, 30, "Bilah Barat", "MES20714", "60000");
INSERT INTO `oc_city` (city_id, zone_id, name, code, jnereg) VALUES (342, 30, "Bilah Hilir", "MES20702", "60000");
INSERT INTO `oc_city` (city_id, zone_id, name, code, jnereg) VALUES (343, 30, "Bilah Hulu", "MES20715", "60000");
INSERT INTO `oc_city` (city_id, zone_id, name, code, jnereg) VALUES (344, 30, "Kampung Rakyat", "MES20703", "60000");
INSERT INTO `oc_city` (city_id, zone_id, name, code, jnereg) VALUES (345, 30, "Kota Pinang", "MES20704", "60000");
INSERT INTO `oc_city` (city_id, zone_id, name, code, jnereg) VALUES (346, 30, "Kualuh Hilir", "MES20706", "60000");
INSERT INTO `oc_city` (city_id, zone_id, name, code, jnereg) VALUES (347, 30, "Kualuh Hulu", "MES20705", "60000");
INSERT INTO `oc_city` (city_id, zone_id, name, code, jnereg) VALUES (348, 30, "Kualuh Leidong", "MES20716", "60000");
INSERT INTO `oc_city` (city_id, zone_id, name, code, jnereg) VALUES (349, 30, "Kualuh Selatan", "MES20717", "60000");
INSERT INTO `oc_city` (city_id, zone_id, name, code, jnereg) VALUES (350, 30, "Marbau", "MES20707", "60000");
INSERT INTO `oc_city` (city_id, zone_id, name, code, jnereg) VALUES (351, 30, "Na IX-X", "MES20708", "60000");
INSERT INTO `oc_city` (city_id, zone_id, name, code, jnereg) VALUES (352, 30, "Panai Hilir", "MES20709", "90000");
INSERT INTO `oc_city` (city_id, zone_id, name, code, jnereg) VALUES (353, 30, "Panai Hulu", "MES20718", "90000");
INSERT INTO `oc_city` (city_id, zone_id, name, code, jnereg) VALUES (354, 30, "Panai Tengah", "MES20710", "90000");
INSERT INTO `oc_city` (city_id, zone_id, name, code, jnereg) VALUES (355, 30, "Pangkatan", "MES20719", "60000");
INSERT INTO `oc_city` (city_id, zone_id, name, code, jnereg, kgp) VALUES (356, 30, "Rantau Prapat", "MES20700", "48000", "45000");
INSERT INTO `oc_city` (city_id, zone_id, name, code, jnereg) VALUES (357, 30, "Rantau Selatan", "MES20720", "60000");
INSERT INTO `oc_city` (city_id, zone_id, name, code, jnereg) VALUES (358, 30, "Rantau Utara", "MES20721", "60000");
INSERT INTO `oc_city` (city_id, zone_id, name, code, jnereg) VALUES (359, 30, "Silangkitang", "MES20722", "60000");
INSERT INTO `oc_city` (city_id, zone_id, name, code, jnereg) VALUES (360, 30, "Sungai Kanan", "MES20723", "60000");
INSERT INTO `oc_city` (city_id, zone_id, name, code, jnereg) VALUES (361, 30, "Torgamba", "MES20724", "60000");
INSERT INTO `oc_zone` (zone_id, country_id, name, status) VALUES (31, 2, "Kab. Langkat", 1);
INSERT INTO `oc_city` (city_id, zone_id, name, code, jnereg) VALUES (362, 31, "Babalan", "MES20901", "48000");
INSERT INTO `oc_city` (city_id, zone_id, name, code, jnereg) VALUES (363, 31, "Batang Serangan", "MES20909", "60000");
INSERT INTO `oc_city` (city_id, zone_id, name, code, jnereg) VALUES (364, 31, "Besitang", "MES20902", "60000");
INSERT INTO `oc_city` (city_id, zone_id, name, code, jnereg) VALUES (365, 31, "Binjai", "MES20915", "48000");
INSERT INTO `oc_city` (city_id, zone_id, name, code, jnereg) VALUES (366, 31, "Bohorok", "MES20916", "60000");
INSERT INTO `oc_city` (city_id, zone_id, name, code, jnereg) VALUES (367, 31, "Brandan Barat", "MES20910", "60000");
INSERT INTO `oc_city` (city_id, zone_id, name, code, jnereg) VALUES (368, 31, "Gebang", "MES20903", "60000");
INSERT INTO `oc_city` (city_id, zone_id, name, code, jnereg) VALUES (369, 31, "Hinai", "MES20904", "60000");
INSERT INTO `oc_city` (city_id, zone_id, name, code, jnereg) VALUES (370, 31, "Kuala", "MES20917", "60000");
INSERT INTO `oc_city` (city_id, zone_id, name, code, jnereg) VALUES (371, 31, "Padang Tualang", "MES20905", "60000");
INSERT INTO `oc_city` (city_id, zone_id, name, code, jnereg) VALUES (372, 31, "Pangkalan Susu", "MES20906", "60000");
INSERT INTO `oc_city` (city_id, zone_id, name, code, jnereg) VALUES (373, 31, "Salapian", "MES20911", "60000");
INSERT INTO `oc_city` (city_id, zone_id, name, code, jnereg) VALUES (374, 31, "Sawit Seberang", "MES20912", "60000");
INSERT INTO `oc_city` (city_id, zone_id, name, code, jnereg) VALUES (375, 31, "Secanggang", "MES20907", "60000");
INSERT INTO `oc_city` (city_id, zone_id, name, code, jnereg) VALUES (376, 31, "Sei Bingai", "MES20918", "60000");
INSERT INTO `oc_city` (city_id, zone_id, name, code, jnereg) VALUES (377, 31, "Sei Lepan", "MES20913", "60000");
INSERT INTO `oc_city` (city_id, zone_id, name, code, jnereg) VALUES (378, 31, "Selesai", "MES20919", "60000");
INSERT INTO `oc_city` (city_id, zone_id, name, code, jnereg, kgp) VALUES (379, 31, "Stabat", "MES20900", "48000", "41000");
INSERT INTO `oc_city` (city_id, zone_id, name, code, jnereg) VALUES (380, 31, "Tanjung Pura", "MES20908", "60000");
INSERT INTO `oc_city` (city_id, zone_id, name, code, jnereg) VALUES (381, 31, "Wampu", "MES20914", "60000");
INSERT INTO `oc_zone` (zone_id, country_id, name, status) VALUES (32, 2, "Kab. Mandailing Natal", 1);
INSERT INTO `oc_city` (city_id, zone_id, name, code, jnereg) VALUES (382, 32, "Batahan", "MES21701", "60000");
INSERT INTO `oc_city` (city_id, zone_id, name, code, jnereg) VALUES (383, 32, "Batang Natal", "MES21702", "60000");
INSERT INTO `oc_city` (city_id, zone_id, name, code, jnereg) VALUES (384, 32, "Bukit Malintang", "MES21703", "60000");
INSERT INTO `oc_city` (city_id, zone_id, name, code, jnereg) VALUES (385, 32, "Kotanopan", "MES21704", "60000");
INSERT INTO `oc_city` (city_id, zone_id, name, code, jnereg) VALUES (386, 32, "Lembah Sorik Merapi", "MES21705", "60000");
INSERT INTO `oc_city` (city_id, zone_id, name, code, jnereg) VALUES (387, 32, "Lingga Bayu", "MES21706", "60000");
INSERT INTO `oc_city` (city_id, zone_id, name, code, jnereg) VALUES (388, 32, "Muara Batang Gadis", "MES21707", "60000");
INSERT INTO `oc_city` (city_id, zone_id, name, code, jnereg) VALUES (389, 32, "Muara Sipongi", "MES21708", "60000");
INSERT INTO `oc_city` (city_id, zone_id, name, code, jnereg) VALUES (390, 32, "Natal", "MES21709", "60000");
INSERT INTO `oc_city` (city_id, zone_id, name, code, jnereg) VALUES (391, 32, "Panyabungan", "MES21700", "48000");
INSERT INTO `oc_city` (city_id, zone_id, name, code, jnereg) VALUES (392, 32, "Panyabungan Barat", "MES21710", "60000");
INSERT INTO `oc_city` (city_id, zone_id, name, code, jnereg) VALUES (393, 32, "Panyabungan Kota", "MES21711", "60000");
INSERT INTO `oc_city` (city_id, zone_id, name, code, jnereg) VALUES (394, 32, "Panyabungan Selatan", "MES21712", "60000");
INSERT INTO `oc_city` (city_id, zone_id, name, code, jnereg) VALUES (395, 32, "Panyabungan Timur", "MES21713", "60000");
INSERT INTO `oc_city` (city_id, zone_id, name, code, jnereg) VALUES (396, 32, "Panyabungan Utara", "MES21714", "60000");
INSERT INTO `oc_city` (city_id, zone_id, name, code, jnereg) VALUES (397, 32, "Siabu", "MES21715", "60000");
INSERT INTO `oc_city` (city_id, zone_id, name, code, jnereg) VALUES (398, 32, "Tambangan", "MES21716", "60000");
INSERT INTO `oc_city` (city_id, zone_id, name, code, jnereg) VALUES (399, 32, "Ulu Pungkut", "MES21717", "60000");
INSERT INTO `oc_zone` (zone_id, country_id, name, status) VALUES (33, 2, "Kab. Nias", 1);
INSERT INTO `oc_city` (city_id, zone_id, name, code, jnereg) VALUES (400, 33, "Afulu", "MES20301", "60000");
INSERT INTO `oc_city` (city_id, zone_id, name, code, jnereg) VALUES (401, 33, "Alasa", "MES20302", "90000");
INSERT INTO `oc_city` (city_id, zone_id, name, code, jnereg) VALUES (402, 33, "Bawolato", "MES20303", "90000");
INSERT INTO `oc_city` (city_id, zone_id, name, code, jnereg) VALUES (403, 33, "Gido", "MES20304", "90000");
INSERT INTO `oc_city` (city_id, zone_id, name, code, jnereg, kgp) VALUES (404, 33, "Gunung Sitoli", "MES20300", "48000", "55000");
INSERT INTO `oc_city` (city_id, zone_id, name, code, jnereg) VALUES (405, 33, "Hiliduho", "MES20306", "90000");
INSERT INTO `oc_city` (city_id, zone_id, name, code, jnereg) VALUES (406, 33, "Idano Gawo", "MES20307", "90000");
INSERT INTO `oc_city` (city_id, zone_id, name, code, jnereg) VALUES (407, 33, "Lahewa", "MES20308", "90000");
INSERT INTO `oc_city` (city_id, zone_id, name, code, jnereg) VALUES (408, 33, "Lolofitu Moi", "MES20326", "90000");
INSERT INTO `oc_city` (city_id, zone_id, name, code, jnereg) VALUES (409, 33, "Lotu", "MES20311", "90000");
INSERT INTO `oc_city` (city_id, zone_id, name, code, jnereg) VALUES (410, 33, "Mandrehe", "MES20312", "90000");
INSERT INTO `oc_city` (city_id, zone_id, name, code, jnereg) VALUES (411, 33, "Sirombo", "MES20317", "90000");
INSERT INTO `oc_city` (city_id, zone_id, name, code, jnereg) VALUES (412, 33, "Tuhemberua", "MES20320", "90000");
INSERT INTO `oc_zone` (zone_id, country_id, name, status) VALUES (34, 2, "Kab. Nias Selatan", 1);
INSERT INTO `oc_city` (city_id, zone_id, name, code, jnereg) VALUES (413, 34, "Amandraya", "MES21801", "90000");
INSERT INTO `oc_city` (city_id, zone_id, name, code, jnereg) VALUES (414, 34, "Gomo", "MES21802", "90000");
INSERT INTO `oc_city` (city_id, zone_id, name, code, jnereg) VALUES (415, 34, "Hibala", "MES21803", "90000");
INSERT INTO `oc_city` (city_id, zone_id, name, code, jnereg) VALUES (416, 34, "Lahusa", "MES21804", "90000");
INSERT INTO `oc_city` (city_id, zone_id, name, code, jnereg) VALUES (417, 34, "Lolo Wa'u", "MES21805", "90000");
INSERT INTO `oc_city` (city_id, zone_id, name, code, jnereg) VALUES (418, 34, "Lolomatua", "MES21806", "90000");
INSERT INTO `oc_city` (city_id, zone_id, name, code, jnereg) VALUES (419, 34, "Pulau-Pulau Batu", "MES21807", "90000");
INSERT INTO `oc_city` (city_id, zone_id, name, code, jnereg) VALUES (420, 34, "Teluk Dalam", "MES21800", "48000");
INSERT INTO `oc_zone` (zone_id, country_id, name, status) VALUES (35, 2, "Kab. Padang Lawas", 1);
INSERT INTO `oc_city` (city_id, zone_id, name, code, jnereg) VALUES (421, 35, "Barumun", "MES21901", "60000");
INSERT INTO `oc_city` (city_id, zone_id, name, code, jnereg) VALUES (422, 35, "Barumun Tengah", "MES21902", "60000");
INSERT INTO `oc_city` (city_id, zone_id, name, code, jnereg) VALUES (423, 35, "Batang Bulu Sutam", "MES21903", "60000");
INSERT INTO `oc_city` (city_id, zone_id, name, code, jnereg) VALUES (424, 35, "Huristak", "MES21904", "60000");
INSERT INTO `oc_city` (city_id, zone_id, name, code, jnereg) VALUES (425, 35, "Huta Raja Tinggi", "MES21905", "60000");
INSERT INTO `oc_city` (city_id, zone_id, name, code, jnereg) VALUES (426, 35, "Lubuk Barumun", "MES21906", "60000");
INSERT INTO `oc_city` (city_id, zone_id, name, code, jnereg) VALUES (427, 35, "Sibuhuan", "MES21900", "48000");
INSERT INTO `oc_city` (city_id, zone_id, name, code, jnereg) VALUES (428, 35, "Sosa", "MES21907", "60000");
INSERT INTO `oc_city` (city_id, zone_id, name, code, jnereg) VALUES (429, 35, "Sosopan", "MES21908", "60000");
INSERT INTO `oc_city` (city_id, zone_id, name, code, jnereg) VALUES (430, 35, "Ulu Barumun", "MES21909", "60000");
INSERT INTO `oc_zone` (zone_id, country_id, name, status) VALUES (36, 2, "Kab. Padang Lawas Utara", 1);
INSERT INTO `oc_city` (city_id, zone_id, name, code, jnereg) VALUES (431, 36, "Batang Onang", "MES21401", "60000");
INSERT INTO `oc_city` (city_id, zone_id, name, code, jnereg) VALUES (432, 36, "Dolok", "MES21402", "60000");
INSERT INTO `oc_city` (city_id, zone_id, name, code, jnereg) VALUES (433, 36, "Dolok Sigompulon", "MES21403", "60000");
INSERT INTO `oc_city` (city_id, zone_id, name, code, jnereg) VALUES (434, 36, "Gunung Tua", "MES21400", "48000");
INSERT INTO `oc_city` (city_id, zone_id, name, code, jnereg) VALUES (435, 36, "Halongonan", "MES21404", "60000");
INSERT INTO `oc_city` (city_id, zone_id, name, code, jnereg) VALUES (436, 36, "Padang Bolak", "MES21405", "60000");
INSERT INTO `oc_city` (city_id, zone_id, name, code, jnereg) VALUES (437, 36, "Padang Bolak Julu", "MES21406", "60000");
INSERT INTO `oc_city` (city_id, zone_id, name, code, jnereg) VALUES (438, 36, "Poribi", "MES21407", "60000");
INSERT INTO `oc_city` (city_id, zone_id, name, code, jnereg) VALUES (439, 36, "Simangambat", "MES21408", "60000");
INSERT INTO `oc_zone` (zone_id, country_id, name, status) VALUES (37, 2, "Kab. Pakpak Barat", 1);
INSERT INTO `oc_city` (city_id, zone_id, name, code, jnereg) VALUES (440, 37, "Kerajaan", "MES22101", "60000");
INSERT INTO `oc_city` (city_id, zone_id, name, code, jnereg) VALUES (441, 37, "Pagindar", "MES22105", "60000");
INSERT INTO `oc_city` (city_id, zone_id, name, code, jnereg) VALUES (442, 37, "Pergetteng-getteng Sengkut", "MES22104", "60000");
INSERT INTO `oc_city` (city_id, zone_id, name, code, jnereg) VALUES (443, 37, "Salak", "MES22100", "48000");
INSERT INTO `oc_city` (city_id, zone_id, name, code, jnereg) VALUES (444, 37, "Siempat Rube", "MES22106", "60000");
INSERT INTO `oc_city` (city_id, zone_id, name, code, jnereg) VALUES (445, 37, "Sitellu Tai Urang Jehe", "MES22102", "60000");
INSERT INTO `oc_city` (city_id, zone_id, name, code, jnereg) VALUES (446, 37, "Sitellu Tai Urang Julu", "MES22103", "60000");
INSERT INTO `oc_city` (city_id, zone_id, name, code, jnereg) VALUES (447, 37, "Tinada", "MES22107", "60000");
INSERT INTO `oc_zone` (zone_id, country_id, name, status) VALUES (38, 2, "Kab. Samosir", 1);
INSERT INTO `oc_city` (city_id, zone_id, name, code, jnereg) VALUES (448, 38, "Harian", "MES22201", "60000");
INSERT INTO `oc_city` (city_id, zone_id, name, code, jnereg) VALUES (449, 38, "Nainggolan", "MES22202", "60000");
INSERT INTO `oc_city` (city_id, zone_id, name, code, jnereg) VALUES (450, 38, "Onan Runggu", "MES22203", "60000");
INSERT INTO `oc_city` (city_id, zone_id, name, code, jnereg) VALUES (451, 38, "Palipi", "MES22204", "60000");
INSERT INTO `oc_city` (city_id, zone_id, name, code, jnereg) VALUES (452, 38, "Pangururan", "MES22200", "48000");
INSERT INTO `oc_city` (city_id, zone_id, name, code, jnereg) VALUES (453, 38, "Ronggur Nihuta", "MES22205", "60000");
INSERT INTO `oc_city` (city_id, zone_id, name, code, jnereg) VALUES (454, 38, "Sianjur Mula Mula", "MES22206", "60000");
INSERT INTO `oc_city` (city_id, zone_id, name, code, jnereg) VALUES (455, 38, "Simanindo", "MES22207", "60000");
INSERT INTO `oc_city` (city_id, zone_id, name, code, jnereg) VALUES (456, 38, "Sitiotio", "MES22208", "60000");
INSERT INTO `oc_zone` (zone_id, country_id, name, status) VALUES (39, 2, "Kab. Serdang Bedagai", 1);
INSERT INTO `oc_city` (city_id, zone_id, name, code, jnereg) VALUES (457, 39, "Bandar Khalipah", "MES22301", "60000");
INSERT INTO `oc_city` (city_id, zone_id, name, code, jnereg) VALUES (458, 39, "Dolok Masihul", "MES22302", "60000");
INSERT INTO `oc_city` (city_id, zone_id, name, code, jnereg) VALUES (459, 39, "Dolok Merawan", "MES22303", "60000");
INSERT INTO `oc_city` (city_id, zone_id, name, code, jnereg) VALUES (460, 39, "Kotarih", "MES22304", "60000");
INSERT INTO `oc_city` (city_id, zone_id, name, code, jnereg) VALUES (461, 39, "Pantai Cermin", "MES22305", "60000");
INSERT INTO `oc_city` (city_id, zone_id, name, code, jnereg) VALUES (462, 39, "Perbaungan", "MES22306", "60000");
INSERT INTO `oc_city` (city_id, zone_id, name, code, jnereg) VALUES (463, 39, "Sei Rampah", "MES22300", "48000");
INSERT INTO `oc_city` (city_id, zone_id, name, code, jnereg) VALUES (464, 39, "Sipispis", "MES22307", "60000");
INSERT INTO `oc_city` (city_id, zone_id, name, code, jnereg) VALUES (465, 39, "Tanjung Beringin", "MES22308", "60000");
INSERT INTO `oc_city` (city_id, zone_id, name, code, jnereg) VALUES (466, 39, "Tebingtinggi", "MES22309", "60000");
INSERT INTO `oc_city` (city_id, zone_id, name, code, jnereg) VALUES (467, 39, "Teluk Mengkudu", "MES22310", "60000");
INSERT INTO `oc_zone` (zone_id, country_id, name, status) VALUES (40, 2, "Kab. Simalungun", 1);
INSERT INTO `oc_city` (city_id, zone_id, name, code, jnereg) VALUES (468, 40, "Bandar", "MES20601", "60000");
INSERT INTO `oc_city` (city_id, zone_id, name, code, jnereg) VALUES (469, 40, "Bandar Huluan", "MES20622", "60000");
INSERT INTO `oc_city` (city_id, zone_id, name, code, jnereg) VALUES (470, 40, "Bandar Masilam", "MES20623", "60000");
INSERT INTO `oc_city` (city_id, zone_id, name, code, jnereg) VALUES (471, 40, "Bosar Maligas", "MES20602", "60000");
INSERT INTO `oc_city` (city_id, zone_id, name, code, jnereg) VALUES (472, 40, "Dolok Batunanggar", "MES20606", "60000");
INSERT INTO `oc_city` (city_id, zone_id, name, code, jnereg) VALUES (473, 40, "Dolok Panribuan", "MES20605", "60000");
INSERT INTO `oc_city` (city_id, zone_id, name, code, jnereg) VALUES (474, 40, "Dolok Pardamean", "MES20604", "60000");
INSERT INTO `oc_city` (city_id, zone_id, name, code, jnereg) VALUES (475, 40, "Dolok Silau", "MES20603", "60000");
INSERT INTO `oc_city` (city_id, zone_id, name, code, jnereg) VALUES (476, 40, "Girsang Sipangan Bolon", "MES20607", "60000");
INSERT INTO `oc_city` (city_id, zone_id, name, code, jnereg) VALUES (477, 40, "Gunung Malela", "MES20624", "60000");
INSERT INTO `oc_city` (city_id, zone_id, name, code, jnereg) VALUES (478, 40, "Gunung Maligas", "MES20625", "60000");
INSERT INTO `oc_city` (city_id, zone_id, name, code, jnereg) VALUES (479, 40, "Haranggaol Horisanz", "MES20626", "60000");
INSERT INTO `oc_city` (city_id, zone_id, name, code, jnereg) VALUES (480, 40, "Hatonduhan", "MES20627", "60000");
INSERT INTO `oc_city` (city_id, zone_id, name, code, jnereg) VALUES (481, 40, "Hutabayu Raja", "MES20608", "60000");
INSERT INTO `oc_city` (city_id, zone_id, name, code, jnereg) VALUES (482, 40, "Jawa Maraja Bah Jambi", "MES20628", "60000");
INSERT INTO `oc_city` (city_id, zone_id, name, code, jnereg) VALUES (483, 40, "Jorlang Hataran", "MES20609", "60000");
INSERT INTO `oc_city` (city_id, zone_id, name, code, jnereg) VALUES (484, 40, "Panei", "MES20610", "60000");
INSERT INTO `oc_city` (city_id, zone_id, name, code, jnereg) VALUES (485, 40, "Panombeian Pane", "MES20629", "60000");
INSERT INTO `oc_city` (city_id, zone_id, name, code, jnereg) VALUES (486, 40, "Pematang Bandar", "MES20611", "60000");
INSERT INTO `oc_city` (city_id, zone_id, name, code, jnereg) VALUES (487, 40, "Pematang Raya", "MES20600", "48000");
INSERT INTO `oc_city` (city_id, zone_id, name, code, jnereg) VALUES (488, 40, "Pematang Sidamanik", "MES20630", "60000");
INSERT INTO `oc_city` (city_id, zone_id, name, code, jnereg) VALUES (489, 40, "Purba", "MES20612", "60000");
INSERT INTO `oc_city` (city_id, zone_id, name, code, jnereg) VALUES (490, 40, "Raya", "MES20613", "60000");
INSERT INTO `oc_city` (city_id, zone_id, name, code, jnereg) VALUES (491, 40, "Raya Kahean", "MES20614", "60000");
INSERT INTO `oc_city` (city_id, zone_id, name, code, jnereg) VALUES (492, 40, "Siantar", "MES20615", "60000");
INSERT INTO `oc_city` (city_id, zone_id, name, code, jnereg) VALUES (493, 40, "Sidamanik", "MES20616", "60000");
INSERT INTO `oc_city` (city_id, zone_id, name, code, jnereg) VALUES (494, 40, "Silau Kahean", "MES20617", "60000");
INSERT INTO `oc_city` (city_id, zone_id, name, code, jnereg) VALUES (495, 40, "Silimakuta", "MES20618", "60000");
INSERT INTO `oc_city` (city_id, zone_id, name, code, jnereg) VALUES (496, 40, "Tanah Jawa", "MES20619", "60000");
INSERT INTO `oc_city` (city_id, zone_id, name, code, jnereg) VALUES (497, 40, "Tapian Dolok", "MES20620", "60000");
INSERT INTO `oc_city` (city_id, zone_id, name, code, jnereg) VALUES (498, 40, "Ujung Padang", "MES20621", "60000");
INSERT INTO `oc_zone` (zone_id, country_id, name, status) VALUES (41, 2, "Kab. Tapanuli Selatan", 1);
INSERT INTO `oc_city` (city_id, zone_id, name, code, jnereg) VALUES (499, 41, "Aek Bilah", "MES22401", "60000");
INSERT INTO `oc_city` (city_id, zone_id, name, code, jnereg) VALUES (500, 41, "Arse", "MES22402", "60000");
INSERT INTO `oc_city` (city_id, zone_id, name, code, jnereg) VALUES (501, 41, "Barumun", "MES22403", "60000");
INSERT INTO `oc_city` (city_id, zone_id, name, code, jnereg) VALUES (502, 41, "Barumun Tengah", "MES22404", "60000");
INSERT INTO `oc_city` (city_id, zone_id, name, code, jnereg) VALUES (503, 41, "Batang Angkola", "MES22405", "60000");
INSERT INTO `oc_city` (city_id, zone_id, name, code, jnereg) VALUES (504, 41, "Batang Lubu Sutam", "MES22406", "60000");
INSERT INTO `oc_city` (city_id, zone_id, name, code, jnereg) VALUES (505, 41, "Batang Onang", "MES22407", "60000");
INSERT INTO `oc_city` (city_id, zone_id, name, code, jnereg) VALUES (506, 41, "Batang Toru", "MES22408", "60000");
INSERT INTO `oc_city` (city_id, zone_id, name, code, jnereg) VALUES (507, 41, "Dolok", "MES22409", "60000");
INSERT INTO `oc_city` (city_id, zone_id, name, code, jnereg) VALUES (508, 41, "Dolok Sigompulon", "MES22410", "60000");
INSERT INTO `oc_city` (city_id, zone_id, name, code, jnereg) VALUES (509, 41, "Halongonan", "MES22411", "60000");
INSERT INTO `oc_city` (city_id, zone_id, name, code, jnereg) VALUES (510, 41, "Huristak", "MES22412", "60000");
INSERT INTO `oc_city` (city_id, zone_id, name, code, jnereg) VALUES (511, 41, "Huta Raja Tinggi", "MES22413", "60000");
INSERT INTO `oc_city` (city_id, zone_id, name, code, jnereg) VALUES (512, 41, "Lubuk Barumun", "MES22414", "60000");
INSERT INTO `oc_city` (city_id, zone_id, name, code, jnereg) VALUES (513, 41, "Marancar", "MES22415", "60000");
INSERT INTO `oc_city` (city_id, zone_id, name, code, jnereg) VALUES (514, 41, "Padang Bolak", "MES22416", "60000");
INSERT INTO `oc_city` (city_id, zone_id, name, code, jnereg) VALUES (515, 41, "Padang Bolak Julu", "MES22417", "60000");
INSERT INTO `oc_city` (city_id, zone_id, name, code, jnereg) VALUES (516, 41, "Padang Sidempuan Barat", "MES22418", "60000");
INSERT INTO `oc_city` (city_id, zone_id, name, code, jnereg) VALUES (517, 41, "Padang Sidempuan Timur", "MES22419", "60000");
INSERT INTO `oc_city` (city_id, zone_id, name, code, jnereg) VALUES (518, 41, "Portibi", "MES22420", "60000");
INSERT INTO `oc_city` (city_id, zone_id, name, code, jnereg) VALUES (519, 41, "Saipar Dolok Hole", "MES22421", "60000");
INSERT INTO `oc_city` (city_id, zone_id, name, code, jnereg) VALUES (520, 41, "Sayur Matinggi", "MES22422", "60000");
INSERT INTO `oc_city` (city_id, zone_id, name, code, jnereg) VALUES (521, 41, "Siais", "MES22423", "60000");
INSERT INTO `oc_city` (city_id, zone_id, name, code, jnereg) VALUES (522, 41, "Simangambat", "MES22424", "60000");
INSERT INTO `oc_city` (city_id, zone_id, name, code, jnereg) VALUES (523, 41, "Sipirok", "MES22400", "48000");
INSERT INTO `oc_city` (city_id, zone_id, name, code, jnereg) VALUES (524, 41, "Sosa", "MES22425", "60000");
INSERT INTO `oc_city` (city_id, zone_id, name, code, jnereg) VALUES (525, 41, "Sosopan", "MES22426", "60000");
INSERT INTO `oc_city` (city_id, zone_id, name, code, jnereg) VALUES (526, 41, "Ulu Barumun", "MES22427", "60000");
INSERT INTO `oc_zone` (zone_id, country_id, name, status) VALUES (42, 2, "Kab. Tapanuli Tengah", 1);
INSERT INTO `oc_city` (city_id, zone_id, name, code, jnereg) VALUES (527, 42, "Adman Dewi", "MES10205", "60000");
INSERT INTO `oc_city` (city_id, zone_id, name, code, jnereg) VALUES (528, 42, "Badiri", "MES10206", "60000");
INSERT INTO `oc_city` (city_id, zone_id, name, code, jnereg) VALUES (529, 42, "Barus", "MES10201", "60000");
INSERT INTO `oc_city` (city_id, zone_id, name, code, jnereg) VALUES (530, 42, "Kolang", "MES10202", "60000");
INSERT INTO `oc_city` (city_id, zone_id, name, code, jnereg) VALUES (531, 42, "Lumut", "MES10207", "60000");
INSERT INTO `oc_city` (city_id, zone_id, name, code, jnereg) VALUES (532, 42, "Manduamas", "MES10203", "60000");
INSERT INTO `oc_city` (city_id, zone_id, name, code, jnereg) VALUES (533, 42, "Sibabangun", "MES10208", "60000");
INSERT INTO `oc_city` (city_id, zone_id, name, code, jnereg, kgp) VALUES (534, 42, "Sibolga", "MES10200", "48000", "50000");
INSERT INTO `oc_city` (city_id, zone_id, name, code, jnereg) VALUES (535, 42, "Sirandorung", "MES10209", "60000");
INSERT INTO `oc_city` (city_id, zone_id, name, code, jnereg) VALUES (536, 42, "Sitahuis", "MES10210", "60000");
INSERT INTO `oc_city` (city_id, zone_id, name, code, jnereg) VALUES (537, 42, "Sorkam", "MES10204", "60000");
INSERT INTO `oc_city` (city_id, zone_id, name, code, jnereg) VALUES (538, 42, "Sorkam Barat", "MES10211", "60000");
INSERT INTO `oc_city` (city_id, zone_id, name, code, jnereg) VALUES (539, 42, "Sosor Gadong", "MES10212", "60000");
INSERT INTO `oc_city` (city_id, zone_id, name, code, jnereg) VALUES (540, 42, "Tapian Nauli", "MES10213", "60000");
INSERT INTO `oc_city` (city_id, zone_id, name, code, jnereg) VALUES (541, 42, "Tukka", "MES10214", "60000");
INSERT INTO `oc_zone` (zone_id, country_id, name, status) VALUES (43, 2, "Kab. Tapanuli Utara", 1);
INSERT INTO `oc_city` (city_id, zone_id, name, code, jnereg) VALUES (542, 43, "Adiankoting", "MES21001", "60000");
INSERT INTO `oc_city` (city_id, zone_id, name, code, jnereg) VALUES (543, 43, "Garoga", "MES21003", "60000");
INSERT INTO `oc_city` (city_id, zone_id, name, code, jnereg) VALUES (544, 43, "Muara", "MES21021", "60000");
INSERT INTO `oc_city` (city_id, zone_id, name, code, jnereg) VALUES (545, 43, "Pagaran", "MES21006", "60000");
INSERT INTO `oc_city` (city_id, zone_id, name, code, jnereg) VALUES (546, 43, "Pahae Jae", "MES21008", "60000");
INSERT INTO `oc_city` (city_id, zone_id, name, code, jnereg) VALUES (547, 43, "Pahae Julu", "MES21007", "60000");
INSERT INTO `oc_city` (city_id, zone_id, name, code, jnereg) VALUES (548, 43, "Pangaribuan", "MES21010", "60000");
INSERT INTO `oc_city` (city_id, zone_id, name, code, jnereg) VALUES (549, 43, "Parmonangan", "MES21011", "60000");
INSERT INTO `oc_city` (city_id, zone_id, name, code, jnereg) VALUES (550, 43, "Purbatua", "MES21022", "60000");
INSERT INTO `oc_city` (city_id, zone_id, name, code, jnereg) VALUES (551, 43, "Siatas Barita", "MES21023", "60000");
INSERT INTO `oc_city` (city_id, zone_id, name, code, jnereg) VALUES (552, 43, "Siborong-Borong", "MES21013", "48000");
INSERT INTO `oc_city` (city_id, zone_id, name, code, jnereg) VALUES (553, 43, "Simangumban", "MES21024", "60000");
INSERT INTO `oc_city` (city_id, zone_id, name, code, jnereg) VALUES (554, 43, "Sipahutar", "MES21015", "60000");
INSERT INTO `oc_city` (city_id, zone_id, name, code, jnereg) VALUES (555, 43, "Sipoholon", "MES21014", "60000");
INSERT INTO `oc_city` (city_id, zone_id, name, code, jnereg, kgp) VALUES (556, 43, "Tarutung", "MES21000", "48000", "44000");
INSERT INTO `oc_zone` (zone_id, country_id, name, status) VALUES (44, 2, "Kab. Tebing Tinggi", 1);
INSERT INTO `oc_city` (city_id, zone_id, name, code, jnereg) VALUES (557, 44, "Padang Hilir", "MES21119", "60000");
INSERT INTO `oc_city` (city_id, zone_id, name, code, jnereg) VALUES (558, 44, "Padang Hulu", "MES21120", "60000");
INSERT INTO `oc_city` (city_id, zone_id, name, code, jnereg) VALUES (559, 44, "Rambutan", "MES21121", "60000");
INSERT INTO `oc_zone` (zone_id, country_id, name, status) VALUES (45, 2, "Kab. Toba Samosir", 1);
INSERT INTO `oc_city` (city_id, zone_id, name, code, jnereg) VALUES (560, 45, "Ajibata", "MES20116", "60000");
INSERT INTO `oc_city` (city_id, zone_id, name, code, jnereg, kgp) VALUES (561, 45, "Balige", "MES20100", "48000", "50000");
INSERT INTO `oc_city` (city_id, zone_id, name, code, jnereg) VALUES (562, 45, "Bor Bor", "MES20117", "60000");
INSERT INTO `oc_city` (city_id, zone_id, name, code, jnereg) VALUES (563, 45, "Habinsaran", "MES20101", "60000");
INSERT INTO `oc_city` (city_id, zone_id, name, code, jnereg) VALUES (564, 45, "Lagu Boti", "MES20103", "60000");
INSERT INTO `oc_city` (city_id, zone_id, name, code, jnereg) VALUES (565, 45, "Lumban Julu", "MES20104", "60000");
INSERT INTO `oc_city` (city_id, zone_id, name, code, jnereg) VALUES (566, 45, "Nassau", "MES20118", "60000");
INSERT INTO `oc_city` (city_id, zone_id, name, code, jnereg) VALUES (567, 45, "Pintu Pohan Meranti", "MES20119", "60000");
INSERT INTO `oc_city` (city_id, zone_id, name, code, jnereg) VALUES (568, 45, "Porsea", "MES20109", "60000");
INSERT INTO `oc_city` (city_id, zone_id, name, code, jnereg) VALUES (569, 45, "Siantar Narumonda", "MES20120", "60000");
INSERT INTO `oc_city` (city_id, zone_id, name, code, jnereg) VALUES (570, 45, "Sigumpar", "MES20121", "60000");
INSERT INTO `oc_city` (city_id, zone_id, name, code, jnereg) VALUES (571, 45, "Silaen", "MES20111", "60000");
INSERT INTO `oc_city` (city_id, zone_id, name, code, jnereg) VALUES (572, 45, "Tampahan", "MES20122", "60000");
INSERT INTO `oc_city` (city_id, zone_id, name, code, jnereg) VALUES (573, 45, "Uluan", "MES20123", "60000");
INSERT INTO `oc_zone` (zone_id, country_id, name, status) VALUES (46, 2, "Kota Binjai", 1);
INSERT INTO `oc_city` (city_id, zone_id, name, code, jnereg) VALUES (574, 46, "Binjai", "MES20201", "48000");
INSERT INTO `oc_city` (city_id, zone_id, name, code, jnereg) VALUES (575, 46, "Binjai Barat", "MES20207", "48000");
INSERT INTO `oc_city` (city_id, zone_id, name, code, jnereg, kgp) VALUES (576, 46, "Binjai Kota", "MES20200", "48000", "41000");
INSERT INTO `oc_city` (city_id, zone_id, name, code, jnereg) VALUES (577, 46, "Binjai Selatan", "MES20208", "48000");
INSERT INTO `oc_city` (city_id, zone_id, name, code, jnereg) VALUES (578, 46, "Binjai Timur", "MES20209", "48000");
INSERT INTO `oc_city` (city_id, zone_id, name, code, jnereg) VALUES (579, 46, "Binjai Utara", "MES20210", "48000");
INSERT INTO `oc_zone` (zone_id, country_id, name, status) VALUES (47, 2, "Kota Medan", 1);
INSERT INTO `oc_city` (city_id, zone_id, name, code, jnereg, kgp) VALUES (580, 47, "Medan", "MES10000", "36000", "35000");
INSERT INTO `oc_city` (city_id, zone_id, name, code, jnereg) VALUES (581, 47, "Medan Amplas", "MES10017", "36000");
INSERT INTO `oc_city` (city_id, zone_id, name, code, jnereg) VALUES (582, 47, "Medan Area", "MES10018", "36000");
INSERT INTO `oc_city` (city_id, zone_id, name, code, jnereg) VALUES (583, 47, "Medan Barat", "MES10019", "36000");
INSERT INTO `oc_city` (city_id, zone_id, name, code, jnereg) VALUES (584, 47, "Medan Baru", "MES10020", "36000");
INSERT INTO `oc_city` (city_id, zone_id, name, code, jnereg) VALUES (585, 47, "Medan Belawan", "MES10045", "36000");
INSERT INTO `oc_city` (city_id, zone_id, name, code, jnereg) VALUES (586, 47, "Medan Deli", "MES10021", "36000");
INSERT INTO `oc_city` (city_id, zone_id, name, code, jnereg) VALUES (587, 47, "Medan Denai", "MES10022", "36000");
INSERT INTO `oc_city` (city_id, zone_id, name, code, jnereg) VALUES (588, 47, "Medan Helvetia", "MES10023", "36000");
INSERT INTO `oc_city` (city_id, zone_id, name, code, jnereg) VALUES (589, 47, "Medan Johor", "MES10024", "36000");
INSERT INTO `oc_city` (city_id, zone_id, name, code, jnereg) VALUES (590, 47, "Medan Kota", "MES10025", "36000");
INSERT INTO `oc_city` (city_id, zone_id, name, code, jnereg) VALUES (591, 47, "Medan Labuhan", "MES10026", "36000");
INSERT INTO `oc_city` (city_id, zone_id, name, code, jnereg) VALUES (592, 47, "Medan Maimun", "MES10027", "36000");
INSERT INTO `oc_city` (city_id, zone_id, name, code, jnereg) VALUES (593, 47, "Medan Marelan", "MES10028", "36000");
INSERT INTO `oc_city` (city_id, zone_id, name, code, jnereg) VALUES (594, 47, "Medan Perjuangan", "MES10029", "36000");
INSERT INTO `oc_city` (city_id, zone_id, name, code, jnereg) VALUES (595, 47, "Medan Petisah", "MES10030", "36000");
INSERT INTO `oc_city` (city_id, zone_id, name, code, jnereg) VALUES (596, 47, "Medan Polonia", "MES10031", "36000");
INSERT INTO `oc_city` (city_id, zone_id, name, code, jnereg) VALUES (597, 47, "Medan Selayang", "MES10032", "36000");
INSERT INTO `oc_city` (city_id, zone_id, name, code, jnereg) VALUES (598, 47, "Medan Sunggal", "MES10046", "36000");
INSERT INTO `oc_city` (city_id, zone_id, name, code, jnereg) VALUES (599, 47, "Medan Tembung", "MES10033", "36000");
INSERT INTO `oc_city` (city_id, zone_id, name, code, jnereg) VALUES (600, 47, "Medan Timur", "MES10034", "36000");
INSERT INTO `oc_city` (city_id, zone_id, name, code, jnereg) VALUES (601, 47, "Medan Tuntungan", "MES10035", "36000");
INSERT INTO `oc_zone` (zone_id, country_id, name, status) VALUES (48, 2, "Kota Padang Sidempuan", 1);
INSERT INTO `oc_city` (city_id, zone_id, name, code, jnereg, kgp) VALUES (602, 48, "Padang Sidempuan", "MES20500", "48000", "45000");
INSERT INTO `oc_city` (city_id, zone_id, name, code, jnereg) VALUES (603, 48, "Padang Sidempuan Batu Nadua", "MES20536", "48000");
INSERT INTO `oc_city` (city_id, zone_id, name, code, jnereg) VALUES (604, 48, "Padang Sidempuan Hutaimbaru", "MES20537", "48000");
INSERT INTO `oc_city` (city_id, zone_id, name, code, jnereg) VALUES (605, 48, "Padang Sidempuan Selatan", "MES20538", "48000");
INSERT INTO `oc_city` (city_id, zone_id, name, code, jnereg) VALUES (606, 48, "Padang Sidempuan Tenggara", "MES20539", "48000");
INSERT INTO `oc_city` (city_id, zone_id, name, code, jnereg) VALUES (607, 48, "Padang Sidempuan Utara", "MES20540", "48000");
INSERT INTO `oc_zone` (zone_id, country_id, name, status) VALUES (49, 2, "Kota Pematangsiantar", 1);
INSERT INTO `oc_city` (city_id, zone_id, name, code, jnereg, kgp) VALUES (608, 49, "Pematang Siantar", "MES22600", "48000", "43000");
INSERT INTO `oc_city` (city_id, zone_id, name, code, jnereg) VALUES (609, 49, "Siantar Barat", "MES22601", "48000");
INSERT INTO `oc_city` (city_id, zone_id, name, code, jnereg) VALUES (610, 49, "Siantar Marihat", "MES22602", "48000");
INSERT INTO `oc_city` (city_id, zone_id, name, code, jnereg) VALUES (611, 49, "Siantar Martoba", "MES22603", "48000");
INSERT INTO `oc_city` (city_id, zone_id, name, code, jnereg) VALUES (612, 49, "Siantar Selatan", "MES22604", "48000");
INSERT INTO `oc_city` (city_id, zone_id, name, code, jnereg) VALUES (613, 49, "Siantar Timur", "MES22605", "48000");
INSERT INTO `oc_city` (city_id, zone_id, name, code, jnereg) VALUES (614, 49, "Siantar Utara", "MES22606", "48000");
INSERT INTO `oc_zone` (zone_id, country_id, name, status) VALUES (50, 2, "Kota Sibolga", 1);
INSERT INTO `oc_city` (city_id, zone_id, name, code, jnereg) VALUES (615, 50, "Sibolga Kota", "MES10219", "48000");
INSERT INTO `oc_city` (city_id, zone_id, name, code, jnereg) VALUES (616, 50, "Sibolga Sambas", "MES10216", "48000");
INSERT INTO `oc_city` (city_id, zone_id, name, code, jnereg) VALUES (617, 50, "Sibolga Selatan", "MES10217", "48000");
INSERT INTO `oc_city` (city_id, zone_id, name, code, jnereg) VALUES (618, 50, "Sibolga Utara", "MES10218", "48000");
INSERT INTO `oc_zone` (zone_id, country_id, name, status) VALUES (51, 2, "Kota Tanjung Balai", 1);
INSERT INTO `oc_city` (city_id, zone_id, name, code, jnereg) VALUES (619, 51, "Datuk Bandar", "MES22501", "48000");
INSERT INTO `oc_city` (city_id, zone_id, name, code, jnereg) VALUES (620, 51, "Sei Tualang Raso", "MES22502", "48000");
INSERT INTO `oc_city` (city_id, zone_id, name, code, jnereg) VALUES (621, 51, "Tanjung Balai", "MES22500", "48000");
INSERT INTO `oc_city` (city_id, zone_id, name, code, jnereg) VALUES (622, 51, "Tanjung Balai Selatan", "MES22503", "48000");
INSERT INTO `oc_city` (city_id, zone_id, name, code, jnereg) VALUES (623, 51, "Tanjung Balai Utara", "MES22504", "48000");
INSERT INTO `oc_city` (city_id, zone_id, name, code, jnereg) VALUES (624, 51, "Teluk Nibung", "MES22505", "48000");
INSERT INTO `oc_zone` (zone_id, country_id, name, status) VALUES (52, 2, "Kota Tebing Tinggi", 1);
INSERT INTO `oc_city` (city_id, zone_id, name, code, jnereg, kgp) VALUES (625, 52, "Tebing Tinggi", "MES21100", "48000", "42000");
INSERT INTO `oc_country` (country_id, name, iso_code_2, iso_code_3, postcode_required, status) VALUES (3, "Bengkulu", "ID", "IDN", 1, 1);
INSERT INTO `oc_zone` (zone_id, country_id, name, status) VALUES (53, 3, "Kab. Bengkulu Selatan", 1);
INSERT INTO `oc_city` (city_id, zone_id, name, code, jnereg) VALUES (626, 53, "Kedurang", "BKS20308", "63600");
INSERT INTO `oc_city` (city_id, zone_id, name, code, jnereg, kgp) VALUES (627, 53, "Kota Manna", "BKS20300", "50400", "43000");
INSERT INTO `oc_city` (city_id, zone_id, name, code, jnereg) VALUES (628, 53, "Manna", "BKS20333", "63600");
INSERT INTO `oc_city` (city_id, zone_id, name, code, jnereg) VALUES (629, 53, "Pino", "BKS20313", "63600");
INSERT INTO `oc_city` (city_id, zone_id, name, code, jnereg) VALUES (630, 53, "Pinoraya", "BKS20334", "63600");
INSERT INTO `oc_city` (city_id, zone_id, name, code, jnereg) VALUES (631, 53, "Seginim", "BKS20335", "63600");
INSERT INTO `oc_zone` (zone_id, country_id, name, status) VALUES (54, 3, "Kab. Bengkulu Utara", 1);
INSERT INTO `oc_city` (city_id, zone_id, name, code, jnereg) VALUES (632, 54, "Air Besi", "BKS20105", "63600");
INSERT INTO `oc_city` (city_id, zone_id, name, code, jnereg) VALUES (633, 54, "Air Napal", "BKS20106", "63600");
INSERT INTO `oc_city` (city_id, zone_id, name, code, jnereg, kgp) VALUES (634, 54, "Arga Makmur", "BKS20100", "50400", "40000");
INSERT INTO `oc_city` (city_id, zone_id, name, code, jnereg) VALUES (635, 54, "Batik Nau", "BKS20101", "63600");
INSERT INTO `oc_city` (city_id, zone_id, name, code, jnereg) VALUES (636, 54, "Enggano", "BKS20107", "96000");
INSERT INTO `oc_city` (city_id, zone_id, name, code, jnereg) VALUES (637, 54, "Giri Mulia", "BKS20102", "63600");
INSERT INTO `oc_city` (city_id, zone_id, name, code, jnereg) VALUES (638, 54, "Karang Tinggi", "BKS20108", "63600");
INSERT INTO `oc_city` (city_id, zone_id, name, code, jnereg) VALUES (639, 54, "Kerkap", "BKS20109", "63600");
INSERT INTO `oc_city` (city_id, zone_id, name, code, jnereg) VALUES (640, 54, "Ketahun", "BKS20110", "63600");
INSERT INTO `oc_city` (city_id, zone_id, name, code, jnereg, kgp) VALUES (641, 54, "Lais", "BKS20103", "63600", "39000");
INSERT INTO `oc_city` (city_id, zone_id, name, code, jnereg) VALUES (642, 54, "Napal Putih", "BKS20115", "96000");
INSERT INTO `oc_city` (city_id, zone_id, name, code, jnereg) VALUES (643, 54, "Padang Jaya", "BKS20104", "63600");
INSERT INTO `oc_city` (city_id, zone_id, name, code, jnereg) VALUES (644, 54, "Pagar Jati", "BKS20111", "63600");
INSERT INTO `oc_city` (city_id, zone_id, name, code, jnereg) VALUES (645, 54, "Pematang Tiga", "BKS20112", "63600");
INSERT INTO `oc_city` (city_id, zone_id, name, code, jnereg) VALUES (646, 54, "Pondok Kelapa", "BKS20113", "63600");
INSERT INTO `oc_city` (city_id, zone_id, name, code, jnereg) VALUES (647, 54, "Putri Hijau", "BKS20116", "63600");
INSERT INTO `oc_city` (city_id, zone_id, name, code, jnereg) VALUES (648, 54, "Taba Penanjung", "BKS20114", "63600");
INSERT INTO `oc_city` (city_id, zone_id, name, code, jnereg) VALUES (649, 54, "Talang Empat", "BKS20118", "63600");
INSERT INTO `oc_zone` (zone_id, country_id, name, status) VALUES (55, 3, "Kab. Kaur", 1);
INSERT INTO `oc_city` (city_id, zone_id, name, code, jnereg) VALUES (650, 55, "Kaur", "BKS21100", "50400");
INSERT INTO `oc_city` (city_id, zone_id, name, code, jnereg, kgp) VALUES (651, 55, "Kaur Selatan", "BKS21101", "50400", "53000");
INSERT INTO `oc_city` (city_id, zone_id, name, code, jnereg) VALUES (652, 55, "Kaur Tengah", "BKS21102", "50400");
INSERT INTO `oc_city` (city_id, zone_id, name, code, jnereg, kgp) VALUES (653, 55, "Kaur Utara", "BKS21103", "50400", "48000");
INSERT INTO `oc_city` (city_id, zone_id, name, code, jnereg) VALUES (654, 55, "Kinal", "BKS21104", "63600");
INSERT INTO `oc_city` (city_id, zone_id, name, code, jnereg) VALUES (655, 55, "Maje", "BKS21107", "63600");
INSERT INTO `oc_city` (city_id, zone_id, name, code, jnereg) VALUES (656, 55, "Nasal", "BKS21105", "63600");
INSERT INTO `oc_city` (city_id, zone_id, name, code, jnereg) VALUES (657, 55, "Tanjung Kemuning", "BKS21106", "63600");
INSERT INTO `oc_zone` (zone_id, country_id, name, status) VALUES (56, 3, "Kab. Kepahiang", 1);
INSERT INTO `oc_city` (city_id, zone_id, name, code, jnereg) VALUES (658, 56, "Bermani Ilir", "BKS21201", "63600");
INSERT INTO `oc_city` (city_id, zone_id, name, code, jnereg) VALUES (659, 56, "Kepahiang", "BKS21200", "50400");
INSERT INTO `oc_city` (city_id, zone_id, name, code, jnereg) VALUES (660, 56, "Tebat Karai", "BKS21202", "63600");
INSERT INTO `oc_city` (city_id, zone_id, name, code, jnereg) VALUES (661, 56, "Ujan Mas", "BKS21203", "63600");
INSERT INTO `oc_zone` (zone_id, country_id, name, status) VALUES (57, 3, "Kab. Lebong", 1);
INSERT INTO `oc_city` (city_id, zone_id, name, code, jnereg) VALUES (662, 57, "Lebong", "BKS21300", "50400");
INSERT INTO `oc_city` (city_id, zone_id, name, code, jnereg) VALUES (663, 57, "Lebong Atas", "BKS21301", "50400");
INSERT INTO `oc_city` (city_id, zone_id, name, code, jnereg) VALUES (664, 57, "Lebong Selatan", "BKS21302", "50400");
INSERT INTO `oc_city` (city_id, zone_id, name, code, jnereg) VALUES (665, 57, "Lebong Tengah", "BKS21303", "50400");
INSERT INTO `oc_city` (city_id, zone_id, name, code, jnereg) VALUES (666, 57, "Lebong Utara", "BKS21304", "50400");
INSERT INTO `oc_city` (city_id, zone_id, name, code, jnereg) VALUES (667, 57, "Rimbo Pengadang", "BKS21305", "63600");
INSERT INTO `oc_zone` (zone_id, country_id, name, status) VALUES (58, 3, "Kab. Muko-muko", 1);
INSERT INTO `oc_city` (city_id, zone_id, name, code, jnereg) VALUES (668, 58, "Lubuk Pinang", "BKS21401", "63600");
INSERT INTO `oc_city` (city_id, zone_id, name, code, jnereg, kgp) VALUES (669, 58, "Muko-muko", "BKS21400", "50400", "48000");
INSERT INTO `oc_city` (city_id, zone_id, name, code, jnereg) VALUES (670, 58, "Muko-Muko Selatan", "BKS21402", "50400");
INSERT INTO `oc_city` (city_id, zone_id, name, code, jnereg) VALUES (671, 58, "Muko-Muko Utara", "BKS21403", "50400");
INSERT INTO `oc_city` (city_id, zone_id, name, code, jnereg) VALUES (672, 58, "Pondok Suguh", "BKS21404", "63600");
INSERT INTO `oc_city` (city_id, zone_id, name, code, jnereg) VALUES (673, 58, "Teras Terunjam", "BKS21405", "63600");
INSERT INTO `oc_zone` (zone_id, country_id, name, status) VALUES (59, 3, "Kab. Rejang Lebong", 1);
INSERT INTO `oc_city` (city_id, zone_id, name, code, jnereg) VALUES (674, 59, "Bermani Ulu", "BKS20220", "63600");
INSERT INTO `oc_city` (city_id, zone_id, name, code, jnereg) VALUES (675, 59, "Curup", "BKS20200", "50400");
INSERT INTO `oc_city` (city_id, zone_id, name, code, jnereg) VALUES (676, 59, "Kota Padang", "BKS20205", "63600");
INSERT INTO `oc_city` (city_id, zone_id, name, code, jnereg) VALUES (677, 59, "Padang Ulak Tanding", "BKS20208", "63600");
INSERT INTO `oc_city` (city_id, zone_id, name, code, jnereg) VALUES (678, 59, "Selupu Rejang", "BKS20221", "63600");
INSERT INTO `oc_city` (city_id, zone_id, name, code, jnereg) VALUES (679, 59, "Sindang Kelingi", "BKS20222", "63600");
INSERT INTO `oc_zone` (zone_id, country_id, name, status) VALUES (60, 3, "Kab. Seluma", 1);
INSERT INTO `oc_city` (city_id, zone_id, name, code, jnereg) VALUES (680, 60, "Air Periukan", "BKS23001", "63600");
INSERT INTO `oc_city` (city_id, zone_id, name, code, jnereg) VALUES (681, 60, "Ilir Talo", "BKS23002", "63600");
INSERT INTO `oc_city` (city_id, zone_id, name, code, jnereg) VALUES (682, 60, "Lubuk Sandi", "BKS23003", "63600");
INSERT INTO `oc_city` (city_id, zone_id, name, code, jnereg) VALUES (683, 60, "Seluma", "BKS23004", "63600");
INSERT INTO `oc_city` (city_id, zone_id, name, code, jnereg) VALUES (684, 60, "Seluma Barat", "BKS23005", "63600");
INSERT INTO `oc_city` (city_id, zone_id, name, code, jnereg) VALUES (685, 60, "Seluma Selatan", "BKS23006", "63600");
INSERT INTO `oc_city` (city_id, zone_id, name, code, jnereg) VALUES (686, 60, "Seluma Timur", "BKS23007", "63600");
INSERT INTO `oc_city` (city_id, zone_id, name, code, jnereg) VALUES (687, 60, "Seluma Utara", "BKS23008", "63600");
INSERT INTO `oc_city` (city_id, zone_id, name, code, jnereg) VALUES (688, 60, "Semidang Alas", "BKS23009", "63600");
INSERT INTO `oc_city` (city_id, zone_id, name, code, jnereg) VALUES (689, 60, "Semidang Alas Maras", "BKS23010", "63600");
INSERT INTO `oc_city` (city_id, zone_id, name, code, jnereg) VALUES (690, 60, "Sukaraja", "BKS23011", "63600");
INSERT INTO `oc_city` (city_id, zone_id, name, code, jnereg, kgp) VALUES (691, 60, "Tais", "BKS23000", "50400", "39000");
INSERT INTO `oc_city` (city_id, zone_id, name, code, jnereg) VALUES (692, 60, "Talo", "BKS23012", "63600");
INSERT INTO `oc_city` (city_id, zone_id, name, code, jnereg) VALUES (693, 60, "Talo Kecil", "BKS23014", "63600");
INSERT INTO `oc_city` (city_id, zone_id, name, code, jnereg) VALUES (694, 60, "Ulu Talo", "BKS23013", "63600");
INSERT INTO `oc_zone` (zone_id, country_id, name, status) VALUES (61, 3, "Kota Bengkulu", 1);
INSERT INTO `oc_city` (city_id, zone_id, name, code, jnereg, kgp) VALUES (695, 61, "Bengkulu", "BKS10000", "30000", "33000");
INSERT INTO `oc_city` (city_id, zone_id, name, code, jnereg) VALUES (696, 61, "Gading Cempaka", "BKS10020", "30000");
INSERT INTO `oc_city` (city_id, zone_id, name, code, jnereg) VALUES (697, 61, "Kampung Melayu", "BKS10021", "30000");
INSERT INTO `oc_city` (city_id, zone_id, name, code, jnereg) VALUES (698, 61, "Muara Bangkahulu", "BKS10022", "30000");
INSERT INTO `oc_city` (city_id, zone_id, name, code, jnereg) VALUES (699, 61, "Ratu Agung", "BKS10023", "30000");
INSERT INTO `oc_city` (city_id, zone_id, name, code, jnereg) VALUES (700, 61, "Ratu Samban", "BKS10024", "30000");
INSERT INTO `oc_city` (city_id, zone_id, name, code, jnereg) VALUES (701, 61, "Selebar", "BKS10025", "30000");
INSERT INTO `oc_city` (city_id, zone_id, name, code, jnereg) VALUES (702, 61, "Sungai Serut", "BKS10026", "30000");
INSERT INTO `oc_city` (city_id, zone_id, name, code, jnereg) VALUES (703, 61, "Teluk Segara", "BKS10027", "30000");
INSERT INTO `oc_country` (country_id, name, iso_code_2, iso_code_3, postcode_required, status) VALUES (4, "Jambi", "ID", "IDN", 1, 1);
INSERT INTO `oc_zone` (zone_id, country_id, name, status) VALUES (62, 4, "Kab. Batang Hari", 1);
INSERT INTO `oc_city` (city_id, zone_id, name, code, jnereg) VALUES (704, 62, "Bajubang", "DJB20206", "63600");
INSERT INTO `oc_city` (city_id, zone_id, name, code, jnereg) VALUES (705, 62, "Batin XXIV", "DJB20201", "63600");
INSERT INTO `oc_city` (city_id, zone_id, name, code, jnereg) VALUES (706, 62, "Maro Sebo Ilir", "DJB20207", "63600");
INSERT INTO `oc_city` (city_id, zone_id, name, code, jnereg) VALUES (707, 62, "Maro Sebo Ulu", "DJB20202", "63600");
INSERT INTO `oc_city` (city_id, zone_id, name, code, jnereg) VALUES (708, 62, "Mersam", "DJB20203", "63600");
INSERT INTO `oc_city` (city_id, zone_id, name, code, jnereg, kgp) VALUES (709, 62, "Muara Bulian", "DJB20200", "50400", "40000");
INSERT INTO `oc_city` (city_id, zone_id, name, code, jnereg) VALUES (710, 62, "Muara Tembesi", "DJB20204", "63600");
INSERT INTO `oc_city` (city_id, zone_id, name, code, jnereg) VALUES (711, 62, "Pemayung", "DJB20205", "63600");
INSERT INTO `oc_zone` (zone_id, country_id, name, status) VALUES (63, 4, "Kab. Bungo", 1);
INSERT INTO `oc_city` (city_id, zone_id, name, code, jnereg) VALUES (712, 63, "Bathin II Babeko", "DJB20314", "63600");
INSERT INTO `oc_city` (city_id, zone_id, name, code, jnereg) VALUES (713, 63, "Jujuhan", "DJB20301", "96000");
INSERT INTO `oc_city` (city_id, zone_id, name, code, jnereg) VALUES (714, 63, "Limbur Lubuk Mengkuang", "DJB20315", "63600");
INSERT INTO `oc_city` (city_id, zone_id, name, code, jnereg, kgp) VALUES (715, 63, "Muara Bungo", "DJB20300", "50400", "44000");
INSERT INTO `oc_city` (city_id, zone_id, name, code, jnereg) VALUES (716, 63, "Muko Muko Batin VII", "DJB20316", "63600");
INSERT INTO `oc_city` (city_id, zone_id, name, code, jnereg) VALUES (717, 63, "Pelepat", "DJB20302", "63600");
INSERT INTO `oc_city` (city_id, zone_id, name, code, jnereg) VALUES (718, 63, "Pelepat Ilir", "DJB20317", "63600");
INSERT INTO `oc_city` (city_id, zone_id, name, code, jnereg) VALUES (719, 63, "Rantau Pandan", "DJB20303", "63600");
INSERT INTO `oc_city` (city_id, zone_id, name, code, jnereg) VALUES (720, 63, "Tanah Sepenggal", "DJB20306", "63600");
INSERT INTO `oc_city` (city_id, zone_id, name, code, jnereg) VALUES (721, 63, "Tanah Tumbuh", "DJB20307", "63600");
INSERT INTO `oc_zone` (zone_id, country_id, name, status) VALUES (64, 4, "Kab. Kerinci", 1);
INSERT INTO `oc_city` (city_id, zone_id, name, code, jnereg) VALUES (722, 64, "Air Hangat", "DJB20401", "63600");
INSERT INTO `oc_city` (city_id, zone_id, name, code, jnereg) VALUES (723, 64, "Air Hangat Timur", "DJB20411", "63600");
INSERT INTO `oc_city` (city_id, zone_id, name, code, jnereg) VALUES (724, 64, "Batang Merangin", "DJB20402", "63600");
INSERT INTO `oc_city` (city_id, zone_id, name, code, jnereg) VALUES (725, 64, "Danau Kerinci", "DJB20403", "63600");
INSERT INTO `oc_city` (city_id, zone_id, name, code, jnereg) VALUES (726, 64, "Gunung Kerinci", "DJB20404", "63600");
INSERT INTO `oc_city` (city_id, zone_id, name, code, jnereg) VALUES (727, 64, "Gunung Raya", "DJB20405", "96000");
INSERT INTO `oc_city` (city_id, zone_id, name, code, jnereg) VALUES (728, 64, "Hamparan Rawang", "DJB20406", "63600");
INSERT INTO `oc_city` (city_id, zone_id, name, code, jnereg) VALUES (729, 64, "Kayu Aro", "DJB20407", "96000");
INSERT INTO `oc_city` (city_id, zone_id, name, code, jnereg) VALUES (730, 64, "Keliling Danau", "DJB20408", "63600");
INSERT INTO `oc_city` (city_id, zone_id, name, code, jnereg) VALUES (731, 64, "Sitinjau Laut", "DJB20409", "63600");
INSERT INTO `oc_city` (city_id, zone_id, name, code, jnereg, kgp) VALUES (732, 64, "Sungai Penuh", "DJB20400", "50400", "49000");
INSERT INTO `oc_zone` (zone_id, country_id, name, status) VALUES (65, 4, "Kab. Merangin", 1);
INSERT INTO `oc_city` (city_id, zone_id, name, code, jnereg, kgp) VALUES (733, 65, "Bangko", "DJB20100", "50400", "44000");
INSERT INTO `oc_city` (city_id, zone_id, name, code, jnereg) VALUES (734, 65, "Jangkat", "DJB20102", "96000");
INSERT INTO `oc_city` (city_id, zone_id, name, code, jnereg) VALUES (735, 65, "Muara Siau", "DJB20104", "63600");
INSERT INTO `oc_city` (city_id, zone_id, name, code, jnereg) VALUES (736, 65, "Pamenang", "DJB20109", "63600");
INSERT INTO `oc_city` (city_id, zone_id, name, code, jnereg) VALUES (737, 65, "Sungai Manau", "DJB20107", "96000");
INSERT INTO `oc_city` (city_id, zone_id, name, code, jnereg) VALUES (738, 65, "Tabir", "DJB20108", "63600");
INSERT INTO `oc_city` (city_id, zone_id, name, code, jnereg) VALUES (739, 65, "Tabir Ulu", "DJB20110", "63600");
INSERT INTO `oc_zone` (zone_id, country_id, name, status) VALUES (66, 4, "Kab. Muaro Jambi", 1);
INSERT INTO `oc_city` (city_id, zone_id, name, code, jnereg) VALUES (740, 66, "Jambi Luar Kota", "DJB20601", "63600");
INSERT INTO `oc_city` (city_id, zone_id, name, code, jnereg) VALUES (741, 66, "Kumpeh", "DJB20602", "63600");
INSERT INTO `oc_city` (city_id, zone_id, name, code, jnereg) VALUES (742, 66, "Kumpeh Ulu", "DJB20603", "63600");
INSERT INTO `oc_city` (city_id, zone_id, name, code, jnereg) VALUES (743, 66, "Maro Sebo", "DJB20604", "63600");
INSERT INTO `oc_city` (city_id, zone_id, name, code, jnereg) VALUES (744, 66, "Mestong", "DJB20605", "63600");
INSERT INTO `oc_city` (city_id, zone_id, name, code, jnereg) VALUES (745, 66, "Sekernan", "DJB20606", "63600");
INSERT INTO `oc_city` (city_id, zone_id, name, code, jnereg, kgp) VALUES (746, 66, "Sengeti", "DJB20600", "50400", "40000");
INSERT INTO `oc_city` (city_id, zone_id, name, code, jnereg) VALUES (747, 66, "Sungai Bahar", "DJB20607", "63600");
INSERT INTO `oc_zone` (zone_id, country_id, name, status) VALUES (67, 4, "Kab. Sarolangun", 1);
INSERT INTO `oc_city` (city_id, zone_id, name, code, jnereg) VALUES (748, 67, "Batang Asai", "DJB20701", "96000");
INSERT INTO `oc_city` (city_id, zone_id, name, code, jnereg) VALUES (749, 67, "Mandiangin", "DJB20703", "63600");
INSERT INTO `oc_city` (city_id, zone_id, name, code, jnereg) VALUES (750, 67, "Muara Limun", "DJB20702", "63600");
INSERT INTO `oc_city` (city_id, zone_id, name, code, jnereg) VALUES (751, 67, "Pauh", "DJB20704", "63600");
INSERT INTO `oc_city` (city_id, zone_id, name, code, jnereg) VALUES (752, 67, "Pelawan Singkut", "DJB20705", "63600");
INSERT INTO `oc_city` (city_id, zone_id, name, code, jnereg, kgp) VALUES (753, 67, "Sarolangun", "DJB20700", "50400", "44000");
INSERT INTO `oc_zone` (zone_id, country_id, name, status) VALUES (68, 4, "Kab. Tanjung Jabung Barat", 1);
INSERT INTO `oc_city` (city_id, zone_id, name, code, jnereg) VALUES (754, 68, "Betara", "DJB10101", "63600");
INSERT INTO `oc_city` (city_id, zone_id, name, code, jnereg, kgp) VALUES (755, 68, "Kualatungkal", "DJB10100", "50400", "42000");
INSERT INTO `oc_city` (city_id, zone_id, name, code, jnereg) VALUES (756, 68, "Merlung", "DJB10104", "63600");
INSERT INTO `oc_city` (city_id, zone_id, name, code, jnereg) VALUES (757, 68, "Pengabuan", "DJB10107", "63600");
INSERT INTO `oc_city` (city_id, zone_id, name, code, jnereg) VALUES (758, 68, "Tungkal Ilir", "DJB10112", "50400");
INSERT INTO `oc_city` (city_id, zone_id, name, code, jnereg) VALUES (759, 68, "Tungkal Ulu", "DJB10110", "50400");
INSERT INTO `oc_zone` (zone_id, country_id, name, status) VALUES (69, 4, "Kab. Tanjung Jabung Timur", 1);
INSERT INTO `oc_city` (city_id, zone_id, name, code, jnereg) VALUES (760, 69, "Dendang", "DJB20801", "63600");
INSERT INTO `oc_city` (city_id, zone_id, name, code, jnereg) VALUES (761, 69, "Mendahara", "DJB20802", "63600");
INSERT INTO `oc_city` (city_id, zone_id, name, code, jnereg, kgp) VALUES (762, 69, "Muara sabak", "DJB20800", "50400", "41000");
INSERT INTO `oc_city` (city_id, zone_id, name, code, jnereg) VALUES (763, 69, "Nipah Panjang", "DJB20803", "63600");
INSERT INTO `oc_city` (city_id, zone_id, name, code, jnereg) VALUES (764, 69, "Rantau Rasau", "DJB20804", "96000");
INSERT INTO `oc_city` (city_id, zone_id, name, code, jnereg) VALUES (765, 69, "Sadu", "DJB20805", "63600");
INSERT INTO `oc_zone` (zone_id, country_id, name, status) VALUES (70, 4, "Kab. Tebo", 1);
INSERT INTO `oc_city` (city_id, zone_id, name, code, jnereg, kgp) VALUES (766, 70, "Muara Tebo", "DJB20900", "50400", "44000");
INSERT INTO `oc_city` (city_id, zone_id, name, code, jnereg) VALUES (767, 70, "Rimbo Bujang", "DJB20901", "63600");
INSERT INTO `oc_city` (city_id, zone_id, name, code, jnereg) VALUES (768, 70, "Rimbo Ilir", "DJB20902", "63600");
INSERT INTO `oc_city` (city_id, zone_id, name, code, jnereg) VALUES (769, 70, "Rimbo Ulu", "DJB20903", "63600");
INSERT INTO `oc_city` (city_id, zone_id, name, code, jnereg) VALUES (770, 70, "Sumay", "DJB20904", "63600");
INSERT INTO `oc_city` (city_id, zone_id, name, code, jnereg) VALUES (771, 70, "Tebo Ilir", "DJB20905", "50400");
INSERT INTO `oc_city` (city_id, zone_id, name, code, jnereg) VALUES (772, 70, "Tebo Tengah", "DJB20906", "50400");
INSERT INTO `oc_city` (city_id, zone_id, name, code, jnereg) VALUES (773, 70, "Tebo Ulu", "DJB20907", "50400");
INSERT INTO `oc_city` (city_id, zone_id, name, code, jnereg) VALUES (774, 70, "Tengah Ilir", "DJB20908", "63600");
INSERT INTO `oc_city` (city_id, zone_id, name, code, jnereg) VALUES (775, 70, "VII Koto", "DJB20909", "63600");
INSERT INTO `oc_zone` (zone_id, country_id, name, status) VALUES (71, 4, "Kota Jambi", 1);
INSERT INTO `oc_city` (city_id, zone_id, name, code, jnereg) VALUES (776, 71, "Danau Teluk", "DJB10010", "30000");
INSERT INTO `oc_city` (city_id, zone_id, name, code, jnereg, kgp) VALUES (777, 71, "Jambi", "DJB10000", "30000", "34000");
INSERT INTO `oc_city` (city_id, zone_id, name, code, jnereg) VALUES (778, 71, "Jambi Selatan", "DJB10011", "30000");
INSERT INTO `oc_city` (city_id, zone_id, name, code, jnereg) VALUES (779, 71, "Jambi Timur", "DJB10012", "30000");
INSERT INTO `oc_city` (city_id, zone_id, name, code, jnereg) VALUES (780, 71, "Jelutung", "DJB10013", "30000");
INSERT INTO `oc_city` (city_id, zone_id, name, code, jnereg) VALUES (781, 71, "Kota Baru", "DJB10014", "30000");
INSERT INTO `oc_city` (city_id, zone_id, name, code, jnereg) VALUES (782, 71, "Pasar Jambi", "DJB10015", "30000");
INSERT INTO `oc_city` (city_id, zone_id, name, code, jnereg) VALUES (783, 71, "Pelayangan", "DJB10016", "30000");
INSERT INTO `oc_city` (city_id, zone_id, name, code, jnereg) VALUES (784, 71, "Telanaipura", "DJB10017", "30000");
INSERT INTO `oc_country` (country_id, name, iso_code_2, iso_code_3, postcode_required, status) VALUES (5, "Riau", "ID", "IDN", 1, 1);
INSERT INTO `oc_zone` (zone_id, country_id, name, status) VALUES (72, 5, "Kab. Bengkalis", 1);
INSERT INTO `oc_city` (city_id, zone_id, name, code, jnereg) VALUES (785, 72, "Bantan", "PKU20210", "68400");
INSERT INTO `oc_city` (city_id, zone_id, name, code, jnereg) VALUES (786, 72, "Bengkalis", "PKU20200", "54000");
INSERT INTO `oc_city` (city_id, zone_id, name, code, jnereg) VALUES (787, 72, "Bukit Batu", "PKU20201", "68400");
INSERT INTO `oc_city` (city_id, zone_id, name, code, jnereg) VALUES (788, 72, "Duri Mandau", "PKU20217", "54000");
INSERT INTO `oc_city` (city_id, zone_id, name, code, jnereg) VALUES (789, 72, "Mandau", "PKU20208", "68400");
INSERT INTO `oc_city` (city_id, zone_id, name, code, jnereg) VALUES (790, 72, "Pinggir", "PKU20211", "68400");
INSERT INTO `oc_city` (city_id, zone_id, name, code, jnereg) VALUES (791, 72, "Rupat", "PKU20209", "103200");
INSERT INTO `oc_city` (city_id, zone_id, name, code, jnereg) VALUES (792, 72, "Rupat Utara", "PKU20214", "103200");
INSERT INTO `oc_city` (city_id, zone_id, name, code, jnereg) VALUES (793, 72, "Siak Kecil", "PKU20215", "68400");
INSERT INTO `oc_zone` (zone_id, country_id, name, status) VALUES (73, 5, "Kab. Indragiri Hilir", 1);
INSERT INTO `oc_city` (city_id, zone_id, name, code, jnereg) VALUES (794, 73, "Batang Tuaka", "PKU20401", "103200");
INSERT INTO `oc_city` (city_id, zone_id, name, code, jnereg) VALUES (795, 73, "Enok", "PKU20402", "103200");
INSERT INTO `oc_city` (city_id, zone_id, name, code, jnereg) VALUES (796, 73, "Gaung", "PKU20411", "103200");
INSERT INTO `oc_city` (city_id, zone_id, name, code, jnereg) VALUES (797, 73, "Gaung Anak Serka", "PKU20403", "103200");
INSERT INTO `oc_city` (city_id, zone_id, name, code, jnereg) VALUES (798, 73, "Kateman", "PKU20404", "103200");
INSERT INTO `oc_city` (city_id, zone_id, name, code, jnereg) VALUES (799, 73, "Kemuning", "PKU20412", "103200");
INSERT INTO `oc_city` (city_id, zone_id, name, code, jnereg) VALUES (800, 73, "Keritang", "PKU20405", "103200");
INSERT INTO `oc_city` (city_id, zone_id, name, code, jnereg) VALUES (801, 73, "Kuala Indragiri", "PKU20406", "103200");
INSERT INTO `oc_city` (city_id, zone_id, name, code, jnereg) VALUES (802, 73, "Mandah", "PKU20407", "103200");
INSERT INTO `oc_city` (city_id, zone_id, name, code, jnereg) VALUES (803, 73, "Pelangiran", "PKU20413", "103200");
INSERT INTO `oc_city` (city_id, zone_id, name, code, jnereg) VALUES (804, 73, "Pulau Burung", "PKU20414", "68400");
INSERT INTO `oc_city` (city_id, zone_id, name, code, jnereg) VALUES (805, 73, "Reteh", "PKU20408", "103200");
INSERT INTO `oc_city` (city_id, zone_id, name, code, jnereg) VALUES (806, 73, "Tanah Merah", "PKU20409", "103200");
INSERT INTO `oc_city` (city_id, zone_id, name, code, jnereg) VALUES (807, 73, "Teluk Balengkong", "PKU20415", "68400");
INSERT INTO `oc_city` (city_id, zone_id, name, code, jnereg) VALUES (808, 73, "Tembilahan", "PKU20400", "54000");
INSERT INTO `oc_city` (city_id, zone_id, name, code, jnereg) VALUES (809, 73, "Tembilahan Hulu", "PKU20416", "68400");
INSERT INTO `oc_city` (city_id, zone_id, name, code, jnereg) VALUES (810, 73, "Tempuling", "PKU20410", "103200");
INSERT INTO `oc_zone` (zone_id, country_id, name, status) VALUES (74, 5, "Kab. Indragiri Hulu", 1);
INSERT INTO `oc_city` (city_id, zone_id, name, code, jnereg) VALUES (811, 74, "Batang Cenaku", "PKU20311", "68400");
INSERT INTO `oc_city` (city_id, zone_id, name, code, jnereg) VALUES (812, 74, "Batang Gansal", "PKU20312", "68400");
INSERT INTO `oc_city` (city_id, zone_id, name, code, jnereg) VALUES (813, 74, "Kelayang", "PKU20313", "68400");
INSERT INTO `oc_city` (city_id, zone_id, name, code, jnereg) VALUES (814, 74, "Lirik", "PKU20310", "68400");
INSERT INTO `oc_city` (city_id, zone_id, name, code, jnereg) VALUES (815, 74, "Pasir Penyu", "PKU20305", "68400");
INSERT INTO `oc_city` (city_id, zone_id, name, code, jnereg) VALUES (816, 74, "Peranap", "PKU20306", "68400");
INSERT INTO `oc_city` (city_id, zone_id, name, code, jnereg) VALUES (817, 74, "Rengat", "PKU20300", "54000");
INSERT INTO `oc_city` (city_id, zone_id, name, code, jnereg) VALUES (818, 74, "Rengat Barat", "PKU20314", "68400");
INSERT INTO `oc_city` (city_id, zone_id, name, code, jnereg) VALUES (819, 74, "Seberida", "PKU20307", "68400");
INSERT INTO `oc_zone` (zone_id, country_id, name, status) VALUES (75, 5, "Kab. Kampar", 1);
INSERT INTO `oc_city` (city_id, zone_id, name, code, jnereg) VALUES (820, 75, "Bangkinang", "PKU20100", "54000");
INSERT INTO `oc_city` (city_id, zone_id, name, code, jnereg) VALUES (821, 75, "Bangkinang Barat", "PKU20112", "68400");
INSERT INTO `oc_city` (city_id, zone_id, name, code, jnereg) VALUES (822, 75, "Bangkinang Seberang", "PKU20113", "68400");
INSERT INTO `oc_city` (city_id, zone_id, name, code, jnereg) VALUES (823, 75, "Gunung Sahilan", "PKU20114", "68400");
INSERT INTO `oc_city` (city_id, zone_id, name, code, jnereg) VALUES (824, 75, "Kampar", "PKU20101", "68400");
INSERT INTO `oc_city` (city_id, zone_id, name, code, jnereg) VALUES (825, 75, "Kampar Kiri", "PKU20111", "68400");
INSERT INTO `oc_city` (city_id, zone_id, name, code, jnereg) VALUES (826, 75, "Kampar Kiri Hilir", "PKU20115", "68400");
INSERT INTO `oc_city` (city_id, zone_id, name, code, jnereg) VALUES (827, 75, "Kampar Kiri Hulu", "PKU20116", "68400");
INSERT INTO `oc_city` (city_id, zone_id, name, code, jnereg) VALUES (828, 75, "Kampar Timur", "PKU20117", "68400");
INSERT INTO `oc_city` (city_id, zone_id, name, code, jnereg) VALUES (829, 75, "Kampar Utara", "PKU20118", "68400");
INSERT INTO `oc_city` (city_id, zone_id, name, code, jnereg) VALUES (830, 75, "Perhentian Raja", "PKU20119", "68400");
INSERT INTO `oc_city` (city_id, zone_id, name, code, jnereg) VALUES (831, 75, "Rumbio Jaya", "PKU20120", "68400");
INSERT INTO `oc_city` (city_id, zone_id, name, code, jnereg) VALUES (832, 75, "Salo", "PKU20121", "68400");
INSERT INTO `oc_city` (city_id, zone_id, name, code, jnereg) VALUES (833, 75, "Siak Hulu", "PKU20106", "68400");
INSERT INTO `oc_city` (city_id, zone_id, name, code, jnereg) VALUES (834, 75, "Tambang", "PKU20122", "68400");
INSERT INTO `oc_city` (city_id, zone_id, name, code, jnereg) VALUES (835, 75, "Tapung", "PKU20123", "68400");
INSERT INTO `oc_city` (city_id, zone_id, name, code, jnereg) VALUES (836, 75, "Tapung Hilir", "PKU20124", "68400");
INSERT INTO `oc_city` (city_id, zone_id, name, code, jnereg) VALUES (837, 75, "Tapung Hulu", "PKU20125", "68400");
INSERT INTO `oc_city` (city_id, zone_id, name, code, jnereg) VALUES (838, 75, "XIII Koto Kampar", "PKU20135", "103200");
INSERT INTO `oc_zone` (zone_id, country_id, name, status) VALUES (76, 5, "Kab. Kuantan Sengingi", 1);
INSERT INTO `oc_city` (city_id, zone_id, name, code, jnereg) VALUES (839, 76, "Benai", "PKU20903", "68400");
INSERT INTO `oc_city` (city_id, zone_id, name, code, jnereg) VALUES (840, 76, "Cerenti", "PKU20904", "68400");
INSERT INTO `oc_city` (city_id, zone_id, name, code, jnereg) VALUES (841, 76, "Gunung Toar", "PKU20905", "68400");
INSERT INTO `oc_city` (city_id, zone_id, name, code, jnereg) VALUES (842, 76, "Hulu Kuantan", "PKU20906", "68400");
INSERT INTO `oc_city` (city_id, zone_id, name, code, jnereg) VALUES (843, 76, "Inuman", "PKU20907", "68400");
INSERT INTO `oc_city` (city_id, zone_id, name, code, jnereg) VALUES (844, 76, "Kuantan Hilir", "PKU20901", "68400");
INSERT INTO `oc_city` (city_id, zone_id, name, code, jnereg) VALUES (845, 76, "Kuantan Mudik", "PKU20902", "68400");
INSERT INTO `oc_city` (city_id, zone_id, name, code, jnereg) VALUES (846, 76, "Kuantan Tengah", "PKU20908", "68400");
INSERT INTO `oc_city` (city_id, zone_id, name, code, jnereg) VALUES (847, 76, "Logas Tanah Darat", "PKU20909", "68400");
INSERT INTO `oc_city` (city_id, zone_id, name, code, jnereg) VALUES (848, 76, "Pangean", "PKU20910", "68400");
INSERT INTO `oc_city` (city_id, zone_id, name, code, jnereg) VALUES (849, 76, "Singingi", "PKU20911", "68400");
INSERT INTO `oc_city` (city_id, zone_id, name, code, jnereg) VALUES (850, 76, "Singingi Hilir", "PKU20912", "68400");
INSERT INTO `oc_city` (city_id, zone_id, name, code, jnereg) VALUES (851, 76, "Teluk Kuantan", "PKU20900", "54000");
INSERT INTO `oc_zone` (zone_id, country_id, name, status) VALUES (77, 5, "Kab. Meranti", 1);
INSERT INTO `oc_city` (city_id, zone_id, name, code, jnereg) VALUES (852, 77, "Meranti", "PKU21300", "54000");
INSERT INTO `oc_city` (city_id, zone_id, name, code, jnereg) VALUES (853, 77, "Merbau", "PKU21302", "103200");
INSERT INTO `oc_city` (city_id, zone_id, name, code, jnereg) VALUES (854, 77, "Rangsang", "PKU21303", "103200");
INSERT INTO `oc_city` (city_id, zone_id, name, code, jnereg) VALUES (855, 77, "Rangsang Barat", "PKU21304", "103200");
INSERT INTO `oc_city` (city_id, zone_id, name, code, jnereg) VALUES (856, 77, "Selat Panjang", "PKU21301", "68400");
INSERT INTO `oc_city` (city_id, zone_id, name, code, jnereg) VALUES (857, 77, "Tebing Tinggi", "PKU21305", "68400");
INSERT INTO `oc_city` (city_id, zone_id, name, code, jnereg) VALUES (858, 77, "Tebing Tinggi Barat", "PKU21306", "68400");
INSERT INTO `oc_zone` (zone_id, country_id, name, status) VALUES (78, 5, "Kab. Palalawan", 1);
INSERT INTO `oc_city` (city_id, zone_id, name, code, jnereg) VALUES (859, 78, "Bunut", "PKU21001", "68400");
INSERT INTO `oc_city` (city_id, zone_id, name, code, jnereg) VALUES (860, 78, "Kerumutan", "PKU21002", "68400");
INSERT INTO `oc_city` (city_id, zone_id, name, code, jnereg) VALUES (861, 78, "Kuala Kampar", "PKU21003", "68400");
INSERT INTO `oc_city` (city_id, zone_id, name, code, jnereg) VALUES (862, 78, "Langgam", "PKU21004", "103200");
INSERT INTO `oc_city` (city_id, zone_id, name, code, jnereg) VALUES (863, 78, "Pangkalan Kerinci", "PKU21000", "54000");
INSERT INTO `oc_city` (city_id, zone_id, name, code, jnereg) VALUES (864, 78, "Pangkalan Kuras", "PKU21005", "68400");
INSERT INTO `oc_city` (city_id, zone_id, name, code, jnereg) VALUES (865, 78, "Pangkalan Lesung", "PKU21006", "68400");
INSERT INTO `oc_city` (city_id, zone_id, name, code, jnereg) VALUES (866, 78, "Pelalawan", "PKU21007", "68400");
INSERT INTO `oc_city` (city_id, zone_id, name, code, jnereg) VALUES (867, 78, "Sorek", "PKU21011", "68400");
INSERT INTO `oc_city` (city_id, zone_id, name, code, jnereg) VALUES (868, 78, "Teluk Meranti", "PKU21008", "68400");
INSERT INTO `oc_city` (city_id, zone_id, name, code, jnereg) VALUES (869, 78, "Ukui", "PKU21009", "68400");
INSERT INTO `oc_zone` (zone_id, country_id, name, status) VALUES (79, 5, "Kab. Rokan Hilir", 1);
INSERT INTO `oc_city` (city_id, zone_id, name, code, jnereg) VALUES (870, 79, "Bagan Siapi-api", "PKU20500", "54000");
INSERT INTO `oc_city` (city_id, zone_id, name, code, jnereg) VALUES (871, 79, "Bagan Sinembah", "PKU20507", "68400");
INSERT INTO `oc_city` (city_id, zone_id, name, code, jnereg) VALUES (872, 79, "Bangko", "PKU20508", "68400");
INSERT INTO `oc_city` (city_id, zone_id, name, code, jnereg) VALUES (873, 79, "Bangko Pusako", "PKU20509", "68400");
INSERT INTO `oc_city` (city_id, zone_id, name, code, jnereg) VALUES (874, 79, "Batu Hampar", "PKU20510", "68400");
INSERT INTO `oc_city` (city_id, zone_id, name, code, jnereg) VALUES (875, 79, "Kubu", "PKU20502", "103200");
INSERT INTO `oc_city` (city_id, zone_id, name, code, jnereg) VALUES (876, 79, "Pasir Limau Kapas", "PKU20511", "103200");
INSERT INTO `oc_city` (city_id, zone_id, name, code, jnereg) VALUES (877, 79, "Pujud", "PKU20512", "103200");
INSERT INTO `oc_city` (city_id, zone_id, name, code, jnereg) VALUES (878, 79, "Rantau Kopar", "PKU20513", "103200");
INSERT INTO `oc_city` (city_id, zone_id, name, code, jnereg) VALUES (879, 79, "Rimba Melintang", "PKU20503", "103200");
INSERT INTO `oc_city` (city_id, zone_id, name, code, jnereg) VALUES (880, 79, "Simpang Kanan", "PKU20514", "103200");
INSERT INTO `oc_city` (city_id, zone_id, name, code, jnereg) VALUES (881, 79, "Sinaboi", "PKU20515", "103200");
INSERT INTO `oc_city` (city_id, zone_id, name, code, jnereg) VALUES (882, 79, "Tanah Putih", "PKU20506", "68400");
INSERT INTO `oc_city` (city_id, zone_id, name, code, jnereg) VALUES (883, 79, "Tanah Putih Tanjung Melawan", "PKU20516", "68400");
INSERT INTO `oc_zone` (zone_id, country_id, name, status) VALUES (80, 5, "Kab. Rokan Hulu", 1);
INSERT INTO `oc_city` (city_id, zone_id, name, code, jnereg) VALUES (884, 80, "Bangun Purba", "PKU21101", "68400");
INSERT INTO `oc_city` (city_id, zone_id, name, code, jnereg) VALUES (885, 80, "Kabun", "PKU21102", "68400");
INSERT INTO `oc_city` (city_id, zone_id, name, code, jnereg) VALUES (886, 80, "Kepenuhan", "PKU21103", "68400");
INSERT INTO `oc_city` (city_id, zone_id, name, code, jnereg) VALUES (887, 80, "Kuntodarussalam", "PKU21104", "103200");
INSERT INTO `oc_city` (city_id, zone_id, name, code, jnereg) VALUES (888, 80, "Pasir Pangaraian", "PKU21100", "54000");
INSERT INTO `oc_city` (city_id, zone_id, name, code, jnereg) VALUES (889, 80, "Rambah", "PKU21105", "68400");
INSERT INTO `oc_city` (city_id, zone_id, name, code, jnereg) VALUES (890, 80, "Rambah Hilir", "PKU21106", "68400");
INSERT INTO `oc_city` (city_id, zone_id, name, code, jnereg) VALUES (891, 80, "Rambah Samo", "PKU21107", "68400");
INSERT INTO `oc_city` (city_id, zone_id, name, code, jnereg) VALUES (892, 80, "Rokan IV Koto", "PKU21108", "68400");
INSERT INTO `oc_city` (city_id, zone_id, name, code, jnereg) VALUES (893, 80, "Tandun", "PKU21109", "68400");
INSERT INTO `oc_city` (city_id, zone_id, name, code, jnereg) VALUES (894, 80, "Tembusai", "PKU21110", "68400");
INSERT INTO `oc_city` (city_id, zone_id, name, code, jnereg) VALUES (895, 80, "Tembusai Utara", "PKU21111", "68400");
INSERT INTO `oc_city` (city_id, zone_id, name, code, jnereg) VALUES (896, 80, "Ujung Batu", "PKU21112", "54000");
INSERT INTO `oc_zone` (zone_id, country_id, name, status) VALUES (81, 5, "Kab. Siak", 1);
INSERT INTO `oc_city` (city_id, zone_id, name, code, jnereg) VALUES (897, 81, "Bunga Raya", "PKU21202", "68400");
INSERT INTO `oc_city` (city_id, zone_id, name, code, jnereg) VALUES (898, 81, "Dayun", "PKU21203", "68400");
INSERT INTO `oc_city` (city_id, zone_id, name, code, jnereg) VALUES (899, 81, "Kandis", "PKU21204", "68400");
INSERT INTO `oc_city` (city_id, zone_id, name, code, jnereg) VALUES (900, 81, "Kerinci Kanan", "PKU21205", "68400");
INSERT INTO `oc_city` (city_id, zone_id, name, code, jnereg) VALUES (901, 81, "Koto Gasip", "PKU21206", "68400");
INSERT INTO `oc_city` (city_id, zone_id, name, code, jnereg) VALUES (902, 81, "Lubuk Dalam", "PKU21207", "68400");
INSERT INTO `oc_city` (city_id, zone_id, name, code, jnereg) VALUES (903, 81, "Minas", "PKU21208", "54000");
INSERT INTO `oc_city` (city_id, zone_id, name, code, jnereg) VALUES (904, 81, "Siak", "PKU21209", "68400");
INSERT INTO `oc_city` (city_id, zone_id, name, code, jnereg) VALUES (905, 81, "Siak Indrapura", "PKU21200", "54000");
INSERT INTO `oc_city` (city_id, zone_id, name, code, jnereg) VALUES (906, 81, "Sungai Apit", "PKU21210", "68400");
INSERT INTO `oc_city` (city_id, zone_id, name, code, jnereg) VALUES (907, 81, "Sungai Mandau", "PKU21211", "68400");
INSERT INTO `oc_city` (city_id, zone_id, name, code, jnereg) VALUES (908, 81, "Tualang", "PKU21212", "68400");
INSERT INTO `oc_zone` (zone_id, country_id, name, status) VALUES (82, 5, "Kota Dumai", 1);
INSERT INTO `oc_city` (city_id, zone_id, name, code, jnereg) VALUES (909, 82, "Bukit Kapur", "PKU10101", "54000");
INSERT INTO `oc_city` (city_id, zone_id, name, code, jnereg) VALUES (910, 82, "Dumai", "PKU10100", "54000");
INSERT INTO `oc_city` (city_id, zone_id, name, code, jnereg) VALUES (911, 82, "Dumai Barat", "PKU10108", "54000");
INSERT INTO `oc_city` (city_id, zone_id, name, code, jnereg) VALUES (912, 82, "Dumai Timur", "PKU10109", "54000");
INSERT INTO `oc_city` (city_id, zone_id, name, code, jnereg) VALUES (913, 82, "Medang Kampai", "PKU10110", "54000");
INSERT INTO `oc_city` (city_id, zone_id, name, code, jnereg) VALUES (914, 82, "Sungai Sembilan", "PKU10111", "54000");
INSERT INTO `oc_zone` (zone_id, country_id, name, status) VALUES (83, 5, "Kota Pekanbaru", 1);
INSERT INTO `oc_city` (city_id, zone_id, name, code, jnereg) VALUES (915, 83, "Bukit Raya", "PKU10016", "32400");
INSERT INTO `oc_city` (city_id, zone_id, name, code, jnereg) VALUES (916, 83, "Lima Puluh", "PKU10010", "32400");
INSERT INTO `oc_city` (city_id, zone_id, name, code, jnereg) VALUES (917, 83, "Marpoyan Damai", "PKU10011", "32400");
INSERT INTO `oc_city` (city_id, zone_id, name, code, jnereg) VALUES (918, 83, "Payung", "PKU10009", "32400");
INSERT INTO `oc_city` (city_id, zone_id, name, code, jnereg) VALUES (919, 83, "Pekanbaru", "PKU10000", "32400");
INSERT INTO `oc_city` (city_id, zone_id, name, code, jnereg) VALUES (920, 83, "Rumbai", "PKU10020", "54000");
INSERT INTO `oc_city` (city_id, zone_id, name, code, jnereg) VALUES (921, 83, "Rumbai Pesisir", "PKU10018", "32400");
INSERT INTO `oc_city` (city_id, zone_id, name, code, jnereg) VALUES (922, 83, "Sail", "PKU10012", "32400");
INSERT INTO `oc_city` (city_id, zone_id, name, code, jnereg) VALUES (923, 83, "Senapelan", "PKU10013", "32400");
INSERT INTO `oc_city` (city_id, zone_id, name, code, jnereg) VALUES (924, 83, "Sukajadi", "PKU10014", "32400");
INSERT INTO `oc_city` (city_id, zone_id, name, code, jnereg) VALUES (925, 83, "Tampan", "PKU10017", "32400");
INSERT INTO `oc_city` (city_id, zone_id, name, code, jnereg) VALUES (926, 83, "Tenayan Raya", "PKU10019", "32400");
INSERT INTO `oc_country` (country_id, name, iso_code_2, iso_code_3, postcode_required, status) VALUES (6, "Sumatera Barat", "ID", "IDN", 1, 1);
INSERT INTO `oc_zone` (zone_id, country_id, name, status) VALUES (84, 6, "Kab. Agam", 1);
INSERT INTO `oc_city` (city_id, zone_id, name, code, jnereg) VALUES (927, 84, "Ampek Nagari", "PDG22213", "52800");
INSERT INTO `oc_city` (city_id, zone_id, name, code, jnereg) VALUES (928, 84, "Banuhampu", "PDG22206", "52800");
INSERT INTO `oc_city` (city_id, zone_id, name, code, jnereg) VALUES (929, 84, "Baso", "PDG22207", "52800");
INSERT INTO `oc_city` (city_id, zone_id, name, code, jnereg) VALUES (930, 84, "Candung", "PDG22209", "52800");
INSERT INTO `oc_city` (city_id, zone_id, name, code, jnereg) VALUES (931, 84, "IV Angkat Canduang", "PDG22205", "52800");
INSERT INTO `oc_city` (city_id, zone_id, name, code, jnereg) VALUES (932, 84, "IV Koto", "PDG22208", "52800");
INSERT INTO `oc_city` (city_id, zone_id, name, code, jnereg) VALUES (933, 84, "Kamang Magek", "PDG22214", "52800");
INSERT INTO `oc_city` (city_id, zone_id, name, code, jnereg) VALUES (934, 84, "Lubuk Basung", "PDG22200", "42000");
INSERT INTO `oc_city` (city_id, zone_id, name, code, jnereg) VALUES (935, 84, "Matur", "PDG22210", "52800");
INSERT INTO `oc_city` (city_id, zone_id, name, code, jnereg) VALUES (936, 84, "Palembayan", "PDG22211", "52800");
INSERT INTO `oc_city` (city_id, zone_id, name, code, jnereg) VALUES (937, 84, "Palupuh", "PDG22201", "52800");
INSERT INTO `oc_city` (city_id, zone_id, name, code, jnereg) VALUES (938, 84, "Sungai Puar", "PDG22215", "52800");
INSERT INTO `oc_city` (city_id, zone_id, name, code, jnereg) VALUES (939, 84, "Tanjung Mutiara", "PDG22203", "52800");
INSERT INTO `oc_city` (city_id, zone_id, name, code, jnereg) VALUES (940, 84, "Tanjung Raya", "PDG22204", "52800");
INSERT INTO `oc_city` (city_id, zone_id, name, code, jnereg) VALUES (941, 84, "Tilatang Kamang", "PDG22212", "52800");
INSERT INTO `oc_zone` (zone_id, country_id, name, status) VALUES (85, 6, "Kab. Dharmasraya", 1);
INSERT INTO `oc_city` (city_id, zone_id, name, code, jnereg) VALUES (942, 85, "Koto Baru", "PDG21201", "52800");
INSERT INTO `oc_city` (city_id, zone_id, name, code, jnereg) VALUES (943, 85, "Pulau Punjung", "PDG21200", "42000");
INSERT INTO `oc_city` (city_id, zone_id, name, code, jnereg) VALUES (944, 85, "Sitiung", "PDG21203", "52800");
INSERT INTO `oc_city` (city_id, zone_id, name, code, jnereg) VALUES (945, 85, "Sungai Rumbai", "PDG21204", "52800");
INSERT INTO `oc_zone` (zone_id, country_id, name, status) VALUES (86, 6, "Kab. Kepulauan Mentawai", 1);
INSERT INTO `oc_city` (city_id, zone_id, name, code, jnereg) VALUES (946, 86, "Pagai Selatan", "PDG21401", "42000");
INSERT INTO `oc_city` (city_id, zone_id, name, code, jnereg) VALUES (947, 86, "Pagai Utara", "PDG21402", "42000");
INSERT INTO `oc_city` (city_id, zone_id, name, code, jnereg) VALUES (948, 86, "Siberut Selatan", "PDG21403", "52800");
INSERT INTO `oc_city` (city_id, zone_id, name, code, jnereg) VALUES (949, 86, "Siberut Utara", "PDG21404", "52800");
INSERT INTO `oc_city` (city_id, zone_id, name, code, jnereg) VALUES (950, 86, "Sipora", "PDG21405", "52800");
INSERT INTO `oc_city` (city_id, zone_id, name, code, jnereg) VALUES (951, 86, "Tuapejat", "PDG21400", "42000");
INSERT INTO `oc_zone` (zone_id, country_id, name, status) VALUES (87, 6, "Kab. Lima Puluh Kota", 1);
INSERT INTO `oc_city` (city_id, zone_id, name, code, jnereg) VALUES (952, 87, "Akabiluru", "PDG21301", "52800");
INSERT INTO `oc_city` (city_id, zone_id, name, code, jnereg) VALUES (953, 87, "Bukit Barisan", "PDG21302", "52800");
INSERT INTO `oc_city` (city_id, zone_id, name, code, jnereg) VALUES (954, 87, "Guguk", "PDG21303", "52800");
INSERT INTO `oc_city` (city_id, zone_id, name, code, jnereg) VALUES (955, 87, "Gunung Mas", "PDG21304", "52800");
INSERT INTO `oc_city` (city_id, zone_id, name, code, jnereg) VALUES (956, 87, "Harau", "PDG21305", "52800");
INSERT INTO `oc_city` (city_id, zone_id, name, code, jnereg) VALUES (957, 87, "Kapur IX", "PDG21306", "52800");
INSERT INTO `oc_city` (city_id, zone_id, name, code, jnereg) VALUES (958, 87, "Lareh Sago Halaban", "PDG21307", "52800");
INSERT INTO `oc_city` (city_id, zone_id, name, code, jnereg) VALUES (959, 87, "Luhak", "PDG21315", "52800");
INSERT INTO `oc_city` (city_id, zone_id, name, code, jnereg) VALUES (960, 87, "Mungka", "PDG21309", "52800");
INSERT INTO `oc_city` (city_id, zone_id, name, code, jnereg) VALUES (961, 87, "Pangkalan Koto Baru", "PDG21310", "52800");
INSERT INTO `oc_city` (city_id, zone_id, name, code, jnereg) VALUES (962, 87, "Payakumbuh", "PDG21311", "52800");
INSERT INTO `oc_city` (city_id, zone_id, name, code, jnereg) VALUES (963, 87, "Sarilamak", "PDG21300", "42000");
INSERT INTO `oc_city` (city_id, zone_id, name, code, jnereg) VALUES (964, 87, "Situjuh Lima Nagari", "PDG21312", "52800");
INSERT INTO `oc_city` (city_id, zone_id, name, code, jnereg) VALUES (965, 87, "Suliki Gunung Mas", "PDG21313", "52800");
INSERT INTO `oc_zone` (zone_id, country_id, name, status) VALUES (88, 6, "Kab. Padang Pariaman", 1);
INSERT INTO `oc_city` (city_id, zone_id, name, code, jnereg) VALUES (966, 88, "2 X 11 Kayu Tanam", "PDG20632", "52800");
INSERT INTO `oc_city` (city_id, zone_id, name, code, jnereg) VALUES (967, 88, "Batang Anai", "PDG20601", "52800");
INSERT INTO `oc_city` (city_id, zone_id, name, code, jnereg) VALUES (968, 88, "Batang Gasan", "PDG20616", "52800");
INSERT INTO `oc_city` (city_id, zone_id, name, code, jnereg) VALUES (969, 88, "II.X.XI.VI Lingkung", "PDG20602", "52800");
INSERT INTO `oc_city` (city_id, zone_id, name, code, jnereg) VALUES (970, 88, "IV Koto Aur Malintang", "PDG20628", "52800");
INSERT INTO `oc_city` (city_id, zone_id, name, code, jnereg) VALUES (971, 88, "Lubuk Alung", "PDG20606", "42000");
INSERT INTO `oc_city` (city_id, zone_id, name, code, jnereg) VALUES (972, 88, "Nan Sabaris", "PDG20608", "52800");
INSERT INTO `oc_city` (city_id, zone_id, name, code, jnereg) VALUES (973, 88, "Padang Sago", "PDG20619", "52800");
INSERT INTO `oc_city` (city_id, zone_id, name, code, jnereg) VALUES (974, 88, "Pariaman", "PDG20600", "42000");
INSERT INTO `oc_city` (city_id, zone_id, name, code, jnereg) VALUES (975, 88, "Patamuan", "PDG20620", "52800");
INSERT INTO `oc_city` (city_id, zone_id, name, code, jnereg) VALUES (976, 88, "Sintuk Toboh Gadang", "PDG20621", "52800");
INSERT INTO `oc_city` (city_id, zone_id, name, code, jnereg) VALUES (977, 88, "Sungai Geringging", "PDG20612", "52800");
INSERT INTO `oc_city` (city_id, zone_id, name, code, jnereg) VALUES (978, 88, "Sungai Limau", "PDG20610", "52800");
INSERT INTO `oc_city` (city_id, zone_id, name, code, jnereg) VALUES (979, 88, "Ulakan Tapakis", "PDG20624", "52800");
INSERT INTO `oc_city` (city_id, zone_id, name, code, jnereg) VALUES (980, 88, "V Koto Kp Dalam", "PDG20604", "52800");
INSERT INTO `oc_city` (city_id, zone_id, name, code, jnereg) VALUES (981, 88, "V Koto Timur", "PDG20629", "52800");
INSERT INTO `oc_city` (city_id, zone_id, name, code, jnereg) VALUES (982, 88, "VI Lingkung", "PDG20630", "52800");
INSERT INTO `oc_city` (city_id, zone_id, name, code, jnereg) VALUES (983, 88, "VII Koto Sungai Sarik", "PDG20614", "52800");
INSERT INTO `oc_zone` (zone_id, country_id, name, status) VALUES (89, 6, "Kab. Pasaman", 1);
INSERT INTO `oc_city` (city_id, zone_id, name, code, jnereg) VALUES (984, 89, "Bonjol", "PDG20301", "52800");
INSERT INTO `oc_city` (city_id, zone_id, name, code, jnereg) VALUES (985, 89, "II Koto", "PDG20316", "52800");
INSERT INTO `oc_city` (city_id, zone_id, name, code, jnereg) VALUES (986, 89, "III Nagari", "PDG20314", "52800");
INSERT INTO `oc_city` (city_id, zone_id, name, code, jnereg, kgp) VALUES (987, 89, "Lubuk Sikaping", "PDG20300", "42000", "40000");
INSERT INTO `oc_city` (city_id, zone_id, name, code, jnereg) VALUES (988, 89, "Mapat Tunggul", "PDG20325", "52800");
INSERT INTO `oc_city` (city_id, zone_id, name, code, jnereg) VALUES (989, 89, "Mapat Tunggul Selatan", "PDG20315", "52800");
INSERT INTO `oc_city` (city_id, zone_id, name, code, jnereg) VALUES (990, 89, "Panti", "PDG20305", "52800");
INSERT INTO `oc_city` (city_id, zone_id, name, code, jnereg) VALUES (991, 89, "RAO MAPAT TUNGGUL", "PDG20308", "52800");
INSERT INTO `oc_zone` (zone_id, country_id, name, status) VALUES (90, 6, "Kab. Pasaman Barat", 1);
INSERT INTO `oc_city` (city_id, zone_id, name, code, jnereg) VALUES (992, 90, "Gunung Tuleh", "PDG21501", "52800");
INSERT INTO `oc_city` (city_id, zone_id, name, code, jnereg) VALUES (993, 90, "Kinali", "PDG21502", "52800");
INSERT INTO `oc_city` (city_id, zone_id, name, code, jnereg) VALUES (994, 90, "Lembah Melintang", "PDG21503", "52800");
INSERT INTO `oc_city` (city_id, zone_id, name, code, jnereg) VALUES (995, 90, "Luhak Nan Duo", "PDG21504", "52800");
INSERT INTO `oc_city` (city_id, zone_id, name, code, jnereg) VALUES (996, 90, "Pasaman", "PDG21505", "52800");
INSERT INTO `oc_city` (city_id, zone_id, name, code, jnereg) VALUES (997, 90, "Ranah Balingka", "PDG21506", "52800");
INSERT INTO `oc_city` (city_id, zone_id, name, code, jnereg) VALUES (998, 90, "Ranah Batahan", "PDG21507", "52800");
INSERT INTO `oc_city` (city_id, zone_id, name, code, jnereg) VALUES (999, 90, "Ranah Pesisir", "PDG21508", "52800");
INSERT INTO `oc_city` (city_id, zone_id, name, code, jnereg) VALUES (1000, 90, "Simpang Empat", "PDG21500", "42000");
INSERT INTO `oc_city` (city_id, zone_id, name, code, jnereg) VALUES (1001, 90, "Sungai Aur", "PDG21509", "52800");
INSERT INTO `oc_city` (city_id, zone_id, name, code, jnereg) VALUES (1002, 90, "Sungai Beremas", "PDG21510", "52800");
INSERT INTO `oc_city` (city_id, zone_id, name, code, jnereg) VALUES (1003, 90, "Talamau", "PDG21511", "52800");
INSERT INTO `oc_zone` (zone_id, country_id, name, status) VALUES (91, 6, "Kab. Pasuruan", 1);
INSERT INTO `oc_city` (city_id, zone_id, name, code, jnereg) VALUES (1004, 91, "Bangil", "PDN10001", "20400");
INSERT INTO `oc_city` (city_id, zone_id, name, code, jnereg) VALUES (1005, 91, "Beji", "PDN10002", "20400");
INSERT INTO `oc_city` (city_id, zone_id, name, code, jnereg) VALUES (1006, 91, "Gempol", "PDN10003", "20400");
INSERT INTO `oc_city` (city_id, zone_id, name, code, jnereg) VALUES (1007, 91, "Gondang Wetan", "PDN10004", "20400");
INSERT INTO `oc_city` (city_id, zone_id, name, code, jnereg) VALUES (1008, 91, "Grati", "PDN10005", "20400");
INSERT INTO `oc_city` (city_id, zone_id, name, code, jnereg) VALUES (1009, 91, "Kedawung", "PDN10025", "20400");
INSERT INTO `oc_city` (city_id, zone_id, name, code, jnereg) VALUES (1010, 91, "Kejayan", "PDN10006", "20400");
INSERT INTO `oc_city` (city_id, zone_id, name, code, jnereg) VALUES (1011, 91, "Kraton", "PDN10007", "20400");
INSERT INTO `oc_city` (city_id, zone_id, name, code, jnereg) VALUES (1012, 91, "Lekok", "PDN10008", "20400");
INSERT INTO `oc_city` (city_id, zone_id, name, code, jnereg) VALUES (1013, 91, "Lumbang", "PDN10009", "20400");
INSERT INTO `oc_city` (city_id, zone_id, name, code, jnereg) VALUES (1014, 91, "Nguling", "PDN10010", "20400");
INSERT INTO `oc_city` (city_id, zone_id, name, code, jnereg) VALUES (1015, 91, "Nongko Jajar", "PDN10026", "20400");
INSERT INTO `oc_city` (city_id, zone_id, name, code, jnereg) VALUES (1016, 91, "Pasrepan", "PDN10012", "20400");
INSERT INTO `oc_city` (city_id, zone_id, name, code, jnereg) VALUES (1017, 91, "Pohjentrek", "PDN10013", "20400");
INSERT INTO `oc_city` (city_id, zone_id, name, code, jnereg) VALUES (1018, 91, "Prigen", "PDN10014", "20400");
INSERT INTO `oc_city` (city_id, zone_id, name, code, jnereg) VALUES (1019, 91, "Purwodadi", "PDN10015", "20400");
INSERT INTO `oc_city` (city_id, zone_id, name, code, jnereg) VALUES (1020, 91, "Purwosari", "PDN10016", "20400");
INSERT INTO `oc_city` (city_id, zone_id, name, code, jnereg) VALUES (1021, 91, "Puspo", "PDN10017", "20400");
INSERT INTO `oc_city` (city_id, zone_id, name, code, jnereg) VALUES (1022, 91, "Rejoso", "PDN10018", "20400");
INSERT INTO `oc_city` (city_id, zone_id, name, code, jnereg) VALUES (1023, 91, "Rembang", "PDN10019", "20400");
INSERT INTO `oc_city` (city_id, zone_id, name, code, jnereg) VALUES (1024, 91, "Sukorejo", "PDN10020", "20400");
INSERT INTO `oc_city` (city_id, zone_id, name, code, jnereg) VALUES (1025, 91, "Tosari", "PDN10021", "20400");
INSERT INTO `oc_city` (city_id, zone_id, name, code, jnereg) VALUES (1026, 91, "Tutur", "PDN10022", "20400");
INSERT INTO `oc_city` (city_id, zone_id, name, code, jnereg) VALUES (1027, 91, "Winongan", "PDN10023", "20400");
INSERT INTO `oc_city` (city_id, zone_id, name, code, jnereg) VALUES (1028, 91, "Wonorejo", "PDN10024", "20400");
INSERT INTO `oc_zone` (zone_id, country_id, name, status) VALUES (92, 6, "Kab. Pesisir Selatan", 1);
INSERT INTO `oc_city` (city_id, zone_id, name, code, jnereg) VALUES (1029, 92, "Basa IV Balai Tapan", "PDG20513", "52800");
INSERT INTO `oc_city` (city_id, zone_id, name, code, jnereg) VALUES (1030, 92, "Batang Kapas", "PDG20501", "52800");
INSERT INTO `oc_city` (city_id, zone_id, name, code, jnereg) VALUES (1031, 92, "Bayang", "PDG20503", "52800");
INSERT INTO `oc_city` (city_id, zone_id, name, code, jnereg) VALUES (1032, 92, "Bayang Utara", "PDG20514", "52800");
INSERT INTO `oc_city` (city_id, zone_id, name, code, jnereg) VALUES (1033, 92, "IV Jurai", "PDG20518", "52800");
INSERT INTO `oc_city` (city_id, zone_id, name, code, jnereg) VALUES (1034, 92, "Koto XI Tarusan", "PDG20505", "52800");
INSERT INTO `oc_city` (city_id, zone_id, name, code, jnereg) VALUES (1035, 92, "Lengayang", "PDG20506", "52800");
INSERT INTO `oc_city` (city_id, zone_id, name, code, jnereg) VALUES (1036, 92, "Linggo Sari Baganti", "PDG20515", "52800");
INSERT INTO `oc_city` (city_id, zone_id, name, code, jnereg) VALUES (1037, 92, "Lunang Silaut", "PDG20516", "52800");
INSERT INTO `oc_city` (city_id, zone_id, name, code, jnereg, kgp) VALUES (1038, 92, "Painan", "PDG20500", "42000", "38000");
INSERT INTO `oc_city` (city_id, zone_id, name, code, jnereg) VALUES (1039, 92, "Pancung Soal", "PDG20510", "52800");
INSERT INTO `oc_city` (city_id, zone_id, name, code, jnereg) VALUES (1040, 92, "Ranah Pesisir", "PDG20511", "52800");
INSERT INTO `oc_city` (city_id, zone_id, name, code, jnereg) VALUES (1041, 92, "Sutera", "PDG20517", "52800");
INSERT INTO `oc_zone` (zone_id, country_id, name, status) VALUES (93, 6, "Kab. Sijunjung", 1);
INSERT INTO `oc_city` (city_id, zone_id, name, code, jnereg) VALUES (1042, 93, "IV Nagari", "PDG21903", "52800");
INSERT INTO `oc_city` (city_id, zone_id, name, code, jnereg) VALUES (1043, 93, "Kamang Baru", "PDG21904", "52800");
INSERT INTO `oc_city` (city_id, zone_id, name, code, jnereg) VALUES (1044, 93, "Koto Tujuh", "PDG21901", "52800");
INSERT INTO `oc_city` (city_id, zone_id, name, code, jnereg) VALUES (1045, 93, "Kupitan", "PDG21905", "52800");
INSERT INTO `oc_city` (city_id, zone_id, name, code, jnereg) VALUES (1046, 93, "Lubuk Tarok", "PDG21906", "52800");
INSERT INTO `oc_city` (city_id, zone_id, name, code, jnereg) VALUES (1047, 93, "Muaro Sijunjung", "PDG21900", "42000");
INSERT INTO `oc_city` (city_id, zone_id, name, code, jnereg) VALUES (1048, 93, "Sumpur Kudus", "PDG21907", "52800");
INSERT INTO `oc_city` (city_id, zone_id, name, code, jnereg) VALUES (1049, 93, "Tanjung Gadang", "PDG21908", "52800");
INSERT INTO `oc_zone` (zone_id, country_id, name, status) VALUES (94, 6, "Kab. Solok", 1);
INSERT INTO `oc_city` (city_id, zone_id, name, code, jnereg) VALUES (1050, 94, "Arosuka", "PDG21700", "42000");
INSERT INTO `oc_city` (city_id, zone_id, name, code, jnereg) VALUES (1051, 94, "Bukit Sundi", "PDG21704", "52800");
INSERT INTO `oc_city` (city_id, zone_id, name, code, jnereg) VALUES (1052, 94, "Danau Kembar", "PDG21705", "52800");
INSERT INTO `oc_city` (city_id, zone_id, name, code, jnereg) VALUES (1053, 94, "Gunung Talang", "PDG21706", "52800");
INSERT INTO `oc_city` (city_id, zone_id, name, code, jnereg) VALUES (1054, 94, "Hiliran Gumanti", "PDG21707", "52800");
INSERT INTO `oc_city` (city_id, zone_id, name, code, jnereg) VALUES (1055, 94, "IX Koto Sungai Lasi", "PDG21701", "52800");
INSERT INTO `oc_city` (city_id, zone_id, name, code, jnereg) VALUES (1056, 94, "Junjung Sirih", "PDG21708", "52800");
INSERT INTO `oc_city` (city_id, zone_id, name, code, jnereg) VALUES (1057, 94, "Kubung", "PDG21709", "52800");
INSERT INTO `oc_city` (city_id, zone_id, name, code, jnereg) VALUES (1058, 94, "Lembah Gumanti", "PDG21710", "52800");
INSERT INTO `oc_city` (city_id, zone_id, name, code, jnereg) VALUES (1059, 94, "Lembang Jaya", "PDG21711", "52800");
INSERT INTO `oc_city` (city_id, zone_id, name, code, jnereg) VALUES (1060, 94, "Pantai Cermin", "PDG21712", "52800");
INSERT INTO `oc_city` (city_id, zone_id, name, code, jnereg) VALUES (1061, 94, "Payung Sekaki", "PDG21713", "52800");
INSERT INTO `oc_city` (city_id, zone_id, name, code, jnereg) VALUES (1062, 94, "Tigo Lurah", "PDG21714", "52800");
INSERT INTO `oc_city` (city_id, zone_id, name, code, jnereg) VALUES (1063, 94, "X Koto Diatas", "PDG21702", "52800");
INSERT INTO `oc_city` (city_id, zone_id, name, code, jnereg) VALUES (1064, 94, "X Koto Singkarak", "PDG21703", "52800");
INSERT INTO `oc_zone` (zone_id, country_id, name, status) VALUES (95, 6, "Kab. Solok Selatan", 1);
INSERT INTO `oc_city` (city_id, zone_id, name, code, jnereg) VALUES (1065, 95, "Koto Parik Gadang Diateh", "PDG21801", "52800");
INSERT INTO `oc_city` (city_id, zone_id, name, code, jnereg) VALUES (1066, 95, "Padang Aro", "PDG21800", "42000");
INSERT INTO `oc_city` (city_id, zone_id, name, code, jnereg) VALUES (1067, 95, "Sangir", "PDG21802", "52800");
INSERT INTO `oc_city` (city_id, zone_id, name, code, jnereg) VALUES (1068, 95, "Sangir Batanghari", "PDG21803", "52800");
INSERT INTO `oc_city` (city_id, zone_id, name, code, jnereg) VALUES (1069, 95, "Sangir Jujuan", "PDG21804", "52800");
INSERT INTO `oc_city` (city_id, zone_id, name, code, jnereg) VALUES (1070, 95, "Sungai Pagu", "PDG21805", "52800");
INSERT INTO `oc_zone` (zone_id, country_id, name, status) VALUES (96, 6, "Kab. Tanah Datar", 1);
INSERT INTO `oc_city` (city_id, zone_id, name, code, jnereg) VALUES (1071, 96, "Batipuh", "PDG20101", "52800");
INSERT INTO `oc_city` (city_id, zone_id, name, code, jnereg) VALUES (1072, 96, "Batipuh Selatan", "PDG20114", "52800");
INSERT INTO `oc_city` (city_id, zone_id, name, code, jnereg, kgp) VALUES (1073, 96, "Batu Sangkar", "PDG20100", "42000", "40000");
INSERT INTO `oc_city` (city_id, zone_id, name, code, jnereg) VALUES (1074, 96, "Lima Kaum", "PDG20115", "52800");
INSERT INTO `oc_city` (city_id, zone_id, name, code, jnereg) VALUES (1075, 96, "Lintau Buo", "PDG20103", "52800");
INSERT INTO `oc_city` (city_id, zone_id, name, code, jnereg) VALUES (1076, 96, "Lintau Buo Utara", "PDG20116", "52800");
INSERT INTO `oc_city` (city_id, zone_id, name, code, jnereg) VALUES (1077, 96, "Padang Ganting", "PDG20117", "52800");
INSERT INTO `oc_city` (city_id, zone_id, name, code, jnereg) VALUES (1078, 96, "Pariangan", "PDG20106", "52800");
INSERT INTO `oc_city` (city_id, zone_id, name, code, jnereg) VALUES (1079, 96, "Rambatan", "PDG20107", "52800");
INSERT INTO `oc_city` (city_id, zone_id, name, code, jnereg) VALUES (1080, 96, "Salimpaung", "PDG20108", "52800");
INSERT INTO `oc_city` (city_id, zone_id, name, code, jnereg) VALUES (1081, 96, "Sepuluh Koto", "PDG20118", "52800");
INSERT INTO `oc_city` (city_id, zone_id, name, code, jnereg) VALUES (1082, 96, "Sungai Tarab", "PDG20110", "52800");
INSERT INTO `oc_city` (city_id, zone_id, name, code, jnereg) VALUES (1083, 96, "Sungayang", "PDG20111", "52800");
INSERT INTO `oc_city` (city_id, zone_id, name, code, jnereg) VALUES (1084, 96, "Tanjung Baru", "PDG20119", "52800");
INSERT INTO `oc_city` (city_id, zone_id, name, code, jnereg) VALUES (1085, 96, "Tanjung Emas", "PDG20112", "52800");
INSERT INTO `oc_zone` (zone_id, country_id, name, status) VALUES (97, 6, "Kota Bukit Tinggi", 1);
INSERT INTO `oc_city` (city_id, zone_id, name, code, jnereg) VALUES (1086, 97, "Aur Birugo Tigo Baleh", "PDG20211", "42000");
INSERT INTO `oc_city` (city_id, zone_id, name, code, jnereg, kgp) VALUES (1087, 97, "Bukit Tinggi", "PDG20200", "42000", "40000");
INSERT INTO `oc_city` (city_id, zone_id, name, code, jnereg) VALUES (1088, 97, "Guguk Panjang", "PDG20213", "42000");
INSERT INTO `oc_city` (city_id, zone_id, name, code, jnereg) VALUES (1089, 97, "Mandiangin Koto Selayan", "PDG20212", "42000");
INSERT INTO `oc_zone` (zone_id, country_id, name, status) VALUES (98, 6, "Kota Padang", 1);
INSERT INTO `oc_city` (city_id, zone_id, name, code, jnereg) VALUES (1090, 98, "Bungus Teluk Kabung", "PDG10008", "30000");
INSERT INTO `oc_city` (city_id, zone_id, name, code, jnereg) VALUES (1091, 98, "Koto Tangah", "PDG10009", "30000");
INSERT INTO `oc_city` (city_id, zone_id, name, code, jnereg) VALUES (1092, 98, "Kuranji", "PDG10010", "30000");
INSERT INTO `oc_city` (city_id, zone_id, name, code, jnereg) VALUES (1093, 98, "Lubuk Begalung", "PDG10011", "30000");
INSERT INTO `oc_city` (city_id, zone_id, name, code, jnereg) VALUES (1094, 98, "Lubuk Kilangan", "PDG10012", "30000");
INSERT INTO `oc_city` (city_id, zone_id, name, code, jnereg) VALUES (1095, 98, "Nanggalo", "PDG10013", "30000");
INSERT INTO `oc_city` (city_id, zone_id, name, code, jnereg, kgp) VALUES (1096, 98, "Padang", "PDG10000", "30000", "33000");
INSERT INTO `oc_city` (city_id, zone_id, name, code, jnereg) VALUES (1097, 98, "Padang Barat", "PDG10014", "30000");
INSERT INTO `oc_city` (city_id, zone_id, name, code, jnereg) VALUES (1098, 98, "Padang Selatan", "PDG10015", "30000");
INSERT INTO `oc_city` (city_id, zone_id, name, code, jnereg) VALUES (1099, 98, "Padang Timur", "PDG10016", "30000");
INSERT INTO `oc_city` (city_id, zone_id, name, code, jnereg) VALUES (1100, 98, "Padang Utara", "PDG10017", "30000");
INSERT INTO `oc_city` (city_id, zone_id, name, code, jnereg) VALUES (1101, 98, "Pauh", "PDG10018", "30000");
INSERT INTO `oc_zone` (zone_id, country_id, name, status) VALUES (99, 6, "Kota Padang Panjang", 1);
INSERT INTO `oc_city` (city_id, zone_id, name, code, jnereg, kgp) VALUES (1102, 99, "Padang Panjang", "PDG21100", "42000", "38000");
INSERT INTO `oc_city` (city_id, zone_id, name, code, jnereg) VALUES (1103, 99, "Padang Panjang Barat", "PDG21102", "42000");
INSERT INTO `oc_city` (city_id, zone_id, name, code, jnereg) VALUES (1104, 99, "Padang Panjang Timur", "PDG21103", "42000");
INSERT INTO `oc_zone` (zone_id, country_id, name, status) VALUES (100, 6, "Kota Pariaman", 1);
INSERT INTO `oc_city` (city_id, zone_id, name, code, jnereg) VALUES (1105, 100, "Pariaman Selatan", "PDG20625", "42000");
INSERT INTO `oc_city` (city_id, zone_id, name, code, jnereg) VALUES (1106, 100, "Pariaman Tengah", "PDG20626", "42000");
INSERT INTO `oc_city` (city_id, zone_id, name, code, jnereg) VALUES (1107, 100, "Pariaman Utara", "PDG20627", "42000");
INSERT INTO `oc_zone` (zone_id, country_id, name, status) VALUES (101, 6, "Kota Payakumbuh", 1);
INSERT INTO `oc_city` (city_id, zone_id, name, code, jnereg, kgp) VALUES (1108, 101, "Payakumbuh", "PDG20700", "42000", "41000");
INSERT INTO `oc_city` (city_id, zone_id, name, code, jnereg) VALUES (1109, 101, "Payakumbuh Barat", "PDG20721", "42000");
INSERT INTO `oc_city` (city_id, zone_id, name, code, jnereg) VALUES (1110, 101, "Payakumbuh Timur", "PDG20722", "42000");
INSERT INTO `oc_city` (city_id, zone_id, name, code, jnereg) VALUES (1111, 101, "Payakumbuh Utara", "PDG20723", "42000");
INSERT INTO `oc_zone` (zone_id, country_id, name, status) VALUES (102, 6, "Kota Sawahlunto", 1);
INSERT INTO `oc_city` (city_id, zone_id, name, code, jnereg) VALUES (1112, 102, "Barangin", "PDG20803", "42000");
INSERT INTO `oc_city` (city_id, zone_id, name, code, jnereg) VALUES (1113, 102, "Lembah Segar", "PDG20804", "42000");
INSERT INTO `oc_city` (city_id, zone_id, name, code, jnereg, kgp) VALUES (1114, 102, "Sawahlunto", "PDG20800", "42000", "41000");
INSERT INTO `oc_city` (city_id, zone_id, name, code, jnereg) VALUES (1115, 102, "Silungkang", "PDG20805", "42000");
INSERT INTO `oc_city` (city_id, zone_id, name, code, jnereg) VALUES (1116, 102, "Talawi", "PDG20806", "42000");
INSERT INTO `oc_zone` (zone_id, country_id, name, status) VALUES (103, 6, "Kota Solok", 1);
INSERT INTO `oc_city` (city_id, zone_id, name, code, jnereg) VALUES (1117, 103, "Lubuk Sikarah", "PDG20939", "42000");
INSERT INTO `oc_city` (city_id, zone_id, name, code, jnereg, kgp) VALUES (1118, 103, "Solok", "PDG20900", "42000", "36000");
INSERT INTO `oc_city` (city_id, zone_id, name, code, jnereg) VALUES (1119, 103, "Tanjung Harapan", "PDG20940", "42000");
INSERT INTO `oc_country` (country_id, name, iso_code_2, iso_code_3, postcode_required, status) VALUES (7, "Sumatera Selatan", "ID", "IDN", 1, 1);
INSERT INTO `oc_zone` (zone_id, country_id, name, status) VALUES (104, 7, "Kab. Banyuasin", 1);
INSERT INTO `oc_city` (city_id, zone_id, name, code, jnereg) VALUES (1120, 104, "Banyuasin I", "PLM21001", "56400");
INSERT INTO `oc_city` (city_id, zone_id, name, code, jnereg) VALUES (1121, 104, "Banyuasin II", "PLM21002", "56400");
INSERT INTO `oc_city` (city_id, zone_id, name, code, jnereg) VALUES (1122, 104, "Banyuasin III", "PLM21003", "56400");
INSERT INTO `oc_city` (city_id, zone_id, name, code, jnereg) VALUES (1123, 104, "Betung", "PLM21005", "56400");
INSERT INTO `oc_city` (city_id, zone_id, name, code, jnereg) VALUES (1124, 104, "Makarti Jaya", "PLM21006", "56400");
INSERT INTO `oc_city` (city_id, zone_id, name, code, jnereg) VALUES (1125, 104, "Muara Padang", "PLM21012", "56400");
INSERT INTO `oc_city` (city_id, zone_id, name, code, jnereg) VALUES (1126, 104, "Muara Telang", "PLM21007", "56400");
INSERT INTO `oc_city` (city_id, zone_id, name, code, jnereg) VALUES (1127, 104, "Pangkalan Balai", "PLM21000", "44400");
INSERT INTO `oc_city` (city_id, zone_id, name, code, jnereg) VALUES (1128, 104, "Pulau Rimau", "PLM21008", "56400");
INSERT INTO `oc_city` (city_id, zone_id, name, code, jnereg) VALUES (1129, 104, "Rambutan", "PLM21009", "56400");
INSERT INTO `oc_city` (city_id, zone_id, name, code, jnereg) VALUES (1130, 104, "Rantau Bayur", "PLM21010", "56400");
INSERT INTO `oc_city` (city_id, zone_id, name, code, jnereg) VALUES (1131, 104, "Talang Kelapa", "PLM21011", "56400");
INSERT INTO `oc_zone` (zone_id, country_id, name, status) VALUES (105, 7, "Kab. Empat Lawang", 1);
INSERT INTO `oc_city` (city_id, zone_id, name, code, jnereg) VALUES (1132, 105, "Lintang Kanan", "PLM21101", "56400");
INSERT INTO `oc_city` (city_id, zone_id, name, code, jnereg) VALUES (1133, 105, "Muara Pinang", "PLM21102", "56400");
INSERT INTO `oc_city` (city_id, zone_id, name, code, jnereg) VALUES (1134, 105, "Pasemah Air Keruh", "PLM21103", "56400");
INSERT INTO `oc_city` (city_id, zone_id, name, code, jnereg) VALUES (1135, 105, "Pendopo", "PLM21104", "56400");
INSERT INTO `oc_city` (city_id, zone_id, name, code, jnereg) VALUES (1136, 105, "Talang Padang", "PLM21105", "56400");
INSERT INTO `oc_city` (city_id, zone_id, name, code, jnereg) VALUES (1137, 105, "Tebing Tinggi", "PLM21100", "44400");
INSERT INTO `oc_city` (city_id, zone_id, name, code, jnereg) VALUES (1138, 105, "Ulu Musi", "PLM21106", "56400");
INSERT INTO `oc_zone` (zone_id, country_id, name, status) VALUES (106, 7, "Kab. Lahat", 1);
INSERT INTO `oc_city` (city_id, zone_id, name, code, jnereg) VALUES (1139, 106, "Jarai", "PLM20316", "56400");
INSERT INTO `oc_city` (city_id, zone_id, name, code, jnereg) VALUES (1140, 106, "Kikim Barat", "PLM20317", "56400");
INSERT INTO `oc_city` (city_id, zone_id, name, code, jnereg) VALUES (1141, 106, "Kikim Selatan", "PLM20318", "56400");
INSERT INTO `oc_city` (city_id, zone_id, name, code, jnereg) VALUES (1142, 106, "Kikim Tengah", "PLM20319", "56400");
INSERT INTO `oc_city` (city_id, zone_id, name, code, jnereg) VALUES (1143, 106, "Kikim Timur", "PLM20320", "56400");
INSERT INTO `oc_city` (city_id, zone_id, name, code, jnereg) VALUES (1144, 106, "Kota Agung", "PLM20321", "56400");
INSERT INTO `oc_city` (city_id, zone_id, name, code, jnereg, kgp) VALUES (1145, 106, "Lahat", "PLM20300", "44400", "38000");
INSERT INTO `oc_city` (city_id, zone_id, name, code, jnereg) VALUES (1146, 106, "Merapi", "PLM20303", "56400");
INSERT INTO `oc_city` (city_id, zone_id, name, code, jnereg) VALUES (1147, 106, "Mulak Ulu", "PLM20323", "56400");
INSERT INTO `oc_city` (city_id, zone_id, name, code, jnereg) VALUES (1148, 106, "Pajar Bulan", "PLM20324", "56400");
INSERT INTO `oc_city` (city_id, zone_id, name, code, jnereg) VALUES (1149, 106, "Pulau Pinang", "PLM20304", "56400");
INSERT INTO `oc_city` (city_id, zone_id, name, code, jnereg) VALUES (1150, 106, "Tanjung Sakti", "PLM20314", "56400");
INSERT INTO `oc_zone` (zone_id, country_id, name, status) VALUES (107, 7, "Kab. Muara Enim", 1);
INSERT INTO `oc_city` (city_id, zone_id, name, code, jnereg) VALUES (1151, 107, "Abab (Penukal Abab)", "PLM20520", "56400");
INSERT INTO `oc_city` (city_id, zone_id, name, code, jnereg) VALUES (1152, 107, "Benakat", "PLM20507", "56400");
INSERT INTO `oc_city` (city_id, zone_id, name, code, jnereg) VALUES (1153, 107, "Gelumbang", "PLM20504", "56400");
INSERT INTO `oc_city` (city_id, zone_id, name, code, jnereg) VALUES (1154, 107, "Gunung Megang", "PLM20501", "56400");
INSERT INTO `oc_city` (city_id, zone_id, name, code, jnereg) VALUES (1155, 107, "Kelekar", "PLM20522", "56400");
INSERT INTO `oc_city` (city_id, zone_id, name, code, jnereg) VALUES (1156, 107, "Lawang Kidul", "PLM20508", "44400");
INSERT INTO `oc_city` (city_id, zone_id, name, code, jnereg) VALUES (1157, 107, "Lembak", "PLM20509", "56400");
INSERT INTO `oc_city` (city_id, zone_id, name, code, jnereg) VALUES (1158, 107, "Lubai", "PLM20510", "56400");
INSERT INTO `oc_city` (city_id, zone_id, name, code, jnereg) VALUES (1159, 107, "Muara Belikan", "PLM20521", "56400");
INSERT INTO `oc_city` (city_id, zone_id, name, code, jnereg, kgp) VALUES (1160, 107, "Muara Enim", "PLM20500", "44400", "42000");
INSERT INTO `oc_city` (city_id, zone_id, name, code, jnereg) VALUES (1161, 107, "Penukal Abab", "PLM20511", "56400");
INSERT INTO `oc_city` (city_id, zone_id, name, code, jnereg) VALUES (1162, 107, "Penukal Utara", "PLM20512", "56400");
INSERT INTO `oc_city` (city_id, zone_id, name, code, jnereg) VALUES (1163, 107, "Rembang", "PLM20506", "56400");
INSERT INTO `oc_city` (city_id, zone_id, name, code, jnereg) VALUES (1164, 107, "Rembang Dangku", "PLM20505", "56400");
INSERT INTO `oc_city` (city_id, zone_id, name, code, jnereg) VALUES (1165, 107, "Semende Darat Laut", "PLM20513", "56400");
INSERT INTO `oc_city` (city_id, zone_id, name, code, jnereg) VALUES (1166, 107, "Semende Darat Tengah", "PLM20514", "56400");
INSERT INTO `oc_city` (city_id, zone_id, name, code, jnereg) VALUES (1167, 107, "Semende Darat Ulu", "PLM20515", "56400");
INSERT INTO `oc_city` (city_id, zone_id, name, code, jnereg) VALUES (1168, 107, "Sungai Rotan", "PLM20516", "56400");
INSERT INTO `oc_city` (city_id, zone_id, name, code, jnereg) VALUES (1169, 107, "Talang Ubi", "PLM20517", "56400");
INSERT INTO `oc_city` (city_id, zone_id, name, code, jnereg) VALUES (1170, 107, "Tanah Abang", "PLM20518", "56400");
INSERT INTO `oc_city` (city_id, zone_id, name, code, jnereg) VALUES (1171, 107, "Tanjung Agung", "PLM20503", "56400");
INSERT INTO `oc_city` (city_id, zone_id, name, code, jnereg) VALUES (1172, 107, "Ujan Mas", "PLM20519", "56400");
INSERT INTO `oc_zone` (zone_id, country_id, name, status) VALUES (108, 7, "Kab. Musi Banyuasin", 1);
INSERT INTO `oc_city` (city_id, zone_id, name, code, jnereg) VALUES (1173, 108, "Babat Toman", "PLM20801", "56400");
INSERT INTO `oc_city` (city_id, zone_id, name, code, jnereg) VALUES (1174, 108, "Batang Harileko", "PLM20816", "56400");
INSERT INTO `oc_city` (city_id, zone_id, name, code, jnereg) VALUES (1175, 108, "Bayung Lencir", "PLM20805", "56400");
INSERT INTO `oc_city` (city_id, zone_id, name, code, jnereg) VALUES (1176, 108, "Keluang", "PLM20817", "56400");
INSERT INTO `oc_city` (city_id, zone_id, name, code, jnereg) VALUES (1177, 108, "Lais", "PLM20818", "56400");
INSERT INTO `oc_city` (city_id, zone_id, name, code, jnereg) VALUES (1178, 108, "Sanga Desa", "PLM20819", "56400");
INSERT INTO `oc_city` (city_id, zone_id, name, code, jnereg, kgp) VALUES (1179, 108, "Sekayu", "PLM20800", "44400", "38000");
INSERT INTO `oc_city` (city_id, zone_id, name, code, jnereg) VALUES (1180, 108, "Sungai Keruh", "PLM20820", "56400");
INSERT INTO `oc_city` (city_id, zone_id, name, code, jnereg) VALUES (1181, 108, "Sungai Lilin", "PLM20806", "44400");
INSERT INTO `oc_zone` (zone_id, country_id, name, status) VALUES (109, 7, "Kab. Musi Rawas", 1);
INSERT INTO `oc_city` (city_id, zone_id, name, code, jnereg) VALUES (1182, 109, "BKL Ulu Terawas", "PLM10301", "56400");
INSERT INTO `oc_city` (city_id, zone_id, name, code, jnereg) VALUES (1183, 109, "BTS Ulu", "PLM10302", "56400");
INSERT INTO `oc_city` (city_id, zone_id, name, code, jnereg) VALUES (1184, 109, "Jayaloka", "PLM10303", "56400");
INSERT INTO `oc_city` (city_id, zone_id, name, code, jnereg) VALUES (1185, 109, "Karang Dapo", "PLM10304", "56400");
INSERT INTO `oc_city` (city_id, zone_id, name, code, jnereg) VALUES (1186, 109, "Karang Jaya", "PLM10305", "56400");
INSERT INTO `oc_city` (city_id, zone_id, name, code, jnereg) VALUES (1187, 109, "Megang Sakti", "PLM10306", "56400");
INSERT INTO `oc_city` (city_id, zone_id, name, code, jnereg) VALUES (1188, 109, "Muara Beliti", "PLM10307", "56400");
INSERT INTO `oc_city` (city_id, zone_id, name, code, jnereg) VALUES (1189, 109, "Muara Beliti Baru", "PLM10300", "44400");
INSERT INTO `oc_city` (city_id, zone_id, name, code, jnereg) VALUES (1190, 109, "Muara Kelingi", "PLM10308", "56400");
INSERT INTO `oc_city` (city_id, zone_id, name, code, jnereg) VALUES (1191, 109, "Muara Lakitan", "PLM10309", "56400");
INSERT INTO `oc_city` (city_id, zone_id, name, code, jnereg) VALUES (1192, 109, "Muara Rupit", "PLM10310", "56400");
INSERT INTO `oc_city` (city_id, zone_id, name, code, jnereg) VALUES (1193, 109, "Nibung", "PLM10311", "56400");
INSERT INTO `oc_city` (city_id, zone_id, name, code, jnereg) VALUES (1194, 109, "Purwodadi", "PLM10312", "56400");
INSERT INTO `oc_city` (city_id, zone_id, name, code, jnereg) VALUES (1195, 109, "Rawas Ilir", "PLM10317", "56400");
INSERT INTO `oc_city` (city_id, zone_id, name, code, jnereg) VALUES (1196, 109, "Rawas Ulu", "PLM10313", "56400");
INSERT INTO `oc_city` (city_id, zone_id, name, code, jnereg) VALUES (1197, 109, "Selangit", "PLM10314", "56400");
INSERT INTO `oc_city` (city_id, zone_id, name, code, jnereg) VALUES (1198, 109, "Tugumulyo", "PLM10315", "56400");
INSERT INTO `oc_city` (city_id, zone_id, name, code, jnereg) VALUES (1199, 109, "Ulu Rawas", "PLM10316", "56400");
INSERT INTO `oc_zone` (zone_id, country_id, name, status) VALUES (110, 7, "Kab. Ogan Ilir", 1);
INSERT INTO `oc_city` (city_id, zone_id, name, code, jnereg) VALUES (1200, 110, "Indralaya", "PLM21300", "44400");
INSERT INTO `oc_city` (city_id, zone_id, name, code, jnereg) VALUES (1201, 110, "Muara Kuang", "PLM21301", "56400");
INSERT INTO `oc_city` (city_id, zone_id, name, code, jnereg) VALUES (1202, 110, "Pemulutan", "PLM21302", "56400");
INSERT INTO `oc_city` (city_id, zone_id, name, code, jnereg) VALUES (1203, 110, "Rantau Alai", "PLM21303", "56400");
INSERT INTO `oc_city` (city_id, zone_id, name, code, jnereg) VALUES (1204, 110, "Tanjung Batu", "PLM21304", "56400");
INSERT INTO `oc_city` (city_id, zone_id, name, code, jnereg) VALUES (1205, 110, "Tanjung Raja", "PLM21305", "56400");
INSERT INTO `oc_zone` (zone_id, country_id, name, status) VALUES (111, 7, "Kab. Ogan Komering Ilir", 1);
INSERT INTO `oc_city` (city_id, zone_id, name, code, jnereg) VALUES (1206, 111, "Air Sugihan", "PLM20214", "56400");
INSERT INTO `oc_city` (city_id, zone_id, name, code, jnereg) VALUES (1207, 111, "Cengal", "PLM20215", "56400");
INSERT INTO `oc_city` (city_id, zone_id, name, code, jnereg) VALUES (1208, 111, "Jejawi", "PLM20216", "56400");
INSERT INTO `oc_city` (city_id, zone_id, name, code, jnereg) VALUES (1209, 111, "Kota Kayu Agung", "PLM20200", "44400");
INSERT INTO `oc_city` (city_id, zone_id, name, code, jnereg) VALUES (1210, 111, "Lempuing", "PLM20217", "56400");
INSERT INTO `oc_city` (city_id, zone_id, name, code, jnereg) VALUES (1211, 111, "Mesuji", "PLM20202", "56400");
INSERT INTO `oc_city` (city_id, zone_id, name, code, jnereg) VALUES (1212, 111, "Pampangan", "PLM20204", "56400");
INSERT INTO `oc_city` (city_id, zone_id, name, code, jnereg) VALUES (1213, 111, "Pedamaran", "PLM20205", "56400");
INSERT INTO `oc_city` (city_id, zone_id, name, code, jnereg) VALUES (1214, 111, "Pematang Panggang", "PLM20221", "56400");
INSERT INTO `oc_city` (city_id, zone_id, name, code, jnereg) VALUES (1215, 111, "Sirah Pulau Padang", "PLM20207", "56400");
INSERT INTO `oc_city` (city_id, zone_id, name, code, jnereg) VALUES (1216, 111, "Tanjung Lubuk", "PLM20208", "56400");
INSERT INTO `oc_city` (city_id, zone_id, name, code, jnereg) VALUES (1217, 111, "Tulung Selapan", "PLM20211", "56400");
INSERT INTO `oc_zone` (zone_id, country_id, name, status) VALUES (112, 7, "Kab. Ogan Komering Ulu", 1);
INSERT INTO `oc_city` (city_id, zone_id, name, code, jnereg, kgp) VALUES (1218, 112, "Baturaja", "PLM20100", "44400", "44000");
INSERT INTO `oc_city` (city_id, zone_id, name, code, jnereg) VALUES (1219, 112, "Baturaja Barat", "PLM20113", "56400");
INSERT INTO `oc_city` (city_id, zone_id, name, code, jnereg) VALUES (1220, 112, "Baturaja Timur", "PLM20114", "56400");
INSERT INTO `oc_city` (city_id, zone_id, name, code, jnereg) VALUES (1221, 112, "Lengkiti", "PLM20115", "56400");
INSERT INTO `oc_city` (city_id, zone_id, name, code, jnereg) VALUES (1222, 112, "Lubuk Batang", "PLM20116", "56400");
INSERT INTO `oc_city` (city_id, zone_id, name, code, jnereg) VALUES (1223, 112, "Pengandonan", "PLM20109", "56400");
INSERT INTO `oc_city` (city_id, zone_id, name, code, jnereg) VALUES (1224, 112, "Peninjauan", "PLM20108", "56400");
INSERT INTO `oc_city` (city_id, zone_id, name, code, jnereg) VALUES (1225, 112, "Semidang Aji", "PLM20119", "56400");
INSERT INTO `oc_city` (city_id, zone_id, name, code, jnereg) VALUES (1226, 112, "Sosoh Buay Rayap", "PLM20112", "56400");
INSERT INTO `oc_city` (city_id, zone_id, name, code, jnereg) VALUES (1227, 112, "Ulu Ogan", "PLM20120", "56400");
INSERT INTO `oc_zone` (zone_id, country_id, name, status) VALUES (113, 7, "Kab. Ogan Komering Ulu Selatan", 1);
INSERT INTO `oc_city` (city_id, zone_id, name, code, jnereg) VALUES (1228, 113, "Banding Agung", "PLM21501", "56400");
INSERT INTO `oc_city` (city_id, zone_id, name, code, jnereg) VALUES (1229, 113, "Buay Pemaca", "PLM21502", "56400");
INSERT INTO `oc_city` (city_id, zone_id, name, code, jnereg) VALUES (1230, 113, "Buay Runjung", "PLM21503", "56400");
INSERT INTO `oc_city` (city_id, zone_id, name, code, jnereg) VALUES (1231, 113, "Buay Sandang Aji", "PLM21504", "56400");
INSERT INTO `oc_city` (city_id, zone_id, name, code, jnereg) VALUES (1232, 113, "Kisam Tinggi", "PLM21505", "56400");
INSERT INTO `oc_city` (city_id, zone_id, name, code, jnereg) VALUES (1233, 113, "Mekakau Ilir", "PLM21506", "56400");
INSERT INTO `oc_city` (city_id, zone_id, name, code, jnereg) VALUES (1234, 113, "Muaradua", "PLM21500", "44400");
INSERT INTO `oc_city` (city_id, zone_id, name, code, jnereg) VALUES (1235, 113, "Muaradua Kisam", "PLM21507", "56400");
INSERT INTO `oc_city` (city_id, zone_id, name, code, jnereg) VALUES (1236, 113, "Pulau Beringin", "PLM21508", "56400");
INSERT INTO `oc_city` (city_id, zone_id, name, code, jnereg) VALUES (1237, 113, "Simpang", "PLM21509", "56400");
INSERT INTO `oc_zone` (zone_id, country_id, name, status) VALUES (114, 7, "Kab. Ogan Komering Ulu Timur", 1);
INSERT INTO `oc_city` (city_id, zone_id, name, code, jnereg) VALUES (1238, 114, "Belitang", "PLM21401", "56400");
INSERT INTO `oc_city` (city_id, zone_id, name, code, jnereg) VALUES (1239, 114, "Belitang II", "PLM21402", "56400");
INSERT INTO `oc_city` (city_id, zone_id, name, code, jnereg) VALUES (1240, 114, "Belitang III", "PLM21403", "56400");
INSERT INTO `oc_city` (city_id, zone_id, name, code, jnereg) VALUES (1241, 114, "Buay Madang", "PLM21404", "56400");
INSERT INTO `oc_city` (city_id, zone_id, name, code, jnereg) VALUES (1242, 114, "Buay Pemuka Peliung", "PLM21405", "56400");
INSERT INTO `oc_city` (city_id, zone_id, name, code, jnereg) VALUES (1243, 114, "Cempaka", "PLM21406", "56400");
INSERT INTO `oc_city` (city_id, zone_id, name, code, jnereg) VALUES (1244, 114, "Madang Suku I", "PLM21407", "56400");
INSERT INTO `oc_city` (city_id, zone_id, name, code, jnereg) VALUES (1245, 114, "Madang Suku II", "PLM21408", "56400");
INSERT INTO `oc_city` (city_id, zone_id, name, code, jnereg) VALUES (1246, 114, "MADANG SUKU III", "PLM21411", "56400");
INSERT INTO `oc_city` (city_id, zone_id, name, code, jnereg) VALUES (1247, 114, "Martapura", "PLM21400", "44400");
INSERT INTO `oc_city` (city_id, zone_id, name, code, jnereg) VALUES (1248, 114, "Semendawa Suku III", "PLM21409", "56400");
INSERT INTO `oc_zone` (zone_id, country_id, name, status) VALUES (115, 7, "Kota Lubuk Linggau", 1);
INSERT INTO `oc_city` (city_id, zone_id, name, code, jnereg, kgp) VALUES (1249, 115, "Lubuk Linggau", "PLM21600", "44400", "36000");
INSERT INTO `oc_city` (city_id, zone_id, name, code, jnereg) VALUES (1250, 115, "Lubuklinggau Barat I", "PLM21601", "44400");
INSERT INTO `oc_city` (city_id, zone_id, name, code, jnereg) VALUES (1251, 115, "Lubuklinggau Barat II", "PLM21602", "44400");
INSERT INTO `oc_city` (city_id, zone_id, name, code, jnereg) VALUES (1252, 115, "Lubuklinggau Selatan I", "PLM21603", "44400");
INSERT INTO `oc_city` (city_id, zone_id, name, code, jnereg) VALUES (1253, 115, "Lubuklinggau Selatan II", "PLM21604", "44400");
INSERT INTO `oc_city` (city_id, zone_id, name, code, jnereg) VALUES (1254, 115, "Lubuklinggau Timur I", "PLM21605", "44400");
INSERT INTO `oc_city` (city_id, zone_id, name, code, jnereg) VALUES (1255, 115, "Lubuklinggau Timur II", "PLM21606", "44400");
INSERT INTO `oc_city` (city_id, zone_id, name, code, jnereg) VALUES (1256, 115, "Lubuklinggau Utara I", "PLM21607", "44400");
INSERT INTO `oc_city` (city_id, zone_id, name, code, jnereg) VALUES (1257, 115, "Lubuklinggau Utara II", "PLM21608", "44400");
INSERT INTO `oc_zone` (zone_id, country_id, name, status) VALUES (116, 7, "Kota Pagar Alam", 1);
INSERT INTO `oc_city` (city_id, zone_id, name, code, jnereg) VALUES (1258, 116, "Dempo Selatan", "PLM20608", "44400");
INSERT INTO `oc_city` (city_id, zone_id, name, code, jnereg) VALUES (1259, 116, "Dempo Tengah", "PLM20609", "44400");
INSERT INTO `oc_city` (city_id, zone_id, name, code, jnereg) VALUES (1260, 116, "Dempo Utara", "PLM20610", "44400");
INSERT INTO `oc_city` (city_id, zone_id, name, code, jnereg, kgp) VALUES (1261, 116, "Pagar Alam", "PLM20600", "44400", "42000");
INSERT INTO `oc_city` (city_id, zone_id, name, code, jnereg) VALUES (1262, 116, "Pagar Alam Selatan", "PLM20607", "44400");
INSERT INTO `oc_city` (city_id, zone_id, name, code, jnereg) VALUES (1263, 116, "Pagar Alam Utara", "PLM20606", "44400");
INSERT INTO `oc_zone` (zone_id, country_id, name, status) VALUES (117, 7, "Kota Palembang", 1);
INSERT INTO `oc_city` (city_id, zone_id, name, code, jnereg) VALUES (1264, 117, "Alang-Alang Lebar", "PLM10003", "26400");
INSERT INTO `oc_city` (city_id, zone_id, name, code, jnereg) VALUES (1265, 117, "Bukit Kecil", "PLM10004", "26400");
INSERT INTO `oc_city` (city_id, zone_id, name, code, jnereg) VALUES (1266, 117, "Gandus", "PLM10005", "26400");
INSERT INTO `oc_city` (city_id, zone_id, name, code, jnereg) VALUES (1267, 117, "Ilir Barat I", "PLM10006", "26400");
INSERT INTO `oc_city` (city_id, zone_id, name, code, jnereg) VALUES (1268, 117, "Ilir Barat II", "PLM10007", "26400");
INSERT INTO `oc_city` (city_id, zone_id, name, code, jnereg) VALUES (1269, 117, "Ilir Timur I", "PLM10008", "26400");
INSERT INTO `oc_city` (city_id, zone_id, name, code, jnereg) VALUES (1270, 117, "Ilir Timur II", "PLM10009", "26400");
INSERT INTO `oc_city` (city_id, zone_id, name, code, jnereg) VALUES (1271, 117, "Kalidoni", "PLM10010", "26400");
INSERT INTO `oc_city` (city_id, zone_id, name, code, jnereg) VALUES (1272, 117, "Kemuning", "PLM10011", "26400");
INSERT INTO `oc_city` (city_id, zone_id, name, code, jnereg) VALUES (1273, 117, "Kertapati", "PLM10012", "26400");
INSERT INTO `oc_city` (city_id, zone_id, name, code, jnereg, kgp) VALUES (1274, 117, "Palembang", "PLM10000", "26400", "32000");
INSERT INTO `oc_city` (city_id, zone_id, name, code, jnereg) VALUES (1275, 117, "Plaju", "PLM10001", "26400");
INSERT INTO `oc_city` (city_id, zone_id, name, code, jnereg) VALUES (1276, 117, "Sako", "PLM10013", "26400");
INSERT INTO `oc_city` (city_id, zone_id, name, code, jnereg) VALUES (1277, 117, "Seberang Ulu I", "PLM10014", "26400");
INSERT INTO `oc_city` (city_id, zone_id, name, code, jnereg) VALUES (1278, 117, "Seberang Ulu II", "PLM10015", "26400");
INSERT INTO `oc_city` (city_id, zone_id, name, code, jnereg) VALUES (1279, 117, "Sematang Borang", "PLM10016", "26400");
INSERT INTO `oc_city` (city_id, zone_id, name, code, jnereg) VALUES (1280, 117, "Sukarame", "PLM10017", "26400");
INSERT INTO `oc_zone` (zone_id, country_id, name, status) VALUES (118, 7, "Kota Prabumulih", 1);
INSERT INTO `oc_city` (city_id, zone_id, name, code, jnereg) VALUES (1281, 118, "Cambai", "PLM20704", "44400");
INSERT INTO `oc_city` (city_id, zone_id, name, code, jnereg, kgp) VALUES (1282, 118, "Prabumulih", "PLM20700", "44400", "39000");
INSERT INTO `oc_city` (city_id, zone_id, name, code, jnereg) VALUES (1283, 118, "Prabumulih Barat", "PLM20705", "44400");
INSERT INTO `oc_city` (city_id, zone_id, name, code, jnereg) VALUES (1284, 118, "Prabumulih Timur", "PLM20708", "44400");
INSERT INTO `oc_city` (city_id, zone_id, name, code, jnereg) VALUES (1285, 118, "Rambang Kapak Tengah", "PLM20707", "44400");
INSERT INTO `oc_country` (country_id, name, iso_code_2, iso_code_3, postcode_required, status) VALUES (8, "Lampung", "ID", "IDN", 1, 1);
INSERT INTO `oc_zone` (zone_id, country_id, name, status) VALUES (119, 8, "Kab. Lampung Barat", 1);
INSERT INTO `oc_city` (city_id, zone_id, name, code, jnereg) VALUES (1286, 119, "Balik Bukit", "TKG20401", "52800");
INSERT INTO `oc_city` (city_id, zone_id, name, code, jnereg) VALUES (1287, 119, "Batu Brak", "TKG20407", "52800");
INSERT INTO `oc_city` (city_id, zone_id, name, code, jnereg) VALUES (1288, 119, "Belalau", "TKG20402", "52800");
INSERT INTO `oc_city` (city_id, zone_id, name, code, jnereg) VALUES (1289, 119, "Bengkunat", "TKG20408", "52800");
INSERT INTO `oc_city` (city_id, zone_id, name, code, jnereg) VALUES (1290, 119, "Karya Penggawa", "TKG20409", "52800");
INSERT INTO `oc_city` (city_id, zone_id, name, code, jnereg) VALUES (1291, 119, "Lemong", "TKG20410", "52800");
INSERT INTO `oc_city` (city_id, zone_id, name, code, jnereg, kgp) VALUES (1292, 119, "Liwa", "TKG20400", "42000", "45000");
INSERT INTO `oc_city` (city_id, zone_id, name, code, jnereg) VALUES (1293, 119, "Pesisir Selatan", "TKG20405", "52800");
INSERT INTO `oc_city` (city_id, zone_id, name, code, jnereg) VALUES (1294, 119, "Pesisir Tengah / Krui", "TKG20404", "42000");
INSERT INTO `oc_city` (city_id, zone_id, name, code, jnereg) VALUES (1295, 119, "Pesisir Utara", "TKG20403", "52800");
INSERT INTO `oc_city` (city_id, zone_id, name, code, jnereg) VALUES (1296, 119, "Sekincau", "TKG20411", "52800");
INSERT INTO `oc_city` (city_id, zone_id, name, code, jnereg) VALUES (1297, 119, "Sukau", "TKG20412", "52800");
INSERT INTO `oc_city` (city_id, zone_id, name, code, jnereg) VALUES (1298, 119, "Sumber Jaya", "TKG20406", "42000");
INSERT INTO `oc_city` (city_id, zone_id, name, code, jnereg) VALUES (1299, 119, "Suoh", "TKG20413", "79200");
INSERT INTO `oc_city` (city_id, zone_id, name, code, jnereg) VALUES (1300, 119, "Way Tenong", "TKG20414", "52800");
INSERT INTO `oc_zone` (zone_id, country_id, name, status) VALUES (120, 8, "Kab. Lampung Selatan", 1);
INSERT INTO `oc_city` (city_id, zone_id, name, code, jnereg, kgp) VALUES (1301, 120, "Bakauheuni", "TKG20115", "42000", "35000");
INSERT INTO `oc_city` (city_id, zone_id, name, code, jnereg) VALUES (1302, 120, "Candipuro", "TKG20105", "52800");
INSERT INTO `oc_city` (city_id, zone_id, name, code, jnereg) VALUES (1303, 120, "Jati Agung", "TKG20106", "52800");
INSERT INTO `oc_city` (city_id, zone_id, name, code, jnereg, kgp) VALUES (1304, 120, "Kalianda", "TKG20100", "42000", "30000");
INSERT INTO `oc_city` (city_id, zone_id, name, code, jnereg) VALUES (1305, 120, "Katibung", "TKG20107", "52800");
INSERT INTO `oc_city` (city_id, zone_id, name, code, jnereg) VALUES (1306, 120, "Ketapang", "TKG20108", "52800");
INSERT INTO `oc_city` (city_id, zone_id, name, code, jnereg) VALUES (1307, 120, "Merbau Mataram", "TKG20109", "52800");
INSERT INTO `oc_city` (city_id, zone_id, name, code, jnereg) VALUES (1308, 120, "Natar", "TKG20103", "52800");
INSERT INTO `oc_city` (city_id, zone_id, name, code, jnereg) VALUES (1309, 120, "Palas", "TKG20101", "52800");
INSERT INTO `oc_city` (city_id, zone_id, name, code, jnereg) VALUES (1310, 120, "Panengahan", "TKG20102", "52800");
INSERT INTO `oc_city` (city_id, zone_id, name, code, jnereg) VALUES (1311, 120, "Rajabasa", "TKG20111", "52800");
INSERT INTO `oc_city` (city_id, zone_id, name, code, jnereg) VALUES (1312, 120, "Sidomulyo", "TKG20112", "52800");
INSERT INTO `oc_city` (city_id, zone_id, name, code, jnereg) VALUES (1313, 120, "Sragi", "TKG20113", "52800");
INSERT INTO `oc_city` (city_id, zone_id, name, code, jnereg) VALUES (1314, 120, "Tanjung Bintang", "TKG20104", "52800");
INSERT INTO `oc_city` (city_id, zone_id, name, code, jnereg) VALUES (1315, 120, "Tanjungsari", "TKG20116", "52800");
INSERT INTO `oc_city` (city_id, zone_id, name, code, jnereg) VALUES (1316, 120, "Way Panji", "TKG20117", "52800");
INSERT INTO `oc_city` (city_id, zone_id, name, code, jnereg) VALUES (1317, 120, "Way Sulan", "TKG20118", "52800");
INSERT INTO `oc_zone` (zone_id, country_id, name, status) VALUES (121, 8, "Kab. Lampung Tengah", 1);
INSERT INTO `oc_city` (city_id, zone_id, name, code, jnereg) VALUES (1318, 121, "Anak Tuha", "TKG20907", "52800");
INSERT INTO `oc_city` (city_id, zone_id, name, code, jnereg) VALUES (1319, 121, "Bandar Jaya", "TKG20927", "52800");
INSERT INTO `oc_city` (city_id, zone_id, name, code, jnereg) VALUES (1320, 121, "Bandar Mataram", "TKG20908", "52800");
INSERT INTO `oc_city` (city_id, zone_id, name, code, jnereg) VALUES (1321, 121, "Bandar Surabaya", "TKG20909", "52800");
INSERT INTO `oc_city` (city_id, zone_id, name, code, jnereg) VALUES (1322, 121, "Bangunrejo", "TKG20910", "52800");
INSERT INTO `oc_city` (city_id, zone_id, name, code, jnereg) VALUES (1323, 121, "Bekri", "TKG20911", "52800");
INSERT INTO `oc_city` (city_id, zone_id, name, code, jnereg) VALUES (1324, 121, "Bumi Nabung", "TKG20912", "52800");
INSERT INTO `oc_city` (city_id, zone_id, name, code, jnereg) VALUES (1325, 121, "Bumi Ratu Nuban", "TKG20913", "52800");
INSERT INTO `oc_city` (city_id, zone_id, name, code, jnereg) VALUES (1326, 121, "Gunung Sugih", "TKG20900", "42000");
INSERT INTO `oc_city` (city_id, zone_id, name, code, jnereg) VALUES (1327, 121, "Kalirejo", "TKG20914", "52800");
INSERT INTO `oc_city` (city_id, zone_id, name, code, jnereg) VALUES (1328, 121, "Kota Gajah", "TKG20915", "52800");
INSERT INTO `oc_city` (city_id, zone_id, name, code, jnereg) VALUES (1329, 121, "Padang Ratu", "TKG20901", "52800");
INSERT INTO `oc_city` (city_id, zone_id, name, code, jnereg) VALUES (1330, 121, "Pubian", "TKG20916", "52800");
INSERT INTO `oc_city` (city_id, zone_id, name, code, jnereg) VALUES (1331, 121, "Punggur", "TKG20917", "52800");
INSERT INTO `oc_city` (city_id, zone_id, name, code, jnereg) VALUES (1332, 121, "Rumbia", "TKG20918", "52800");
INSERT INTO `oc_city` (city_id, zone_id, name, code, jnereg) VALUES (1333, 121, "Selagai Lingga", "TKG20919", "79200");
INSERT INTO `oc_city` (city_id, zone_id, name, code, jnereg) VALUES (1334, 121, "Sendang Agung", "TKG20920", "52800");
INSERT INTO `oc_city` (city_id, zone_id, name, code, jnereg) VALUES (1335, 121, "Seputih Agung", "TKG20921", "52800");
INSERT INTO `oc_city` (city_id, zone_id, name, code, jnereg) VALUES (1336, 121, "Seputih Banyak", "TKG20903", "52800");
INSERT INTO `oc_city` (city_id, zone_id, name, code, jnereg) VALUES (1337, 121, "Seputih Mataram", "TKG20902", "52800");
INSERT INTO `oc_city` (city_id, zone_id, name, code, jnereg) VALUES (1338, 121, "Seputih Raman", "TKG20905", "52800");
INSERT INTO `oc_city` (city_id, zone_id, name, code, jnereg) VALUES (1339, 121, "Seputih Surabaya", "TKG20904", "52800");
INSERT INTO `oc_city` (city_id, zone_id, name, code, jnereg) VALUES (1340, 121, "Terbanggi Besar / Bandar Jaya", "TKG20906", "52800");
INSERT INTO `oc_city` (city_id, zone_id, name, code, jnereg) VALUES (1341, 121, "Terusan Nunyai", "TKG20922", "52800");
INSERT INTO `oc_city` (city_id, zone_id, name, code, jnereg) VALUES (1342, 121, "Trimurjo", "TKG20923", "52800");
INSERT INTO `oc_city` (city_id, zone_id, name, code, jnereg) VALUES (1343, 121, "WAY PANGUBUAN", "TKG20924", "52800");
INSERT INTO `oc_city` (city_id, zone_id, name, code, jnereg) VALUES (1344, 121, "Way Seputih", "TKG20925", "52800");
INSERT INTO `oc_zone` (zone_id, country_id, name, status) VALUES (122, 8, "Kab. Lampung Timur", 1);
INSERT INTO `oc_city` (city_id, zone_id, name, code, jnereg) VALUES (1345, 122, "BANDAR SRIBAWANO", "TKG21009", "52800");
INSERT INTO `oc_city` (city_id, zone_id, name, code, jnereg) VALUES (1346, 122, "BATANG HARI", "TKG21001", "52800");
INSERT INTO `oc_city` (city_id, zone_id, name, code, jnereg) VALUES (1347, 122, "Batanghari Nuban", "TKG21010", "52800");
INSERT INTO `oc_city` (city_id, zone_id, name, code, jnereg) VALUES (1348, 122, "Braja Slebah", "TKG21011", "52800");
INSERT INTO `oc_city` (city_id, zone_id, name, code, jnereg) VALUES (1349, 122, "Bumi Agung", "TKG21012", "52800");
INSERT INTO `oc_city` (city_id, zone_id, name, code, jnereg) VALUES (1350, 122, "Gunung Pelindung", "TKG21013", "52800");
INSERT INTO `oc_city` (city_id, zone_id, name, code, jnereg) VALUES (1351, 122, "Jabung/Gunung balak", "TKG21002", "52800");
INSERT INTO `oc_city` (city_id, zone_id, name, code, jnereg) VALUES (1352, 122, "Labuhan Maringgai", "TKG21003", "52800");
INSERT INTO `oc_city` (city_id, zone_id, name, code, jnereg) VALUES (1353, 122, "Labuhan Ratu", "TKG21014", "52800");
INSERT INTO `oc_city` (city_id, zone_id, name, code, jnereg) VALUES (1354, 122, "Margatiga", "TKG21015", "52800");
INSERT INTO `oc_city` (city_id, zone_id, name, code, jnereg) VALUES (1355, 122, "Mataram Baru", "TKG21016", "52800");
INSERT INTO `oc_city` (city_id, zone_id, name, code, jnereg) VALUES (1356, 122, "Melinting", "TKG21017", "52800");
INSERT INTO `oc_city` (city_id, zone_id, name, code, jnereg) VALUES (1357, 122, "Metro Kibang", "TKG21018", "52800");
INSERT INTO `oc_city` (city_id, zone_id, name, code, jnereg) VALUES (1358, 122, "Pasir Sakti", "TKG21019", "52800");
INSERT INTO `oc_city` (city_id, zone_id, name, code, jnereg) VALUES (1359, 122, "Pekalongan", "TKG21004", "52800");
INSERT INTO `oc_city` (city_id, zone_id, name, code, jnereg) VALUES (1360, 122, "Purbolinggo", "TKG21005", "52800");
INSERT INTO `oc_city` (city_id, zone_id, name, code, jnereg) VALUES (1361, 122, "Raman Utara", "TKG21006", "52800");
INSERT INTO `oc_city` (city_id, zone_id, name, code, jnereg) VALUES (1362, 122, "Sekampung", "TKG21007", "52800");
INSERT INTO `oc_city` (city_id, zone_id, name, code, jnereg) VALUES (1363, 122, "Sekampung Udik", "TKG21020", "52800");
INSERT INTO `oc_city` (city_id, zone_id, name, code, jnereg, kgp) VALUES (1364, 122, "Sukadana", "TKG21000", "42000", "32000");
INSERT INTO `oc_city` (city_id, zone_id, name, code, jnereg) VALUES (1365, 122, "Waway Karya", "TKG21021", "52800");
INSERT INTO `oc_city` (city_id, zone_id, name, code, jnereg) VALUES (1366, 122, "Way Bungur", "TKG21022", "52800");
INSERT INTO `oc_city` (city_id, zone_id, name, code, jnereg) VALUES (1367, 122, "Way Jepara", "TKG21008", "52800");
INSERT INTO `oc_zone` (zone_id, country_id, name, status) VALUES (123, 8, "Kab. Lampung Utara", 1);
INSERT INTO `oc_city` (city_id, zone_id, name, code, jnereg) VALUES (1368, 123, "Abung Barat", "TKG20201", "52800");
INSERT INTO `oc_city` (city_id, zone_id, name, code, jnereg) VALUES (1369, 123, "Abung Selatan", "TKG20202", "52800");
INSERT INTO `oc_city` (city_id, zone_id, name, code, jnereg) VALUES (1370, 123, "Abung Semuli", "TKG20224", "52800");
INSERT INTO `oc_city` (city_id, zone_id, name, code, jnereg) VALUES (1371, 123, "Abung Surakarta", "TKG20225", "52800");
INSERT INTO `oc_city` (city_id, zone_id, name, code, jnereg) VALUES (1372, 123, "Abung Tengah", "TKG20226", "52800");
INSERT INTO `oc_city` (city_id, zone_id, name, code, jnereg) VALUES (1373, 123, "Abung Timur", "TKG20203", "52800");
INSERT INTO `oc_city` (city_id, zone_id, name, code, jnereg) VALUES (1374, 123, "Abung Tinggi", "TKG20228", "52800");
INSERT INTO `oc_city` (city_id, zone_id, name, code, jnereg, kgp) VALUES (1375, 123, "Bukit Kemuning", "TKG20210", "42000", "33000");
INSERT INTO `oc_city` (city_id, zone_id, name, code, jnereg) VALUES (1376, 123, "Bunga Mayang", "TKG20229", "52800");
INSERT INTO `oc_city` (city_id, zone_id, name, code, jnereg, kgp) VALUES (1377, 123, "Kotabumi", "TKG20200", "42000", "35000");
INSERT INTO `oc_city` (city_id, zone_id, name, code, jnereg) VALUES (1378, 123, "Kotabumi Selatan", "TKG20230", "52800");
INSERT INTO `oc_city` (city_id, zone_id, name, code, jnereg) VALUES (1379, 123, "Kotabumi Utara", "TKG20231", "52800");
INSERT INTO `oc_city` (city_id, zone_id, name, code, jnereg) VALUES (1380, 123, "Muara Sungkai", "TKG20232", "52800");
INSERT INTO `oc_city` (city_id, zone_id, name, code, jnereg) VALUES (1381, 123, "Sungkai Selatan", "TKG20219", "52800");
INSERT INTO `oc_city` (city_id, zone_id, name, code, jnereg) VALUES (1382, 123, "Sungkai Utara", "TKG20220", "52800");
INSERT INTO `oc_city` (city_id, zone_id, name, code, jnereg) VALUES (1383, 123, "Tanjung Raja", "TKG20221", "52800");
INSERT INTO `oc_zone` (zone_id, country_id, name, status) VALUES (124, 8, "Kab. Pesawaran", 1);
INSERT INTO `oc_city` (city_id, zone_id, name, code, jnereg) VALUES (1384, 124, "Gedong Tataan", "TKG21400", "42000");
INSERT INTO `oc_city` (city_id, zone_id, name, code, jnereg) VALUES (1385, 124, "Kedondong", "TKG21401", "52800");
INSERT INTO `oc_city` (city_id, zone_id, name, code, jnereg) VALUES (1386, 124, "Negeri Katon", "TKG21403", "52800");
INSERT INTO `oc_city` (city_id, zone_id, name, code, jnereg) VALUES (1387, 124, "Padang Cermin", "TKG21402", "52800");
INSERT INTO `oc_city` (city_id, zone_id, name, code, jnereg) VALUES (1388, 124, "Pundung Pidada", "TKG21404", "52800");
INSERT INTO `oc_city` (city_id, zone_id, name, code, jnereg) VALUES (1389, 124, "Tegineneng", "TKG21405", "52800");
INSERT INTO `oc_city` (city_id, zone_id, name, code, jnereg) VALUES (1390, 124, "Way Lima", "TKG21406", "52800");
INSERT INTO `oc_zone` (zone_id, country_id, name, status) VALUES (125, 8, "Kab. Tanggamus", 1);
INSERT INTO `oc_city` (city_id, zone_id, name, code, jnereg) VALUES (1391, 125, "Adi Luwih", "TKG21308", "52800");
INSERT INTO `oc_city` (city_id, zone_id, name, code, jnereg) VALUES (1392, 125, "Cukup Balak", "TKG21309", "52800");
INSERT INTO `oc_city` (city_id, zone_id, name, code, jnereg) VALUES (1393, 125, "Gading Rejo", "TKG21301", "52800");
INSERT INTO `oc_city` (city_id, zone_id, name, code, jnereg) VALUES (1394, 125, "Kelumbayan", "TKG21310", "52800");
INSERT INTO `oc_city` (city_id, zone_id, name, code, jnereg, kgp) VALUES (1395, 125, "Kota Agung", "TKG21300", "42000", "35000");
INSERT INTO `oc_city` (city_id, zone_id, name, code, jnereg) VALUES (1396, 125, "Pagelaran", "TKG21302", "52800");
INSERT INTO `oc_city` (city_id, zone_id, name, code, jnereg) VALUES (1397, 125, "Pardasuka", "TKG21311", "52800");
INSERT INTO `oc_city` (city_id, zone_id, name, code, jnereg) VALUES (1398, 125, "Pematang Sawa", "TKG21312", "52800");
INSERT INTO `oc_city` (city_id, zone_id, name, code, jnereg, kgp) VALUES (1399, 125, "Pringsewu", "TKG21303", "42000", "30000");
INSERT INTO `oc_city` (city_id, zone_id, name, code, jnereg) VALUES (1400, 125, "Pugung", "TKG21313", "52800");
INSERT INTO `oc_city` (city_id, zone_id, name, code, jnereg) VALUES (1401, 125, "Pulau Panggung", "TKG21304", "52800");
INSERT INTO `oc_city` (city_id, zone_id, name, code, jnereg) VALUES (1402, 125, "Semaka", "TKG21314", "52800");
INSERT INTO `oc_city` (city_id, zone_id, name, code, jnereg) VALUES (1403, 125, "Sukoharjo", "TKG21305", "52800");
INSERT INTO `oc_city` (city_id, zone_id, name, code, jnereg) VALUES (1404, 125, "Sumberejo", "TKG21315", "52800");
INSERT INTO `oc_city` (city_id, zone_id, name, code, jnereg, kgp) VALUES (1405, 125, "Talang Padang", "TKG21306", "42000", "32000");
INSERT INTO `oc_city` (city_id, zone_id, name, code, jnereg) VALUES (1406, 125, "Ulubelu", "TKG21316", "52800");
INSERT INTO `oc_city` (city_id, zone_id, name, code, jnereg) VALUES (1407, 125, "Wonosobo", "TKG21307", "52800");
INSERT INTO `oc_zone` (zone_id, country_id, name, status) VALUES (126, 8, "Kab. Tulang Bawang", 1);
INSERT INTO `oc_city` (city_id, zone_id, name, code, jnereg) VALUES (1408, 126, "Banjar Agung", "TKG21204", "52800");
INSERT INTO `oc_city` (city_id, zone_id, name, code, jnereg) VALUES (1409, 126, "Gedung Aji", "TKG21205", "52800");
INSERT INTO `oc_city` (city_id, zone_id, name, code, jnereg) VALUES (1410, 126, "Gedung Meneng", "TKG21206", "52800");
INSERT INTO `oc_city` (city_id, zone_id, name, code, jnereg) VALUES (1411, 126, "Gunung Terang", "TKG21207", "52800");
INSERT INTO `oc_city` (city_id, zone_id, name, code, jnereg) VALUES (1412, 126, "Lambu Kibang", "TKG21208", "52800");
INSERT INTO `oc_city` (city_id, zone_id, name, code, jnereg, kgp) VALUES (1413, 126, "Menggala", "TKG21200", "42000", "35000");
INSERT INTO `oc_city` (city_id, zone_id, name, code, jnereg) VALUES (1414, 126, "Mesuji", "TKG21201", "52800");
INSERT INTO `oc_city` (city_id, zone_id, name, code, jnereg) VALUES (1415, 126, "Penawar Tama", "TKG21209", "52800");
INSERT INTO `oc_city` (city_id, zone_id, name, code, jnereg) VALUES (1416, 126, "Rawajitu Selatan", "TKG21210", "79200");
INSERT INTO `oc_city` (city_id, zone_id, name, code, jnereg) VALUES (1417, 126, "Rawajitu Utara", "TKG21211", "79200");
INSERT INTO `oc_city` (city_id, zone_id, name, code, jnereg) VALUES (1418, 126, "Simpang Pematang", "TKG21212", "52800");
INSERT INTO `oc_city` (city_id, zone_id, name, code, jnereg) VALUES (1419, 126, "Tanjung Raya", "TKG21213", "52800");
INSERT INTO `oc_city` (city_id, zone_id, name, code, jnereg) VALUES (1420, 126, "Tulang Bawang Tengah", "TKG21202", "52800");
INSERT INTO `oc_city` (city_id, zone_id, name, code, jnereg) VALUES (1421, 126, "Tulang Bawang Udik", "TKG21203", "52800");
INSERT INTO `oc_city` (city_id, zone_id, name, code, jnereg) VALUES (1422, 126, "Tumi Jajar", "TKG21214", "52800");
INSERT INTO `oc_city` (city_id, zone_id, name, code, jnereg) VALUES (1423, 126, "Way Serdang", "TKG21215", "52800");
INSERT INTO `oc_zone` (zone_id, country_id, name, status) VALUES (127, 8, "Kab. Way Kanan", 1);
INSERT INTO `oc_city` (city_id, zone_id, name, code, jnereg) VALUES (1424, 127, "Bahuga", "TKG21101", "52800");
INSERT INTO `oc_city` (city_id, zone_id, name, code, jnereg) VALUES (1425, 127, "Banjit/Banjid", "TKG21104", "52800");
INSERT INTO `oc_city` (city_id, zone_id, name, code, jnereg) VALUES (1426, 127, "Baradatu", "TKG21102", "52800");
INSERT INTO `oc_city` (city_id, zone_id, name, code, jnereg, kgp) VALUES (1427, 127, "Blambangan umpu", "TKG21100", "42000", "33000");
INSERT INTO `oc_city` (city_id, zone_id, name, code, jnereg) VALUES (1428, 127, "Gunung Labuhan", "TKG21106", "52800");
INSERT INTO `oc_city` (city_id, zone_id, name, code, jnereg) VALUES (1429, 127, "Kasui", "TKG21103", "52800");
INSERT INTO `oc_city` (city_id, zone_id, name, code, jnereg) VALUES (1430, 127, "Negeri Agung", "TKG21108", "79200");
INSERT INTO `oc_city` (city_id, zone_id, name, code, jnereg) VALUES (1431, 127, "Negeri Batin", "TKG21107", "52800");
INSERT INTO `oc_city` (city_id, zone_id, name, code, jnereg) VALUES (1432, 127, "Negeri Besar", "TKG21109", "79200");
INSERT INTO `oc_city` (city_id, zone_id, name, code, jnereg) VALUES (1433, 127, "Pakuan Ratu", "TKG21110", "52800");
INSERT INTO `oc_city` (city_id, zone_id, name, code, jnereg) VALUES (1434, 127, "Rebang Tangkas", "TKG21111", "52800");
INSERT INTO `oc_city` (city_id, zone_id, name, code, jnereg) VALUES (1435, 127, "Way Tuba", "TKG21112", "52800");
INSERT INTO `oc_zone` (zone_id, country_id, name, status) VALUES (128, 8, "Kota Bandar Lampung", 1);
INSERT INTO `oc_city` (city_id, zone_id, name, code, jnereg, kgp) VALUES (1436, 128, "Bandar Lampung", "TKG10000", "28800", "25000");
INSERT INTO `oc_city` (city_id, zone_id, name, code, jnereg) VALUES (1437, 128, "Kedaton", "TKG10032", "28800");
INSERT INTO `oc_city` (city_id, zone_id, name, code, jnereg) VALUES (1438, 128, "Kemiling", "TKG10033", "28800");
INSERT INTO `oc_city` (city_id, zone_id, name, code, jnereg) VALUES (1439, 128, "Panjang", "TKG10034", "28800");
INSERT INTO `oc_city` (city_id, zone_id, name, code, jnereg) VALUES (1440, 128, "Rajabasa", "TKG10035", "28800");
INSERT INTO `oc_city` (city_id, zone_id, name, code, jnereg) VALUES (1441, 128, "Sukabumi", "TKG10036", "28800");
INSERT INTO `oc_city` (city_id, zone_id, name, code, jnereg) VALUES (1442, 128, "Sukarame", "TKG10037", "28800");
INSERT INTO `oc_city` (city_id, zone_id, name, code, jnereg) VALUES (1443, 128, "Tanjung Karang Barat", "TKG10038", "28800");
INSERT INTO `oc_city` (city_id, zone_id, name, code, jnereg) VALUES (1444, 128, "Tanjung Karang Pusat", "TKG10039", "28800");
INSERT INTO `oc_city` (city_id, zone_id, name, code, jnereg) VALUES (1445, 128, "Tanjung Karang Timur", "TKG10040", "28800");
INSERT INTO `oc_city` (city_id, zone_id, name, code, jnereg) VALUES (1446, 128, "Tanjung Senang", "TKG10041", "28800");
INSERT INTO `oc_city` (city_id, zone_id, name, code, jnereg) VALUES (1447, 128, "Teluk Betung Barat", "TKG10042", "28800");
INSERT INTO `oc_city` (city_id, zone_id, name, code, jnereg) VALUES (1448, 128, "Teluk Betung Selatan", "TKG10043", "28800");
INSERT INTO `oc_city` (city_id, zone_id, name, code, jnereg) VALUES (1449, 128, "Teluk Betung Utara", "TKG10044", "28800");
INSERT INTO `oc_zone` (zone_id, country_id, name, status) VALUES (129, 8, "Kota Metro", 1);
INSERT INTO `oc_city` (city_id, zone_id, name, code, jnereg, kgp) VALUES (1450, 129, "Metro", "TKG20300", "42000", "30000");
INSERT INTO `oc_city` (city_id, zone_id, name, code, jnereg) VALUES (1451, 129, "Metro Barat", "TKG20355", "42000");
INSERT INTO `oc_city` (city_id, zone_id, name, code, jnereg) VALUES (1452, 129, "Metro Pusat", "TKG20356", "42000");
INSERT INTO `oc_city` (city_id, zone_id, name, code, jnereg) VALUES (1453, 129, "Metro Selatan", "TKG20357", "42000");
INSERT INTO `oc_city` (city_id, zone_id, name, code, jnereg) VALUES (1454, 129, "Metro Timur", "TKG20358", "42000");
INSERT INTO `oc_city` (city_id, zone_id, name, code, jnereg) VALUES (1455, 129, "Metro Utara", "TKG20359", "42000");
INSERT INTO `oc_country` (country_id, name, iso_code_2, iso_code_3, postcode_required, status) VALUES (9, "Bangka Belitung", "ID", "IDN", 1, 1);
INSERT INTO `oc_zone` (zone_id, country_id, name, status) VALUES (130, 9, "Kab. Bangka", 1);
INSERT INTO `oc_city` (city_id, zone_id, name, code, jnereg) VALUES (1456, 130, "Bakam", "PGK10203", "54000");
INSERT INTO `oc_city` (city_id, zone_id, name, code, jnereg) VALUES (1457, 130, "Belinyu", "PGK10201", "43200");
INSERT INTO `oc_city` (city_id, zone_id, name, code, jnereg) VALUES (1458, 130, "Mendo Barat", "PGK10205", "54000");
INSERT INTO `oc_city` (city_id, zone_id, name, code, jnereg) VALUES (1459, 130, "Merawang", "PGK10206", "54000");
INSERT INTO `oc_city` (city_id, zone_id, name, code, jnereg) VALUES (1460, 130, "Pemali", "PGK10204", "54000");
INSERT INTO `oc_city` (city_id, zone_id, name, code, jnereg) VALUES (1461, 130, "Puding Besar", "PGK10207", "54000");
INSERT INTO `oc_city` (city_id, zone_id, name, code, jnereg) VALUES (1462, 130, "Riau Silip", "PGK10202", "54000");
INSERT INTO `oc_city` (city_id, zone_id, name, code, jnereg, kgp) VALUES (1463, 130, "Sungai liat", "PGK10200", "43200", "38000");
INSERT INTO `oc_zone` (zone_id, country_id, name, status) VALUES (131, 9, "Kab. Bangka Barat", 1);
INSERT INTO `oc_city` (city_id, zone_id, name, code, jnereg) VALUES (1464, 131, "Jebus", "PGK10304", "43200");
INSERT INTO `oc_city` (city_id, zone_id, name, code, jnereg) VALUES (1465, 131, "Kelapa", "PGK10300", "43200");
INSERT INTO `oc_city` (city_id, zone_id, name, code, jnereg) VALUES (1466, 131, "Mentok", "PGK10301", "43200");
INSERT INTO `oc_city` (city_id, zone_id, name, code, jnereg) VALUES (1467, 131, "Simpang Teritip", "PGK10303", "54000");
INSERT INTO `oc_city` (city_id, zone_id, name, code, jnereg) VALUES (1468, 131, "Tempilang", "PGK10302", "54000");
INSERT INTO `oc_zone` (zone_id, country_id, name, status) VALUES (132, 9, "Kab. Bangka Selatan", 1);
INSERT INTO `oc_city` (city_id, zone_id, name, code, jnereg) VALUES (1469, 132, "Air Gegas", "PGK10503", "54000");
INSERT INTO `oc_city` (city_id, zone_id, name, code, jnereg) VALUES (1470, 132, "Lepar Pongok", "PGK10501", "54000");
INSERT INTO `oc_city` (city_id, zone_id, name, code, jnereg) VALUES (1471, 132, "Payung", "PGK10502", "54000");
INSERT INTO `oc_city` (city_id, zone_id, name, code, jnereg) VALUES (1472, 132, "Simpang Rima", "PGK10504", "54000");
INSERT INTO `oc_city` (city_id, zone_id, name, code, jnereg, kgp) VALUES (1473, 132, "Toboali", "PGK10500", "43200", "36000");
INSERT INTO `oc_zone` (zone_id, country_id, name, status) VALUES (133, 9, "Kab. Bangka Tengah", 1);
INSERT INTO `oc_city` (city_id, zone_id, name, code, jnereg, kgp) VALUES (1474, 133, "Koba", "PGK10400", "43200", "38000");
INSERT INTO `oc_city` (city_id, zone_id, name, code, jnereg) VALUES (1475, 133, "Pangkalan Banteng", "PGK10403", "54000");
INSERT INTO `oc_city` (city_id, zone_id, name, code, jnereg) VALUES (1476, 133, "Simpang Katis", "PGK10402", "54000");
INSERT INTO `oc_city` (city_id, zone_id, name, code, jnereg) VALUES (1477, 133, "Sungai Selan", "PGK10401", "54000");
INSERT INTO `oc_zone` (zone_id, country_id, name, status) VALUES (134, 9, "Kab. Belitung", 1);
INSERT INTO `oc_city` (city_id, zone_id, name, code, jnereg) VALUES (1478, 134, "Badau", "TJQ10008", "66000");
INSERT INTO `oc_city` (city_id, zone_id, name, code, jnereg) VALUES (1479, 134, "Membalong", "TJQ10005", "66000");
INSERT INTO `oc_city` (city_id, zone_id, name, code, jnereg) VALUES (1480, 134, "Selat Nasik", "TJQ10006", "66000");
INSERT INTO `oc_city` (city_id, zone_id, name, code, jnereg) VALUES (1481, 134, "Sijuk", "TJQ10009", "66000");
INSERT INTO `oc_city` (city_id, zone_id, name, code, jnereg, kgp) VALUES (1482, 134, "Tanjung Pandan", "TJQ10000", "48000", "35000");
INSERT INTO `oc_zone` (zone_id, country_id, name, status) VALUES (135, 9, "Kab. Belitung Timur", 1);
INSERT INTO `oc_city` (city_id, zone_id, name, code, jnereg) VALUES (1483, 135, "Dendang", "TJQ10101", "66000");
INSERT INTO `oc_city` (city_id, zone_id, name, code, jnereg) VALUES (1484, 135, "Gantung", "TJQ10102", "66000");
INSERT INTO `oc_city` (city_id, zone_id, name, code, jnereg) VALUES (1485, 135, "Kelapa Kampit", "TJQ10103", "66000");
INSERT INTO `oc_city` (city_id, zone_id, name, code, jnereg) VALUES (1486, 135, "Manggar", "TJQ10100", "52800");
INSERT INTO `oc_zone` (zone_id, country_id, name, status) VALUES (136, 9, "Kota Pangkal Pinang", 1);
INSERT INTO `oc_city` (city_id, zone_id, name, code, jnereg) VALUES (1487, 136, "Bukit Intan", "PGK10015", "30000");
INSERT INTO `oc_city` (city_id, zone_id, name, code, jnereg) VALUES (1488, 136, "Gerunggang", "PGK10017", "30000");
INSERT INTO `oc_city` (city_id, zone_id, name, code, jnereg) VALUES (1489, 136, "Pangkal Balam", "PGK10016", "30000");
INSERT INTO `oc_city` (city_id, zone_id, name, code, jnereg, kgp) VALUES (1490, 136, "Pangkal Pinang", "PGK10000", "30000", "33000");
INSERT INTO `oc_city` (city_id, zone_id, name, code, jnereg) VALUES (1491, 136, "Rangkui", "PGK10014", "30000");
INSERT INTO `oc_country` (country_id, name, iso_code_2, iso_code_3, postcode_required, status) VALUES (10, "Kepulauan Riau", "ID", "IDN", 1, 1);
INSERT INTO `oc_zone` (zone_id, country_id, name, status) VALUES (137, 10, "Kab. Bintan", 1);
INSERT INTO `oc_city` (city_id, zone_id, name, code, jnereg) VALUES (1492, 137, "Bandar Sri Bintan", "TNJ10100", "75600");
INSERT INTO `oc_city` (city_id, zone_id, name, code, jnereg) VALUES (1493, 137, "Bintan Timur", "TNJ10101", "75600");
INSERT INTO `oc_city` (city_id, zone_id, name, code, jnereg) VALUES (1494, 137, "Gunung Kijang", "TNJ10103", "75600");
INSERT INTO `oc_city` (city_id, zone_id, name, code, jnereg) VALUES (1495, 137, "Lagoi", "TNJ10107", "75600");
INSERT INTO `oc_city` (city_id, zone_id, name, code, jnereg) VALUES (1496, 137, "Tambelan", "TNJ10104", "75600");
INSERT INTO `oc_city` (city_id, zone_id, name, code, jnereg, kgp) VALUES (1497, 137, "Tanjung Uban/Bintan Utara", "TNJ10102", "60000", "41000");
INSERT INTO `oc_city` (city_id, zone_id, name, code, jnereg) VALUES (1498, 137, "Teluk Bintan", "TNJ10105", "75600");
INSERT INTO `oc_city` (city_id, zone_id, name, code, jnereg) VALUES (1499, 137, "Teluk Sebong", "TNJ10106", "75600");
INSERT INTO `oc_zone` (zone_id, country_id, name, status) VALUES (138, 10, "Kab. Karimun", 1);
INSERT INTO `oc_city` (city_id, zone_id, name, code, jnereg) VALUES (1500, 138, "Buru", "BTH10401", "117600");
INSERT INTO `oc_city` (city_id, zone_id, name, code, jnereg) VALUES (1501, 138, "Karimun", "BTH10402", "78000");
INSERT INTO `oc_city` (city_id, zone_id, name, code, jnereg) VALUES (1502, 138, "Kundur", "BTH10403", "62400");
INSERT INTO `oc_city` (city_id, zone_id, name, code, jnereg) VALUES (1503, 138, "Kundur Barat", "BTH10404", "78000");
INSERT INTO `oc_city` (city_id, zone_id, name, code, jnereg) VALUES (1504, 138, "Kundur Utara", "BTH10405", "78000");
INSERT INTO `oc_city` (city_id, zone_id, name, code, jnereg) VALUES (1505, 138, "Meral", "BTH10406", "78000");
INSERT INTO `oc_city` (city_id, zone_id, name, code, jnereg) VALUES (1506, 138, "Moro", "BTH10407", "117600");
INSERT INTO `oc_city` (city_id, zone_id, name, code, jnereg, kgp) VALUES (1507, 138, "Tanjung Balai Karimun", "BTH10400", "62400", "44500");
INSERT INTO `oc_city` (city_id, zone_id, name, code, jnereg) VALUES (1508, 138, "Tanjung Batu", "BTH10409", "78000");
INSERT INTO `oc_city` (city_id, zone_id, name, code, jnereg) VALUES (1509, 138, "Tebing", "BTH10408", "78000");
INSERT INTO `oc_zone` (zone_id, country_id, name, status) VALUES (139, 10, "Kab. Lingga", 1);
INSERT INTO `oc_city` (city_id, zone_id, name, code, jnereg, kgp) VALUES (1510, 139, "Daik", "BTH10200", "62400", "41000");
INSERT INTO `oc_city` (city_id, zone_id, name, code, jnereg, kgp) VALUES (1511, 139, "Lingga", "BTH10201", "62400", "41000");
INSERT INTO `oc_city` (city_id, zone_id, name, code, jnereg) VALUES (1512, 139, "Lingga Utara", "BTH10202", "117600");
INSERT INTO `oc_city` (city_id, zone_id, name, code, jnereg, kgp) VALUES (1513, 139, "Senayang", "BTH10203", "117600", "42000");
INSERT INTO `oc_city` (city_id, zone_id, name, code, jnereg) VALUES (1514, 139, "Singkep", "BTH10204", "62400");
INSERT INTO `oc_city` (city_id, zone_id, name, code, jnereg) VALUES (1515, 139, "Singkep Barat", "BTH10205", "117600");
INSERT INTO `oc_zone` (zone_id, country_id, name, status) VALUES (140, 10, "Kab. Natuna", 1);
INSERT INTO `oc_city` (city_id, zone_id, name, code, jnereg) VALUES (1516, 140, "Bunguran Barat", "BTH10301", "117600");
INSERT INTO `oc_city` (city_id, zone_id, name, code, jnereg) VALUES (1517, 140, "Bunguran Tengah", "BTH10304", "117600");
INSERT INTO `oc_city` (city_id, zone_id, name, code, jnereg) VALUES (1518, 140, "Bunguran Timur", "BTH10302", "117600");
INSERT INTO `oc_city` (city_id, zone_id, name, code, jnereg) VALUES (1519, 140, "Bunguran Timur Laut", "BTH10303", "117600");
INSERT INTO `oc_city` (city_id, zone_id, name, code, jnereg) VALUES (1520, 140, "Bunguran Utara", "BTH10305", "117600");
INSERT INTO `oc_city` (city_id, zone_id, name, code, jnereg) VALUES (1521, 140, "Jemaja", "BTH10306", "117600");
INSERT INTO `oc_city` (city_id, zone_id, name, code, jnereg) VALUES (1522, 140, "Jemaja Timur", "BTH10307", "117600");
INSERT INTO `oc_city` (city_id, zone_id, name, code, jnereg) VALUES (1523, 140, "Midai", "BTH10308", "117600");
INSERT INTO `oc_city` (city_id, zone_id, name, code, jnereg) VALUES (1524, 140, "Pal Matak", "BTH10309", "117600");
INSERT INTO `oc_city` (city_id, zone_id, name, code, jnereg) VALUES (1525, 140, "Pulau Laut", "BTH10315", "117600");
INSERT INTO `oc_city` (city_id, zone_id, name, code, jnereg) VALUES (1526, 140, "Pulau Tiga", "BTH10316", "117600");
INSERT INTO `oc_city` (city_id, zone_id, name, code, jnereg) VALUES (1527, 140, "Ranai", "BTH10300", "78000");
INSERT INTO `oc_city` (city_id, zone_id, name, code, jnereg) VALUES (1528, 140, "Serasan", "BTH10310", "117600");
INSERT INTO `oc_city` (city_id, zone_id, name, code, jnereg) VALUES (1529, 140, "Siantan", "BTH10311", "117600");
INSERT INTO `oc_city` (city_id, zone_id, name, code, jnereg) VALUES (1530, 140, "Siantan Selatan", "BTH10312", "117600");
INSERT INTO `oc_city` (city_id, zone_id, name, code, jnereg) VALUES (1531, 140, "Siantan Timur", "BTH10313", "117600");
INSERT INTO `oc_city` (city_id, zone_id, name, code, jnereg) VALUES (1532, 140, "Subi", "BTH10314", "117600");
INSERT INTO `oc_zone` (zone_id, country_id, name, status) VALUES (141, 10, "Kota Batam", 1);
INSERT INTO `oc_city` (city_id, zone_id, name, code, jnereg, kgp) VALUES (1533, 141, "Batam", "BTH10000", "30000", "33000");
INSERT INTO `oc_city` (city_id, zone_id, name, code, jnereg) VALUES (1534, 141, "Batu Ampar", "BTH10080", "30000");
INSERT INTO `oc_city` (city_id, zone_id, name, code, jnereg) VALUES (1535, 141, "Belakang Padang", "BTH10081", "78000");
INSERT INTO `oc_city` (city_id, zone_id, name, code, jnereg) VALUES (1536, 141, "Bulang Galang", "BTH10082", "30000");
INSERT INTO `oc_city` (city_id, zone_id, name, code, jnereg) VALUES (1537, 141, "Galang", "BTH10083", "30000");
INSERT INTO `oc_city` (city_id, zone_id, name, code, jnereg) VALUES (1538, 141, "Lubuk Baja", "BTH10084", "30000");
INSERT INTO `oc_city` (city_id, zone_id, name, code, jnereg) VALUES (1539, 141, "Nongsa/ Kabil/ Lagoi", "BTH10052", "30000");
INSERT INTO `oc_city` (city_id, zone_id, name, code, jnereg) VALUES (1540, 141, "Sei Beduk", "BTH10085", "30000");
INSERT INTO `oc_city` (city_id, zone_id, name, code, jnereg) VALUES (1541, 141, "Sekupang/ Tanjung Ucang", "BTH10054", "30000");
INSERT INTO `oc_zone` (zone_id, country_id, name, status) VALUES (142, 10, "Kota Tanjung Pinang", 1);
INSERT INTO `oc_city` (city_id, zone_id, name, code, jnereg) VALUES (1542, 142, "Bukit Bestari", "TNJ10016", "42000");
INSERT INTO `oc_city` (city_id, zone_id, name, code, jnereg) VALUES (1543, 142, "Dompak", "TNJ10021", "75600");
INSERT INTO `oc_city` (city_id, zone_id, name, code, jnereg) VALUES (1544, 142, "Pulau Penyengat", "TNJ10023", "75600");
INSERT INTO `oc_city` (city_id, zone_id, name, code, jnereg) VALUES (1545, 142, "Senggarang", "TNJ10020", "75600");
INSERT INTO `oc_city` (city_id, zone_id, name, code, jnereg, kgp) VALUES (1546, 142, "Tanjung Pinang", "TNJ10000", "42000", "34500");
INSERT INTO `oc_city` (city_id, zone_id, name, code, jnereg) VALUES (1547, 142, "Tanjung Pinang Barat", "TNJ10017", "42000");
INSERT INTO `oc_city` (city_id, zone_id, name, code, jnereg) VALUES (1548, 142, "Tanjung Pinang Kota", "TNJ10018", "42000");
INSERT INTO `oc_city` (city_id, zone_id, name, code, jnereg) VALUES (1549, 142, "Tanjung Pinang Timur", "TNJ10019", "42000");
INSERT INTO `oc_country` (country_id, name, iso_code_2, iso_code_3, postcode_required, status) VALUES (11, "Banten", "ID", "IDN", 1, 1);
INSERT INTO `oc_zone` (zone_id, country_id, name, status) VALUES (143, 11, "Kab. Lebak", 1);
INSERT INTO `oc_city` (city_id, zone_id, name, code, jnereg) VALUES (1550, 143, "Banjarsari", "CLG20201", "30000");
INSERT INTO `oc_city` (city_id, zone_id, name, code, jnereg) VALUES (1551, 143, "Bayah", "CLG20202", "30000");
INSERT INTO `oc_city` (city_id, zone_id, name, code, jnereg) VALUES (1552, 143, "Bojongmanik", "CLG20203", "30000");
INSERT INTO `oc_city` (city_id, zone_id, name, code, jnereg) VALUES (1553, 143, "Cibadak", "CLG20204", "30000");
INSERT INTO `oc_city` (city_id, zone_id, name, code, jnereg) VALUES (1554, 143, "Cibeber", "CLG20205", "30000");
INSERT INTO `oc_city` (city_id, zone_id, name, code, jnereg) VALUES (1555, 143, "Cijaku", "CLG20206", "30000");
INSERT INTO `oc_city` (city_id, zone_id, name, code, jnereg) VALUES (1556, 143, "Cikulur", "CLG20207", "30000");
INSERT INTO `oc_city` (city_id, zone_id, name, code, jnereg) VALUES (1557, 143, "Cileles", "CLG20208", "30000");
INSERT INTO `oc_city` (city_id, zone_id, name, code, jnereg) VALUES (1558, 143, "Cimarga", "CLG20209", "30000");
INSERT INTO `oc_city` (city_id, zone_id, name, code, jnereg) VALUES (1559, 143, "Cipanas", "CLG20210", "30000");
INSERT INTO `oc_city` (city_id, zone_id, name, code, jnereg) VALUES (1560, 143, "Curugbitung", "CLG20221", "30000");
INSERT INTO `oc_city` (city_id, zone_id, name, code, jnereg) VALUES (1561, 143, "Gunungkencana", "CLG20211", "30000");
INSERT INTO `oc_city` (city_id, zone_id, name, code, jnereg) VALUES (1562, 143, "Leuwidamar", "CLG20212", "30000");
INSERT INTO `oc_city` (city_id, zone_id, name, code, jnereg) VALUES (1563, 143, "Maja", "CLG20213", "30000");
INSERT INTO `oc_city` (city_id, zone_id, name, code, jnereg) VALUES (1564, 143, "Malingping", "CLG20214", "30000");
INSERT INTO `oc_city` (city_id, zone_id, name, code, jnereg) VALUES (1565, 143, "Muncang", "CLG20215", "30000");
INSERT INTO `oc_city` (city_id, zone_id, name, code, jnereg) VALUES (1566, 143, "Panggarangan", "CLG20216", "30000");
INSERT INTO `oc_city` (city_id, zone_id, name, code, jnereg) VALUES (1567, 143, "Rangkasbitung", "CLG20200", "24000");
INSERT INTO `oc_city` (city_id, zone_id, name, code, jnereg) VALUES (1568, 143, "Sajira", "CLG20217", "30000");
INSERT INTO `oc_city` (city_id, zone_id, name, code, jnereg) VALUES (1569, 143, "Sobang", "CLG20223", "30000");
INSERT INTO `oc_city` (city_id, zone_id, name, code, jnereg) VALUES (1570, 143, "Wanasalam", "CLG20218", "30000");
INSERT INTO `oc_city` (city_id, zone_id, name, code, jnereg) VALUES (1571, 143, "Warunggunung", "CLG20219", "30000");
INSERT INTO `oc_zone` (zone_id, country_id, name, status) VALUES (144, 11, "Kab. Pandeglang", 1);
INSERT INTO `oc_city` (city_id, zone_id, name, code, jnereg) VALUES (1572, 144, "Angsana", "CLG20122", "30000");
INSERT INTO `oc_city` (city_id, zone_id, name, code, jnereg) VALUES (1573, 144, "Banjar", "CLG20101", "30000");
INSERT INTO `oc_city` (city_id, zone_id, name, code, jnereg) VALUES (1574, 144, "Bojong", "CLG20103", "30000");
INSERT INTO `oc_city` (city_id, zone_id, name, code, jnereg) VALUES (1575, 144, "Cadas Sari", "CLG20105", "30000");
INSERT INTO `oc_city` (city_id, zone_id, name, code, jnereg) VALUES (1576, 144, "Carita", "CLG20123", "30000");
INSERT INTO `oc_city` (city_id, zone_id, name, code, jnereg) VALUES (1577, 144, "Cibaliung", "CLG20106", "30000");
INSERT INTO `oc_city` (city_id, zone_id, name, code, jnereg) VALUES (1578, 144, "Cibitung", "CLG20124", "30000");
INSERT INTO `oc_city` (city_id, zone_id, name, code, jnereg) VALUES (1579, 144, "Cigeulis", "CLG20125", "30000");
INSERT INTO `oc_city` (city_id, zone_id, name, code, jnereg) VALUES (1580, 144, "Cikedal", "CLG20126", "30000");
INSERT INTO `oc_city` (city_id, zone_id, name, code, jnereg) VALUES (1581, 144, "Cikeusik", "CLG20108", "30000");
INSERT INTO `oc_city` (city_id, zone_id, name, code, jnereg) VALUES (1582, 144, "Cimanggu", "CLG20109", "30000");
INSERT INTO `oc_city` (city_id, zone_id, name, code, jnereg) VALUES (1583, 144, "Cimanuk", "CLG20110", "30000");
INSERT INTO `oc_city` (city_id, zone_id, name, code, jnereg) VALUES (1584, 144, "Cipeucang", "CLG20128", "30000");
INSERT INTO `oc_city` (city_id, zone_id, name, code, jnereg) VALUES (1585, 144, "Cisata", "CLG20129", "30000");
INSERT INTO `oc_city` (city_id, zone_id, name, code, jnereg) VALUES (1586, 144, "Jiput", "CLG20112", "30000");
INSERT INTO `oc_city` (city_id, zone_id, name, code, jnereg) VALUES (1587, 144, "Kaduhejo", "CLG20130", "30000");
INSERT INTO `oc_city` (city_id, zone_id, name, code, jnereg) VALUES (1588, 144, "Karangtanjung", "CLG20131", "30000");
INSERT INTO `oc_city` (city_id, zone_id, name, code, jnereg) VALUES (1589, 144, "Labuan", "CLG20113", "30000");
INSERT INTO `oc_city` (city_id, zone_id, name, code, jnereg) VALUES (1590, 144, "Mandalawangi", "CLG20114", "30000");
INSERT INTO `oc_city` (city_id, zone_id, name, code, jnereg) VALUES (1591, 144, "Menes", "CLG20115", "30000");
INSERT INTO `oc_city` (city_id, zone_id, name, code, jnereg) VALUES (1592, 144, "Munjul", "CLG20116", "30000");
INSERT INTO `oc_city` (city_id, zone_id, name, code, jnereg) VALUES (1593, 144, "Pagelaran", "CLG20118", "30000");
INSERT INTO `oc_city` (city_id, zone_id, name, code, jnereg) VALUES (1594, 144, "Pandeglang", "CLG20100", "24000");
INSERT INTO `oc_city` (city_id, zone_id, name, code, jnereg) VALUES (1595, 144, "Panimbang", "CLG20133", "30000");
INSERT INTO `oc_city` (city_id, zone_id, name, code, jnereg) VALUES (1596, 144, "Patia", "CLG20134", "30000");
INSERT INTO `oc_city` (city_id, zone_id, name, code, jnereg) VALUES (1597, 144, "Picung", "CLG20135", "30000");
INSERT INTO `oc_city` (city_id, zone_id, name, code, jnereg) VALUES (1598, 144, "Saketi", "CLG20120", "30000");
INSERT INTO `oc_city` (city_id, zone_id, name, code, jnereg) VALUES (1599, 144, "Sukaresmi", "CLG20136", "30000");
INSERT INTO `oc_city` (city_id, zone_id, name, code, jnereg) VALUES (1600, 144, "Sumur", "CLG20121", "30000");
INSERT INTO `oc_zone` (zone_id, country_id, name, status) VALUES (145, 11, "Kab. Serang", 1);
INSERT INTO `oc_city` (city_id, zone_id, name, code, jnereg) VALUES (1601, 145, "Anyar", "CLG20501", "24000");
INSERT INTO `oc_city` (city_id, zone_id, name, code, jnereg) VALUES (1602, 145, "Baros", "CLG20500", "24000");
INSERT INTO `oc_city` (city_id, zone_id, name, code, jnereg) VALUES (1603, 145, "Binuang", "CLG20502", "30000");
INSERT INTO `oc_city` (city_id, zone_id, name, code, jnereg) VALUES (1604, 145, "Bojonegara", "CLG20503", "30000");
INSERT INTO `oc_city` (city_id, zone_id, name, code, jnereg) VALUES (1605, 145, "Carenang", "CLG20504", "30000");
INSERT INTO `oc_city` (city_id, zone_id, name, code, jnereg) VALUES (1606, 145, "Cikande", "CLG20505", "30000");
INSERT INTO `oc_city` (city_id, zone_id, name, code, jnereg) VALUES (1607, 145, "Cikeusal", "CLG20506", "30000");
INSERT INTO `oc_city` (city_id, zone_id, name, code, jnereg) VALUES (1608, 145, "Cinangka", "CLG20507", "30000");
INSERT INTO `oc_city` (city_id, zone_id, name, code, jnereg) VALUES (1609, 145, "Ciomas", "CLG20508", "30000");
INSERT INTO `oc_city` (city_id, zone_id, name, code, jnereg) VALUES (1610, 145, "Ciruas", "CLG20509", "30000");
INSERT INTO `oc_city` (city_id, zone_id, name, code, jnereg) VALUES (1611, 145, "Jawilan", "CLG20510", "30000");
INSERT INTO `oc_city` (city_id, zone_id, name, code, jnereg) VALUES (1612, 145, "Kibin", "CLG20511", "30000");
INSERT INTO `oc_city` (city_id, zone_id, name, code, jnereg) VALUES (1613, 145, "Kopo", "CLG20512", "30000");
INSERT INTO `oc_city` (city_id, zone_id, name, code, jnereg) VALUES (1614, 145, "Kragilan", "CLG20513", "30000");
INSERT INTO `oc_city` (city_id, zone_id, name, code, jnereg) VALUES (1615, 145, "Kramatwatu", "CLG20514", "30000");
INSERT INTO `oc_city` (city_id, zone_id, name, code, jnereg) VALUES (1616, 145, "Mancak", "CLG20515", "30000");
INSERT INTO `oc_city` (city_id, zone_id, name, code, jnereg) VALUES (1617, 145, "Pabuaran", "CLG20516", "30000");
INSERT INTO `oc_city` (city_id, zone_id, name, code, jnereg) VALUES (1618, 145, "Padarincang", "CLG20517", "30000");
INSERT INTO `oc_city` (city_id, zone_id, name, code, jnereg) VALUES (1619, 145, "Pamarayan", "CLG20518", "30000");
INSERT INTO `oc_city` (city_id, zone_id, name, code, jnereg) VALUES (1620, 145, "Petir", "CLG20519", "30000");
INSERT INTO `oc_city` (city_id, zone_id, name, code, jnereg) VALUES (1621, 145, "Pontang", "CLG20520", "30000");
INSERT INTO `oc_city` (city_id, zone_id, name, code, jnereg) VALUES (1622, 145, "Puloampel", "CLG20521", "30000");
INSERT INTO `oc_city` (city_id, zone_id, name, code, jnereg) VALUES (1623, 145, "Tanara", "CLG20522", "30000");
INSERT INTO `oc_city` (city_id, zone_id, name, code, jnereg) VALUES (1624, 145, "Tirtayasa", "CLG20523", "30000");
INSERT INTO `oc_city` (city_id, zone_id, name, code, jnereg) VALUES (1625, 145, "Tunjung Teja", "CLG20524", "30000");
INSERT INTO `oc_city` (city_id, zone_id, name, code, jnereg) VALUES (1626, 145, "Waringinkurung", "CLG20525", "30000");
INSERT INTO `oc_zone` (zone_id, country_id, name, status) VALUES (146, 11, "Kab. Tangerang", 1);
INSERT INTO `oc_city` (city_id, zone_id, name, code, jnereg) VALUES (1627, 146, "Balaraja", "TGR10101", "20400");
INSERT INTO `oc_city` (city_id, zone_id, name, code, jnereg) VALUES (1628, 146, "Cikupa", "TGR10102", "20400");
INSERT INTO `oc_city` (city_id, zone_id, name, code, jnereg) VALUES (1629, 146, "Ciputat", "TGR10117", "20400");
INSERT INTO `oc_city` (city_id, zone_id, name, code, jnereg) VALUES (1630, 146, "Cisauk", "TGR10118", "20400");
INSERT INTO `oc_city` (city_id, zone_id, name, code, jnereg) VALUES (1631, 146, "Cisoka", "TGR10103", "20400");
INSERT INTO `oc_city` (city_id, zone_id, name, code, jnereg) VALUES (1632, 146, "Curug", "TGR10104", "20400");
INSERT INTO `oc_city` (city_id, zone_id, name, code, jnereg) VALUES (1633, 146, "Jambe", "TGR10119", "20400");
INSERT INTO `oc_city` (city_id, zone_id, name, code, jnereg) VALUES (1634, 146, "Jayanti", "TGR10120", "20400");
INSERT INTO `oc_city` (city_id, zone_id, name, code, jnereg) VALUES (1635, 146, "Kemiri", "TGR10121", "20400");
INSERT INTO `oc_city` (city_id, zone_id, name, code, jnereg) VALUES (1636, 146, "Kosambi /Salembaran jati", "TGR10122", "20400");
INSERT INTO `oc_city` (city_id, zone_id, name, code, jnereg) VALUES (1637, 146, "Kresek", "TGR10106", "20400");
INSERT INTO `oc_city` (city_id, zone_id, name, code, jnereg) VALUES (1638, 146, "Kronjo", "TGR10105", "20400");
INSERT INTO `oc_city` (city_id, zone_id, name, code, jnereg) VALUES (1639, 146, "Legok", "TGR10107", "20400");
INSERT INTO `oc_city` (city_id, zone_id, name, code, jnereg) VALUES (1640, 146, "Mauk", "TGR10108", "20400");
INSERT INTO `oc_city` (city_id, zone_id, name, code, jnereg) VALUES (1641, 146, "Pagedangan", "TGR10123", "20400");
INSERT INTO `oc_city` (city_id, zone_id, name, code, jnereg) VALUES (1642, 146, "Pakuhaji", "TGR10110", "20400");
INSERT INTO `oc_city` (city_id, zone_id, name, code, jnereg) VALUES (1643, 146, "Pamulang", "TGR10116", "20400");
INSERT INTO `oc_city` (city_id, zone_id, name, code, jnereg) VALUES (1644, 146, "Panongan", "TGR10124", "20400");
INSERT INTO `oc_city` (city_id, zone_id, name, code, jnereg) VALUES (1645, 146, "PASAR KEMIS", "TGR10109", "20400");
INSERT INTO `oc_city` (city_id, zone_id, name, code, jnereg) VALUES (1646, 146, "Pondok Aren / Jurang Mangu", "TGR10115", "20400");
INSERT INTO `oc_city` (city_id, zone_id, name, code, jnereg) VALUES (1647, 146, "Rajeg", "TGR10111", "20400");
INSERT INTO `oc_city` (city_id, zone_id, name, code, jnereg) VALUES (1648, 146, "Sepatan /Jatimulya/Cengklong", "TGR10112", "20400");
INSERT INTO `oc_city` (city_id, zone_id, name, code, jnereg) VALUES (1649, 146, "Serpong", "TGR10113", "20400");
INSERT INTO `oc_city` (city_id, zone_id, name, code, jnereg) VALUES (1650, 146, "Sukadiri", "TGR10125", "20400");
INSERT INTO `oc_city` (city_id, zone_id, name, code, jnereg) VALUES (1651, 146, "Teluknaga", "TGR10114", "20400");
INSERT INTO `oc_city` (city_id, zone_id, name, code, jnereg) VALUES (1652, 146, "Tigaraksa", "TGR10100", "20400");
INSERT INTO `oc_zone` (zone_id, country_id, name, status) VALUES (147, 11, "Kota Cilegon", 1);
INSERT INTO `oc_city` (city_id, zone_id, name, code, jnereg) VALUES (1653, 147, "Cibeber", "CLG10037", "21600");
INSERT INTO `oc_city` (city_id, zone_id, name, code, jnereg, kgp) VALUES (1654, 147, "Cilegon", "CLG10000", "21600", "21000");
INSERT INTO `oc_city` (city_id, zone_id, name, code, jnereg) VALUES (1655, 147, "Citangkil", "CLG10039", "21600");
INSERT INTO `oc_city` (city_id, zone_id, name, code, jnereg) VALUES (1656, 147, "Ciwandan", "CLG10040", "21600");
INSERT INTO `oc_city` (city_id, zone_id, name, code, jnereg) VALUES (1657, 147, "Gerogol", "CLG10041", "21600");
INSERT INTO `oc_city` (city_id, zone_id, name, code, jnereg) VALUES (1658, 147, "Jombang", "CLG10042", "21600");
INSERT INTO `oc_city` (city_id, zone_id, name, code, jnereg) VALUES (1659, 147, "Merak", "CLG10004", "21600");
INSERT INTO `oc_city` (city_id, zone_id, name, code, jnereg) VALUES (1660, 147, "Purwakarta", "CLG10043", "21600");
INSERT INTO `oc_zone` (zone_id, country_id, name, status) VALUES (148, 11, "Kota Serang", 1);
INSERT INTO `oc_city` (city_id, zone_id, name, code, jnereg) VALUES (1661, 148, "Cipocok Jaya", "CLG20328", "22200");
INSERT INTO `oc_city` (city_id, zone_id, name, code, jnereg) VALUES (1662, 148, "Curug", "CLG20310", "22200");
INSERT INTO `oc_city` (city_id, zone_id, name, code, jnereg) VALUES (1663, 148, "Kasemen", "CLG20312", "22200");
INSERT INTO `oc_city` (city_id, zone_id, name, code, jnereg) VALUES (1664, 148, "Serang", "CLG20300", "22200");
INSERT INTO `oc_city` (city_id, zone_id, name, code, jnereg) VALUES (1665, 148, "Taktakan", "CLG20323", "22200");
INSERT INTO `oc_city` (city_id, zone_id, name, code, jnereg) VALUES (1666, 148, "Walantaka", "CLG20327", "22200");
INSERT INTO `oc_zone` (zone_id, country_id, name, status) VALUES (149, 11, "Kota Tangerang", 1);
INSERT INTO `oc_city` (city_id, zone_id, name, code, jnereg) VALUES (1667, 149, "Batuceper", "TGR10046", "20400");
INSERT INTO `oc_city` (city_id, zone_id, name, code, jnereg) VALUES (1668, 149, "Benda", "TGR10047", "20400");
INSERT INTO `oc_city` (city_id, zone_id, name, code, jnereg) VALUES (1669, 149, "Cibodas", "TGR10048", "20400");
INSERT INTO `oc_city` (city_id, zone_id, name, code, jnereg) VALUES (1670, 149, "Ciledug", "TGR10036", "20400");
INSERT INTO `oc_city` (city_id, zone_id, name, code, jnereg) VALUES (1671, 149, "Cipondoh", "TGR10049", "20400");
INSERT INTO `oc_city` (city_id, zone_id, name, code, jnereg) VALUES (1672, 149, "Jatiuwung", "TGR10050", "20400");
INSERT INTO `oc_city` (city_id, zone_id, name, code, jnereg) VALUES (1673, 149, "Karangtengah", "TGR10051", "20400");
INSERT INTO `oc_city` (city_id, zone_id, name, code, jnereg) VALUES (1674, 149, "Karawaci", "TGR10052", "20400");
INSERT INTO `oc_city` (city_id, zone_id, name, code, jnereg) VALUES (1675, 149, "Larangan", "TGR10053", "20400");
INSERT INTO `oc_city` (city_id, zone_id, name, code, jnereg) VALUES (1676, 149, "Neglasari", "TGR10054", "20400");
INSERT INTO `oc_city` (city_id, zone_id, name, code, jnereg) VALUES (1677, 149, "Periuk", "TGR10055", "20400");
INSERT INTO `oc_city` (city_id, zone_id, name, code, jnereg) VALUES (1678, 149, "Pinang", "TGR10056", "20400");
INSERT INTO `oc_city` (city_id, zone_id, name, code, jnereg) VALUES (1679, 149, "Tangerang", "TGR10000", "20400");
INSERT INTO `oc_country` (country_id, name, iso_code_2, iso_code_3, postcode_required, status) VALUES (12, "Jawa Barat", "ID", "IDN", 1, 1);
INSERT INTO `oc_zone` (zone_id, country_id, name, status) VALUES (150, 12, "Kab. Bandung", 1);
INSERT INTO `oc_city` (city_id, zone_id, name, code, jnereg) VALUES (1680, 150, "Arjasari", "BDO10101", "24000");
INSERT INTO `oc_city` (city_id, zone_id, name, code, jnereg) VALUES (1681, 150, "Baleendah", "BDO10102", "24000");
INSERT INTO `oc_city` (city_id, zone_id, name, code, jnereg) VALUES (1682, 150, "Banjaran", "BDO10103", "24000");
INSERT INTO `oc_city` (city_id, zone_id, name, code, jnereg) VALUES (1683, 150, "Bojong Soang", "BDO10104", "24000");
INSERT INTO `oc_city` (city_id, zone_id, name, code, jnereg) VALUES (1684, 150, "Cangkuang", "BDO10105", "24000");
INSERT INTO `oc_city` (city_id, zone_id, name, code, jnereg) VALUES (1685, 150, "Cicalengka", "BDO10106", "24000");
INSERT INTO `oc_city` (city_id, zone_id, name, code, jnereg) VALUES (1686, 150, "Cikancung", "BDO10107", "24000");
INSERT INTO `oc_city` (city_id, zone_id, name, code, jnereg) VALUES (1687, 150, "Cilengkrang", "BDO10108", "24000");
INSERT INTO `oc_city` (city_id, zone_id, name, code, jnereg) VALUES (1688, 150, "Cileunyi", "BDO10109", "24000");
INSERT INTO `oc_city` (city_id, zone_id, name, code, jnereg) VALUES (1689, 150, "Cimaung", "BDO10110", "24000");
INSERT INTO `oc_city` (city_id, zone_id, name, code, jnereg) VALUES (1690, 150, "Cimenyan", "BDO10111", "24000");
INSERT INTO `oc_city` (city_id, zone_id, name, code, jnereg) VALUES (1691, 150, "Ciparay", "BDO10112", "24000");
INSERT INTO `oc_city` (city_id, zone_id, name, code, jnereg) VALUES (1692, 150, "Ciwidey", "BDO10113", "24000");
INSERT INTO `oc_city` (city_id, zone_id, name, code, jnereg) VALUES (1693, 150, "Dayeuhkolot", "BDO10114", "24000");
INSERT INTO `oc_city` (city_id, zone_id, name, code, jnereg) VALUES (1694, 150, "Ibun", "BDO10115", "24000");
INSERT INTO `oc_city` (city_id, zone_id, name, code, jnereg) VALUES (1695, 150, "Katapang", "BDO10118", "24000");
INSERT INTO `oc_city` (city_id, zone_id, name, code, jnereg) VALUES (1696, 150, "Kertasari", "BDO10116", "24000");
INSERT INTO `oc_city` (city_id, zone_id, name, code, jnereg, kgp) VALUES (1697, 150, "Majalaya", "BDO10119", "27600", "20500");
INSERT INTO `oc_city` (city_id, zone_id, name, code, jnereg) VALUES (1698, 150, "Margaasih", "BDO10120", "34800");
INSERT INTO `oc_city` (city_id, zone_id, name, code, jnereg) VALUES (1699, 150, "Margahayu", "BDO10121", "24000");
INSERT INTO `oc_city` (city_id, zone_id, name, code, jnereg) VALUES (1700, 150, "Nagreg", "BDO10122", "34800");
INSERT INTO `oc_city` (city_id, zone_id, name, code, jnereg) VALUES (1701, 150, "Pacet", "BDO10123", "34800");
INSERT INTO `oc_city` (city_id, zone_id, name, code, jnereg) VALUES (1702, 150, "Pameungpeuk", "BDO10124", "24000");
INSERT INTO `oc_city` (city_id, zone_id, name, code, jnereg) VALUES (1703, 150, "Pangalengan", "BDO10125", "34800");
INSERT INTO `oc_city` (city_id, zone_id, name, code, jnereg) VALUES (1704, 150, "Paseh", "BDO10126", "34800");
INSERT INTO `oc_city` (city_id, zone_id, name, code, jnereg) VALUES (1705, 150, "Pasirjambu", "BDO10127", "34800");
INSERT INTO `oc_city` (city_id, zone_id, name, code, jnereg) VALUES (1706, 150, "Rancabali", "BDO10128", "34800");
INSERT INTO `oc_city` (city_id, zone_id, name, code, jnereg, kgp) VALUES (1707, 150, "Rancaekek", "BDO10129", "24000", "20500");
INSERT INTO `oc_city` (city_id, zone_id, name, code, jnereg) VALUES (1708, 150, "Solokan Jeruk", "BDO10130", "24000");
INSERT INTO `oc_city` (city_id, zone_id, name, code, jnereg, kgp) VALUES (1709, 150, "Soreang", "BDO10100", "24000", "21500");
INSERT INTO `oc_zone` (zone_id, country_id, name, status) VALUES (151, 12, "Kab. Bandung Barat", 1);
INSERT INTO `oc_city` (city_id, zone_id, name, code, jnereg) VALUES (1710, 151, "Batujajar", "BDO21002", "34800");
INSERT INTO `oc_city` (city_id, zone_id, name, code, jnereg) VALUES (1711, 151, "Cihampelas", "BDO21012", "34800");
INSERT INTO `oc_city` (city_id, zone_id, name, code, jnereg) VALUES (1712, 151, "Cikalong Wetan", "BDO21003", "34800");
INSERT INTO `oc_city` (city_id, zone_id, name, code, jnereg) VALUES (1713, 151, "Cililin", "BDO21004", "34800");
INSERT INTO `oc_city` (city_id, zone_id, name, code, jnereg) VALUES (1714, 151, "Cimareme", "BDO21015", "24000");
INSERT INTO `oc_city` (city_id, zone_id, name, code, jnereg) VALUES (1715, 151, "Cipatat", "BDO21006", "34800");
INSERT INTO `oc_city` (city_id, zone_id, name, code, jnereg) VALUES (1716, 151, "Cipeundeuy", "BDO21005", "34800");
INSERT INTO `oc_city` (city_id, zone_id, name, code, jnereg) VALUES (1717, 151, "Cipongkor", "BDO21007", "34800");
INSERT INTO `oc_city` (city_id, zone_id, name, code, jnereg, kgp) VALUES (1718, 151, "Cisarua", "BDO21008", "34800", "20500");
INSERT INTO `oc_city` (city_id, zone_id, name, code, jnereg) VALUES (1719, 151, "Gununghalu", "BDO21009", "34800");
INSERT INTO `oc_city` (city_id, zone_id, name, code, jnereg, kgp) VALUES (1720, 151, "Lembang", "BDO21001", "24000", "20500");
INSERT INTO `oc_city` (city_id, zone_id, name, code, jnereg) VALUES (1721, 151, "Ngamprah", "BDO21000", "24000");
INSERT INTO `oc_city` (city_id, zone_id, name, code, jnereg) VALUES (1722, 151, "Padalarang", "BDO21010", "34800");
INSERT INTO `oc_city` (city_id, zone_id, name, code, jnereg) VALUES (1723, 151, "Parongpong", "BDO21013", "34800");
INSERT INTO `oc_city` (city_id, zone_id, name, code, jnereg) VALUES (1724, 151, "Rongga", "BDO21014", "34800");
INSERT INTO `oc_city` (city_id, zone_id, name, code, jnereg) VALUES (1725, 151, "Sindangkerta", "BDO21011", "34800");
INSERT INTO `oc_zone` (zone_id, country_id, name, status) VALUES (152, 12, "Kab. Bekasi", 1);
INSERT INTO `oc_city` (city_id, zone_id, name, code, jnereg) VALUES (1726, 152, "Babelan", "BKI10123", "20400");
INSERT INTO `oc_city` (city_id, zone_id, name, code, jnereg) VALUES (1727, 152, "Bojongmanggu", "BKI10124", "20400");
INSERT INTO `oc_city` (city_id, zone_id, name, code, jnereg) VALUES (1728, 152, "Cabangbungin", "BKI10106", "20400");
INSERT INTO `oc_city` (city_id, zone_id, name, code, jnereg) VALUES (1729, 152, "Cibarusah", "BKI10107", "20400");
INSERT INTO `oc_city` (city_id, zone_id, name, code, jnereg) VALUES (1730, 152, "Cibitung", "BKI10108", "20400");
INSERT INTO `oc_city` (city_id, zone_id, name, code, jnereg, kgp) VALUES (1731, 152, "Cikarang", "BKI10100", "20400", "18000");
INSERT INTO `oc_city` (city_id, zone_id, name, code, jnereg) VALUES (1732, 152, "Cikarang Barat", "BKI10101", "20400");
INSERT INTO `oc_city` (city_id, zone_id, name, code, jnereg) VALUES (1733, 152, "Cikarang Pusat", "BKI10102", "20400");
INSERT INTO `oc_city` (city_id, zone_id, name, code, jnereg) VALUES (1734, 152, "Cikarang Selatan", "BKI10103", "20400");
INSERT INTO `oc_city` (city_id, zone_id, name, code, jnereg) VALUES (1735, 152, "Cikarang Timur", "BKI10104", "20400");
INSERT INTO `oc_city` (city_id, zone_id, name, code, jnereg) VALUES (1736, 152, "Cikarang Utara", "BKI10105", "20400");
INSERT INTO `oc_city` (city_id, zone_id, name, code, jnereg) VALUES (1737, 152, "Karangbahagia", "BKI10117", "20400");
INSERT INTO `oc_city` (city_id, zone_id, name, code, jnereg) VALUES (1738, 152, "Kedungwaringin", "BKI10110", "20400");
INSERT INTO `oc_city` (city_id, zone_id, name, code, jnereg) VALUES (1739, 152, "Muara Gembong", "BKI10111", "20400");
INSERT INTO `oc_city` (city_id, zone_id, name, code, jnereg) VALUES (1740, 152, "Pebayuran", "BKI10112", "20400");
INSERT INTO `oc_city` (city_id, zone_id, name, code, jnereg) VALUES (1741, 152, "Serang Baru", "BKI10113", "20400");
INSERT INTO `oc_city` (city_id, zone_id, name, code, jnereg) VALUES (1742, 152, "Setu", "BKI10114", "20400");
INSERT INTO `oc_city` (city_id, zone_id, name, code, jnereg) VALUES (1743, 152, "Sukakarya", "BKI10118", "20400");
INSERT INTO `oc_city` (city_id, zone_id, name, code, jnereg) VALUES (1744, 152, "Sukatani", "BKI10115", "20400");
INSERT INTO `oc_city` (city_id, zone_id, name, code, jnereg) VALUES (1745, 152, "Sukawangi", "BKI10119", "20400");
INSERT INTO `oc_city` (city_id, zone_id, name, code, jnereg) VALUES (1746, 152, "Tambelang", "BKI10116", "20400");
INSERT INTO `oc_city` (city_id, zone_id, name, code, jnereg) VALUES (1747, 152, "Tambun Selatan", "BKI10120", "20400");
INSERT INTO `oc_city` (city_id, zone_id, name, code, jnereg) VALUES (1748, 152, "Tambun Utara", "BKI10121", "20400");
INSERT INTO `oc_city` (city_id, zone_id, name, code, jnereg) VALUES (1749, 152, "Tarumajaya", "BKI10122", "20400");
INSERT INTO `oc_zone` (zone_id, country_id, name, status) VALUES (153, 12, "Kab. Bogor", 1);
INSERT INTO `oc_city` (city_id, zone_id, name, code, jnereg) VALUES (1750, 153, "Babakan Madang", "BOO20142", "20400");
INSERT INTO `oc_city` (city_id, zone_id, name, code, jnereg) VALUES (1751, 153, "Bojonggede", "BOO20143", "20400");
INSERT INTO `oc_city` (city_id, zone_id, name, code, jnereg) VALUES (1752, 153, "Caringin", "BOO20120", "20400");
INSERT INTO `oc_city` (city_id, zone_id, name, code, jnereg) VALUES (1753, 153, "Cariu", "BOO20121", "20400");
INSERT INTO `oc_city` (city_id, zone_id, name, code, jnereg) VALUES (1754, 153, "Ciampea", "BOO20123", "20400");
INSERT INTO `oc_city` (city_id, zone_id, name, code, jnereg) VALUES (1755, 153, "Ciawi", "BOO20122", "20400");
INSERT INTO `oc_city` (city_id, zone_id, name, code, jnereg) VALUES (1756, 153, "Cibinong", "BOO20100", "20400");
INSERT INTO `oc_city` (city_id, zone_id, name, code, jnereg) VALUES (1757, 153, "Cibungbulang", "BOO20124", "20400");
INSERT INTO `oc_city` (city_id, zone_id, name, code, jnereg) VALUES (1758, 153, "Cigombong", "BOO20144", "20400");
INSERT INTO `oc_city` (city_id, zone_id, name, code, jnereg) VALUES (1759, 153, "Cigudeg", "BOO20125", "20400");
INSERT INTO `oc_city` (city_id, zone_id, name, code, jnereg) VALUES (1760, 153, "Cijeruk", "BOO20126", "20400");
INSERT INTO `oc_city` (city_id, zone_id, name, code, jnereg) VALUES (1761, 153, "Cileungsi", "BOO20127", "20400");
INSERT INTO `oc_city` (city_id, zone_id, name, code, jnereg) VALUES (1762, 153, "Ciomas", "BOO20128", "20400");
INSERT INTO `oc_city` (city_id, zone_id, name, code, jnereg) VALUES (1763, 153, "Cisarua", "BOO20129", "20400");
INSERT INTO `oc_city` (city_id, zone_id, name, code, jnereg) VALUES (1764, 153, "Ciseeng", "BOO20145", "20400");
INSERT INTO `oc_city` (city_id, zone_id, name, code, jnereg) VALUES (1765, 153, "Citeureup", "BOO20130", "20400");
INSERT INTO `oc_city` (city_id, zone_id, name, code, jnereg) VALUES (1766, 153, "Dramaga", "BOO20131", "20400");
INSERT INTO `oc_city` (city_id, zone_id, name, code, jnereg) VALUES (1767, 153, "Gunung Putri", "BOO20159", "20400");
INSERT INTO `oc_city` (city_id, zone_id, name, code, jnereg) VALUES (1768, 153, "Gunung Sindur", "BOO20132", "20400");
INSERT INTO `oc_city` (city_id, zone_id, name, code, jnereg) VALUES (1769, 153, "Jasinga", "BOO20133", "20400");
INSERT INTO `oc_city` (city_id, zone_id, name, code, jnereg) VALUES (1770, 153, "Jonggol", "BOO20134", "20400");
INSERT INTO `oc_city` (city_id, zone_id, name, code, jnereg) VALUES (1771, 153, "Kemang", "BOO20146", "20400");
INSERT INTO `oc_city` (city_id, zone_id, name, code, jnereg) VALUES (1772, 153, "Klapanunggal", "BOO20147", "20400");
INSERT INTO `oc_city` (city_id, zone_id, name, code, jnereg) VALUES (1773, 153, "Leuwiliang", "BOO20135", "20400");
INSERT INTO `oc_city` (city_id, zone_id, name, code, jnereg) VALUES (1774, 153, "Leuwisadeng", "BOO20148", "20400");
INSERT INTO `oc_city` (city_id, zone_id, name, code, jnereg) VALUES (1775, 153, "Megamendung", "BOO20136", "20400");
INSERT INTO `oc_city` (city_id, zone_id, name, code, jnereg) VALUES (1776, 153, "Nanggung", "BOO20137", "20400");
INSERT INTO `oc_city` (city_id, zone_id, name, code, jnereg) VALUES (1777, 153, "Pamijahan", "BOO20149", "20400");
INSERT INTO `oc_city` (city_id, zone_id, name, code, jnereg) VALUES (1778, 153, "Parung", "BOO20138", "20400");
INSERT INTO `oc_city` (city_id, zone_id, name, code, jnereg) VALUES (1779, 153, "Parung Panjang", "BOO20139", "20400");
INSERT INTO `oc_city` (city_id, zone_id, name, code, jnereg) VALUES (1780, 153, "Ranca Bungur", "BOO20150", "20400");
INSERT INTO `oc_city` (city_id, zone_id, name, code, jnereg) VALUES (1781, 153, "Rumpin", "BOO20140", "20400");
INSERT INTO `oc_city` (city_id, zone_id, name, code, jnereg) VALUES (1782, 153, "Sukajaya", "BOO20151", "20400");
INSERT INTO `oc_city` (city_id, zone_id, name, code, jnereg) VALUES (1783, 153, "Sukamakmur", "BOO20152", "20400");
INSERT INTO `oc_city` (city_id, zone_id, name, code, jnereg) VALUES (1784, 153, "Sukaraja", "BOO20153", "20400");
INSERT INTO `oc_city` (city_id, zone_id, name, code, jnereg) VALUES (1785, 153, "Tajurhalang", "BOO20154", "20400");
INSERT INTO `oc_city` (city_id, zone_id, name, code, jnereg) VALUES (1786, 153, "Tamansari", "BOO20155", "20400");
INSERT INTO `oc_city` (city_id, zone_id, name, code, jnereg) VALUES (1787, 153, "Tanjungsari", "BOO20156", "20400");
INSERT INTO `oc_city` (city_id, zone_id, name, code, jnereg) VALUES (1788, 153, "Tenjo", "BOO20141", "20400");
INSERT INTO `oc_city` (city_id, zone_id, name, code, jnereg) VALUES (1789, 153, "Tenjolaya", "BOO20157", "20400");
INSERT INTO `oc_zone` (zone_id, country_id, name, status) VALUES (154, 12, "Kab. Cianjur", 1);
INSERT INTO `oc_city` (city_id, zone_id, name, code, jnereg) VALUES (1790, 154, "Agrabinta", "SMI20101", "34800");
INSERT INTO `oc_city` (city_id, zone_id, name, code, jnereg) VALUES (1791, 154, "Bojongpicung", "SMI20102", "34800");
INSERT INTO `oc_city` (city_id, zone_id, name, code, jnereg) VALUES (1792, 154, "Campaka", "SMI20103", "34800");
INSERT INTO `oc_city` (city_id, zone_id, name, code, jnereg) VALUES (1793, 154, "Campaka Mulya", "SMI20127", "34800");
INSERT INTO `oc_city` (city_id, zone_id, name, code, jnereg, kgp) VALUES (1794, 154, "Cianjur", "SMI20100", "27600", "18500");
INSERT INTO `oc_city` (city_id, zone_id, name, code, jnereg) VALUES (1795, 154, "Cibeber", "SMI20104", "34800");
INSERT INTO `oc_city` (city_id, zone_id, name, code, jnereg) VALUES (1796, 154, "Cibinong", "SMI20105", "34800");
INSERT INTO `oc_city` (city_id, zone_id, name, code, jnereg) VALUES (1797, 154, "Cidaun", "SMI20106", "34800");
INSERT INTO `oc_city` (city_id, zone_id, name, code, jnereg) VALUES (1798, 154, "Cijati", "SMI20128", "34800");
INSERT INTO `oc_city` (city_id, zone_id, name, code, jnereg) VALUES (1799, 154, "Cikadu", "SMI20129", "34800");
INSERT INTO `oc_city` (city_id, zone_id, name, code, jnereg) VALUES (1800, 154, "CIKALONG KULON", "SMI20107", "34800");
INSERT INTO `oc_city` (city_id, zone_id, name, code, jnereg) VALUES (1801, 154, "Cilaku", "SMI20108", "34800");
INSERT INTO `oc_city` (city_id, zone_id, name, code, jnereg) VALUES (1802, 154, "Cipanas", "SMI20125", "34800");
INSERT INTO `oc_city` (city_id, zone_id, name, code, jnereg) VALUES (1803, 154, "Ciranjang", "SMI20109", "34800");
INSERT INTO `oc_city` (city_id, zone_id, name, code, jnereg) VALUES (1804, 154, "Cugenang", "SMI20110", "34800");
INSERT INTO `oc_city` (city_id, zone_id, name, code, jnereg) VALUES (1805, 154, "Gekbrong", "SMI20130", "34800");
INSERT INTO `oc_city` (city_id, zone_id, name, code, jnereg) VALUES (1806, 154, "Kadupandak", "SMI20111", "34800");
INSERT INTO `oc_city` (city_id, zone_id, name, code, jnereg) VALUES (1807, 154, "Karangtengah", "SMI20112", "34800");
INSERT INTO `oc_city` (city_id, zone_id, name, code, jnereg) VALUES (1808, 154, "Leles", "SMI20131", "34800");
INSERT INTO `oc_city` (city_id, zone_id, name, code, jnereg) VALUES (1809, 154, "Mande", "SMI20113", "34800");
INSERT INTO `oc_city` (city_id, zone_id, name, code, jnereg) VALUES (1810, 154, "Naringgul", "SMI20114", "34800");
INSERT INTO `oc_city` (city_id, zone_id, name, code, jnereg) VALUES (1811, 154, "Pacet", "SMI20115", "34800");
INSERT INTO `oc_city` (city_id, zone_id, name, code, jnereg) VALUES (1812, 154, "Pagelaran", "SMI20116", "34800");
INSERT INTO `oc_city` (city_id, zone_id, name, code, jnereg) VALUES (1813, 154, "Sindangbarang", "SMI20117", "34800");
INSERT INTO `oc_city` (city_id, zone_id, name, code, jnereg) VALUES (1814, 154, "Sukaluyu", "SMI20118", "34800");
INSERT INTO `oc_city` (city_id, zone_id, name, code, jnereg) VALUES (1815, 154, "Sukanagara", "SMI20119", "34800");
INSERT INTO `oc_city` (city_id, zone_id, name, code, jnereg) VALUES (1816, 154, "Sukaresmi", "SMI20120", "34800");
INSERT INTO `oc_city` (city_id, zone_id, name, code, jnereg) VALUES (1817, 154, "Takokak", "SMI20121", "34800");
INSERT INTO `oc_city` (city_id, zone_id, name, code, jnereg) VALUES (1818, 154, "Tanggeung", "SMI20122", "34800");
INSERT INTO `oc_city` (city_id, zone_id, name, code, jnereg) VALUES (1819, 154, "Warungkondang", "SMI20123", "34800");
INSERT INTO `oc_zone` (zone_id, country_id, name, status) VALUES (155, 12, "Kab. Cirebon", 1);
INSERT INTO `oc_city` (city_id, zone_id, name, code, jnereg) VALUES (1820, 155, "Arjawinangun", "CBN20402", "34800");
INSERT INTO `oc_city` (city_id, zone_id, name, code, jnereg) VALUES (1821, 155, "Astanajapura", "CBN20403", "34800");
INSERT INTO `oc_city` (city_id, zone_id, name, code, jnereg) VALUES (1822, 155, "Babakan", "CBN20404", "34800");
INSERT INTO `oc_city` (city_id, zone_id, name, code, jnereg) VALUES (1823, 155, "Beber", "CBN20405", "34800");
INSERT INTO `oc_city` (city_id, zone_id, name, code, jnereg) VALUES (1824, 155, "Ciledug", "CBN20406", "34800");
INSERT INTO `oc_city` (city_id, zone_id, name, code, jnereg) VALUES (1825, 155, "Cirebon Selatan", "CBN20408", "34800");
INSERT INTO `oc_city` (city_id, zone_id, name, code, jnereg) VALUES (1826, 155, "Cirebon Utara", "CBN20407", "34800");
INSERT INTO `oc_city` (city_id, zone_id, name, code, jnereg) VALUES (1827, 155, "Ciwaringin", "CBN20409", "34800");
INSERT INTO `oc_city` (city_id, zone_id, name, code, jnereg) VALUES (1828, 155, "Depok", "CBN20410", "34800");
INSERT INTO `oc_city` (city_id, zone_id, name, code, jnereg) VALUES (1829, 155, "Dukupuntang", "CBN20411", "34800");
INSERT INTO `oc_city` (city_id, zone_id, name, code, jnereg) VALUES (1830, 155, "Gebang", "CBN20412", "34800");
INSERT INTO `oc_city` (city_id, zone_id, name, code, jnereg) VALUES (1831, 155, "Gegesik", "CBN20413", "34800");
INSERT INTO `oc_city` (city_id, zone_id, name, code, jnereg) VALUES (1832, 155, "Gempol", "CBN20414", "34800");
INSERT INTO `oc_city` (city_id, zone_id, name, code, jnereg) VALUES (1833, 155, "Kaliwedi", "CBN20415", "34800");
INSERT INTO `oc_city` (city_id, zone_id, name, code, jnereg) VALUES (1834, 155, "Kapetakan", "CBN20416", "34800");
INSERT INTO `oc_city` (city_id, zone_id, name, code, jnereg) VALUES (1835, 155, "Karangsembung", "CBN20417", "34800");
INSERT INTO `oc_city` (city_id, zone_id, name, code, jnereg) VALUES (1836, 155, "Karangwareng", "CBN20418", "34800");
INSERT INTO `oc_city` (city_id, zone_id, name, code, jnereg) VALUES (1837, 155, "Kedawung", "CBN20419", "34800");
INSERT INTO `oc_city` (city_id, zone_id, name, code, jnereg) VALUES (1838, 155, "Klangenan", "CBN20420", "34800");
INSERT INTO `oc_city` (city_id, zone_id, name, code, jnereg) VALUES (1839, 155, "Lemahabang", "CBN20421", "34800");
INSERT INTO `oc_city` (city_id, zone_id, name, code, jnereg, kgp) VALUES (1840, 155, "Losari", "CBN20422", "27600", "27000");
INSERT INTO `oc_city` (city_id, zone_id, name, code, jnereg) VALUES (1841, 155, "Mundu", "CBN20423", "34800");
INSERT INTO `oc_city` (city_id, zone_id, name, code, jnereg) VALUES (1842, 155, "Pabedilan", "CBN20424", "34800");
INSERT INTO `oc_city` (city_id, zone_id, name, code, jnereg) VALUES (1843, 155, "Pabuaran", "CBN20426", "34800");
INSERT INTO `oc_city` (city_id, zone_id, name, code, jnereg) VALUES (1844, 155, "Palimanan", "CBN20428", "27600");
INSERT INTO `oc_city` (city_id, zone_id, name, code, jnereg) VALUES (1845, 155, "Pangenan", "CBN20430", "34800");
INSERT INTO `oc_city` (city_id, zone_id, name, code, jnereg) VALUES (1846, 155, "Panguragan", "CBN20432", "34800");
INSERT INTO `oc_city` (city_id, zone_id, name, code, jnereg) VALUES (1847, 155, "Pasaleman", "CBN20433", "34800");
INSERT INTO `oc_city` (city_id, zone_id, name, code, jnereg) VALUES (1848, 155, "Plered", "CBN20434", "34800");
INSERT INTO `oc_city` (city_id, zone_id, name, code, jnereg) VALUES (1849, 155, "Plumbon", "CBN20435", "34800");
INSERT INTO `oc_city` (city_id, zone_id, name, code, jnereg) VALUES (1850, 155, "Sedong", "CBN20438", "34800");
INSERT INTO `oc_city` (city_id, zone_id, name, code, jnereg) VALUES (1851, 155, "Sumber", "CBN20400", "27600");
INSERT INTO `oc_city` (city_id, zone_id, name, code, jnereg) VALUES (1852, 155, "Susukan", "CBN20425", "34800");
INSERT INTO `oc_city` (city_id, zone_id, name, code, jnereg) VALUES (1853, 155, "Susukanlebak", "CBN20427", "34800");
INSERT INTO `oc_city` (city_id, zone_id, name, code, jnereg) VALUES (1854, 155, "Tengah Tani", "CBN20436", "34800");
INSERT INTO `oc_city` (city_id, zone_id, name, code, jnereg) VALUES (1855, 155, "Waled", "CBN20429", "34800");
INSERT INTO `oc_city` (city_id, zone_id, name, code, jnereg) VALUES (1856, 155, "Weru", "CBN20431", "34800");
INSERT INTO `oc_zone` (zone_id, country_id, name, status) VALUES (156, 12, "Kab. Garut", 1);
INSERT INTO `oc_city` (city_id, zone_id, name, code, jnereg) VALUES (1857, 156, "Balubur Limbangan", "BDO20704", "34800");
INSERT INTO `oc_city` (city_id, zone_id, name, code, jnereg) VALUES (1858, 156, "Banjarwangi", "BDO20701", "34800");
INSERT INTO `oc_city` (city_id, zone_id, name, code, jnereg) VALUES (1859, 156, "Banyuresmi", "BDO20702", "34800");
INSERT INTO `oc_city` (city_id, zone_id, name, code, jnereg) VALUES (1860, 156, "Bayongbong", "BDO20703", "34800");
INSERT INTO `oc_city` (city_id, zone_id, name, code, jnereg) VALUES (1861, 156, "Bungbulang", "BDO20705", "34800");
INSERT INTO `oc_city` (city_id, zone_id, name, code, jnereg) VALUES (1862, 156, "Caringin", "BDO20734", "34800");
INSERT INTO `oc_city` (city_id, zone_id, name, code, jnereg) VALUES (1863, 156, "Cibalong", "BDO20707", "34800");
INSERT INTO `oc_city` (city_id, zone_id, name, code, jnereg) VALUES (1864, 156, "Cibatu", "BDO20706", "34800");
INSERT INTO `oc_city` (city_id, zone_id, name, code, jnereg) VALUES (1865, 156, "Cibiuk", "BDO20708", "34800");
INSERT INTO `oc_city` (city_id, zone_id, name, code, jnereg) VALUES (1866, 156, "Cigedug", "BDO20737", "34800");
INSERT INTO `oc_city` (city_id, zone_id, name, code, jnereg) VALUES (1867, 156, "Cihurip", "BDO20738", "34800");
INSERT INTO `oc_city` (city_id, zone_id, name, code, jnereg, kgp) VALUES (1868, 156, "Cikajang", "BDO20710", "34800", "25500");
INSERT INTO `oc_city` (city_id, zone_id, name, code, jnereg) VALUES (1869, 156, "Cikelet", "BDO20709", "34800");
INSERT INTO `oc_city` (city_id, zone_id, name, code, jnereg) VALUES (1870, 156, "Cilawu", "BDO20711", "34800");
INSERT INTO `oc_city` (city_id, zone_id, name, code, jnereg) VALUES (1871, 156, "Cisewu", "BDO20714", "34800");
INSERT INTO `oc_city` (city_id, zone_id, name, code, jnereg) VALUES (1872, 156, "Cisompet", "BDO20712", "34800");
INSERT INTO `oc_city` (city_id, zone_id, name, code, jnereg) VALUES (1873, 156, "Cisurupan", "BDO20713", "34800");
INSERT INTO `oc_city` (city_id, zone_id, name, code, jnereg, kgp) VALUES (1874, 156, "Garut Kota", "BDO20746", "27600", "19500");
INSERT INTO `oc_city` (city_id, zone_id, name, code, jnereg) VALUES (1875, 156, "Garut, Kab. Garut", "BDO20700", "27600");
INSERT INTO `oc_city` (city_id, zone_id, name, code, jnereg) VALUES (1876, 156, "Kadungora", "BDO20715", "34800");
INSERT INTO `oc_city` (city_id, zone_id, name, code, jnereg) VALUES (1877, 156, "Karangpawitan", "BDO20716", "34800");
INSERT INTO `oc_city` (city_id, zone_id, name, code, jnereg) VALUES (1878, 156, "Karangtengah", "BDO20735", "34800");
INSERT INTO `oc_city` (city_id, zone_id, name, code, jnereg) VALUES (1879, 156, "Kersamanah", "BDO20739", "34800");
INSERT INTO `oc_city` (city_id, zone_id, name, code, jnereg) VALUES (1880, 156, "Leles", "BDO20717", "34800");
INSERT INTO `oc_city` (city_id, zone_id, name, code, jnereg) VALUES (1881, 156, "Leuwigoong", "BDO20718", "34800");
INSERT INTO `oc_city` (city_id, zone_id, name, code, jnereg) VALUES (1882, 156, "Malangbong", "BDO20719", "34800");
INSERT INTO `oc_city` (city_id, zone_id, name, code, jnereg) VALUES (1883, 156, "Mekarmukti", "BDO20740", "34800");
INSERT INTO `oc_city` (city_id, zone_id, name, code, jnereg) VALUES (1884, 156, "Pakenjeng", "BDO20720", "34800");
INSERT INTO `oc_city` (city_id, zone_id, name, code, jnereg) VALUES (1885, 156, "Pameungpeuk", "BDO20721", "34800");
INSERT INTO `oc_city` (city_id, zone_id, name, code, jnereg) VALUES (1886, 156, "Pamulihan", "BDO20722", "34800");
INSERT INTO `oc_city` (city_id, zone_id, name, code, jnereg) VALUES (1887, 156, "Pangatikan", "BDO20741", "34800");
INSERT INTO `oc_city` (city_id, zone_id, name, code, jnereg, kgp) VALUES (1888, 156, "Pasirwangi", "BDO20742", "34800", "24500");
INSERT INTO `oc_city` (city_id, zone_id, name, code, jnereg) VALUES (1889, 156, "Peundeuy", "BDO20723", "34800");
INSERT INTO `oc_city` (city_id, zone_id, name, code, jnereg) VALUES (1890, 156, "Samarang", "BDO20724", "34800");
INSERT INTO `oc_city` (city_id, zone_id, name, code, jnereg) VALUES (1891, 156, "Selaawi", "BDO20725", "34800");
INSERT INTO `oc_city` (city_id, zone_id, name, code, jnereg, kgp) VALUES (1892, 156, "Singajaya", "BDO20726", "34800", "23500");
INSERT INTO `oc_city` (city_id, zone_id, name, code, jnereg) VALUES (1893, 156, "Sucinaraja", "BDO20743", "34800");
INSERT INTO `oc_city` (city_id, zone_id, name, code, jnereg) VALUES (1894, 156, "Sukaresmi", "BDO20736", "34800");
INSERT INTO `oc_city` (city_id, zone_id, name, code, jnereg, kgp) VALUES (1895, 156, "Sukawening", "BDO20727", "34800", "26500");
INSERT INTO `oc_city` (city_id, zone_id, name, code, jnereg) VALUES (1896, 156, "Talegong", "BDO20728", "34800");
INSERT INTO `oc_city` (city_id, zone_id, name, code, jnereg) VALUES (1897, 156, "Tarogong Kaler", "BDO20744", "34800");
INSERT INTO `oc_city` (city_id, zone_id, name, code, jnereg) VALUES (1898, 156, "Tarogong Kidul", "BDO20745", "34800");
INSERT INTO `oc_city` (city_id, zone_id, name, code, jnereg) VALUES (1899, 156, "Wanaraja", "BDO20730", "34800");
INSERT INTO `oc_zone` (zone_id, country_id, name, status) VALUES (157, 12, "Kab. Indramayu", 1);
INSERT INTO `oc_city` (city_id, zone_id, name, code, jnereg) VALUES (1900, 157, "Anjatan", "CBN20101", "34800");
INSERT INTO `oc_city` (city_id, zone_id, name, code, jnereg) VALUES (1901, 157, "Arahan", "CBN20121", "34800");
INSERT INTO `oc_city` (city_id, zone_id, name, code, jnereg) VALUES (1902, 157, "Balongan", "CBN20102", "34800");
INSERT INTO `oc_city` (city_id, zone_id, name, code, jnereg) VALUES (1903, 157, "Bangodua", "CBN20103", "34800");
INSERT INTO `oc_city` (city_id, zone_id, name, code, jnereg) VALUES (1904, 157, "Bongas", "CBN20104", "34800");
INSERT INTO `oc_city` (city_id, zone_id, name, code, jnereg) VALUES (1905, 157, "Cantigi", "CBN20122", "34800");
INSERT INTO `oc_city` (city_id, zone_id, name, code, jnereg) VALUES (1906, 157, "Cikedung", "CBN20105", "34800");
INSERT INTO `oc_city` (city_id, zone_id, name, code, jnereg) VALUES (1907, 157, "Gabus Wetan", "CBN20106", "34800");
INSERT INTO `oc_city` (city_id, zone_id, name, code, jnereg) VALUES (1908, 157, "Gantar", "CBN20123", "34800");
INSERT INTO `oc_city` (city_id, zone_id, name, code, jnereg) VALUES (1909, 157, "Haurgeulis", "CBN20107", "34800");
INSERT INTO `oc_city` (city_id, zone_id, name, code, jnereg) VALUES (1910, 157, "Indramayu", "CBN20100", "27600");
INSERT INTO `oc_city` (city_id, zone_id, name, code, jnereg) VALUES (1911, 157, "Jatibarang", "CBN20108", "27600");
INSERT INTO `oc_city` (city_id, zone_id, name, code, jnereg) VALUES (1912, 157, "Juntiyuat", "CBN20109", "34800");
INSERT INTO `oc_city` (city_id, zone_id, name, code, jnereg) VALUES (1913, 157, "Kandanghaur", "CBN20110", "34800");
INSERT INTO `oc_city` (city_id, zone_id, name, code, jnereg) VALUES (1914, 157, "Karangampel", "CBN20111", "34800");
INSERT INTO `oc_city` (city_id, zone_id, name, code, jnereg) VALUES (1915, 157, "Kedokan Bunder", "CBN20124", "34800");
INSERT INTO `oc_city` (city_id, zone_id, name, code, jnereg) VALUES (1916, 157, "Kertasemaya", "CBN20112", "34800");
INSERT INTO `oc_city` (city_id, zone_id, name, code, jnereg) VALUES (1917, 157, "Krangkeng", "CBN20113", "34800");
INSERT INTO `oc_city` (city_id, zone_id, name, code, jnereg) VALUES (1918, 157, "Kroya", "CBN20114", "34800");
INSERT INTO `oc_city` (city_id, zone_id, name, code, jnereg) VALUES (1919, 157, "Lelea", "CBN20115", "34800");
INSERT INTO `oc_city` (city_id, zone_id, name, code, jnereg) VALUES (1920, 157, "Lohbener", "CBN20116", "34800");
INSERT INTO `oc_city` (city_id, zone_id, name, code, jnereg) VALUES (1921, 157, "Losarang", "CBN20117", "34800");
INSERT INTO `oc_city` (city_id, zone_id, name, code, jnereg) VALUES (1922, 157, "Sindang", "CBN20125", "34800");
INSERT INTO `oc_city` (city_id, zone_id, name, code, jnereg) VALUES (1923, 157, "Sliyeg", "CBN20118", "34800");
INSERT INTO `oc_city` (city_id, zone_id, name, code, jnereg) VALUES (1924, 157, "Sukagumiwang", "CBN20126", "34800");
INSERT INTO `oc_city` (city_id, zone_id, name, code, jnereg) VALUES (1925, 157, "Sukra", "CBN20119", "34800");
INSERT INTO `oc_city` (city_id, zone_id, name, code, jnereg) VALUES (1926, 157, "Trisi", "CBN20127", "34800");
INSERT INTO `oc_city` (city_id, zone_id, name, code, jnereg) VALUES (1927, 157, "Widasari", "CBN20120", "34800");
INSERT INTO `oc_zone` (zone_id, country_id, name, status) VALUES (158, 12, "Kab. Karawang", 1);
INSERT INTO `oc_city` (city_id, zone_id, name, code, jnereg) VALUES (1928, 158, "Banyusari", "KRW10018", "27600");
INSERT INTO `oc_city` (city_id, zone_id, name, code, jnereg) VALUES (1929, 158, "Batujaya", "KRW10001", "27600");
INSERT INTO `oc_city` (city_id, zone_id, name, code, jnereg) VALUES (1930, 158, "Ciampel", "KRW10019", "21600");
INSERT INTO `oc_city` (city_id, zone_id, name, code, jnereg) VALUES (1931, 158, "Cibuaya", "KRW10002", "27600");
INSERT INTO `oc_city` (city_id, zone_id, name, code, jnereg) VALUES (1932, 158, "Cikampek", "KRW10003", "21600");
INSERT INTO `oc_city` (city_id, zone_id, name, code, jnereg) VALUES (1933, 158, "Cilamaya Kulon", "KRW10004", "27600");
INSERT INTO `oc_city` (city_id, zone_id, name, code, jnereg) VALUES (1934, 158, "Cilamaya Wetan", "KRW10020", "27600");
INSERT INTO `oc_city` (city_id, zone_id, name, code, jnereg) VALUES (1935, 158, "Cilebar", "KRW10021", "27600");
INSERT INTO `oc_city` (city_id, zone_id, name, code, jnereg) VALUES (1936, 158, "Jatisari", "KRW10005", "21600");
INSERT INTO `oc_city` (city_id, zone_id, name, code, jnereg) VALUES (1937, 158, "Jayakerta", "KRW10022", "27600");
INSERT INTO `oc_city` (city_id, zone_id, name, code, jnereg) VALUES (1938, 158, "Karawang", "KRW10000", "21600");
INSERT INTO `oc_city` (city_id, zone_id, name, code, jnereg) VALUES (1939, 158, "Karawang Barat", "KRW10023", "21600");
INSERT INTO `oc_city` (city_id, zone_id, name, code, jnereg) VALUES (1940, 158, "Karawang Timur", "KRW10024", "21600");
INSERT INTO `oc_city` (city_id, zone_id, name, code, jnereg) VALUES (1941, 158, "Klari", "KRW10006", "21600");
INSERT INTO `oc_city` (city_id, zone_id, name, code, jnereg) VALUES (1942, 158, "Kotabaru", "KRW10025", "21600");
INSERT INTO `oc_city` (city_id, zone_id, name, code, jnereg) VALUES (1943, 158, "Kutawaluya", "KRW10026", "27600");
INSERT INTO `oc_city` (city_id, zone_id, name, code, jnereg) VALUES (1944, 158, "LEMAHABANG WADAS", "KRW10007", "21600");
INSERT INTO `oc_city` (city_id, zone_id, name, code, jnereg) VALUES (1945, 158, "Majalaya", "KRW10027", "21600");
INSERT INTO `oc_city` (city_id, zone_id, name, code, jnereg) VALUES (1946, 158, "Pakisjaya", "KRW10008", "27600");
INSERT INTO `oc_city` (city_id, zone_id, name, code, jnereg) VALUES (1947, 158, "Pangkalan", "KRW10009", "27600");
INSERT INTO `oc_city` (city_id, zone_id, name, code, jnereg) VALUES (1948, 158, "Pedes", "KRW10010", "27600");
INSERT INTO `oc_city` (city_id, zone_id, name, code, jnereg) VALUES (1949, 158, "Purwasari", "KRW10028", "21600");
INSERT INTO `oc_city` (city_id, zone_id, name, code, jnereg) VALUES (1950, 158, "Rawamerta", "KRW10011", "21600");
INSERT INTO `oc_city` (city_id, zone_id, name, code, jnereg) VALUES (1951, 158, "Rengasdengklok", "KRW10012", "21600");
INSERT INTO `oc_city` (city_id, zone_id, name, code, jnereg) VALUES (1952, 158, "Talagasari", "KRW10013", "21600");
INSERT INTO `oc_city` (city_id, zone_id, name, code, jnereg) VALUES (1953, 158, "Tegalwaru", "KRW10017", "27600");
INSERT INTO `oc_city` (city_id, zone_id, name, code, jnereg) VALUES (1954, 158, "Telukjambe Barat", "KRW10014", "21600");
INSERT INTO `oc_city` (city_id, zone_id, name, code, jnereg) VALUES (1955, 158, "Telukjambe Timur", "KRW10029", "21600");
INSERT INTO `oc_city` (city_id, zone_id, name, code, jnereg) VALUES (1956, 158, "Tempuran", "KRW10015", "27600");
INSERT INTO `oc_city` (city_id, zone_id, name, code, jnereg) VALUES (1957, 158, "Tirtajaya", "KRW10030", "27600");
INSERT INTO `oc_city` (city_id, zone_id, name, code, jnereg) VALUES (1958, 158, "Tirtamulya", "KRW10016", "21600");
INSERT INTO `oc_zone` (zone_id, country_id, name, status) VALUES (159, 12, "Kab. Kuningan", 1);
INSERT INTO `oc_city` (city_id, zone_id, name, code, jnereg) VALUES (1959, 159, "Ciawi Gebang", "CBN20202", "34800");
INSERT INTO `oc_city` (city_id, zone_id, name, code, jnereg) VALUES (1960, 159, "Cibeureum", "CBN20204", "34800");
INSERT INTO `oc_city` (city_id, zone_id, name, code, jnereg) VALUES (1961, 159, "Cibingbin", "CBN20203", "34800");
INSERT INTO `oc_city` (city_id, zone_id, name, code, jnereg) VALUES (1962, 159, "Cidahu", "CBN20205", "34800");
INSERT INTO `oc_city` (city_id, zone_id, name, code, jnereg) VALUES (1963, 159, "Cigandamekar", "CBN20237", "34800");
INSERT INTO `oc_city` (city_id, zone_id, name, code, jnereg) VALUES (1964, 159, "Cigugur", "CBN20206", "34800");
INSERT INTO `oc_city` (city_id, zone_id, name, code, jnereg) VALUES (1965, 159, "Cilebak", "CBN20209", "34800");
INSERT INTO `oc_city` (city_id, zone_id, name, code, jnereg) VALUES (1966, 159, "Cilimus", "CBN20208", "34800");
INSERT INTO `oc_city` (city_id, zone_id, name, code, jnereg) VALUES (1967, 159, "Cimahi", "CBN20210", "34800");
INSERT INTO `oc_city` (city_id, zone_id, name, code, jnereg) VALUES (1968, 159, "Ciniru", "CBN20211", "34800");
INSERT INTO `oc_city` (city_id, zone_id, name, code, jnereg) VALUES (1969, 159, "Cipicung", "CBN20212", "34800");
INSERT INTO `oc_city` (city_id, zone_id, name, code, jnereg) VALUES (1970, 159, "Ciwaru", "CBN20238", "34800");
INSERT INTO `oc_city` (city_id, zone_id, name, code, jnereg) VALUES (1971, 159, "Darma", "CBN20213", "34800");
INSERT INTO `oc_city` (city_id, zone_id, name, code, jnereg) VALUES (1972, 159, "Garawangi", "CBN20214", "34800");
INSERT INTO `oc_city` (city_id, zone_id, name, code, jnereg) VALUES (1973, 159, "Hantara", "CBN20215", "34800");
INSERT INTO `oc_city` (city_id, zone_id, name, code, jnereg) VALUES (1974, 159, "Jalaksana", "CBN20216", "34800");
INSERT INTO `oc_city` (city_id, zone_id, name, code, jnereg) VALUES (1975, 159, "Japara", "CBN20217", "34800");
INSERT INTO `oc_city` (city_id, zone_id, name, code, jnereg) VALUES (1976, 159, "Kadugede", "CBN20218", "34800");
INSERT INTO `oc_city` (city_id, zone_id, name, code, jnereg) VALUES (1977, 159, "Kalimanggis", "CBN20219", "34800");
INSERT INTO `oc_city` (city_id, zone_id, name, code, jnereg) VALUES (1978, 159, "Karangkancana", "CBN20220", "34800");
INSERT INTO `oc_city` (city_id, zone_id, name, code, jnereg) VALUES (1979, 159, "Kramatmulya", "CBN20221", "34800");
INSERT INTO `oc_city` (city_id, zone_id, name, code, jnereg) VALUES (1980, 159, "Kuningan", "CBN20200", "27600");
INSERT INTO `oc_city` (city_id, zone_id, name, code, jnereg) VALUES (1981, 159, "Lebakwangi", "CBN20222", "34800");
INSERT INTO `oc_city` (city_id, zone_id, name, code, jnereg) VALUES (1982, 159, "Luragung", "CBN20224", "34800");
INSERT INTO `oc_city` (city_id, zone_id, name, code, jnereg) VALUES (1983, 159, "Maleber", "CBN20225", "34800");
INSERT INTO `oc_city` (city_id, zone_id, name, code, jnereg) VALUES (1984, 159, "Mandirancan", "CBN20226", "34800");
INSERT INTO `oc_city` (city_id, zone_id, name, code, jnereg) VALUES (1985, 159, "Nusaherang", "CBN20228", "34800");
INSERT INTO `oc_city` (city_id, zone_id, name, code, jnereg) VALUES (1986, 159, "Pancalang", "CBN20230", "34800");
INSERT INTO `oc_city` (city_id, zone_id, name, code, jnereg) VALUES (1987, 159, "Pasawahan", "CBN20231", "34800");
INSERT INTO `oc_city` (city_id, zone_id, name, code, jnereg) VALUES (1988, 159, "Selajambe", "CBN20232", "34800");
INSERT INTO `oc_city` (city_id, zone_id, name, code, jnereg) VALUES (1989, 159, "Sindangagung", "CBN20233", "34800");
INSERT INTO `oc_city` (city_id, zone_id, name, code, jnereg) VALUES (1990, 159, "Subang", "CBN20234", "34800");
INSERT INTO `oc_zone` (zone_id, country_id, name, status) VALUES (160, 12, "Kab. Majalengka", 1);
INSERT INTO `oc_city` (city_id, zone_id, name, code, jnereg) VALUES (1991, 160, "Argapura", "CBN20301", "34800");
INSERT INTO `oc_city` (city_id, zone_id, name, code, jnereg) VALUES (1992, 160, "Banjaran", "CBN20320", "34800");
INSERT INTO `oc_city` (city_id, zone_id, name, code, jnereg) VALUES (1993, 160, "Bantarujeg", "CBN20302", "34800");
INSERT INTO `oc_city` (city_id, zone_id, name, code, jnereg) VALUES (1994, 160, "Cigasong", "CBN20321", "34800");
INSERT INTO `oc_city` (city_id, zone_id, name, code, jnereg) VALUES (1995, 160, "Cikijing", "CBN20303", "34800");
INSERT INTO `oc_city` (city_id, zone_id, name, code, jnereg) VALUES (1996, 160, "Cingambul", "CBN20322", "34800");
INSERT INTO `oc_city` (city_id, zone_id, name, code, jnereg) VALUES (1997, 160, "Dawuan", "CBN20304", "34800");
INSERT INTO `oc_city` (city_id, zone_id, name, code, jnereg) VALUES (1998, 160, "Jatitujuh", "CBN20306", "34800");
INSERT INTO `oc_city` (city_id, zone_id, name, code, jnereg) VALUES (1999, 160, "Jatiwangi", "CBN20305", "27600");
INSERT INTO `oc_city` (city_id, zone_id, name, code, jnereg) VALUES (2000, 160, "Kadipaten", "CBN20307", "27600");
INSERT INTO `oc_city` (city_id, zone_id, name, code, jnereg) VALUES (2001, 160, "Kertajati", "CBN20308", "34800");
INSERT INTO `oc_city` (city_id, zone_id, name, code, jnereg) VALUES (2002, 160, "Lemahsugih", "CBN20309", "34800");
INSERT INTO `oc_city` (city_id, zone_id, name, code, jnereg) VALUES (2003, 160, "Leuwimunding", "CBN20310", "34800");
INSERT INTO `oc_city` (city_id, zone_id, name, code, jnereg) VALUES (2004, 160, "Ligung", "CBN20311", "34800");
INSERT INTO `oc_city` (city_id, zone_id, name, code, jnereg) VALUES (2005, 160, "Maja", "CBN20312", "34800");
INSERT INTO `oc_city` (city_id, zone_id, name, code, jnereg, kgp) VALUES (2006, 160, "Majalengka", "CBN20300", "27600", "27000");
INSERT INTO `oc_city` (city_id, zone_id, name, code, jnereg) VALUES (2007, 160, "Palasah", "CBN20313", "34800");
INSERT INTO `oc_city` (city_id, zone_id, name, code, jnereg) VALUES (2008, 160, "Panyingkiran", "CBN20314", "34800");
INSERT INTO `oc_city` (city_id, zone_id, name, code, jnereg) VALUES (2009, 160, "Rajagaluh", "CBN20315", "34800");
INSERT INTO `oc_city` (city_id, zone_id, name, code, jnereg) VALUES (2010, 160, "Sindangwangi", "CBN20323", "34800");
INSERT INTO `oc_city` (city_id, zone_id, name, code, jnereg) VALUES (2011, 160, "Sukahaji", "CBN20317", "34800");
INSERT INTO `oc_city` (city_id, zone_id, name, code, jnereg) VALUES (2012, 160, "Sumber Jaya", "CBN20318", "34800");
INSERT INTO `oc_city` (city_id, zone_id, name, code, jnereg) VALUES (2013, 160, "Talaga", "CBN20319", "34800");
INSERT INTO `oc_zone` (zone_id, country_id, name, status) VALUES (161, 12, "Kab. Purwakarta", 1);
INSERT INTO `oc_city` (city_id, zone_id, name, code, jnereg) VALUES (2014, 161, "Babakancikao", "BDO20804", "34800");
INSERT INTO `oc_city` (city_id, zone_id, name, code, jnereg) VALUES (2015, 161, "Bojong", "BDO20820", "34800");
INSERT INTO `oc_city` (city_id, zone_id, name, code, jnereg) VALUES (2016, 161, "Bungursari", "BDO20805", "34800");
INSERT INTO `oc_city` (city_id, zone_id, name, code, jnereg) VALUES (2017, 161, "Campaka", "BDO20802", "34800");
INSERT INTO `oc_city` (city_id, zone_id, name, code, jnereg, kgp) VALUES (2018, 161, "Cibatu", "BDO20806", "34800", "26500");
INSERT INTO `oc_city` (city_id, zone_id, name, code, jnereg) VALUES (2019, 161, "Darangdan", "BDO20809", "34800");
INSERT INTO `oc_city` (city_id, zone_id, name, code, jnereg) VALUES (2020, 161, "Jatiluhur", "BDO20801", "34800");
INSERT INTO `oc_city` (city_id, zone_id, name, code, jnereg) VALUES (2021, 161, "Kiarapedes", "BDO20821", "34800");
INSERT INTO `oc_city` (city_id, zone_id, name, code, jnereg) VALUES (2022, 161, "Maniis", "BDO20810", "34800");
INSERT INTO `oc_city` (city_id, zone_id, name, code, jnereg) VALUES (2023, 161, "Pasawahan", "BDO20803", "34800");
INSERT INTO `oc_city` (city_id, zone_id, name, code, jnereg) VALUES (2024, 161, "Plered", "BDO20807", "34800");
INSERT INTO `oc_city` (city_id, zone_id, name, code, jnereg) VALUES (2025, 161, "Pondoksalam", "BDO20814", "34800");
INSERT INTO `oc_city` (city_id, zone_id, name, code, jnereg, kgp) VALUES (2026, 161, "Purwakarta", "BDO20800", "27600", "18500");
INSERT INTO `oc_city` (city_id, zone_id, name, code, jnereg) VALUES (2027, 161, "Sukasari", "BDO20813", "34800");
INSERT INTO `oc_city` (city_id, zone_id, name, code, jnereg) VALUES (2028, 161, "Sukatani", "BDO20808", "34800");
INSERT INTO `oc_city` (city_id, zone_id, name, code, jnereg) VALUES (2029, 161, "Tegalwaru", "BDO20811", "34800");
INSERT INTO `oc_city` (city_id, zone_id, name, code, jnereg) VALUES (2030, 161, "Wanayasa", "BDO20812", "34800");
INSERT INTO `oc_zone` (zone_id, country_id, name, status) VALUES (162, 12, "Kab. Subang", 1);
INSERT INTO `oc_city` (city_id, zone_id, name, code, jnereg) VALUES (2031, 162, "Binong", "BDO21102", "34800");
INSERT INTO `oc_city` (city_id, zone_id, name, code, jnereg) VALUES (2032, 162, "Blanakan", "BDO21103", "34800");
INSERT INTO `oc_city` (city_id, zone_id, name, code, jnereg) VALUES (2033, 162, "Ciasem", "BDO21104", "34800");
INSERT INTO `oc_city` (city_id, zone_id, name, code, jnereg) VALUES (2034, 162, "Cibogo", "BDO21105", "34800");
INSERT INTO `oc_city` (city_id, zone_id, name, code, jnereg) VALUES (2035, 162, "Cijambe", "BDO21106", "34800");
INSERT INTO `oc_city` (city_id, zone_id, name, code, jnereg) VALUES (2036, 162, "Cikaum", "BDO21119", "34800");
INSERT INTO `oc_city` (city_id, zone_id, name, code, jnereg) VALUES (2037, 162, "Cipeundeuy", "BDO21101", "34800");
INSERT INTO `oc_city` (city_id, zone_id, name, code, jnereg) VALUES (2038, 162, "Cipunagara", "BDO21120", "34800");
INSERT INTO `oc_city` (city_id, zone_id, name, code, jnereg) VALUES (2039, 162, "Cisalak", "BDO21107", "34800");
INSERT INTO `oc_city` (city_id, zone_id, name, code, jnereg) VALUES (2040, 162, "Compreng", "BDO21108", "34800");
INSERT INTO `oc_city` (city_id, zone_id, name, code, jnereg) VALUES (2041, 162, "Jalan Cagak", "BDO21109", "34800");
INSERT INTO `oc_city` (city_id, zone_id, name, code, jnereg) VALUES (2042, 162, "Kalijati", "BDO21110", "34800");
INSERT INTO `oc_city` (city_id, zone_id, name, code, jnereg) VALUES (2043, 162, "Legon Kulon", "BDO21121", "34800");
INSERT INTO `oc_city` (city_id, zone_id, name, code, jnereg) VALUES (2044, 162, "Pabuaran", "BDO21111", "34800");
INSERT INTO `oc_city` (city_id, zone_id, name, code, jnereg) VALUES (2045, 162, "Pagaden", "BDO21122", "34800");
INSERT INTO `oc_city` (city_id, zone_id, name, code, jnereg) VALUES (2046, 162, "Pamanukan", "BDO21113", "34800");
INSERT INTO `oc_city` (city_id, zone_id, name, code, jnereg) VALUES (2047, 162, "Patok Beusi", "BDO21114", "34800");
INSERT INTO `oc_city` (city_id, zone_id, name, code, jnereg) VALUES (2048, 162, "Purwadadi", "BDO21115", "34800");
INSERT INTO `oc_city` (city_id, zone_id, name, code, jnereg) VALUES (2049, 162, "Pusakanagara", "BDO21116", "34800");
INSERT INTO `oc_city` (city_id, zone_id, name, code, jnereg) VALUES (2050, 162, "Sagalaherang", "BDO21117", "34800");
INSERT INTO `oc_city` (city_id, zone_id, name, code, jnereg, kgp) VALUES (2051, 162, "Subang", "BDO21100", "27600", "21500");
INSERT INTO `oc_city` (city_id, zone_id, name, code, jnereg) VALUES (2052, 162, "Tanjung Siang", "BDO21118", "34800");
INSERT INTO `oc_zone` (zone_id, country_id, name, status) VALUES (163, 12, "Kab. Sukabumi", 1);
INSERT INTO `oc_city` (city_id, zone_id, name, code, jnereg) VALUES (2053, 163, "Bantargadung", "SMI10001", "34800");
INSERT INTO `oc_city` (city_id, zone_id, name, code, jnereg) VALUES (2054, 163, "Bojong Genteng", "SMI10003", "34800");
INSERT INTO `oc_city` (city_id, zone_id, name, code, jnereg) VALUES (2055, 163, "Caringin", "SMI10004", "34800");
INSERT INTO `oc_city` (city_id, zone_id, name, code, jnereg) VALUES (2056, 163, "Cibadak", "SMI10005", "34800");
INSERT INTO `oc_city` (city_id, zone_id, name, code, jnereg) VALUES (2057, 163, "Cibitung", "SMI10006", "34800");
INSERT INTO `oc_city` (city_id, zone_id, name, code, jnereg) VALUES (2058, 163, "Cicantayan", "SMI10008", "34800");
INSERT INTO `oc_city` (city_id, zone_id, name, code, jnereg) VALUES (2059, 163, "Cicurug", "SMI10007", "34800");
INSERT INTO `oc_city` (city_id, zone_id, name, code, jnereg) VALUES (2060, 163, "Cidadap", "SMI10011", "34800");
INSERT INTO `oc_city` (city_id, zone_id, name, code, jnereg) VALUES (2061, 163, "Cidahu", "SMI10009", "34800");
INSERT INTO `oc_city` (city_id, zone_id, name, code, jnereg) VALUES (2062, 163, "Cidolog", "SMI10010", "34800");
INSERT INTO `oc_city` (city_id, zone_id, name, code, jnereg) VALUES (2063, 163, "Ciemas", "SMI10012", "34800");
INSERT INTO `oc_city` (city_id, zone_id, name, code, jnereg) VALUES (2064, 163, "Cikakak", "SMI10015", "34800");
INSERT INTO `oc_city` (city_id, zone_id, name, code, jnereg) VALUES (2065, 163, "Cikembar", "SMI10014", "34800");
INSERT INTO `oc_city` (city_id, zone_id, name, code, jnereg) VALUES (2066, 163, "Cikidang", "SMI10013", "34800");
INSERT INTO `oc_city` (city_id, zone_id, name, code, jnereg) VALUES (2067, 163, "Ciracap", "SMI10016", "34800");
INSERT INTO `oc_city` (city_id, zone_id, name, code, jnereg) VALUES (2068, 163, "Cireunghas", "SMI10017", "34800");
INSERT INTO `oc_city` (city_id, zone_id, name, code, jnereg) VALUES (2069, 163, "Cisaat", "SMI10018", "24000");
INSERT INTO `oc_city` (city_id, zone_id, name, code, jnereg) VALUES (2070, 163, "Cisolok", "SMI10019", "34800");
INSERT INTO `oc_city` (city_id, zone_id, name, code, jnereg) VALUES (2071, 163, "Curugkembar", "SMI10020", "34800");
INSERT INTO `oc_city` (city_id, zone_id, name, code, jnereg) VALUES (2072, 163, "Gegerbitung", "SMI10021", "34800");
INSERT INTO `oc_city` (city_id, zone_id, name, code, jnereg) VALUES (2073, 163, "Gunung Guruh", "SMI10022", "34800");
INSERT INTO `oc_city` (city_id, zone_id, name, code, jnereg) VALUES (2074, 163, "Jampang Kulon", "SMI10023", "34800");
INSERT INTO `oc_city` (city_id, zone_id, name, code, jnereg) VALUES (2075, 163, "Jampang Tengah", "SMI10024", "34800");
INSERT INTO `oc_city` (city_id, zone_id, name, code, jnereg) VALUES (2076, 163, "Kabandungan", "SMI10025", "34800");
INSERT INTO `oc_city` (city_id, zone_id, name, code, jnereg) VALUES (2077, 163, "Kadudampit", "SMI10026", "34800");
INSERT INTO `oc_city` (city_id, zone_id, name, code, jnereg) VALUES (2078, 163, "Kalapa Nunggal", "SMI10027", "34800");
INSERT INTO `oc_city` (city_id, zone_id, name, code, jnereg) VALUES (2079, 163, "Kalibunder", "SMI10028", "34800");
INSERT INTO `oc_city` (city_id, zone_id, name, code, jnereg) VALUES (2080, 163, "Kebonpedes", "SMI10029", "34800");
INSERT INTO `oc_city` (city_id, zone_id, name, code, jnereg) VALUES (2081, 163, "Lengkong", "SMI10030", "34800");
INSERT INTO `oc_city` (city_id, zone_id, name, code, jnereg) VALUES (2082, 163, "Nagrak", "SMI10031", "34800");
INSERT INTO `oc_city` (city_id, zone_id, name, code, jnereg) VALUES (2083, 163, "Nyalindung", "SMI10032", "34800");
INSERT INTO `oc_city` (city_id, zone_id, name, code, jnereg) VALUES (2084, 163, "Pabuaran", "SMI10033", "34800");
INSERT INTO `oc_city` (city_id, zone_id, name, code, jnereg) VALUES (2085, 163, "Parakan Salak", "SMI10035", "34800");
INSERT INTO `oc_city` (city_id, zone_id, name, code, jnereg) VALUES (2086, 163, "Parung Kuda", "SMI10034", "34800");
INSERT INTO `oc_city` (city_id, zone_id, name, code, jnereg) VALUES (2087, 163, "Pelabuhan Ratu", "SMI10036", "27600");
INSERT INTO `oc_city` (city_id, zone_id, name, code, jnereg) VALUES (2088, 163, "Purabaya", "SMI10037", "34800");
INSERT INTO `oc_city` (city_id, zone_id, name, code, jnereg) VALUES (2089, 163, "Sagaranten", "SMI10038", "34800");
INSERT INTO `oc_city` (city_id, zone_id, name, code, jnereg) VALUES (2090, 163, "Simpenan", "SMI10039", "34800");
INSERT INTO `oc_city` (city_id, zone_id, name, code, jnereg) VALUES (2091, 163, "Sukabumi", "SMI10000", "24000");
INSERT INTO `oc_city` (city_id, zone_id, name, code, jnereg) VALUES (2092, 163, "Sukalarang", "SMI10040", "34800");
INSERT INTO `oc_city` (city_id, zone_id, name, code, jnereg) VALUES (2093, 163, "Sukaraja", "SMI10042", "24000");
INSERT INTO `oc_city` (city_id, zone_id, name, code, jnereg) VALUES (2094, 163, "Surade", "SMI10043", "34800");
INSERT INTO `oc_city` (city_id, zone_id, name, code, jnereg) VALUES (2095, 163, "Tegal Buleud", "SMI10044", "34800");
INSERT INTO `oc_city` (city_id, zone_id, name, code, jnereg) VALUES (2096, 163, "Waluran", "SMI10045", "34800");
INSERT INTO `oc_city` (city_id, zone_id, name, code, jnereg) VALUES (2097, 163, "Warung Kiara", "SMI10046", "34800");
INSERT INTO `oc_zone` (zone_id, country_id, name, status) VALUES (164, 12, "Kab. Sumedang", 1);
INSERT INTO `oc_city` (city_id, zone_id, name, code, jnereg, kgp) VALUES (2098, 164, "Buahdua", "BDO20201", "34800", "20500");
INSERT INTO `oc_city` (city_id, zone_id, name, code, jnereg) VALUES (2099, 164, "Cibugel", "BDO20203", "34800");
INSERT INTO `oc_city` (city_id, zone_id, name, code, jnereg, kgp) VALUES (2100, 164, "Cimalaka", "BDO20205", "34800", "20500");
INSERT INTO `oc_city` (city_id, zone_id, name, code, jnereg) VALUES (2101, 164, "Cimanggu", "BDO20206", "34800");
INSERT INTO `oc_city` (city_id, zone_id, name, code, jnereg) VALUES (2102, 164, "Cisarua", "BDO20248", "34800");
INSERT INTO `oc_city` (city_id, zone_id, name, code, jnereg) VALUES (2103, 164, "Cisitu", "BDO20249", "34800");
INSERT INTO `oc_city` (city_id, zone_id, name, code, jnereg, kgp) VALUES (2104, 164, "Conggeang", "BDO20208", "34800", "20500");
INSERT INTO `oc_city` (city_id, zone_id, name, code, jnereg) VALUES (2105, 164, "Darmaraja", "BDO20209", "34800");
INSERT INTO `oc_city` (city_id, zone_id, name, code, jnereg) VALUES (2106, 164, "Ganeas", "BDO20210", "34800");
INSERT INTO `oc_city` (city_id, zone_id, name, code, jnereg) VALUES (2107, 164, "Jatigede", "BDO20250", "34800");
INSERT INTO `oc_city` (city_id, zone_id, name, code, jnereg, kgp) VALUES (2108, 164, "Jatinangor", "BDO20247", "24000", "20500");
INSERT INTO `oc_city` (city_id, zone_id, name, code, jnereg) VALUES (2109, 164, "Jatinunggal", "BDO20251", "34800");
INSERT INTO `oc_city` (city_id, zone_id, name, code, jnereg) VALUES (2110, 164, "Pamulihan", "BDO20214", "34800");
INSERT INTO `oc_city` (city_id, zone_id, name, code, jnereg) VALUES (2111, 164, "Paseh", "BDO20215", "34800");
INSERT INTO `oc_city` (city_id, zone_id, name, code, jnereg) VALUES (2112, 164, "Rancakalong", "BDO20216", "34800");
INSERT INTO `oc_city` (city_id, zone_id, name, code, jnereg) VALUES (2113, 164, "Situraja", "BDO20217", "34800");
INSERT INTO `oc_city` (city_id, zone_id, name, code, jnereg) VALUES (2114, 164, "Sukasari", "BDO20218", "34800");
INSERT INTO `oc_city` (city_id, zone_id, name, code, jnereg, kgp) VALUES (2115, 164, "Sumedang", "BDO20200", "27600", "24500");
INSERT INTO `oc_city` (city_id, zone_id, name, code, jnereg) VALUES (2116, 164, "Sumedang Selatan", "BDO20252", "27600");
INSERT INTO `oc_city` (city_id, zone_id, name, code, jnereg) VALUES (2117, 164, "Sumedang Utara", "BDO20253", "27600");
INSERT INTO `oc_city` (city_id, zone_id, name, code, jnereg) VALUES (2118, 164, "Surian", "BDO20219", "34800");
INSERT INTO `oc_city` (city_id, zone_id, name, code, jnereg) VALUES (2119, 164, "Tanjungkerta", "BDO20220", "34800");
INSERT INTO `oc_city` (city_id, zone_id, name, code, jnereg) VALUES (2120, 164, "Tanjungmedar", "BDO20254", "34800");
INSERT INTO `oc_city` (city_id, zone_id, name, code, jnereg) VALUES (2121, 164, "Tanjungsari", "BDO20221", "34800");
INSERT INTO `oc_city` (city_id, zone_id, name, code, jnereg) VALUES (2122, 164, "Tomo", "BDO20222", "34800");
INSERT INTO `oc_city` (city_id, zone_id, name, code, jnereg) VALUES (2123, 164, "Ujung Jaya", "BDO20223", "34800");
INSERT INTO `oc_city` (city_id, zone_id, name, code, jnereg, kgp) VALUES (2124, 164, "Wado", "BDO20224", "34800", "20500");
INSERT INTO `oc_zone` (zone_id, country_id, name, status) VALUES (165, 12, "Kab. Tasikmalaya", 1);
INSERT INTO `oc_city` (city_id, zone_id, name, code, jnereg) VALUES (2125, 165, "Bantarkalong", "BDO20612", "34800");
INSERT INTO `oc_city` (city_id, zone_id, name, code, jnereg) VALUES (2126, 165, "Bojongasih", "BDO20630", "34800");
INSERT INTO `oc_city` (city_id, zone_id, name, code, jnereg) VALUES (2127, 165, "Bojonggambir", "BDO20601", "34800");
INSERT INTO `oc_city` (city_id, zone_id, name, code, jnereg) VALUES (2128, 165, "Ciawi", "BDO20614", "34800");
INSERT INTO `oc_city` (city_id, zone_id, name, code, jnereg) VALUES (2129, 165, "Cibalong", "BDO20615", "34800");
INSERT INTO `oc_city` (city_id, zone_id, name, code, jnereg) VALUES (2130, 165, "Cigalontang", "BDO20602", "34800");
INSERT INTO `oc_city` (city_id, zone_id, name, code, jnereg) VALUES (2131, 165, "Cikalong", "BDO20617", "34800");
INSERT INTO `oc_city` (city_id, zone_id, name, code, jnereg) VALUES (2132, 165, "Cikatomas", "BDO20616", "34800");
INSERT INTO `oc_city` (city_id, zone_id, name, code, jnereg) VALUES (2133, 165, "Cineam", "BDO20618", "34800");
INSERT INTO `oc_city` (city_id, zone_id, name, code, jnereg) VALUES (2134, 165, "Cipatujah", "BDO20619", "34800");
INSERT INTO `oc_city` (city_id, zone_id, name, code, jnereg) VALUES (2135, 165, "Cisayong", "BDO20620", "34800");
INSERT INTO `oc_city` (city_id, zone_id, name, code, jnereg) VALUES (2136, 165, "Culamega", "BDO20613", "34800");
INSERT INTO `oc_city` (city_id, zone_id, name, code, jnereg) VALUES (2137, 165, "Gunung Tanjung", "BDO20631", "34800");
INSERT INTO `oc_city` (city_id, zone_id, name, code, jnereg) VALUES (2138, 165, "Jamanis", "BDO20621", "34800");
INSERT INTO `oc_city` (city_id, zone_id, name, code, jnereg) VALUES (2139, 165, "Jatiwaras", "BDO20632", "34800");
INSERT INTO `oc_city` (city_id, zone_id, name, code, jnereg) VALUES (2140, 165, "Kadipaten", "BDO20629", "34800");
INSERT INTO `oc_city` (city_id, zone_id, name, code, jnereg) VALUES (2141, 165, "Karangjaya", "BDO20633", "34800");
INSERT INTO `oc_city` (city_id, zone_id, name, code, jnereg) VALUES (2142, 165, "Karangnunggal", "BDO20622", "34800");
INSERT INTO `oc_city` (city_id, zone_id, name, code, jnereg) VALUES (2143, 165, "Leuwisari", "BDO20603", "34800");
INSERT INTO `oc_city` (city_id, zone_id, name, code, jnereg) VALUES (2144, 165, "Mangunreja", "BDO20609", "34800");
INSERT INTO `oc_city` (city_id, zone_id, name, code, jnereg) VALUES (2145, 165, "Manonjaya", "BDO20623", "34800");
INSERT INTO `oc_city` (city_id, zone_id, name, code, jnereg) VALUES (2146, 165, "Padakembang", "BDO20634", "34800");
INSERT INTO `oc_city` (city_id, zone_id, name, code, jnereg) VALUES (2147, 165, "Pagerageung", "BDO20635", "34800");
INSERT INTO `oc_city` (city_id, zone_id, name, code, jnereg) VALUES (2148, 165, "Pancatengah", "BDO20624", "34800");
INSERT INTO `oc_city` (city_id, zone_id, name, code, jnereg) VALUES (2149, 165, "Parungponteng", "BDO20636", "34800");
INSERT INTO `oc_city` (city_id, zone_id, name, code, jnereg) VALUES (2150, 165, "Puspahiang", "BDO20637", "34800");
INSERT INTO `oc_city` (city_id, zone_id, name, code, jnereg) VALUES (2151, 165, "Rajapolah", "BDO20625", "34800");
INSERT INTO `oc_city` (city_id, zone_id, name, code, jnereg) VALUES (2152, 165, "Salawu", "BDO20606", "34800");
INSERT INTO `oc_city` (city_id, zone_id, name, code, jnereg) VALUES (2153, 165, "Salopa", "BDO20626", "34800");
INSERT INTO `oc_city` (city_id, zone_id, name, code, jnereg) VALUES (2154, 165, "Sariwangi", "BDO20605", "34800");
INSERT INTO `oc_city` (city_id, zone_id, name, code, jnereg, kgp) VALUES (2155, 165, "Singaparna", "BDO20600", "27600", "24500");
INSERT INTO `oc_city` (city_id, zone_id, name, code, jnereg) VALUES (2156, 165, "Sodonghilir", "BDO20610", "34800");
INSERT INTO `oc_city` (city_id, zone_id, name, code, jnereg) VALUES (2157, 165, "Sukahening", "BDO20642", "34800");
INSERT INTO `oc_city` (city_id, zone_id, name, code, jnereg) VALUES (2158, 165, "Sukaraja", "BDO20627", "34800");
INSERT INTO `oc_city` (city_id, zone_id, name, code, jnereg) VALUES (2159, 165, "Sukarame", "BDO20608", "34800");
INSERT INTO `oc_city` (city_id, zone_id, name, code, jnereg) VALUES (2160, 165, "Sukaratu", "BDO20638", "34800");
INSERT INTO `oc_city` (city_id, zone_id, name, code, jnereg) VALUES (2161, 165, "Sukaresik", "BDO20639", "34800");
INSERT INTO `oc_city` (city_id, zone_id, name, code, jnereg) VALUES (2162, 165, "Tanjungjaya", "BDO20640", "34800");
INSERT INTO `oc_city` (city_id, zone_id, name, code, jnereg) VALUES (2163, 165, "Taraju", "BDO20611", "34800");
INSERT INTO `oc_zone` (zone_id, country_id, name, status) VALUES (166, 12, "Kab.Ciamis", 1);
INSERT INTO `oc_city` (city_id, zone_id, name, code, jnereg) VALUES (2164, 166, "Banjarsari", "BDO20513", "34800");
INSERT INTO `oc_city` (city_id, zone_id, name, code, jnereg) VALUES (2165, 166, "Baregbeg", "BDO20530", "34800");
INSERT INTO `oc_city` (city_id, zone_id, name, code, jnereg) VALUES (2166, 166, "Ciamis", "BDO20500", "27600");
INSERT INTO `oc_city` (city_id, zone_id, name, code, jnereg) VALUES (2167, 166, "Cidolog", "BDO20529", "34800");
INSERT INTO `oc_city` (city_id, zone_id, name, code, jnereg) VALUES (2168, 166, "Cigugur", "BDO20515", "34800");
INSERT INTO `oc_city` (city_id, zone_id, name, code, jnereg) VALUES (2169, 166, "Cihaurbeuti", "BDO20501", "34800");
INSERT INTO `oc_city` (city_id, zone_id, name, code, jnereg) VALUES (2170, 166, "Cijeungjing", "BDO20502", "34800");
INSERT INTO `oc_city` (city_id, zone_id, name, code, jnereg) VALUES (2171, 166, "Cijulang", "BDO20516", "34800");
INSERT INTO `oc_city` (city_id, zone_id, name, code, jnereg) VALUES (2172, 166, "Cikoneng", "BDO20503", "34800");
INSERT INTO `oc_city` (city_id, zone_id, name, code, jnereg) VALUES (2173, 166, "Cimaragas", "BDO20514", "34800");
INSERT INTO `oc_city` (city_id, zone_id, name, code, jnereg) VALUES (2174, 166, "Cimerak", "BDO20517", "34800");
INSERT INTO `oc_city` (city_id, zone_id, name, code, jnereg) VALUES (2175, 166, "Cipaku", "BDO20504", "34800");
INSERT INTO `oc_city` (city_id, zone_id, name, code, jnereg) VALUES (2176, 166, "Cisaga", "BDO20518", "34800");
INSERT INTO `oc_city` (city_id, zone_id, name, code, jnereg) VALUES (2177, 166, "Jatinagara", "BDO20505", "34800");
INSERT INTO `oc_city` (city_id, zone_id, name, code, jnereg) VALUES (2178, 166, "Kalipucang", "BDO20519", "34800");
INSERT INTO `oc_city` (city_id, zone_id, name, code, jnereg) VALUES (2179, 166, "Kawali", "BDO20506", "34800");
INSERT INTO `oc_city` (city_id, zone_id, name, code, jnereg) VALUES (2180, 166, "Lakbok", "BDO20520", "34800");
INSERT INTO `oc_city` (city_id, zone_id, name, code, jnereg) VALUES (2181, 166, "Langkap lancar", "BDO20521", "34800");
INSERT INTO `oc_city` (city_id, zone_id, name, code, jnereg) VALUES (2182, 166, "Lumbung", "BDO20531", "34800");
INSERT INTO `oc_city` (city_id, zone_id, name, code, jnereg) VALUES (2183, 166, "Mangunjaya", "BDO20532", "34800");
INSERT INTO `oc_city` (city_id, zone_id, name, code, jnereg) VALUES (2184, 166, "Padaherang", "BDO20522", "34800");
INSERT INTO `oc_city` (city_id, zone_id, name, code, jnereg) VALUES (2185, 166, "Pamarican", "BDO20523", "34800");
INSERT INTO `oc_city` (city_id, zone_id, name, code, jnereg) VALUES (2186, 166, "Panawangan", "BDO20508", "34800");
INSERT INTO `oc_city` (city_id, zone_id, name, code, jnereg) VALUES (2187, 166, "Pangandaran", "BDO20524", "34800");
INSERT INTO `oc_city` (city_id, zone_id, name, code, jnereg) VALUES (2188, 166, "Panjalu", "BDO20509", "34800");
INSERT INTO `oc_city` (city_id, zone_id, name, code, jnereg) VALUES (2189, 166, "Panumbangan", "BDO20507", "34800");
INSERT INTO `oc_city` (city_id, zone_id, name, code, jnereg) VALUES (2190, 166, "Parigi", "BDO20525", "34800");
INSERT INTO `oc_city` (city_id, zone_id, name, code, jnereg) VALUES (2191, 166, "Purwadadi", "BDO20528", "34800");
INSERT INTO `oc_city` (city_id, zone_id, name, code, jnereg) VALUES (2192, 166, "Rajadesa", "BDO20510", "34800");
INSERT INTO `oc_city` (city_id, zone_id, name, code, jnereg) VALUES (2193, 166, "Rancah", "BDO20526", "34800");
INSERT INTO `oc_city` (city_id, zone_id, name, code, jnereg) VALUES (2194, 166, "Sadananya", "BDO20511", "34800");
INSERT INTO `oc_city` (city_id, zone_id, name, code, jnereg) VALUES (2195, 166, "Sidamulih", "BDO20533", "34800");
INSERT INTO `oc_city` (city_id, zone_id, name, code, jnereg) VALUES (2196, 166, "Sindangkasih", "BDO20534", "34800");
INSERT INTO `oc_city` (city_id, zone_id, name, code, jnereg) VALUES (2197, 166, "Sukadana", "BDO20512", "34800");
INSERT INTO `oc_city` (city_id, zone_id, name, code, jnereg) VALUES (2198, 166, "Tambaksari", "BDO20527", "34800");
INSERT INTO `oc_zone` (zone_id, country_id, name, status) VALUES (167, 12, "Kota Bandung", 1);
INSERT INTO `oc_city` (city_id, zone_id, name, code, jnereg, kgp) VALUES (2199, 167, "Andir", "BDO10041", "24000", "18500");
INSERT INTO `oc_city` (city_id, zone_id, name, code, jnereg, kgp) VALUES (2200, 167, "Arcamanik", "BDO10042", "24000", "18500");
INSERT INTO `oc_city` (city_id, zone_id, name, code, jnereg, kgp) VALUES (2201, 167, "Astanaanyar", "BDO10043", "24000", "18500");
INSERT INTO `oc_city` (city_id, zone_id, name, code, jnereg, kgp) VALUES (2202, 167, "Babakanciparay", "BDO10044", "24000", "18500");
INSERT INTO `oc_city` (city_id, zone_id, name, code, jnereg, kgp) VALUES (2203, 167, "Bandung", "BDO10000", "24000", "18500");
INSERT INTO `oc_city` (city_id, zone_id, name, code, jnereg, kgp) VALUES (2204, 167, "Bandung Kidul", "BDO10045", "24000", "18500");
INSERT INTO `oc_city` (city_id, zone_id, name, code, jnereg, kgp) VALUES (2205, 167, "Bandung Kulon", "BDO10046", "24000", "18500");
INSERT INTO `oc_city` (city_id, zone_id, name, code, jnereg, kgp) VALUES (2206, 167, "Bandung Wetan", "BDO10047", "24000", "18500");
INSERT INTO `oc_city` (city_id, zone_id, name, code, jnereg, kgp) VALUES (2207, 167, "Batununggal", "BDO10048", "24000", "18500");
INSERT INTO `oc_city` (city_id, zone_id, name, code, jnereg, kgp) VALUES (2208, 167, "Bojongloa Kaler", "BDO10049", "24000", "18500");
INSERT INTO `oc_city` (city_id, zone_id, name, code, jnereg, kgp) VALUES (2209, 167, "Bojongloa Kidul", "BDO10050", "24000", "18500");
INSERT INTO `oc_city` (city_id, zone_id, name, code, jnereg, kgp) VALUES (2210, 167, "Cibeunying Kaler", "BDO10051", "24000", "18500");
INSERT INTO `oc_city` (city_id, zone_id, name, code, jnereg, kgp) VALUES (2211, 167, "Cibeunying Kidul", "BDO10052", "24000", "18500");
INSERT INTO `oc_city` (city_id, zone_id, name, code, jnereg, kgp) VALUES (2212, 167, "Cibiru", "BDO10002", "24000", "18500");
INSERT INTO `oc_city` (city_id, zone_id, name, code, jnereg, kgp) VALUES (2213, 167, "Cicadas", "BDO10038", "24000", "18500");
INSERT INTO `oc_city` (city_id, zone_id, name, code, jnereg, kgp) VALUES (2214, 167, "Cicendo", "BDO10053", "24000", "18500");
INSERT INTO `oc_city` (city_id, zone_id, name, code, jnereg, kgp) VALUES (2215, 167, "Cidadap", "BDO10039", "24000", "18500");
INSERT INTO `oc_city` (city_id, zone_id, name, code, jnereg, kgp) VALUES (2216, 167, "Coblong", "BDO10054", "24000", "18500");
INSERT INTO `oc_city` (city_id, zone_id, name, code, jnereg, kgp) VALUES (2217, 167, "Kiaracondong", "BDO10055", "24000", "18500");
INSERT INTO `oc_city` (city_id, zone_id, name, code, jnereg, kgp) VALUES (2218, 167, "Lengkong", "BDO10040", "24000", "18500");
INSERT INTO `oc_city` (city_id, zone_id, name, code, jnereg, kgp) VALUES (2219, 167, "Margacinta", "BDO10056", "24000", "18500");
INSERT INTO `oc_city` (city_id, zone_id, name, code, jnereg, kgp) VALUES (2220, 167, "Rancasari", "BDO10057", "24000", "18500");
INSERT INTO `oc_city` (city_id, zone_id, name, code, jnereg, kgp) VALUES (2221, 167, "Regol", "BDO10058", "24000", "18500");
INSERT INTO `oc_city` (city_id, zone_id, name, code, jnereg, kgp) VALUES (2222, 167, "Sukajadi", "BDO10059", "24000", "18500");
INSERT INTO `oc_city` (city_id, zone_id, name, code, jnereg, kgp) VALUES (2223, 167, "Sukasari", "BDO10037", "24000", "18500");
INSERT INTO `oc_city` (city_id, zone_id, name, code, jnereg, kgp) VALUES (2224, 167, "Sumurbandung", "BDO10060", "24000", "18500");
INSERT INTO `oc_city` (city_id, zone_id, name, code, jnereg, kgp) VALUES (2225, 167, "Ujungberung", "BDO10018", "24000", "18500");
INSERT INTO `oc_zone` (zone_id, country_id, name, status) VALUES (168, 12, "Kota Banjar", 1);
INSERT INTO `oc_city` (city_id, zone_id, name, code, jnereg) VALUES (2226, 168, "Banjar", "BDO20400", "27600");
INSERT INTO `oc_city` (city_id, zone_id, name, code, jnereg) VALUES (2227, 168, "Langensari", "BDO20416", "27600");
INSERT INTO `oc_city` (city_id, zone_id, name, code, jnereg) VALUES (2228, 168, "Pataruman", "BDO20417", "27600");
INSERT INTO `oc_city` (city_id, zone_id, name, code, jnereg) VALUES (2229, 168, "Purwaharja", "BDO20418", "27600");
INSERT INTO `oc_zone` (zone_id, country_id, name, status) VALUES (169, 12, "Kota Bekasi", 1);
INSERT INTO `oc_city` (city_id, zone_id, name, code, jnereg) VALUES (2230, 169, "Bantar Gebang", "BKI10002", "20400");
INSERT INTO `oc_city` (city_id, zone_id, name, code, jnereg, kgp) VALUES (2231, 169, "Bekasi", "BKI10000", "20400", "18000");
INSERT INTO `oc_city` (city_id, zone_id, name, code, jnereg) VALUES (2232, 169, "Bekasi Barat", "BKI10039", "20400");
INSERT INTO `oc_city` (city_id, zone_id, name, code, jnereg) VALUES (2233, 169, "Bekasi Selatan", "BKI10040", "20400");
INSERT INTO `oc_city` (city_id, zone_id, name, code, jnereg) VALUES (2234, 169, "Bekasi Timur", "BKI10041", "20400");
INSERT INTO `oc_city` (city_id, zone_id, name, code, jnereg) VALUES (2235, 169, "Bekasi Utara", "BKI10042", "20400");
INSERT INTO `oc_city` (city_id, zone_id, name, code, jnereg) VALUES (2236, 169, "Jatiasih", "BKI10043", "20400");
INSERT INTO `oc_city` (city_id, zone_id, name, code, jnereg) VALUES (2237, 169, "Jatisampurna", "BKI10044", "20400");
INSERT INTO `oc_city` (city_id, zone_id, name, code, jnereg) VALUES (2238, 169, "Medan Satria", "BKI10045", "20400");
INSERT INTO `oc_city` (city_id, zone_id, name, code, jnereg) VALUES (2239, 169, "Mustika Jaya", "BKI10046", "20400");
INSERT INTO `oc_city` (city_id, zone_id, name, code, jnereg) VALUES (2240, 169, "Pondok Melati", "BKI10048", "20400");
INSERT INTO `oc_city` (city_id, zone_id, name, code, jnereg) VALUES (2241, 169, "Pondokgede", "BKI10047", "20400");
INSERT INTO `oc_city` (city_id, zone_id, name, code, jnereg) VALUES (2242, 169, "Rawalumbu", "BKI10049", "20400");
INSERT INTO `oc_zone` (zone_id, country_id, name, status) VALUES (170, 12, "Kota Bogor", 1);
INSERT INTO `oc_city` (city_id, zone_id, name, code, jnereg, kgp) VALUES (2243, 170, "Bogor", "BOO10000", "20400", "19000");
INSERT INTO `oc_city` (city_id, zone_id, name, code, jnereg) VALUES (2244, 170, "Bogor Barat", "BOO10026", "20400");
INSERT INTO `oc_city` (city_id, zone_id, name, code, jnereg) VALUES (2245, 170, "Bogor Selatan", "BOO10027", "20400");
INSERT INTO `oc_city` (city_id, zone_id, name, code, jnereg) VALUES (2246, 170, "Bogor Tengah", "BOO10028", "20400");
INSERT INTO `oc_city` (city_id, zone_id, name, code, jnereg) VALUES (2247, 170, "Bogor Timur", "BOO10029", "20400");
INSERT INTO `oc_city` (city_id, zone_id, name, code, jnereg) VALUES (2248, 170, "Bogor Utara", "BOO10030", "20400");
INSERT INTO `oc_city` (city_id, zone_id, name, code, jnereg) VALUES (2249, 170, "Tanah Sereal", "BOO10031", "20400");
INSERT INTO `oc_zone` (zone_id, country_id, name, status) VALUES (171, 12, "Kota Cimahi", 1);
INSERT INTO `oc_city` (city_id, zone_id, name, code, jnereg, kgp) VALUES (2250, 171, "Cimahi", "BDO20100", "24000", "20500");
INSERT INTO `oc_city` (city_id, zone_id, name, code, jnereg) VALUES (2251, 171, "Cimahi Selatan", "BDO20117", "24000");
INSERT INTO `oc_city` (city_id, zone_id, name, code, jnereg) VALUES (2252, 171, "Cimahi Tengah", "BDO20118", "24000");
INSERT INTO `oc_city` (city_id, zone_id, name, code, jnereg) VALUES (2253, 171, "Cimahi Utara", "BDO20119", "24000");
INSERT INTO `oc_zone` (zone_id, country_id, name, status) VALUES (172, 12, "Kota Cirebon", 1);
INSERT INTO `oc_city` (city_id, zone_id, name, code, jnereg, kgp) VALUES (2254, 172, "Cirebon", "CBN10000", "24000", "21000");
INSERT INTO `oc_city` (city_id, zone_id, name, code, jnereg) VALUES (2255, 172, "Cirebon Barat", "CBN10006", "24000");
INSERT INTO `oc_city` (city_id, zone_id, name, code, jnereg) VALUES (2256, 172, "Harjamukti", "CBN10034", "24000");
INSERT INTO `oc_city` (city_id, zone_id, name, code, jnereg) VALUES (2257, 172, "Kejaksan", "CBN10035", "24000");
INSERT INTO `oc_city` (city_id, zone_id, name, code, jnereg) VALUES (2258, 172, "Kesambi", "CBN10036", "24000");
INSERT INTO `oc_city` (city_id, zone_id, name, code, jnereg) VALUES (2259, 172, "Lemahwungkuk", "CBN10037", "24000");
INSERT INTO `oc_city` (city_id, zone_id, name, code, jnereg) VALUES (2260, 172, "Pekalipan", "CBN10038", "24000");
INSERT INTO `oc_zone` (zone_id, country_id, name, status) VALUES (173, 12, "Kota Depok", 1);
INSERT INTO `oc_city` (city_id, zone_id, name, code, jnereg) VALUES (2261, 173, "Beji", "DPK10059", "20400");
INSERT INTO `oc_city` (city_id, zone_id, name, code, jnereg) VALUES (2262, 173, "Cibubur", "DPK10050", "20400");
INSERT INTO `oc_city` (city_id, zone_id, name, code, jnereg) VALUES (2263, 173, "Cimanggis", "DPK10052", "20400");
INSERT INTO `oc_city` (city_id, zone_id, name, code, jnereg, kgp) VALUES (2264, 173, "Depok", "DPK10000", "20400", "18000");
INSERT INTO `oc_city` (city_id, zone_id, name, code, jnereg) VALUES (2265, 173, "Limo", "DPK10060", "20400");
INSERT INTO `oc_city` (city_id, zone_id, name, code, jnereg) VALUES (2266, 173, "Pancoran Mas", "DPK10061", "20400");
INSERT INTO `oc_city` (city_id, zone_id, name, code, jnereg) VALUES (2267, 173, "Sawangan", "DPK10058", "20400");
INSERT INTO `oc_city` (city_id, zone_id, name, code, jnereg) VALUES (2268, 173, "Sukmajaya", "DPK10062", "20400");
INSERT INTO `oc_zone` (zone_id, country_id, name, status) VALUES (174, 12, "Kota Sukabumi", 1);
INSERT INTO `oc_city` (city_id, zone_id, name, code, jnereg) VALUES (2269, 174, "Baros", "SMI10002", "24000");
INSERT INTO `oc_city` (city_id, zone_id, name, code, jnereg) VALUES (2270, 174, "Cibeureum", "SMI10055", "24000");
INSERT INTO `oc_city` (city_id, zone_id, name, code, jnereg) VALUES (2271, 174, "Cikole", "SMI10051", "24000");
INSERT INTO `oc_city` (city_id, zone_id, name, code, jnereg) VALUES (2272, 174, "Citamiang", "SMI10052", "24000");
INSERT INTO `oc_city` (city_id, zone_id, name, code, jnereg) VALUES (2273, 174, "GUNUNG PUYUH", "SMI10053", "24000");
INSERT INTO `oc_city` (city_id, zone_id, name, code, jnereg) VALUES (2274, 174, "LEMBUR SITU", "SMI10047", "24000");
INSERT INTO `oc_city` (city_id, zone_id, name, code, jnereg) VALUES (2275, 174, "Warudoyong", "SMI10054", "24000");
INSERT INTO `oc_zone` (zone_id, country_id, name, status) VALUES (175, 12, "Kota Tasikmalaya", 1);
INSERT INTO `oc_city` (city_id, zone_id, name, code, jnereg) VALUES (2276, 175, "Cibeureum", "BDO20306", "27600");
INSERT INTO `oc_city` (city_id, zone_id, name, code, jnereg) VALUES (2277, 175, "Cihideung", "BDO20333", "27600");
INSERT INTO `oc_city` (city_id, zone_id, name, code, jnereg) VALUES (2278, 175, "Cipedes", "BDO20334", "27600");
INSERT INTO `oc_city` (city_id, zone_id, name, code, jnereg) VALUES (2279, 175, "Indihiang", "BDO20317", "27600");
INSERT INTO `oc_city` (city_id, zone_id, name, code, jnereg) VALUES (2280, 175, "Kawalu", "BDO20321", "27600");
INSERT INTO `oc_city` (city_id, zone_id, name, code, jnereg) VALUES (2281, 175, "Mangkubumi", "BDO20335", "27600");
INSERT INTO `oc_city` (city_id, zone_id, name, code, jnereg) VALUES (2282, 175, "Tamansari", "BDO20336", "27600");
INSERT INTO `oc_city` (city_id, zone_id, name, code, jnereg, kgp) VALUES (2283, 175, "Tasikmalaya", "BDO20300", "27600", "19500");
INSERT INTO `oc_city` (city_id, zone_id, name, code, jnereg) VALUES (2284, 175, "Tawang", "BDO20337", "27600");
INSERT INTO `oc_country` (country_id, name, iso_code_2, iso_code_3, postcode_required, status) VALUES (13, "Dki Jakarta", "ID", "IDN", 1, 1);
INSERT INTO `oc_zone` (zone_id, country_id, name, status) VALUES (176, 13, "Dki Jakarta", 1);
INSERT INTO `oc_city` (city_id, zone_id, name, code, jnereg, kgp) VALUES (2285, 176, "Jakarta", "CGK10000", "19200", "17000");
INSERT INTO `oc_zone` (zone_id, country_id, name, status) VALUES (177, 13, "Kota Administrasi Jakarta Barat", 1);
INSERT INTO `oc_city` (city_id, zone_id, name, code, jnereg, kgp) VALUES (2286, 177, "Cengkareng", "CGK10108", "19200", "17000");
INSERT INTO `oc_city` (city_id, zone_id, name, code, jnereg, kgp) VALUES (2287, 177, "Grogol", "CGK10101", "19200", "17000");
INSERT INTO `oc_city` (city_id, zone_id, name, code, jnereg, kgp) VALUES (2288, 177, "Jakarta Barat", "CGK10100", "19200", "17000");
INSERT INTO `oc_city` (city_id, zone_id, name, code, jnereg, kgp) VALUES (2289, 177, "Kalideres", "CGK10102", "19200", "17000");
INSERT INTO `oc_city` (city_id, zone_id, name, code, jnereg, kgp) VALUES (2290, 177, "Kebon Jeruk", "CGK10103", "19200", "17000");
INSERT INTO `oc_city` (city_id, zone_id, name, code, jnereg, kgp) VALUES (2291, 177, "Kembangan", "CGK10104", "19200", "17000");
INSERT INTO `oc_city` (city_id, zone_id, name, code, jnereg, kgp) VALUES (2292, 177, "Palmerah", "CGK10105", "19200", "17000");
INSERT INTO `oc_city` (city_id, zone_id, name, code, jnereg, kgp) VALUES (2293, 177, "Taman Sari", "CGK10106", "19200", "17000");
INSERT INTO `oc_city` (city_id, zone_id, name, code, jnereg, kgp) VALUES (2294, 177, "Tambora", "CGK10107", "19200", "17000");
INSERT INTO `oc_zone` (zone_id, country_id, name, status) VALUES (178, 13, "Kota Administrasi Jakarta Pusat", 1);
INSERT INTO `oc_city` (city_id, zone_id, name, code, jnereg, kgp) VALUES (2295, 178, "Cempaka Putih", "CGK10301", "19200", "17000");
INSERT INTO `oc_city` (city_id, zone_id, name, code, jnereg, kgp) VALUES (2296, 178, "Gambir", "CGK10302", "19200", "17000");
INSERT INTO `oc_city` (city_id, zone_id, name, code, jnereg, kgp) VALUES (2297, 178, "Jakarta Pusat", "CGK10300", "19200", "17000");
INSERT INTO `oc_city` (city_id, zone_id, name, code, jnereg, kgp) VALUES (2298, 178, "Johar Baru", "CGK10303", "19200", "17000");
INSERT INTO `oc_city` (city_id, zone_id, name, code, jnereg, kgp) VALUES (2299, 178, "Kemayoran", "CGK10304", "19200", "17000");
INSERT INTO `oc_city` (city_id, zone_id, name, code, jnereg, kgp) VALUES (2300, 178, "Menteng", "CGK10305", "19200", "17000");
INSERT INTO `oc_city` (city_id, zone_id, name, code, jnereg, kgp) VALUES (2301, 178, "Sawah Besar", "CGK10306", "19200", "17000");
INSERT INTO `oc_city` (city_id, zone_id, name, code, jnereg, kgp) VALUES (2302, 178, "Senen", "CGK10307", "19200", "17000");
INSERT INTO `oc_city` (city_id, zone_id, name, code, jnereg, kgp) VALUES (2303, 178, "Tanah Abang", "CGK10308", "19200", "17000");
INSERT INTO `oc_zone` (zone_id, country_id, name, status) VALUES (179, 13, "Kota Administrasi Jakarta Selatan", 1);
INSERT INTO `oc_city` (city_id, zone_id, name, code, jnereg, kgp) VALUES (2304, 179, "Cilandak", "CGK10211", "19200", "17000");
INSERT INTO `oc_city` (city_id, zone_id, name, code, jnereg, kgp) VALUES (2305, 179, "Jagakarsa", "CGK10201", "19200", "17000");
INSERT INTO `oc_city` (city_id, zone_id, name, code, jnereg, kgp) VALUES (2306, 179, "Jakarta Selatan", "CGK10200", "19200", "17000");
INSERT INTO `oc_city` (city_id, zone_id, name, code, jnereg, kgp) VALUES (2307, 179, "Kebayoran Baru", "CGK10202", "19200", "17000");
INSERT INTO `oc_city` (city_id, zone_id, name, code, jnereg, kgp) VALUES (2308, 179, "Kebayoran Lama", "CGK10203", "19200", "17000");
INSERT INTO `oc_city` (city_id, zone_id, name, code, jnereg, kgp) VALUES (2309, 179, "Mampang Prapatan", "CGK10204", "19200", "17000");
INSERT INTO `oc_city` (city_id, zone_id, name, code, jnereg, kgp) VALUES (2310, 179, "Pancoran", "CGK10205", "19200", "17000");
INSERT INTO `oc_city` (city_id, zone_id, name, code, jnereg, kgp) VALUES (2311, 179, "Pasar Minggu", "CGK10206", "19200", "17000");
INSERT INTO `oc_city` (city_id, zone_id, name, code, jnereg, kgp) VALUES (2312, 179, "Pesanggrahan", "CGK10207", "19200", "17000");
INSERT INTO `oc_city` (city_id, zone_id, name, code, jnereg, kgp) VALUES (2313, 179, "Setiabudi", "CGK10208", "19200", "17000");
INSERT INTO `oc_city` (city_id, zone_id, name, code, jnereg, kgp) VALUES (2314, 179, "Tebet", "CGK10209", "19200", "17000");
INSERT INTO `oc_zone` (zone_id, country_id, name, status) VALUES (180, 13, "Kota Administrasi Jakarta Timur", 1);
INSERT INTO `oc_city` (city_id, zone_id, name, code, jnereg, kgp) VALUES (2315, 180, "Cakung", "CGK10501", "19200", "17000");
INSERT INTO `oc_city` (city_id, zone_id, name, code, jnereg, kgp) VALUES (2316, 180, "Cipayung", "CGK10502", "19200", "17000");
INSERT INTO `oc_city` (city_id, zone_id, name, code, jnereg, kgp) VALUES (2317, 180, "Ciracas", "CGK10503", "19200", "17000");
INSERT INTO `oc_city` (city_id, zone_id, name, code, jnereg, kgp) VALUES (2318, 180, "Duren Sawit", "CGK10504", "19200", "17000");
INSERT INTO `oc_city` (city_id, zone_id, name, code, jnereg, kgp) VALUES (2319, 180, "Jakarta Timur", "CGK10500", "19200", "17000");
INSERT INTO `oc_city` (city_id, zone_id, name, code, jnereg, kgp) VALUES (2320, 180, "Jatinegara", "CGK10505", "19200", "17000");
INSERT INTO `oc_city` (city_id, zone_id, name, code, jnereg, kgp) VALUES (2321, 180, "Kramat Jati", "CGK10506", "19200", "17000");
INSERT INTO `oc_city` (city_id, zone_id, name, code, jnereg, kgp) VALUES (2322, 180, "Makassar", "CGK10507", "19200", "17000");
INSERT INTO `oc_city` (city_id, zone_id, name, code, jnereg, kgp) VALUES (2323, 180, "Matraman", "CGK10508", "19200", "17000");
INSERT INTO `oc_city` (city_id, zone_id, name, code, jnereg, kgp) VALUES (2324, 180, "Pasar Rebo", "CGK10509", "19200", "17000");
INSERT INTO `oc_city` (city_id, zone_id, name, code, jnereg, kgp) VALUES (2325, 180, "Pulo Gadung", "CGK10510", "19200", "17000");
INSERT INTO `oc_zone` (zone_id, country_id, name, status) VALUES (181, 13, "Kota Administrasi Jakarta Utara", 1);
INSERT INTO `oc_city` (city_id, zone_id, name, code, jnereg, kgp) VALUES (2326, 181, "Cilincing", "CGK10406", "19200", "17000");
INSERT INTO `oc_city` (city_id, zone_id, name, code, jnereg, kgp) VALUES (2327, 181, "Jakarta Utara", "CGK10400", "19200", "17000");
INSERT INTO `oc_city` (city_id, zone_id, name, code, jnereg, kgp) VALUES (2328, 181, "Kelapa Gading", "CGK10401", "19200", "17000");
INSERT INTO `oc_city` (city_id, zone_id, name, code, jnereg, kgp) VALUES (2329, 181, "Koja", "CGK10402", "19200", "17000");
INSERT INTO `oc_city` (city_id, zone_id, name, code, jnereg, kgp) VALUES (2330, 181, "Pademangan", "CGK10403", "19200", "17000");
INSERT INTO `oc_city` (city_id, zone_id, name, code, jnereg, kgp) VALUES (2331, 181, "Penjaringan", "CGK10404", "19200", "17000");
INSERT INTO `oc_city` (city_id, zone_id, name, code, jnereg, kgp) VALUES (2332, 181, "Tanjung Priok", "CGK10405", "19200", "17000");
INSERT INTO `oc_zone` (zone_id, country_id, name, status) VALUES (182, 13, "Kota Administrasi Kepulauan Seribu", 1);
INSERT INTO `oc_city` (city_id, zone_id, name, code, jnereg, kgp) VALUES (2333, 182, "Kepulauan Seribu Selatan", "CGK10601", "19200", "17000");
INSERT INTO `oc_city` (city_id, zone_id, name, code, jnereg, kgp) VALUES (2334, 182, "Kepulauan Seribu Utara", "CGK10602", "19200", "17000");
INSERT INTO `oc_city` (city_id, zone_id, name, code, jnereg, kgp) VALUES (2335, 182, "Pulau Pramuka", "CGK10600", "19200", "17000");
INSERT INTO `oc_country` (country_id, name, iso_code_2, iso_code_3, postcode_required, status) VALUES (14, "Jawa Tengah", "ID", "IDN", 1, 1);
INSERT INTO `oc_zone` (zone_id, country_id, name, status) VALUES (183, 14, "Kab. Banjarnegara", 1);
INSERT INTO `oc_city` (city_id, zone_id, name, code, jnereg) VALUES (2336, 183, "Banjarmangu", "SRG21801", "27600");
INSERT INTO `oc_city` (city_id, zone_id, name, code, jnereg, kgp) VALUES (2337, 183, "Banjarnegara", "SRG21800", "21600", "23000");
INSERT INTO `oc_city` (city_id, zone_id, name, code, jnereg) VALUES (2338, 183, "Batur", "SRG21802", "27600");
INSERT INTO `oc_city` (city_id, zone_id, name, code, jnereg) VALUES (2339, 183, "Bawang", "SRG21803", "27600");
INSERT INTO `oc_city` (city_id, zone_id, name, code, jnereg) VALUES (2340, 183, "Kalibening", "SRG21804", "27600");
INSERT INTO `oc_city` (city_id, zone_id, name, code, jnereg) VALUES (2341, 183, "Karangkobar", "SRG21805", "27600");
INSERT INTO `oc_city` (city_id, zone_id, name, code, jnereg) VALUES (2342, 183, "Madukara", "SRG21806", "27600");
INSERT INTO `oc_city` (city_id, zone_id, name, code, jnereg) VALUES (2343, 183, "Mandiraja", "SRG21807", "27600");
INSERT INTO `oc_city` (city_id, zone_id, name, code, jnereg) VALUES (2344, 183, "Pagentan", "SRG21808", "27600");
INSERT INTO `oc_city` (city_id, zone_id, name, code, jnereg) VALUES (2345, 183, "Pejawaran", "SRG21809", "27600");
INSERT INTO `oc_city` (city_id, zone_id, name, code, jnereg) VALUES (2346, 183, "Punggelan", "SRG21810", "27600");
INSERT INTO `oc_city` (city_id, zone_id, name, code, jnereg) VALUES (2347, 183, "Purwanegara", "SRG21811", "27600");
INSERT INTO `oc_city` (city_id, zone_id, name, code, jnereg) VALUES (2348, 183, "Purworejo Klampok", "SRG21812", "27600");
INSERT INTO `oc_city` (city_id, zone_id, name, code, jnereg) VALUES (2349, 183, "Rakit", "SRG21813", "27600");
INSERT INTO `oc_city` (city_id, zone_id, name, code, jnereg) VALUES (2350, 183, "Sigaluh", "SRG21814", "27600");
INSERT INTO `oc_city` (city_id, zone_id, name, code, jnereg) VALUES (2351, 183, "Susukan", "SRG21815", "27600");
INSERT INTO `oc_city` (city_id, zone_id, name, code, jnereg) VALUES (2352, 183, "Wanadadi", "SRG21816", "27600");
INSERT INTO `oc_city` (city_id, zone_id, name, code, jnereg) VALUES (2353, 183, "Wanayasa", "SRG21817", "27600");
INSERT INTO `oc_zone` (zone_id, country_id, name, status) VALUES (184, 14, "Kab. Banyumas", 1);
INSERT INTO `oc_city` (city_id, zone_id, name, code, jnereg, kgp) VALUES (2354, 184, "Ajibarang", "SRG10401", "21600", "19000");
INSERT INTO `oc_city` (city_id, zone_id, name, code, jnereg, kgp) VALUES (2355, 184, "Banyumas", "SRG10402", "21600", "25000");
INSERT INTO `oc_city` (city_id, zone_id, name, code, jnereg, kgp) VALUES (2356, 184, "Baturaden", "SRG10403", "27600", "19000");
INSERT INTO `oc_city` (city_id, zone_id, name, code, jnereg, kgp) VALUES (2357, 184, "Cilongok", "SRG10404", "27600", "19000");
INSERT INTO `oc_city` (city_id, zone_id, name, code, jnereg) VALUES (2358, 184, "Gumelar", "SRG10405", "27600");
INSERT INTO `oc_city` (city_id, zone_id, name, code, jnereg) VALUES (2359, 184, "Jatilawang", "SRG10406", "27600");
INSERT INTO `oc_city` (city_id, zone_id, name, code, jnereg) VALUES (2360, 184, "Kalibagor", "SRG10407", "27600");
INSERT INTO `oc_city` (city_id, zone_id, name, code, jnereg, kgp) VALUES (2361, 184, "Karanglewas", "SRG10408", "27600", "18000");
INSERT INTO `oc_city` (city_id, zone_id, name, code, jnereg) VALUES (2362, 184, "Kebasen", "SRG10409", "27600");
INSERT INTO `oc_city` (city_id, zone_id, name, code, jnereg) VALUES (2363, 184, "Kedungbanteng", "SRG10410", "27600");
INSERT INTO `oc_city` (city_id, zone_id, name, code, jnereg) VALUES (2364, 184, "Kembaran", "SRG10411", "27600");
INSERT INTO `oc_city` (city_id, zone_id, name, code, jnereg) VALUES (2365, 184, "Kemranjen", "SRG10412", "27600");
INSERT INTO `oc_city` (city_id, zone_id, name, code, jnereg) VALUES (2366, 184, "Lumbir", "SRG10413", "27600");
INSERT INTO `oc_city` (city_id, zone_id, name, code, jnereg) VALUES (2367, 184, "Pakuncen", "SRG10414", "27600");
INSERT INTO `oc_city` (city_id, zone_id, name, code, jnereg) VALUES (2368, 184, "Patikraja", "SRG10415", "27600");
INSERT INTO `oc_city` (city_id, zone_id, name, code, jnereg) VALUES (2369, 184, "Purwojati", "SRG10416", "27600");
INSERT INTO `oc_city` (city_id, zone_id, name, code, jnereg, kgp) VALUES (2370, 184, "Purwokerto", "SRG10400", "21600", "16000");
INSERT INTO `oc_city` (city_id, zone_id, name, code, jnereg) VALUES (2371, 184, "Purwokerto Barat", "SRG10424", "27600");
INSERT INTO `oc_city` (city_id, zone_id, name, code, jnereg) VALUES (2372, 184, "Purwokerto Selatan", "SRG10425", "27600");
INSERT INTO `oc_city` (city_id, zone_id, name, code, jnereg) VALUES (2373, 184, "Purwokerto Timur", "SRG10426", "27600");
INSERT INTO `oc_city` (city_id, zone_id, name, code, jnereg) VALUES (2374, 184, "Purwokerto Utara", "SRG10427", "27600");
INSERT INTO `oc_city` (city_id, zone_id, name, code, jnereg) VALUES (2375, 184, "Rawalo", "SRG10417", "27600");
INSERT INTO `oc_city` (city_id, zone_id, name, code, jnereg) VALUES (2376, 184, "Sokaraja", "SRG10418", "27600");
INSERT INTO `oc_city` (city_id, zone_id, name, code, jnereg) VALUES (2377, 184, "Somagede", "SRG10419", "27600");
INSERT INTO `oc_city` (city_id, zone_id, name, code, jnereg) VALUES (2378, 184, "Sumbang", "SRG10421", "27600");
INSERT INTO `oc_city` (city_id, zone_id, name, code, jnereg) VALUES (2379, 184, "Sumpyuh /Sumpiuh", "SRG10420", "27600");
INSERT INTO `oc_city` (city_id, zone_id, name, code, jnereg) VALUES (2380, 184, "Tambak", "SRG10422", "27600");
INSERT INTO `oc_city` (city_id, zone_id, name, code, jnereg) VALUES (2381, 184, "Wangon", "SRG10423", "27600");
INSERT INTO `oc_zone` (zone_id, country_id, name, status) VALUES (185, 14, "Kab. Batang", 1);
INSERT INTO `oc_city` (city_id, zone_id, name, code, jnereg) VALUES (2382, 185, "Bandar", "SRG20201", "27600");
INSERT INTO `oc_city` (city_id, zone_id, name, code, jnereg) VALUES (2383, 185, "Banyuputih", "SRG20212", "27600");
INSERT INTO `oc_city` (city_id, zone_id, name, code, jnereg, kgp) VALUES (2384, 185, "Batang", "SRG20200", "21600", "21000");
INSERT INTO `oc_city` (city_id, zone_id, name, code, jnereg) VALUES (2385, 185, "Bawang", "SRG20202", "27600");
INSERT INTO `oc_city` (city_id, zone_id, name, code, jnereg) VALUES (2386, 185, "Blado", "SRG20203", "27600");
INSERT INTO `oc_city` (city_id, zone_id, name, code, jnereg) VALUES (2387, 185, "Gringsing", "SRG20204", "27600");
INSERT INTO `oc_city` (city_id, zone_id, name, code, jnereg) VALUES (2388, 185, "Kandeman", "SRG20213", "27600");
INSERT INTO `oc_city` (city_id, zone_id, name, code, jnereg) VALUES (2389, 185, "Limpung", "SRG20205", "27600");
INSERT INTO `oc_city` (city_id, zone_id, name, code, jnereg) VALUES (2390, 185, "Pecalungan", "SRG20214", "27600");
INSERT INTO `oc_city` (city_id, zone_id, name, code, jnereg) VALUES (2391, 185, "Reban", "SRG20206", "27600");
INSERT INTO `oc_city` (city_id, zone_id, name, code, jnereg) VALUES (2392, 185, "Subah", "SRG20207", "27600");
INSERT INTO `oc_city` (city_id, zone_id, name, code, jnereg) VALUES (2393, 185, "Tersono", "SRG20208", "27600");
INSERT INTO `oc_city` (city_id, zone_id, name, code, jnereg) VALUES (2394, 185, "Tulis", "SRG20209", "27600");
INSERT INTO `oc_city` (city_id, zone_id, name, code, jnereg) VALUES (2395, 185, "Warungasem", "SRG20210", "27600");
INSERT INTO `oc_city` (city_id, zone_id, name, code, jnereg) VALUES (2396, 185, "Wonotunggal", "SRG20211", "27600");
INSERT INTO `oc_zone` (zone_id, country_id, name, status) VALUES (186, 14, "Kab. Blora", 1);
INSERT INTO `oc_city` (city_id, zone_id, name, code, jnereg) VALUES (2397, 186, "Banjarejo", "SRG20301", "27600");
INSERT INTO `oc_city` (city_id, zone_id, name, code, jnereg, kgp) VALUES (2398, 186, "Blora", "SRG20300", "21600", "19000");
INSERT INTO `oc_city` (city_id, zone_id, name, code, jnereg) VALUES (2399, 186, "Bogorejo", "SRG20302", "27600");
INSERT INTO `oc_city` (city_id, zone_id, name, code, jnereg, kgp) VALUES (2400, 186, "Cepu", "SRG20309", "21600", "19000");
INSERT INTO `oc_city` (city_id, zone_id, name, code, jnereg) VALUES (2401, 186, "Japah", "SRG20303", "27600");
INSERT INTO `oc_city` (city_id, zone_id, name, code, jnereg) VALUES (2402, 186, "Jati", "SRG20310", "27600");
INSERT INTO `oc_city` (city_id, zone_id, name, code, jnereg) VALUES (2403, 186, "Jepon", "SRG20304", "27600");
INSERT INTO `oc_city` (city_id, zone_id, name, code, jnereg) VALUES (2404, 186, "Jiken", "SRG20311", "27600");
INSERT INTO `oc_city` (city_id, zone_id, name, code, jnereg) VALUES (2405, 186, "Kedungtuban", "SRG20312", "27600");
INSERT INTO `oc_city` (city_id, zone_id, name, code, jnereg) VALUES (2406, 186, "Kradenan /menden", "SRG20313", "27600");
INSERT INTO `oc_city` (city_id, zone_id, name, code, jnereg) VALUES (2407, 186, "Kunduran", "SRG20305", "27600");
INSERT INTO `oc_city` (city_id, zone_id, name, code, jnereg) VALUES (2408, 186, "Ngawen", "SRG20306", "27600");
INSERT INTO `oc_city` (city_id, zone_id, name, code, jnereg) VALUES (2409, 186, "Randublatung", "SRG20314", "27600");
INSERT INTO `oc_city` (city_id, zone_id, name, code, jnereg) VALUES (2410, 186, "Sambong", "SRG20315", "27600");
INSERT INTO `oc_city` (city_id, zone_id, name, code, jnereg) VALUES (2411, 186, "Todanan", "SRG20307", "27600");
INSERT INTO `oc_city` (city_id, zone_id, name, code, jnereg) VALUES (2412, 186, "Tunjungan", "SRG20308", "27600");
INSERT INTO `oc_zone` (zone_id, country_id, name, status) VALUES (187, 14, "Kab. Bojonegoro", 1);
INSERT INTO `oc_city` (city_id, zone_id, name, code, jnereg) VALUES (2413, 187, "Balen", "SRG20401", "27600");
INSERT INTO `oc_city` (city_id, zone_id, name, code, jnereg) VALUES (2414, 187, "Baureno", "SRG20402", "27600");
INSERT INTO `oc_city` (city_id, zone_id, name, code, jnereg) VALUES (2415, 187, "Bojonegoro", "SRG20400", "21600");
INSERT INTO `oc_city` (city_id, zone_id, name, code, jnereg) VALUES (2416, 187, "Bubulan", "SRG20403", "27600");
INSERT INTO `oc_city` (city_id, zone_id, name, code, jnereg) VALUES (2417, 187, "Dander", "SRG20404", "27600");
INSERT INTO `oc_city` (city_id, zone_id, name, code, jnereg) VALUES (2418, 187, "Gondang", "SRG20427", "27600");
INSERT INTO `oc_city` (city_id, zone_id, name, code, jnereg) VALUES (2419, 187, "Kalitidu", "SRG20405", "27600");
INSERT INTO `oc_city` (city_id, zone_id, name, code, jnereg) VALUES (2420, 187, "Kanor", "SRG20406", "27600");
INSERT INTO `oc_city` (city_id, zone_id, name, code, jnereg) VALUES (2421, 187, "Kapas", "SRG20407", "27600");
INSERT INTO `oc_city` (city_id, zone_id, name, code, jnereg) VALUES (2422, 187, "Kasiman", "SRG20408", "27600");
INSERT INTO `oc_city` (city_id, zone_id, name, code, jnereg) VALUES (2423, 187, "Kedewan", "SRG20424", "27600");
INSERT INTO `oc_city` (city_id, zone_id, name, code, jnereg) VALUES (2424, 187, "Kedungadem", "SRG20409", "27600");
INSERT INTO `oc_city` (city_id, zone_id, name, code, jnereg) VALUES (2425, 187, "Kepohbaru", "SRG20410", "27600");
INSERT INTO `oc_city` (city_id, zone_id, name, code, jnereg) VALUES (2426, 187, "Malo", "SRG20411", "27600");
INSERT INTO `oc_city` (city_id, zone_id, name, code, jnereg) VALUES (2427, 187, "Margomulyo", "SRG20412", "27600");
INSERT INTO `oc_city` (city_id, zone_id, name, code, jnereg) VALUES (2428, 187, "Ngambon", "SRG20413", "27600");
INSERT INTO `oc_city` (city_id, zone_id, name, code, jnereg) VALUES (2429, 187, "Ngasem", "SRG20414", "27600");
INSERT INTO `oc_city` (city_id, zone_id, name, code, jnereg) VALUES (2430, 187, "Ngraho", "SRG20415", "27600");
INSERT INTO `oc_city` (city_id, zone_id, name, code, jnereg) VALUES (2431, 187, "Padangan", "SRG20416", "27600");
INSERT INTO `oc_city` (city_id, zone_id, name, code, jnereg) VALUES (2432, 187, "Purwosari", "SRG20417", "27600");
INSERT INTO `oc_city` (city_id, zone_id, name, code, jnereg) VALUES (2433, 187, "Sekar", "SRG20425", "27600");
INSERT INTO `oc_city` (city_id, zone_id, name, code, jnereg) VALUES (2434, 187, "Sugihwaras", "SRG20418", "27600");
INSERT INTO `oc_city` (city_id, zone_id, name, code, jnereg) VALUES (2435, 187, "Sukosewu", "SRG20426", "27600");
INSERT INTO `oc_city` (city_id, zone_id, name, code, jnereg) VALUES (2436, 187, "Sumberejo", "SRG20419", "27600");
INSERT INTO `oc_city` (city_id, zone_id, name, code, jnereg) VALUES (2437, 187, "Tambakrejo", "SRG20420", "27600");
INSERT INTO `oc_city` (city_id, zone_id, name, code, jnereg) VALUES (2438, 187, "Temayang", "SRG20421", "27600");
INSERT INTO `oc_city` (city_id, zone_id, name, code, jnereg) VALUES (2439, 187, "Trucuk", "SRG20422", "27600");
INSERT INTO `oc_zone` (zone_id, country_id, name, status) VALUES (188, 14, "Kab. Boyolali", 1);
INSERT INTO `oc_city` (city_id, zone_id, name, code, jnereg) VALUES (2440, 188, "Ampel", "SOC20101", "27600");
INSERT INTO `oc_city` (city_id, zone_id, name, code, jnereg) VALUES (2441, 188, "Andong", "SOC20102", "27600");
INSERT INTO `oc_city` (city_id, zone_id, name, code, jnereg) VALUES (2442, 188, "Banyudono", "SOC20103", "27600");
INSERT INTO `oc_city` (city_id, zone_id, name, code, jnereg, kgp) VALUES (2443, 188, "Boyolali", "SOC20100", "21600", "17000");
INSERT INTO `oc_city` (city_id, zone_id, name, code, jnereg) VALUES (2444, 188, "Cepogo", "SOC20104", "27600");
INSERT INTO `oc_city` (city_id, zone_id, name, code, jnereg) VALUES (2445, 188, "Juwangi", "SOC20105", "27600");
INSERT INTO `oc_city` (city_id, zone_id, name, code, jnereg) VALUES (2446, 188, "Karanggede", "SOC20106", "27600");
INSERT INTO `oc_city` (city_id, zone_id, name, code, jnereg) VALUES (2447, 188, "Kemusu", "SOC20107", "27600");
INSERT INTO `oc_city` (city_id, zone_id, name, code, jnereg) VALUES (2448, 188, "Klego", "SOC20108", "27600");
INSERT INTO `oc_city` (city_id, zone_id, name, code, jnereg) VALUES (2449, 188, "Mojosongo", "SOC20119", "27600");
INSERT INTO `oc_city` (city_id, zone_id, name, code, jnereg) VALUES (2450, 188, "Musuk", "SOC20118", "27600");
INSERT INTO `oc_city` (city_id, zone_id, name, code, jnereg) VALUES (2451, 188, "Ngemplak", "SOC20109", "27600");
INSERT INTO `oc_city` (city_id, zone_id, name, code, jnereg) VALUES (2452, 188, "Nogosari", "SOC20110", "27600");
INSERT INTO `oc_city` (city_id, zone_id, name, code, jnereg) VALUES (2453, 188, "Sambi", "SOC20111", "27600");
INSERT INTO `oc_city` (city_id, zone_id, name, code, jnereg) VALUES (2454, 188, "Sawit", "SOC20112", "27600");
INSERT INTO `oc_city` (city_id, zone_id, name, code, jnereg) VALUES (2455, 188, "Selo", "SOC20113", "27600");
INSERT INTO `oc_city` (city_id, zone_id, name, code, jnereg) VALUES (2456, 188, "Simo", "SOC20114", "27600");
INSERT INTO `oc_city` (city_id, zone_id, name, code, jnereg) VALUES (2457, 188, "Teras", "SOC20115", "27600");
INSERT INTO `oc_city` (city_id, zone_id, name, code, jnereg) VALUES (2458, 188, "Wonosegoro", "SOC20116", "27600");
INSERT INTO `oc_zone` (zone_id, country_id, name, status) VALUES (189, 14, "Kab. Brebes", 1);
INSERT INTO `oc_city` (city_id, zone_id, name, code, jnereg) VALUES (2459, 189, "Banjarharjo", "SRG20501", "27600");
INSERT INTO `oc_city` (city_id, zone_id, name, code, jnereg) VALUES (2460, 189, "Bantarkawung", "SRG20502", "27600");
INSERT INTO `oc_city` (city_id, zone_id, name, code, jnereg) VALUES (2461, 189, "Brebes", "SRG20500", "21600");
INSERT INTO `oc_city` (city_id, zone_id, name, code, jnereg) VALUES (2462, 189, "Bulakamba", "SRG20503", "27600");
INSERT INTO `oc_city` (city_id, zone_id, name, code, jnereg) VALUES (2463, 189, "Bumiayu", "SRG20504", "21600");
INSERT INTO `oc_city` (city_id, zone_id, name, code, jnereg) VALUES (2464, 189, "Jatibarang", "SRG20505", "27600");
INSERT INTO `oc_city` (city_id, zone_id, name, code, jnereg) VALUES (2465, 189, "Kersana", "SRG20506", "27600");
INSERT INTO `oc_city` (city_id, zone_id, name, code, jnereg) VALUES (2466, 189, "Ketanggungan", "SRG20507", "27600");
INSERT INTO `oc_city` (city_id, zone_id, name, code, jnereg) VALUES (2467, 189, "Larangan", "SRG20508", "27600");
INSERT INTO `oc_city` (city_id, zone_id, name, code, jnereg) VALUES (2468, 189, "Losari", "SRG20509", "27600");
INSERT INTO `oc_city` (city_id, zone_id, name, code, jnereg) VALUES (2469, 189, "Paguyangan", "SRG20510", "27600");
INSERT INTO `oc_city` (city_id, zone_id, name, code, jnereg) VALUES (2470, 189, "Salem", "SRG20511", "27600");
INSERT INTO `oc_city` (city_id, zone_id, name, code, jnereg) VALUES (2471, 189, "Sirampog", "SRG20512", "27600");
INSERT INTO `oc_city` (city_id, zone_id, name, code, jnereg) VALUES (2472, 189, "Songgom", "SRG20513", "27600");
INSERT INTO `oc_city` (city_id, zone_id, name, code, jnereg) VALUES (2473, 189, "Tanjung", "SRG20514", "27600");
INSERT INTO `oc_city` (city_id, zone_id, name, code, jnereg) VALUES (2474, 189, "Tonjong", "SRG20515", "27600");
INSERT INTO `oc_city` (city_id, zone_id, name, code, jnereg) VALUES (2475, 189, "Wanasari", "SRG20516", "27600");
INSERT INTO `oc_zone` (zone_id, country_id, name, status) VALUES (190, 14, "Kab. Cilacap", 1);
INSERT INTO `oc_city` (city_id, zone_id, name, code, jnereg, kgp) VALUES (2476, 190, "Adipala", "CXP10001", "33600", "24000");
INSERT INTO `oc_city` (city_id, zone_id, name, code, jnereg) VALUES (2477, 190, "Bantarsari", "CXP10023", "33600");
INSERT INTO `oc_city` (city_id, zone_id, name, code, jnereg, kgp) VALUES (2478, 190, "Binangun", "CXP10002", "33600", "24000");
INSERT INTO `oc_city` (city_id, zone_id, name, code, jnereg, kgp) VALUES (2479, 190, "Cilacap", "CXP10000", "22800", "21000");
INSERT INTO `oc_city` (city_id, zone_id, name, code, jnereg) VALUES (2480, 190, "Cilacap Selatan", "CXP10019", "22800");
INSERT INTO `oc_city` (city_id, zone_id, name, code, jnereg) VALUES (2481, 190, "Cilacap Tengah", "CXP10020", "22800");
INSERT INTO `oc_city` (city_id, zone_id, name, code, jnereg) VALUES (2482, 190, "Cilacap Utara", "CXP10021", "22800");
INSERT INTO `oc_city` (city_id, zone_id, name, code, jnereg) VALUES (2483, 190, "Cimanggu", "CXP10003", "33600");
INSERT INTO `oc_city` (city_id, zone_id, name, code, jnereg, kgp) VALUES (2484, 190, "Cipari", "CXP10004", "33600", "26000");
INSERT INTO `oc_city` (city_id, zone_id, name, code, jnereg) VALUES (2485, 190, "Dayeuhluhur", "CXP10005", "33600");
INSERT INTO `oc_city` (city_id, zone_id, name, code, jnereg, kgp) VALUES (2486, 190, "Gandrungmangu", "CXP10006", "33600", "23000");
INSERT INTO `oc_city` (city_id, zone_id, name, code, jnereg, kgp) VALUES (2487, 190, "Jeruklegi", "CXP10007", "33600", "23000");
INSERT INTO `oc_city` (city_id, zone_id, name, code, jnereg) VALUES (2488, 190, "Kampung Laut", "CXP10024", "33600");
INSERT INTO `oc_city` (city_id, zone_id, name, code, jnereg, kgp) VALUES (2489, 190, "Karangpucung", "CXP10008", "33600", "25000");
INSERT INTO `oc_city` (city_id, zone_id, name, code, jnereg, kgp) VALUES (2490, 190, "Kawunganten", "CXP10009", "33600", "24000");
INSERT INTO `oc_city` (city_id, zone_id, name, code, jnereg, kgp) VALUES (2491, 190, "Kedungrejo", "CXP10010", "33600", "24000");
INSERT INTO `oc_city` (city_id, zone_id, name, code, jnereg, kgp) VALUES (2492, 190, "Kesugihan", "CXP10011", "33600", "24000");
INSERT INTO `oc_city` (city_id, zone_id, name, code, jnereg, kgp) VALUES (2493, 190, "Kroya", "CXP10012", "33600", "25000");
INSERT INTO `oc_city` (city_id, zone_id, name, code, jnereg, kgp) VALUES (2494, 190, "Majenang", "CXP10013", "26400", "25000");
INSERT INTO `oc_city` (city_id, zone_id, name, code, jnereg, kgp) VALUES (2495, 190, "Maos", "CXP10014", "33600", "25000");
INSERT INTO `oc_city` (city_id, zone_id, name, code, jnereg) VALUES (2496, 190, "Nusawungu", "CXP10015", "33600");
INSERT INTO `oc_city` (city_id, zone_id, name, code, jnereg) VALUES (2497, 190, "Patimuan", "CXP10022", "33600");
INSERT INTO `oc_city` (city_id, zone_id, name, code, jnereg, kgp) VALUES (2498, 190, "Sampang", "CXP10016", "33600", "24000");
INSERT INTO `oc_city` (city_id, zone_id, name, code, jnereg, kgp) VALUES (2499, 190, "Sidareja", "CXP10017", "33600", "25000");
INSERT INTO `oc_city` (city_id, zone_id, name, code, jnereg, kgp) VALUES (2500, 190, "Wanar", "CXP10018", "33600", "25000");
INSERT INTO `oc_zone` (zone_id, country_id, name, status) VALUES (191, 14, "Kab. Demak", 1);
INSERT INTO `oc_city` (city_id, zone_id, name, code, jnereg) VALUES (2501, 191, "Bonang", "SRG20701", "27600");
INSERT INTO `oc_city` (city_id, zone_id, name, code, jnereg, kgp) VALUES (2502, 191, "Demak", "SRG20700", "21600", "18000");
INSERT INTO `oc_city` (city_id, zone_id, name, code, jnereg) VALUES (2503, 191, "Dempet", "SRG20702", "27600");
INSERT INTO `oc_city` (city_id, zone_id, name, code, jnereg) VALUES (2504, 191, "Gajah", "SRG20703", "27600");
INSERT INTO `oc_city` (city_id, zone_id, name, code, jnereg) VALUES (2505, 191, "Guntur", "SRG20704", "27600");
INSERT INTO `oc_city` (city_id, zone_id, name, code, jnereg) VALUES (2506, 191, "Karanganyar", "SRG20707", "27600");
INSERT INTO `oc_city` (city_id, zone_id, name, code, jnereg) VALUES (2507, 191, "Karangawen", "SRG20706", "27600");
INSERT INTO `oc_city` (city_id, zone_id, name, code, jnereg) VALUES (2508, 191, "Karangtengah", "SRG20705", "27600");
INSERT INTO `oc_city` (city_id, zone_id, name, code, jnereg) VALUES (2509, 191, "Kebonagung", "SRG20713", "27600");
INSERT INTO `oc_city` (city_id, zone_id, name, code, jnereg) VALUES (2510, 191, "Mijen", "SRG20708", "27600");
INSERT INTO `oc_city` (city_id, zone_id, name, code, jnereg) VALUES (2511, 191, "Mranggen", "SRG20709", "27600");
INSERT INTO `oc_city` (city_id, zone_id, name, code, jnereg) VALUES (2512, 191, "Sayung", "SRG20710", "27600");
INSERT INTO `oc_city` (city_id, zone_id, name, code, jnereg) VALUES (2513, 191, "Wedung", "SRG20711", "27600");
INSERT INTO `oc_city` (city_id, zone_id, name, code, jnereg) VALUES (2514, 191, "Wonosalam", "SRG20712", "27600");
INSERT INTO `oc_zone` (zone_id, country_id, name, status) VALUES (192, 14, "Kab. Grobogan", 1);
INSERT INTO `oc_city` (city_id, zone_id, name, code, jnereg) VALUES (2515, 192, "Brati", "SRG21101", "27600");
INSERT INTO `oc_city` (city_id, zone_id, name, code, jnereg) VALUES (2516, 192, "Gabus", "SRG21102", "27600");
INSERT INTO `oc_city` (city_id, zone_id, name, code, jnereg) VALUES (2517, 192, "Geyer", "SRG21103", "27600");
INSERT INTO `oc_city` (city_id, zone_id, name, code, jnereg) VALUES (2518, 192, "Godong", "SRG21104", "27600");
INSERT INTO `oc_city` (city_id, zone_id, name, code, jnereg) VALUES (2519, 192, "Grobogan", "SRG21105", "27600");
INSERT INTO `oc_city` (city_id, zone_id, name, code, jnereg) VALUES (2520, 192, "Gubug", "SRG21106", "27600");
INSERT INTO `oc_city` (city_id, zone_id, name, code, jnereg) VALUES (2521, 192, "Karangrayung", "SRG21107", "27600");
INSERT INTO `oc_city` (city_id, zone_id, name, code, jnereg) VALUES (2522, 192, "Kedungjati", "SRG21108", "27600");
INSERT INTO `oc_city` (city_id, zone_id, name, code, jnereg) VALUES (2523, 192, "Klambu", "SRG21109", "27600");
INSERT INTO `oc_city` (city_id, zone_id, name, code, jnereg) VALUES (2524, 192, "Kradenan", "SRG21110", "27600");
INSERT INTO `oc_city` (city_id, zone_id, name, code, jnereg) VALUES (2525, 192, "Ngaringan", "SRG21111", "27600");
INSERT INTO `oc_city` (city_id, zone_id, name, code, jnereg) VALUES (2526, 192, "Penawangan", "SRG21112", "27600");
INSERT INTO `oc_city` (city_id, zone_id, name, code, jnereg) VALUES (2527, 192, "Pulokulon", "SRG21113", "27600");
INSERT INTO `oc_city` (city_id, zone_id, name, code, jnereg, kgp) VALUES (2528, 192, "Purwodadi", "SRG21100", "21600", "18000");
INSERT INTO `oc_city` (city_id, zone_id, name, code, jnereg) VALUES (2529, 192, "Tanggungharjo", "SRG21114", "27600");
INSERT INTO `oc_city` (city_id, zone_id, name, code, jnereg) VALUES (2530, 192, "Tawangharjo", "SRG21115", "27600");
INSERT INTO `oc_city` (city_id, zone_id, name, code, jnereg) VALUES (2531, 192, "Tegowanu", "SRG21116", "27600");
INSERT INTO `oc_city` (city_id, zone_id, name, code, jnereg) VALUES (2532, 192, "Toroh", "SRG21117", "27600");
INSERT INTO `oc_city` (city_id, zone_id, name, code, jnereg) VALUES (2533, 192, "Wirosari", "SRG21118", "27600");
INSERT INTO `oc_zone` (zone_id, country_id, name, status) VALUES (193, 14, "Kab. Jepara", 1);
INSERT INTO `oc_city` (city_id, zone_id, name, code, jnereg) VALUES (2534, 193, "Bangsri", "SRG10101", "27600");
INSERT INTO `oc_city` (city_id, zone_id, name, code, jnereg) VALUES (2535, 193, "Batealit", "SRG10102", "27600");
INSERT INTO `oc_city` (city_id, zone_id, name, code, jnereg, kgp) VALUES (2536, 193, "Jepara", "SRG10100", "21600", "18000");
INSERT INTO `oc_city` (city_id, zone_id, name, code, jnereg) VALUES (2537, 193, "Kalinyamatan", "SRG10112", "27600");
INSERT INTO `oc_city` (city_id, zone_id, name, code, jnereg) VALUES (2538, 193, "Karimunjawa", "SRG10104", "42000");
INSERT INTO `oc_city` (city_id, zone_id, name, code, jnereg) VALUES (2539, 193, "Kedung", "SRG10105", "27600");
INSERT INTO `oc_city` (city_id, zone_id, name, code, jnereg) VALUES (2540, 193, "Keling", "SRG10106", "27600");
INSERT INTO `oc_city` (city_id, zone_id, name, code, jnereg) VALUES (2541, 193, "Kembang", "SRG10113", "27600");
INSERT INTO `oc_city` (city_id, zone_id, name, code, jnereg) VALUES (2542, 193, "Mayong", "SRG10107", "27600");
INSERT INTO `oc_city` (city_id, zone_id, name, code, jnereg) VALUES (2543, 193, "Mlonggo", "SRG10108", "27600");
INSERT INTO `oc_city` (city_id, zone_id, name, code, jnereg) VALUES (2544, 193, "Nalumsari", "SRG10109", "27600");
INSERT INTO `oc_city` (city_id, zone_id, name, code, jnereg) VALUES (2545, 193, "Pecangaan", "SRG10110", "27600");
INSERT INTO `oc_city` (city_id, zone_id, name, code, jnereg) VALUES (2546, 193, "Tahunan", "SRG10114", "27600");
INSERT INTO `oc_city` (city_id, zone_id, name, code, jnereg) VALUES (2547, 193, "Welahan", "SRG10111", "27600");
INSERT INTO `oc_zone` (zone_id, country_id, name, status) VALUES (194, 14, "Kab. Karang Anyar", 1);
INSERT INTO `oc_city` (city_id, zone_id, name, code, jnereg) VALUES (2548, 194, "Colomadu", "SOC20213", "27600");
INSERT INTO `oc_city` (city_id, zone_id, name, code, jnereg) VALUES (2549, 194, "Gondangrejo", "SOC20214", "27600");
INSERT INTO `oc_city` (city_id, zone_id, name, code, jnereg) VALUES (2550, 194, "Jaten", "SOC20215", "27600");
INSERT INTO `oc_city` (city_id, zone_id, name, code, jnereg) VALUES (2551, 194, "Jatipuro", "SOC20201", "27600");
INSERT INTO `oc_city` (city_id, zone_id, name, code, jnereg) VALUES (2552, 194, "Jatiyoso", "SOC20202", "27600");
INSERT INTO `oc_city` (city_id, zone_id, name, code, jnereg) VALUES (2553, 194, "Jenawi", "SOC20203", "27600");
INSERT INTO `oc_city` (city_id, zone_id, name, code, jnereg) VALUES (2554, 194, "Jumantono", "SOC20204", "27600");
INSERT INTO `oc_city` (city_id, zone_id, name, code, jnereg) VALUES (2555, 194, "Jumapolo", "SOC20205", "27600");
INSERT INTO `oc_city` (city_id, zone_id, name, code, jnereg, kgp) VALUES (2556, 194, "Karanganyar", "SOC20200", "21600", "17000");
INSERT INTO `oc_city` (city_id, zone_id, name, code, jnereg) VALUES (2557, 194, "Karangpandan", "SOC20206", "27600");
INSERT INTO `oc_city` (city_id, zone_id, name, code, jnereg) VALUES (2558, 194, "Kebakkramat", "SOC20207", "27600");
INSERT INTO `oc_city` (city_id, zone_id, name, code, jnereg) VALUES (2559, 194, "Kerjo", "SOC20208", "27600");
INSERT INTO `oc_city` (city_id, zone_id, name, code, jnereg) VALUES (2560, 194, "Matesih", "SOC20209", "27600");
INSERT INTO `oc_city` (city_id, zone_id, name, code, jnereg) VALUES (2561, 194, "Mojogedang", "SOC20210", "27600");
INSERT INTO `oc_city` (city_id, zone_id, name, code, jnereg) VALUES (2562, 194, "Ngargoyoso", "SOC20211", "27600");
INSERT INTO `oc_city` (city_id, zone_id, name, code, jnereg) VALUES (2563, 194, "Tasikmadu", "SOC20216", "27600");
INSERT INTO `oc_city` (city_id, zone_id, name, code, jnereg) VALUES (2564, 194, "Tawangmangu", "SOC20212", "27600");
INSERT INTO `oc_zone` (zone_id, country_id, name, status) VALUES (195, 14, "Kab. Kebumen", 1);
INSERT INTO `oc_city` (city_id, zone_id, name, code, jnereg) VALUES (2565, 195, "Adimulyo", "MGL10101", "27600");
INSERT INTO `oc_city` (city_id, zone_id, name, code, jnereg) VALUES (2566, 195, "Aliyan", "MGL10102", "27600");
INSERT INTO `oc_city` (city_id, zone_id, name, code, jnereg) VALUES (2567, 195, "Ambal", "MGL10103", "27600");
INSERT INTO `oc_city` (city_id, zone_id, name, code, jnereg) VALUES (2568, 195, "Ayah", "MGL10118", "27600");
INSERT INTO `oc_city` (city_id, zone_id, name, code, jnereg) VALUES (2569, 195, "Bonorowo", "MGL10121", "27600");
INSERT INTO `oc_city` (city_id, zone_id, name, code, jnereg) VALUES (2570, 195, "Buayan", "MGL10119", "27600");
INSERT INTO `oc_city` (city_id, zone_id, name, code, jnereg) VALUES (2571, 195, "Bulupesantren", "MGL10104", "27600");
INSERT INTO `oc_city` (city_id, zone_id, name, code, jnereg) VALUES (2572, 195, "Gombong", "MGL10117", "27600");
INSERT INTO `oc_city` (city_id, zone_id, name, code, jnereg) VALUES (2573, 195, "Karanganyar", "MGL10105", "27600");
INSERT INTO `oc_city` (city_id, zone_id, name, code, jnereg) VALUES (2574, 195, "Karanggayam", "MGL10106", "27600");
INSERT INTO `oc_city` (city_id, zone_id, name, code, jnereg) VALUES (2575, 195, "Karangsambung", "MGL10122", "27600");
INSERT INTO `oc_city` (city_id, zone_id, name, code, jnereg) VALUES (2576, 195, "Kebumen", "MGL10100", "21600");
INSERT INTO `oc_city` (city_id, zone_id, name, code, jnereg) VALUES (2577, 195, "Klirong", "MGL10107", "27600");
INSERT INTO `oc_city` (city_id, zone_id, name, code, jnereg) VALUES (2578, 195, "Kutowinangun", "MGL10108", "27600");
INSERT INTO `oc_city` (city_id, zone_id, name, code, jnereg) VALUES (2579, 195, "Kuwarasan", "MGL10109", "27600");
INSERT INTO `oc_city` (city_id, zone_id, name, code, jnereg) VALUES (2580, 195, "Mirit", "MGL10110", "27600");
INSERT INTO `oc_city` (city_id, zone_id, name, code, jnereg) VALUES (2581, 195, "Padureso", "MGL10123", "27600");
INSERT INTO `oc_city` (city_id, zone_id, name, code, jnereg) VALUES (2582, 195, "Pejagoan", "MGL10111", "27600");
INSERT INTO `oc_city` (city_id, zone_id, name, code, jnereg) VALUES (2583, 195, "Petanahan", "MGL10112", "27600");
INSERT INTO `oc_city` (city_id, zone_id, name, code, jnereg) VALUES (2584, 195, "Poncowarno", "MGL10124", "27600");
INSERT INTO `oc_city` (city_id, zone_id, name, code, jnereg) VALUES (2585, 195, "Prembun", "MGL10113", "27600");
INSERT INTO `oc_city` (city_id, zone_id, name, code, jnereg) VALUES (2586, 195, "Puring", "MGL10114", "27600");
INSERT INTO `oc_city` (city_id, zone_id, name, code, jnereg) VALUES (2587, 195, "Rowokele", "MGL10120", "27600");
INSERT INTO `oc_city` (city_id, zone_id, name, code, jnereg) VALUES (2588, 195, "Sadang", "MGL10115", "27600");
INSERT INTO `oc_city` (city_id, zone_id, name, code, jnereg) VALUES (2589, 195, "Sempor", "MGL10125", "27600");
INSERT INTO `oc_city` (city_id, zone_id, name, code, jnereg) VALUES (2590, 195, "Sruweng", "MGL10116", "27600");
INSERT INTO `oc_zone` (zone_id, country_id, name, status) VALUES (196, 14, "Kab. Kendal", 1);
INSERT INTO `oc_city` (city_id, zone_id, name, code, jnereg) VALUES (2591, 196, "Boja", "SRG20801", "27600");
INSERT INTO `oc_city` (city_id, zone_id, name, code, jnereg) VALUES (2592, 196, "Brangsong", "SRG20802", "27600");
INSERT INTO `oc_city` (city_id, zone_id, name, code, jnereg) VALUES (2593, 196, "Cepiring", "SRG20803", "27600");
INSERT INTO `oc_city` (city_id, zone_id, name, code, jnereg) VALUES (2594, 196, "Gemuh", "SRG20805", "27600");
INSERT INTO `oc_city` (city_id, zone_id, name, code, jnereg) VALUES (2595, 196, "Kaliwungu", "SRG20806", "27600");
INSERT INTO `oc_city` (city_id, zone_id, name, code, jnereg) VALUES (2596, 196, "Kangkung", "SRG20817", "27600");
INSERT INTO `oc_city` (city_id, zone_id, name, code, jnereg, kgp) VALUES (2597, 196, "Kendal", "SRG20800", "21600", "18000");
INSERT INTO `oc_city` (city_id, zone_id, name, code, jnereg) VALUES (2598, 196, "Limbangan", "SRG20807", "27600");
INSERT INTO `oc_city` (city_id, zone_id, name, code, jnereg) VALUES (2599, 196, "Ngampel", "SRG20819", "27600");
INSERT INTO `oc_city` (city_id, zone_id, name, code, jnereg) VALUES (2600, 196, "Pagerruyung", "SRG20808", "27600");
INSERT INTO `oc_city` (city_id, zone_id, name, code, jnereg) VALUES (2601, 196, "Patean", "SRG20810", "27600");
INSERT INTO `oc_city` (city_id, zone_id, name, code, jnereg) VALUES (2602, 196, "Patebon", "SRG20809", "27600");
INSERT INTO `oc_city` (city_id, zone_id, name, code, jnereg) VALUES (2603, 196, "Pegandon", "SRG20811", "27600");
INSERT INTO `oc_city` (city_id, zone_id, name, code, jnereg) VALUES (2604, 196, "Plantungan", "SRG20812", "27600");
INSERT INTO `oc_city` (city_id, zone_id, name, code, jnereg) VALUES (2605, 196, "Ringinarum", "SRG20820", "27600");
INSERT INTO `oc_city` (city_id, zone_id, name, code, jnereg) VALUES (2606, 196, "Rowosari /Weleri Utara", "SRG20821", "27600");
INSERT INTO `oc_city` (city_id, zone_id, name, code, jnereg) VALUES (2607, 196, "Singorojo", "SRG20822", "27600");
INSERT INTO `oc_city` (city_id, zone_id, name, code, jnereg) VALUES (2608, 196, "Sukorejo", "SRG20814", "27600");
INSERT INTO `oc_city` (city_id, zone_id, name, code, jnereg) VALUES (2609, 196, "Weleri", "SRG20816", "27600");
INSERT INTO `oc_zone` (zone_id, country_id, name, status) VALUES (197, 14, "Kab. Klaten", 1);
INSERT INTO `oc_city` (city_id, zone_id, name, code, jnereg, kgp) VALUES (2610, 197, "Bayat", "SOC20301", "27600", "17000");
INSERT INTO `oc_city` (city_id, zone_id, name, code, jnereg, kgp) VALUES (2611, 197, "Cawas", "SOC20302", "27600", "17000");
INSERT INTO `oc_city` (city_id, zone_id, name, code, jnereg, kgp) VALUES (2612, 197, "Ceper", "SOC20303", "27600", "17000");
INSERT INTO `oc_city` (city_id, zone_id, name, code, jnereg, kgp) VALUES (2613, 197, "Delanggu", "SOC20304", "27600", "17000");
INSERT INTO `oc_city` (city_id, zone_id, name, code, jnereg, kgp) VALUES (2614, 197, "Gantiwarno", "SOC20305", "27600", "17000");
INSERT INTO `oc_city` (city_id, zone_id, name, code, jnereg, kgp) VALUES (2615, 197, "Jatinom", "SOC20306", "27600", "17000");
INSERT INTO `oc_city` (city_id, zone_id, name, code, jnereg, kgp) VALUES (2616, 197, "Jogonalan", "SOC20307", "27600", "17000");
INSERT INTO `oc_city` (city_id, zone_id, name, code, jnereg, kgp) VALUES (2617, 197, "Juwiring", "SOC20308", "27600", "17000");
INSERT INTO `oc_city` (city_id, zone_id, name, code, jnereg, kgp) VALUES (2618, 197, "Kalikotes", "SOC20309", "27600", "17000");
INSERT INTO `oc_city` (city_id, zone_id, name, code, jnereg, kgp) VALUES (2619, 197, "Karanganom", "SOC20311", "27600", "17000");
INSERT INTO `oc_city` (city_id, zone_id, name, code, jnereg, kgp) VALUES (2620, 197, "Karangdowo", "SOC20312", "27600", "17000");
INSERT INTO `oc_city` (city_id, zone_id, name, code, jnereg, kgp) VALUES (2621, 197, "Karangnongko", "SOC20310", "27600", "17000");
INSERT INTO `oc_city` (city_id, zone_id, name, code, jnereg, kgp) VALUES (2622, 197, "Kebonarum", "SOC20313", "27600", "17000");
INSERT INTO `oc_city` (city_id, zone_id, name, code, jnereg, kgp) VALUES (2623, 197, "Kemalang", "SOC20314", "27600", "17000");
INSERT INTO `oc_city` (city_id, zone_id, name, code, jnereg, kgp) VALUES (2624, 197, "Klaten", "SOC20300", "21600", "15000");
INSERT INTO `oc_city` (city_id, zone_id, name, code, jnereg, kgp) VALUES (2625, 197, "Klaten Selatan", "SOC20324", "27600", "17000");
INSERT INTO `oc_city` (city_id, zone_id, name, code, jnereg, kgp) VALUES (2626, 197, "Klaten Tengah", "SOC20325", "27600", "17000");
INSERT INTO `oc_city` (city_id, zone_id, name, code, jnereg, kgp) VALUES (2627, 197, "Klaten Utara", "SOC20326", "27600", "17000");
INSERT INTO `oc_city` (city_id, zone_id, name, code, jnereg, kgp) VALUES (2628, 197, "Manisrenggo", "SOC20315", "27600", "17000");
INSERT INTO `oc_city` (city_id, zone_id, name, code, jnereg, kgp) VALUES (2629, 197, "Ngawen", "SOC20316", "27600", "17000");
INSERT INTO `oc_city` (city_id, zone_id, name, code, jnereg, kgp) VALUES (2630, 197, "Pedan", "SOC20317", "27600", "17000");
INSERT INTO `oc_city` (city_id, zone_id, name, code, jnereg, kgp) VALUES (2631, 197, "Polanharjo", "SOC20318", "27600", "17000");
INSERT INTO `oc_city` (city_id, zone_id, name, code, jnereg, kgp) VALUES (2632, 197, "Prambanan", "SOC20319", "27600", "17000");
INSERT INTO `oc_city` (city_id, zone_id, name, code, jnereg, kgp) VALUES (2633, 197, "Trucuk", "SOC20320", "27600", "17000");
INSERT INTO `oc_city` (city_id, zone_id, name, code, jnereg, kgp) VALUES (2634, 197, "Tulung", "SOC20321", "27600", "17000");
INSERT INTO `oc_city` (city_id, zone_id, name, code, jnereg, kgp) VALUES (2635, 197, "Wedi", "SOC20322", "27600", "17000");
INSERT INTO `oc_city` (city_id, zone_id, name, code, jnereg, kgp) VALUES (2636, 197, "Wonosari", "SOC20323", "27600", "17000");
INSERT INTO `oc_zone` (zone_id, country_id, name, status) VALUES (198, 14, "Kab. Kudus", 1);
INSERT INTO `oc_city` (city_id, zone_id, name, code, jnereg) VALUES (2637, 198, "Bae", "SRG10208", "27600");
INSERT INTO `oc_city` (city_id, zone_id, name, code, jnereg) VALUES (2638, 198, "Dawe", "SRG10201", "27600");
INSERT INTO `oc_city` (city_id, zone_id, name, code, jnereg) VALUES (2639, 198, "Gebog", "SRG10205", "27600");
INSERT INTO `oc_city` (city_id, zone_id, name, code, jnereg) VALUES (2640, 198, "Jati", "SRG10206", "27600");
INSERT INTO `oc_city` (city_id, zone_id, name, code, jnereg) VALUES (2641, 198, "Jekulo", "SRG10202", "27600");
INSERT INTO `oc_city` (city_id, zone_id, name, code, jnereg) VALUES (2642, 198, "Kaliwungu", "SRG10207", "27600");
INSERT INTO `oc_city` (city_id, zone_id, name, code, jnereg, kgp) VALUES (2643, 198, "Kudus", "SRG10200", "21600", "15000");
INSERT INTO `oc_city` (city_id, zone_id, name, code, jnereg) VALUES (2644, 198, "Mejobo", "SRG10203", "27600");
INSERT INTO `oc_city` (city_id, zone_id, name, code, jnereg) VALUES (2645, 198, "Undaan", "SRG10204", "27600");
INSERT INTO `oc_zone` (zone_id, country_id, name, status) VALUES (199, 14, "Kab. Magelang", 1);
INSERT INTO `oc_city` (city_id, zone_id, name, code, jnereg) VALUES (2646, 199, "Bandongan", "MGL10502", "19200");
INSERT INTO `oc_city` (city_id, zone_id, name, code, jnereg) VALUES (2647, 199, "Borobudur", "MGL10520", "19200");
INSERT INTO `oc_city` (city_id, zone_id, name, code, jnereg) VALUES (2648, 199, "Candimulyo", "MGL10503", "19200");
INSERT INTO `oc_city` (city_id, zone_id, name, code, jnereg) VALUES (2649, 199, "Dukun", "MGL10516", "19200");
INSERT INTO `oc_city` (city_id, zone_id, name, code, jnereg) VALUES (2650, 199, "Grabag", "MGL10504", "27600");
INSERT INTO `oc_city` (city_id, zone_id, name, code, jnereg) VALUES (2651, 199, "Kajoran", "MGL10505", "27600");
INSERT INTO `oc_city` (city_id, zone_id, name, code, jnereg) VALUES (2652, 199, "Kaliangkrik", "MGL10506", "19200");
INSERT INTO `oc_city` (city_id, zone_id, name, code, jnereg) VALUES (2653, 199, "MERTOYUDAN", "MGL10507", "19200");
INSERT INTO `oc_city` (city_id, zone_id, name, code, jnereg, kgp) VALUES (2654, 199, "Mungkid", "MGL10500", "21600", "18000");
INSERT INTO `oc_city` (city_id, zone_id, name, code, jnereg) VALUES (2655, 199, "Muntilan", "MGL10518", "19200");
INSERT INTO `oc_city` (city_id, zone_id, name, code, jnereg) VALUES (2656, 199, "Ngablak", "MGL10508", "19200");
INSERT INTO `oc_city` (city_id, zone_id, name, code, jnereg) VALUES (2657, 199, "Ngluwar", "MGL10519", "27600");
INSERT INTO `oc_city` (city_id, zone_id, name, code, jnereg) VALUES (2658, 199, "Pakis", "MGL10509", "19200");
INSERT INTO `oc_city` (city_id, zone_id, name, code, jnereg) VALUES (2659, 199, "Salam", "MGL10501", "19200");
INSERT INTO `oc_city` (city_id, zone_id, name, code, jnereg) VALUES (2660, 199, "Salaman", "MGL10510", "19200");
INSERT INTO `oc_city` (city_id, zone_id, name, code, jnereg) VALUES (2661, 199, "Sawangan", "MGL10517", "19200");
INSERT INTO `oc_city` (city_id, zone_id, name, code, jnereg) VALUES (2662, 199, "Secang", "MGL10511", "19200");
INSERT INTO `oc_city` (city_id, zone_id, name, code, jnereg) VALUES (2663, 199, "Srumbung", "MGL10515", "19200");
INSERT INTO `oc_city` (city_id, zone_id, name, code, jnereg) VALUES (2664, 199, "Tegalrejo", "MGL10512", "19200");
INSERT INTO `oc_city` (city_id, zone_id, name, code, jnereg) VALUES (2665, 199, "Tempuran", "MGL10513", "19200");
INSERT INTO `oc_city` (city_id, zone_id, name, code, jnereg) VALUES (2666, 199, "WINDUSARI", "MGL10514", "27600");
INSERT INTO `oc_zone` (zone_id, country_id, name, status) VALUES (200, 14, "Kab. Pati", 1);
INSERT INTO `oc_city` (city_id, zone_id, name, code, jnereg) VALUES (2667, 200, "Batangan", "SRG20901", "27600");
INSERT INTO `oc_city` (city_id, zone_id, name, code, jnereg) VALUES (2668, 200, "Cluwak", "SRG20902", "27600");
INSERT INTO `oc_city` (city_id, zone_id, name, code, jnereg) VALUES (2669, 200, "Dukuhseti", "SRG20903", "27600");
INSERT INTO `oc_city` (city_id, zone_id, name, code, jnereg) VALUES (2670, 200, "Gabus", "SRG20904", "27600");
INSERT INTO `oc_city` (city_id, zone_id, name, code, jnereg) VALUES (2671, 200, "Gembong", "SRG20905", "27600");
INSERT INTO `oc_city` (city_id, zone_id, name, code, jnereg) VALUES (2672, 200, "Gunungwungkal", "SRG20906", "27600");
INSERT INTO `oc_city` (city_id, zone_id, name, code, jnereg) VALUES (2673, 200, "Jaken", "SRG20907", "27600");
INSERT INTO `oc_city` (city_id, zone_id, name, code, jnereg) VALUES (2674, 200, "Jakenan", "SRG20908", "27600");
INSERT INTO `oc_city` (city_id, zone_id, name, code, jnereg) VALUES (2675, 200, "Juwana", "SRG20909", "27600");
INSERT INTO `oc_city` (city_id, zone_id, name, code, jnereg) VALUES (2676, 200, "Kayen", "SRG20910", "27600");
INSERT INTO `oc_city` (city_id, zone_id, name, code, jnereg) VALUES (2677, 200, "Margorejo", "SRG20911", "27600");
INSERT INTO `oc_city` (city_id, zone_id, name, code, jnereg) VALUES (2678, 200, "Margoyoso", "SRG20912", "27600");
INSERT INTO `oc_city` (city_id, zone_id, name, code, jnereg, kgp) VALUES (2679, 200, "Pati", "SRG20900", "21600", "18000");
INSERT INTO `oc_city` (city_id, zone_id, name, code, jnereg) VALUES (2680, 200, "Pucakwangi", "SRG20913", "27600");
INSERT INTO `oc_city` (city_id, zone_id, name, code, jnereg) VALUES (2681, 200, "Sukolilo", "SRG20914", "27600");
INSERT INTO `oc_city` (city_id, zone_id, name, code, jnereg) VALUES (2682, 200, "Tambakromo", "SRG20915", "27600");
INSERT INTO `oc_city` (city_id, zone_id, name, code, jnereg) VALUES (2683, 200, "Tayu", "SRG20916", "27600");
INSERT INTO `oc_city` (city_id, zone_id, name, code, jnereg) VALUES (2684, 200, "Telogowungu", "SRG20917", "27600");
INSERT INTO `oc_city` (city_id, zone_id, name, code, jnereg) VALUES (2685, 200, "Trangkil", "SRG20918", "27600");
INSERT INTO `oc_city` (city_id, zone_id, name, code, jnereg) VALUES (2686, 200, "Wedarijaksa", "SRG20919", "27600");
INSERT INTO `oc_city` (city_id, zone_id, name, code, jnereg) VALUES (2687, 200, "Winong", "SRG20920", "27600");
INSERT INTO `oc_zone` (zone_id, country_id, name, status) VALUES (201, 14, "Kab. Pekalongan", 1);
INSERT INTO `oc_city` (city_id, zone_id, name, code, jnereg) VALUES (2688, 201, "Bojong", "SRG22201", "27600");
INSERT INTO `oc_city` (city_id, zone_id, name, code, jnereg) VALUES (2689, 201, "Buaran", "SRG22202", "27600");
INSERT INTO `oc_city` (city_id, zone_id, name, code, jnereg) VALUES (2690, 201, "Doro", "SRG22203", "27600");
INSERT INTO `oc_city` (city_id, zone_id, name, code, jnereg) VALUES (2691, 201, "Kajen", "SRG22200", "27600");
INSERT INTO `oc_city` (city_id, zone_id, name, code, jnereg) VALUES (2692, 201, "KANDANG SERANG", "SRG22204", "27600");
INSERT INTO `oc_city` (city_id, zone_id, name, code, jnereg) VALUES (2693, 201, "Karanganyar", "SRG22205", "27600");
INSERT INTO `oc_city` (city_id, zone_id, name, code, jnereg) VALUES (2694, 201, "Karangdadap", "SRG22206", "27600");
INSERT INTO `oc_city` (city_id, zone_id, name, code, jnereg) VALUES (2695, 201, "Kedungwuni", "SRG22207", "27600");
INSERT INTO `oc_city` (city_id, zone_id, name, code, jnereg) VALUES (2696, 201, "Kesesi", "SRG22208", "27600");
INSERT INTO `oc_city` (city_id, zone_id, name, code, jnereg) VALUES (2697, 201, "LEBAK BARANG", "SRG22209", "27600");
INSERT INTO `oc_city` (city_id, zone_id, name, code, jnereg) VALUES (2698, 201, "Paninggaran", "SRG22210", "27600");
INSERT INTO `oc_city` (city_id, zone_id, name, code, jnereg) VALUES (2699, 201, "Petungkriono", "SRG22211", "27600");
INSERT INTO `oc_city` (city_id, zone_id, name, code, jnereg) VALUES (2700, 201, "Siwalan", "SRG22212", "27600");
INSERT INTO `oc_city` (city_id, zone_id, name, code, jnereg) VALUES (2701, 201, "Sragi", "SRG22213", "27600");
INSERT INTO `oc_city` (city_id, zone_id, name, code, jnereg) VALUES (2702, 201, "Talun", "SRG22214", "27600");
INSERT INTO `oc_city` (city_id, zone_id, name, code, jnereg) VALUES (2703, 201, "Tirto", "SRG22215", "27600");
INSERT INTO `oc_city` (city_id, zone_id, name, code, jnereg) VALUES (2704, 201, "Wiradesa", "SRG22216", "27600");
INSERT INTO `oc_city` (city_id, zone_id, name, code, jnereg) VALUES (2705, 201, "Wonokerto", "SRG22217", "27600");
INSERT INTO `oc_city` (city_id, zone_id, name, code, jnereg) VALUES (2706, 201, "Wonopringgo", "SRG22218", "27600");
INSERT INTO `oc_zone` (zone_id, country_id, name, status) VALUES (202, 14, "Kab. Pemalang", 1);
INSERT INTO `oc_city` (city_id, zone_id, name, code, jnereg) VALUES (2707, 202, "Ampelgading", "SRG21001", "27600");
INSERT INTO `oc_city` (city_id, zone_id, name, code, jnereg) VALUES (2708, 202, "Bantarbolang", "SRG21002", "27600");
INSERT INTO `oc_city` (city_id, zone_id, name, code, jnereg) VALUES (2709, 202, "Belik", "SRG21003", "27600");
INSERT INTO `oc_city` (city_id, zone_id, name, code, jnereg) VALUES (2710, 202, "Bodeh", "SRG21004", "27600");
INSERT INTO `oc_city` (city_id, zone_id, name, code, jnereg) VALUES (2711, 202, "Comal", "SRG21005", "27600");
INSERT INTO `oc_city` (city_id, zone_id, name, code, jnereg) VALUES (2712, 202, "Moga", "SRG21006", "27600");
INSERT INTO `oc_city` (city_id, zone_id, name, code, jnereg, kgp) VALUES (2713, 202, "Pemalang", "SRG21000", "21600", "18000");
INSERT INTO `oc_city` (city_id, zone_id, name, code, jnereg) VALUES (2714, 202, "Petarukan", "SRG21007", "27600");
INSERT INTO `oc_city` (city_id, zone_id, name, code, jnereg) VALUES (2715, 202, "Pulosari", "SRG21008", "27600");
INSERT INTO `oc_city` (city_id, zone_id, name, code, jnereg) VALUES (2716, 202, "Randudongkal", "SRG21009", "27600");
INSERT INTO `oc_city` (city_id, zone_id, name, code, jnereg) VALUES (2717, 202, "Taman", "SRG21010", "27600");
INSERT INTO `oc_city` (city_id, zone_id, name, code, jnereg) VALUES (2718, 202, "Ulujami", "SRG21011", "27600");
INSERT INTO `oc_city` (city_id, zone_id, name, code, jnereg) VALUES (2719, 202, "Warungpring", "SRG21012", "27600");
INSERT INTO `oc_city` (city_id, zone_id, name, code, jnereg) VALUES (2720, 202, "Watukumpul", "SRG21013", "27600");
INSERT INTO `oc_zone` (zone_id, country_id, name, status) VALUES (203, 14, "Kab. Purbalingga", 1);
INSERT INTO `oc_city` (city_id, zone_id, name, code, jnereg) VALUES (2721, 203, "Bobotsari", "SRG21701", "27600");
INSERT INTO `oc_city` (city_id, zone_id, name, code, jnereg) VALUES (2722, 203, "Bojongsari", "SRG21702", "27600");
INSERT INTO `oc_city` (city_id, zone_id, name, code, jnereg) VALUES (2723, 203, "Bukateja", "SRG21703", "27600");
INSERT INTO `oc_city` (city_id, zone_id, name, code, jnereg) VALUES (2724, 203, "Kaligondang", "SRG21704", "27600");
INSERT INTO `oc_city` (city_id, zone_id, name, code, jnereg) VALUES (2725, 203, "Kalimanah", "SRG21705", "27600");
INSERT INTO `oc_city` (city_id, zone_id, name, code, jnereg) VALUES (2726, 203, "Karanganyar", "SRG21707", "27600");
INSERT INTO `oc_city` (city_id, zone_id, name, code, jnereg) VALUES (2727, 203, "Karangjambu", "SRG21715", "27600");
INSERT INTO `oc_city` (city_id, zone_id, name, code, jnereg) VALUES (2728, 203, "Karangmoncol", "SRG21708", "27600");
INSERT INTO `oc_city` (city_id, zone_id, name, code, jnereg) VALUES (2729, 203, "Karangreja", "SRG21709", "27600");
INSERT INTO `oc_city` (city_id, zone_id, name, code, jnereg) VALUES (2730, 203, "Kejobong", "SRG21710", "27600");
INSERT INTO `oc_city` (city_id, zone_id, name, code, jnereg) VALUES (2731, 203, "Kemangkon", "SRG21711", "27600");
INSERT INTO `oc_city` (city_id, zone_id, name, code, jnereg) VALUES (2732, 203, "Kertanegara", "SRG21716", "27600");
INSERT INTO `oc_city` (city_id, zone_id, name, code, jnereg) VALUES (2733, 203, "Kutasari", "SRG21712", "27600");
INSERT INTO `oc_city` (city_id, zone_id, name, code, jnereg) VALUES (2734, 203, "Mrebet", "SRG21713", "27600");
INSERT INTO `oc_city` (city_id, zone_id, name, code, jnereg) VALUES (2735, 203, "Padamara", "SRG21717", "27600");
INSERT INTO `oc_city` (city_id, zone_id, name, code, jnereg) VALUES (2736, 203, "Pengadegan", "SRG21718", "27600");
INSERT INTO `oc_city` (city_id, zone_id, name, code, jnereg, kgp) VALUES (2737, 203, "Purbalingga", "SRG21700", "21600", "19000");
INSERT INTO `oc_city` (city_id, zone_id, name, code, jnereg) VALUES (2738, 203, "Rembang", "SRG21714", "21600");
INSERT INTO `oc_zone` (zone_id, country_id, name, status) VALUES (204, 14, "Kab. Purworejo", 1);
INSERT INTO `oc_city` (city_id, zone_id, name, code, jnereg) VALUES (2739, 204, "Bagelen", "MGL10301", "27600");
INSERT INTO `oc_city` (city_id, zone_id, name, code, jnereg) VALUES (2740, 204, "Banyuurip", "MGL10302", "27600");
INSERT INTO `oc_city` (city_id, zone_id, name, code, jnereg) VALUES (2741, 204, "Bayan", "MGL10315", "27600");
INSERT INTO `oc_city` (city_id, zone_id, name, code, jnereg) VALUES (2742, 204, "Bener", "MGL10303", "27600");
INSERT INTO `oc_city` (city_id, zone_id, name, code, jnereg) VALUES (2743, 204, "Bruno", "MGL10313", "27600");
INSERT INTO `oc_city` (city_id, zone_id, name, code, jnereg) VALUES (2744, 204, "Butuh", "MGL10312", "27600");
INSERT INTO `oc_city` (city_id, zone_id, name, code, jnereg) VALUES (2745, 204, "Gebang", "MGL10304", "27600");
INSERT INTO `oc_city` (city_id, zone_id, name, code, jnereg) VALUES (2746, 204, "Grabag", "MGL10314", "27600");
INSERT INTO `oc_city` (city_id, zone_id, name, code, jnereg) VALUES (2747, 204, "Kaligesing", "MGL10305", "27600");
INSERT INTO `oc_city` (city_id, zone_id, name, code, jnereg) VALUES (2748, 204, "Kemiri", "MGL10310", "27600");
INSERT INTO `oc_city` (city_id, zone_id, name, code, jnereg) VALUES (2749, 204, "Kutoarjo", "MGL10309", "27600");
INSERT INTO `oc_city` (city_id, zone_id, name, code, jnereg) VALUES (2750, 204, "Loano", "MGL10306", "27600");
INSERT INTO `oc_city` (city_id, zone_id, name, code, jnereg) VALUES (2751, 204, "Ngombol", "MGL10307", "27600");
INSERT INTO `oc_city` (city_id, zone_id, name, code, jnereg) VALUES (2752, 204, "Pituruh", "MGL10311", "27600");
INSERT INTO `oc_city` (city_id, zone_id, name, code, jnereg) VALUES (2753, 204, "Purwodadi", "MGL10308", "21600");
INSERT INTO `oc_city` (city_id, zone_id, name, code, jnereg, kgp) VALUES (2754, 204, "Purworejo", "MGL10300", "21600", "20000");
INSERT INTO `oc_zone` (zone_id, country_id, name, status) VALUES (205, 14, "Kab. Rembang", 1);
INSERT INTO `oc_city` (city_id, zone_id, name, code, jnereg) VALUES (2755, 205, "Bulu", "SRG21201", "27600");
INSERT INTO `oc_city` (city_id, zone_id, name, code, jnereg) VALUES (2756, 205, "Gunem", "SRG21202", "27600");
INSERT INTO `oc_city` (city_id, zone_id, name, code, jnereg) VALUES (2757, 205, "Kaliori", "SRG21203", "27600");
INSERT INTO `oc_city` (city_id, zone_id, name, code, jnereg) VALUES (2758, 205, "Kragan", "SRG21204", "27600");
INSERT INTO `oc_city` (city_id, zone_id, name, code, jnereg) VALUES (2759, 205, "Lasem", "SRG21205", "27600");
INSERT INTO `oc_city` (city_id, zone_id, name, code, jnereg) VALUES (2760, 205, "Pamotan", "SRG21206", "27600");
INSERT INTO `oc_city` (city_id, zone_id, name, code, jnereg) VALUES (2761, 205, "Pancur", "SRG21207", "27600");
INSERT INTO `oc_city` (city_id, zone_id, name, code, jnereg, kgp) VALUES (2762, 205, "Rembang", "SRG21200", "21600", "19000");
INSERT INTO `oc_city` (city_id, zone_id, name, code, jnereg) VALUES (2763, 205, "Sale", "SRG21208", "27600");
INSERT INTO `oc_city` (city_id, zone_id, name, code, jnereg) VALUES (2764, 205, "Sarang", "SRG21209", "27600");
INSERT INTO `oc_city` (city_id, zone_id, name, code, jnereg) VALUES (2765, 205, "Sedan", "SRG21210", "27600");
INSERT INTO `oc_city` (city_id, zone_id, name, code, jnereg) VALUES (2766, 205, "Sluke", "SRG21211", "27600");
INSERT INTO `oc_city` (city_id, zone_id, name, code, jnereg) VALUES (2767, 205, "Sulang", "SRG21212", "27600");
INSERT INTO `oc_city` (city_id, zone_id, name, code, jnereg) VALUES (2768, 205, "Sumber", "SRG21213", "27600");
INSERT INTO `oc_zone` (zone_id, country_id, name, status) VALUES (206, 14, "Kab. Semarang", 1);
INSERT INTO `oc_city` (city_id, zone_id, name, code, jnereg, kgp) VALUES (2769, 206, "Ambarawa", "SRG21602", "21600", "18000");
INSERT INTO `oc_city` (city_id, zone_id, name, code, jnereg) VALUES (2770, 206, "Bancak", "SRG21604", "27600");
INSERT INTO `oc_city` (city_id, zone_id, name, code, jnereg) VALUES (2771, 206, "Banyubiru", "SRG21603", "27600");
INSERT INTO `oc_city` (city_id, zone_id, name, code, jnereg) VALUES (2772, 206, "Bawen / Doplang", "SRG21605", "27600");
INSERT INTO `oc_city` (city_id, zone_id, name, code, jnereg) VALUES (2773, 206, "Bergas", "SRG21606", "27600");
INSERT INTO `oc_city` (city_id, zone_id, name, code, jnereg) VALUES (2774, 206, "Bringin", "SRG21607", "27600");
INSERT INTO `oc_city` (city_id, zone_id, name, code, jnereg) VALUES (2775, 206, "Getasan", "SRG21608", "27600");
INSERT INTO `oc_city` (city_id, zone_id, name, code, jnereg) VALUES (2776, 206, "Jambu", "SRG21609", "27600");
INSERT INTO `oc_city` (city_id, zone_id, name, code, jnereg) VALUES (2777, 206, "Kaliwungu", "SRG21610", "27600");
INSERT INTO `oc_city` (city_id, zone_id, name, code, jnereg) VALUES (2778, 206, "Pabelan", "SRG21611", "27600");
INSERT INTO `oc_city` (city_id, zone_id, name, code, jnereg) VALUES (2779, 206, "Pringapus", "SRG21612", "27600");
INSERT INTO `oc_city` (city_id, zone_id, name, code, jnereg) VALUES (2780, 206, "Sumowono", "SRG21615", "27600");
INSERT INTO `oc_city` (city_id, zone_id, name, code, jnereg) VALUES (2781, 206, "Suruh", "SRG21614", "27600");
INSERT INTO `oc_city` (city_id, zone_id, name, code, jnereg) VALUES (2782, 206, "Susukan", "SRG21613", "27600");
INSERT INTO `oc_city` (city_id, zone_id, name, code, jnereg) VALUES (2783, 206, "Tengaran", "SRG21616", "27600");
INSERT INTO `oc_city` (city_id, zone_id, name, code, jnereg) VALUES (2784, 206, "Tuntang", "SRG21617", "27600");
INSERT INTO `oc_city` (city_id, zone_id, name, code, jnereg, kgp) VALUES (2785, 206, "Ungaran", "SRG21600", "18000", "18000");
INSERT INTO `oc_city` (city_id, zone_id, name, code, jnereg) VALUES (2786, 206, "Ungaran Barat", "SRG21618", "27600");
INSERT INTO `oc_city` (city_id, zone_id, name, code, jnereg) VALUES (2787, 206, "Ungaran Timur", "SRG21619", "27600");
INSERT INTO `oc_zone` (zone_id, country_id, name, status) VALUES (207, 14, "Kab. Sragen", 1);
INSERT INTO `oc_city` (city_id, zone_id, name, code, jnereg, kgp) VALUES (2788, 207, "Gemolong", "SOC20402", "27600", "22000");
INSERT INTO `oc_city` (city_id, zone_id, name, code, jnereg, kgp) VALUES (2789, 207, "Gesi", "SOC20401", "27600", "22000");
INSERT INTO `oc_city` (city_id, zone_id, name, code, jnereg, kgp) VALUES (2790, 207, "Gondang", "SOC20403", "27600", "22000");
INSERT INTO `oc_city` (city_id, zone_id, name, code, jnereg, kgp) VALUES (2791, 207, "Jenar", "SOC20404", "27600", "22000");
INSERT INTO `oc_city` (city_id, zone_id, name, code, jnereg, kgp) VALUES (2792, 207, "Kalijambe", "SOC20405", "27600", "22000");
INSERT INTO `oc_city` (city_id, zone_id, name, code, jnereg, kgp) VALUES (2793, 207, "Karangmalang", "SOC20420", "27600", "22000");
INSERT INTO `oc_city` (city_id, zone_id, name, code, jnereg, kgp) VALUES (2794, 207, "Kedawung", "SOC20406", "27600", "22000");
INSERT INTO `oc_city` (city_id, zone_id, name, code, jnereg, kgp) VALUES (2795, 207, "Masaran", "SOC20408", "27600", "22000");
INSERT INTO `oc_city` (city_id, zone_id, name, code, jnereg, kgp) VALUES (2796, 207, "Miri", "SOC20407", "27600", "22000");
INSERT INTO `oc_city` (city_id, zone_id, name, code, jnereg, kgp) VALUES (2797, 207, "Mondokan", "SOC20409", "27600", "22000");
INSERT INTO `oc_city` (city_id, zone_id, name, code, jnereg, kgp) VALUES (2798, 207, "Ngrampal", "SOC20410", "27600", "22000");
INSERT INTO `oc_city` (city_id, zone_id, name, code, jnereg, kgp) VALUES (2799, 207, "Plupuh", "SOC20411", "27600", "22000");
INSERT INTO `oc_city` (city_id, zone_id, name, code, jnereg, kgp) VALUES (2800, 207, "Sambirejo", "SOC20413", "27600", "22000");
INSERT INTO `oc_city` (city_id, zone_id, name, code, jnereg, kgp) VALUES (2801, 207, "Sambungmacan", "SOC20412", "27600", "22000");
INSERT INTO `oc_city` (city_id, zone_id, name, code, jnereg, kgp) VALUES (2802, 207, "Sidoharjo", "SOC20414", "27600", "22000");
INSERT INTO `oc_city` (city_id, zone_id, name, code, jnereg, kgp) VALUES (2803, 207, "Sragen", "SOC20400", "21600", "17000");
INSERT INTO `oc_city` (city_id, zone_id, name, code, jnereg, kgp) VALUES (2804, 207, "Sukodono", "SOC20416", "27600", "22000");
INSERT INTO `oc_city` (city_id, zone_id, name, code, jnereg, kgp) VALUES (2805, 207, "Sumberlawang", "SOC20417", "27600", "22000");
INSERT INTO `oc_city` (city_id, zone_id, name, code, jnereg, kgp) VALUES (2806, 207, "Tangen", "SOC20419", "27600", "22000");
INSERT INTO `oc_city` (city_id, zone_id, name, code, jnereg, kgp) VALUES (2807, 207, "Tanon", "SOC20418", "27600", "22000");
INSERT INTO `oc_zone` (zone_id, country_id, name, status) VALUES (208, 14, "Kab. Sukoharjo", 1);
INSERT INTO `oc_city` (city_id, zone_id, name, code, jnereg) VALUES (2808, 208, "Baki", "SOC20508", "27600");
INSERT INTO `oc_city` (city_id, zone_id, name, code, jnereg) VALUES (2809, 208, "Bendosari", "SOC20509", "27600");
INSERT INTO `oc_city` (city_id, zone_id, name, code, jnereg) VALUES (2810, 208, "Bulu", "SOC20501", "27600");
INSERT INTO `oc_city` (city_id, zone_id, name, code, jnereg) VALUES (2811, 208, "Gatak", "SOC20510", "27600");
INSERT INTO `oc_city` (city_id, zone_id, name, code, jnereg) VALUES (2812, 208, "Grogol", "SOC20511", "27600");
INSERT INTO `oc_city` (city_id, zone_id, name, code, jnereg) VALUES (2813, 208, "Kartasura", "SOC20512", "21600");
INSERT INTO `oc_city` (city_id, zone_id, name, code, jnereg) VALUES (2814, 208, "Mojolaban / Palur", "SOC20502", "27600");
INSERT INTO `oc_city` (city_id, zone_id, name, code, jnereg) VALUES (2815, 208, "Nguter", "SOC20503", "27600");
INSERT INTO `oc_city` (city_id, zone_id, name, code, jnereg) VALUES (2816, 208, "Polokarto", "SOC20504", "27600");
INSERT INTO `oc_city` (city_id, zone_id, name, code, jnereg, kgp) VALUES (2817, 208, "Sukoharjo", "SOC20500", "21600", "17000");
INSERT INTO `oc_city` (city_id, zone_id, name, code, jnereg) VALUES (2818, 208, "Tawangsari", "SOC20505", "27600");
INSERT INTO `oc_city` (city_id, zone_id, name, code, jnereg) VALUES (2819, 208, "Weru", "SOC20506", "27600");
INSERT INTO `oc_zone` (zone_id, country_id, name, status) VALUES (209, 14, "Kab. Tegal", 1);
INSERT INTO `oc_city` (city_id, zone_id, name, code, jnereg) VALUES (2820, 209, "Adiwerna", "SRG21411", "27600");
INSERT INTO `oc_city` (city_id, zone_id, name, code, jnereg) VALUES (2821, 209, "Balapulang", "SRG21401", "27600");
INSERT INTO `oc_city` (city_id, zone_id, name, code, jnereg) VALUES (2822, 209, "Bojong", "SRG21402", "27600");
INSERT INTO `oc_city` (city_id, zone_id, name, code, jnereg) VALUES (2823, 209, "Bumijawa", "SRG21403", "27600");
INSERT INTO `oc_city` (city_id, zone_id, name, code, jnereg) VALUES (2824, 209, "Dukuhturi", "SRG21412", "27600");
INSERT INTO `oc_city` (city_id, zone_id, name, code, jnereg) VALUES (2825, 209, "Dukuhwaru", "SRG21404", "27600");
INSERT INTO `oc_city` (city_id, zone_id, name, code, jnereg) VALUES (2826, 209, "Jatinegara", "SRG21405", "27600");
INSERT INTO `oc_city` (city_id, zone_id, name, code, jnereg) VALUES (2827, 209, "Kedungbanteng", "SRG21406", "27600");
INSERT INTO `oc_city` (city_id, zone_id, name, code, jnereg) VALUES (2828, 209, "Kramat", "SRG21413", "27600");
INSERT INTO `oc_city` (city_id, zone_id, name, code, jnereg) VALUES (2829, 209, "Lebaksiu", "SRG21407", "27600");
INSERT INTO `oc_city` (city_id, zone_id, name, code, jnereg) VALUES (2830, 209, "Margasari", "SRG21408", "27600");
INSERT INTO `oc_city` (city_id, zone_id, name, code, jnereg) VALUES (2831, 209, "Pagerbarang", "SRG21409", "27600");
INSERT INTO `oc_city` (city_id, zone_id, name, code, jnereg) VALUES (2832, 209, "Pangkah", "SRG21410", "27600");
INSERT INTO `oc_city` (city_id, zone_id, name, code, jnereg) VALUES (2833, 209, "Slawi", "SRG21400", "21600");
INSERT INTO `oc_city` (city_id, zone_id, name, code, jnereg) VALUES (2834, 209, "Suradadi", "SRG21414", "27600");
INSERT INTO `oc_city` (city_id, zone_id, name, code, jnereg) VALUES (2835, 209, "Talang", "SRG21415", "27600");
INSERT INTO `oc_city` (city_id, zone_id, name, code, jnereg) VALUES (2836, 209, "Tarub", "SRG21416", "27600");
INSERT INTO `oc_city` (city_id, zone_id, name, code, jnereg) VALUES (2837, 209, "Warureja", "SRG21417", "27600");
INSERT INTO `oc_zone` (zone_id, country_id, name, status) VALUES (210, 14, "Kab. Temanggung", 1);
INSERT INTO `oc_city` (city_id, zone_id, name, code, jnereg) VALUES (2838, 210, "Bansari", "MGL10420", "27600");
INSERT INTO `oc_city` (city_id, zone_id, name, code, jnereg) VALUES (2839, 210, "Bejen", "MGL10414", "27600");
INSERT INTO `oc_city` (city_id, zone_id, name, code, jnereg) VALUES (2840, 210, "Bulu", "MGL10401", "27600");
INSERT INTO `oc_city` (city_id, zone_id, name, code, jnereg) VALUES (2841, 210, "Candiroto", "MGL10402", "27600");
INSERT INTO `oc_city` (city_id, zone_id, name, code, jnereg) VALUES (2842, 210, "Gemawang", "MGL10419", "27600");
INSERT INTO `oc_city` (city_id, zone_id, name, code, jnereg) VALUES (2843, 210, "Jumo", "MGL10403", "27600");
INSERT INTO `oc_city` (city_id, zone_id, name, code, jnereg) VALUES (2844, 210, "Kaloran", "MGL10404", "27600");
INSERT INTO `oc_city` (city_id, zone_id, name, code, jnereg) VALUES (2845, 210, "Kandangan", "MGL10405", "27600");
INSERT INTO `oc_city` (city_id, zone_id, name, code, jnereg) VALUES (2846, 210, "Kedu", "MGL10406", "27600");
INSERT INTO `oc_city` (city_id, zone_id, name, code, jnereg) VALUES (2847, 210, "Kledung", "MGL10416", "27600");
INSERT INTO `oc_city` (city_id, zone_id, name, code, jnereg) VALUES (2848, 210, "Kranggan", "MGL10407", "27600");
INSERT INTO `oc_city` (city_id, zone_id, name, code, jnereg) VALUES (2849, 210, "Ngadirejo", "MGL10408", "27600");
INSERT INTO `oc_city` (city_id, zone_id, name, code, jnereg) VALUES (2850, 210, "Parakan", "MGL10409", "27600");
INSERT INTO `oc_city` (city_id, zone_id, name, code, jnereg) VALUES (2851, 210, "Pringsurat", "MGL10410", "27600");
INSERT INTO `oc_city` (city_id, zone_id, name, code, jnereg) VALUES (2852, 210, "Selopampang", "MGL10421", "27600");
INSERT INTO `oc_city` (city_id, zone_id, name, code, jnereg, kgp) VALUES (2853, 210, "Temanggung", "MGL10400", "21600", "19000");
INSERT INTO `oc_city` (city_id, zone_id, name, code, jnereg) VALUES (2854, 210, "Tembarak", "MGL10411", "27600");
INSERT INTO `oc_city` (city_id, zone_id, name, code, jnereg) VALUES (2855, 210, "Tlogomulyo", "MGL10415", "27600");
INSERT INTO `oc_city` (city_id, zone_id, name, code, jnereg) VALUES (2856, 210, "Tretep", "MGL10412", "27600");
INSERT INTO `oc_city` (city_id, zone_id, name, code, jnereg) VALUES (2857, 210, "Wonoboyo", "MGL10418", "27600");
INSERT INTO `oc_zone` (zone_id, country_id, name, status) VALUES (211, 14, "Kab. Wonogiri", 1);
INSERT INTO `oc_city` (city_id, zone_id, name, code, jnereg) VALUES (2858, 211, "Baturetno", "SOC20601", "27600");
INSERT INTO `oc_city` (city_id, zone_id, name, code, jnereg) VALUES (2859, 211, "Batuwarno", "SOC20602", "27600");
INSERT INTO `oc_city` (city_id, zone_id, name, code, jnereg) VALUES (2860, 211, "Bulukerto", "SOC20603", "27600");
INSERT INTO `oc_city` (city_id, zone_id, name, code, jnereg) VALUES (2861, 211, "Eromoko", "SOC20604", "27600");
INSERT INTO `oc_city` (city_id, zone_id, name, code, jnereg) VALUES (2862, 211, "Girimarto", "SOC20605", "27600");
INSERT INTO `oc_city` (city_id, zone_id, name, code, jnereg) VALUES (2863, 211, "Giritontro", "SOC20606", "27600");
INSERT INTO `oc_city` (city_id, zone_id, name, code, jnereg) VALUES (2864, 211, "Giriwoyo", "SOC20608", "27600");
INSERT INTO `oc_city` (city_id, zone_id, name, code, jnereg) VALUES (2865, 211, "Jatipurno", "SOC20609", "27600");
INSERT INTO `oc_city` (city_id, zone_id, name, code, jnereg) VALUES (2866, 211, "Jatiroto", "SOC20610", "27600");
INSERT INTO `oc_city` (city_id, zone_id, name, code, jnereg) VALUES (2867, 211, "Jatisrono", "SOC20611", "27600");
INSERT INTO `oc_city` (city_id, zone_id, name, code, jnereg) VALUES (2868, 211, "Karangtengah", "SOC20612", "27600");
INSERT INTO `oc_city` (city_id, zone_id, name, code, jnereg) VALUES (2869, 211, "Kismantoro", "SOC20613", "27600");
INSERT INTO `oc_city` (city_id, zone_id, name, code, jnereg) VALUES (2870, 211, "Manyaran", "SOC20614", "27600");
INSERT INTO `oc_city` (city_id, zone_id, name, code, jnereg) VALUES (2871, 211, "Ngadirojo", "SOC20615", "27600");
INSERT INTO `oc_city` (city_id, zone_id, name, code, jnereg) VALUES (2872, 211, "Nguntoronadi", "SOC20616", "27600");
INSERT INTO `oc_city` (city_id, zone_id, name, code, jnereg) VALUES (2873, 211, "Paranggupito", "SOC20626", "27600");
INSERT INTO `oc_city` (city_id, zone_id, name, code, jnereg) VALUES (2874, 211, "Pracimantoro", "SOC20617", "27600");
INSERT INTO `oc_city` (city_id, zone_id, name, code, jnereg) VALUES (2875, 211, "Puhpelem", "SOC20624", "27600");
INSERT INTO `oc_city` (city_id, zone_id, name, code, jnereg) VALUES (2876, 211, "Purwantoro", "SOC20618", "27600");
INSERT INTO `oc_city` (city_id, zone_id, name, code, jnereg) VALUES (2877, 211, "Selogiri", "SOC20619", "27600");
INSERT INTO `oc_city` (city_id, zone_id, name, code, jnereg) VALUES (2878, 211, "Sidoharjo", "SOC20620", "27600");
INSERT INTO `oc_city` (city_id, zone_id, name, code, jnereg) VALUES (2879, 211, "Slogohimo", "SOC20621", "27600");
INSERT INTO `oc_city` (city_id, zone_id, name, code, jnereg) VALUES (2880, 211, "Tirtomoyo", "SOC20622", "27600");
INSERT INTO `oc_city` (city_id, zone_id, name, code, jnereg, kgp) VALUES (2881, 211, "Wonogiri", "SOC20600", "21600", "17000");
INSERT INTO `oc_city` (city_id, zone_id, name, code, jnereg) VALUES (2882, 211, "Wuryantoro", "SOC20623", "27600");
INSERT INTO `oc_zone` (zone_id, country_id, name, status) VALUES (212, 14, "Kab. Wonosobo", 1);
INSERT INTO `oc_city` (city_id, zone_id, name, code, jnereg) VALUES (2883, 212, "Garung", "MGL10201", "27600");
INSERT INTO `oc_city` (city_id, zone_id, name, code, jnereg) VALUES (2884, 212, "Kalibawang", "MGL10214", "27600");
INSERT INTO `oc_city` (city_id, zone_id, name, code, jnereg) VALUES (2885, 212, "Kalikajar", "MGL10202", "27600");
INSERT INTO `oc_city` (city_id, zone_id, name, code, jnereg) VALUES (2886, 212, "Kaliwiro", "MGL10203", "27600");
INSERT INTO `oc_city` (city_id, zone_id, name, code, jnereg) VALUES (2887, 212, "Kejajar", "MGL10204", "27600");
INSERT INTO `oc_city` (city_id, zone_id, name, code, jnereg) VALUES (2888, 212, "Kepil", "MGL10205", "27600");
INSERT INTO `oc_city` (city_id, zone_id, name, code, jnereg) VALUES (2889, 212, "Kertek", "MGL10206", "27600");
INSERT INTO `oc_city` (city_id, zone_id, name, code, jnereg) VALUES (2890, 212, "Leksono", "MGL10207", "27600");
INSERT INTO `oc_city` (city_id, zone_id, name, code, jnereg) VALUES (2891, 212, "Mojotengah", "MGL10208", "27600");
INSERT INTO `oc_city` (city_id, zone_id, name, code, jnereg) VALUES (2892, 212, "Sapuran", "MGL10209", "27600");
INSERT INTO `oc_city` (city_id, zone_id, name, code, jnereg) VALUES (2893, 212, "Selomerto", "MGL10210", "27600");
INSERT INTO `oc_city` (city_id, zone_id, name, code, jnereg) VALUES (2894, 212, "Sukoharjo", "MGL10215", "27600");
INSERT INTO `oc_city` (city_id, zone_id, name, code, jnereg) VALUES (2895, 212, "Wadaslintang", "MGL10211", "27600");
INSERT INTO `oc_city` (city_id, zone_id, name, code, jnereg) VALUES (2896, 212, "Watumalang", "MGL10212", "27600");
INSERT INTO `oc_city` (city_id, zone_id, name, code, jnereg, kgp) VALUES (2897, 212, "Wonosobo", "MGL10200", "21600", "25000");
INSERT INTO `oc_zone` (zone_id, country_id, name, status) VALUES (213, 14, "Kota Magelang", 1);
INSERT INTO `oc_city` (city_id, zone_id, name, code, jnereg, kgp) VALUES (2898, 213, "Magelang", "MGL10000", "19200", "18000");
INSERT INTO `oc_city` (city_id, zone_id, name, code, jnereg) VALUES (2899, 213, "Magelang Selatan", "MGL10022", "19200");
INSERT INTO `oc_city` (city_id, zone_id, name, code, jnereg) VALUES (2900, 213, "Magelang Tengah", "MGL10023", "19200");
INSERT INTO `oc_city` (city_id, zone_id, name, code, jnereg) VALUES (2901, 213, "Magelang Utara", "MGL10024", "19200");
INSERT INTO `oc_zone` (zone_id, country_id, name, status) VALUES (214, 14, "Kota Pekalongan", 1);
INSERT INTO `oc_city` (city_id, zone_id, name, code, jnereg, kgp) VALUES (2902, 214, "Pekalongan", "SRG10300", "21600", "18000");
INSERT INTO `oc_city` (city_id, zone_id, name, code, jnereg) VALUES (2903, 214, "Pekalongan Barat", "SRG10322", "21600");
INSERT INTO `oc_city` (city_id, zone_id, name, code, jnereg) VALUES (2904, 214, "Pekalongan Selatan", "SRG10323", "21600");
INSERT INTO `oc_city` (city_id, zone_id, name, code, jnereg) VALUES (2905, 214, "Pekalongan Timur", "SRG10324", "21600");
INSERT INTO `oc_city` (city_id, zone_id, name, code, jnereg) VALUES (2906, 214, "Pekalongan Utara", "SRG10325", "21600");
INSERT INTO `oc_zone` (zone_id, country_id, name, status) VALUES (215, 14, "Kota Salatiga", 1);
INSERT INTO `oc_city` (city_id, zone_id, name, code, jnereg, kgp) VALUES (2907, 215, "Argomulyo", "SRG21308", "21600", "17000");
INSERT INTO `oc_city` (city_id, zone_id, name, code, jnereg, kgp) VALUES (2908, 215, "Salatiga", "SRG21300", "21600", "17000");
INSERT INTO `oc_city` (city_id, zone_id, name, code, jnereg, kgp) VALUES (2909, 215, "Sidomukti", "SRG21309", "21600", "17000");
INSERT INTO `oc_city` (city_id, zone_id, name, code, jnereg, kgp) VALUES (2910, 215, "Sidorejo", "SRG21310", "21600", "17000");
INSERT INTO `oc_city` (city_id, zone_id, name, code, jnereg, kgp) VALUES (2911, 215, "Tingkir", "SRG21311", "21600", "17000");
INSERT INTO `oc_zone` (zone_id, country_id, name, status) VALUES (216, 14, "Kota Semarang", 1);
INSERT INTO `oc_city` (city_id, zone_id, name, code, jnereg) VALUES (2912, 216, "Banyumanik", "SRG10001", "18000");
INSERT INTO `oc_city` (city_id, zone_id, name, code, jnereg) VALUES (2913, 216, "Candisari", "SRG10002", "18000");
INSERT INTO `oc_city` (city_id, zone_id, name, code, jnereg) VALUES (2914, 216, "Gajahmungkur", "SRG10003", "18000");
INSERT INTO `oc_city` (city_id, zone_id, name, code, jnereg) VALUES (2915, 216, "Gayamsari", "SRG10004", "18000");
INSERT INTO `oc_city` (city_id, zone_id, name, code, jnereg) VALUES (2916, 216, "Genuk", "SRG10005", "18000");
INSERT INTO `oc_city` (city_id, zone_id, name, code, jnereg) VALUES (2917, 216, "Gunungpati", "SRG10006", "18000");
INSERT INTO `oc_city` (city_id, zone_id, name, code, jnereg) VALUES (2918, 216, "Mijen", "SRG10007", "18000");
INSERT INTO `oc_city` (city_id, zone_id, name, code, jnereg) VALUES (2919, 216, "Ngaliyan", "SRG10008", "18000");
INSERT INTO `oc_city` (city_id, zone_id, name, code, jnereg) VALUES (2920, 216, "Pedurungan", "SRG10009", "18000");
INSERT INTO `oc_city` (city_id, zone_id, name, code, jnereg, kgp) VALUES (2921, 216, "Semarang", "SRG10000", "18000", "15000");
INSERT INTO `oc_city` (city_id, zone_id, name, code, jnereg) VALUES (2922, 216, "Semarang Barat", "SRG10010", "18000");
INSERT INTO `oc_city` (city_id, zone_id, name, code, jnereg) VALUES (2923, 216, "Semarang Selatan", "SRG10011", "18000");
INSERT INTO `oc_city` (city_id, zone_id, name, code, jnereg) VALUES (2924, 216, "Semarang Tengah", "SRG10012", "18000");
INSERT INTO `oc_city` (city_id, zone_id, name, code, jnereg) VALUES (2925, 216, "Semarang Timur", "SRG10013", "18000");
INSERT INTO `oc_city` (city_id, zone_id, name, code, jnereg) VALUES (2926, 216, "Semarang Utara", "SRG10014", "18000");
INSERT INTO `oc_city` (city_id, zone_id, name, code, jnereg) VALUES (2927, 216, "Tembalang", "SRG10015", "18000");
INSERT INTO `oc_city` (city_id, zone_id, name, code, jnereg) VALUES (2928, 216, "Tugu", "SRG10016", "18000");
INSERT INTO `oc_zone` (zone_id, country_id, name, status) VALUES (217, 14, "Kota Surakarta", 1);
INSERT INTO `oc_city` (city_id, zone_id, name, code, jnereg) VALUES (2929, 217, "Banjarsari", "SOC10001", "18000");
INSERT INTO `oc_city` (city_id, zone_id, name, code, jnereg) VALUES (2930, 217, "Jebres", "SOC10002", "18000");
INSERT INTO `oc_city` (city_id, zone_id, name, code, jnereg) VALUES (2931, 217, "Laweyan", "SOC10003", "18000");
INSERT INTO `oc_city` (city_id, zone_id, name, code, jnereg) VALUES (2932, 217, "Pasar Kliwon", "SOC10004", "18000");
INSERT INTO `oc_city` (city_id, zone_id, name, code, jnereg) VALUES (2933, 217, "Serengan", "SOC10005", "18000");
INSERT INTO `oc_city` (city_id, zone_id, name, code, jnereg, kgp) VALUES (2934, 217, "Solo", "SOC10000", "18000", "15000");
INSERT INTO `oc_zone` (zone_id, country_id, name, status) VALUES (218, 14, "Kota Tegal", 1);
INSERT INTO `oc_city` (city_id, zone_id, name, code, jnereg) VALUES (2935, 218, "Margadana", "SRG21508", "21600");
INSERT INTO `oc_city` (city_id, zone_id, name, code, jnereg) VALUES (2936, 218, "Tegal", "SRG21500", "21600");
INSERT INTO `oc_city` (city_id, zone_id, name, code, jnereg) VALUES (2937, 218, "Tegal Barat", "SRG21509", "21600");
INSERT INTO `oc_city` (city_id, zone_id, name, code, jnereg) VALUES (2938, 218, "Tegal Selatan", "SRG21510", "21600");
INSERT INTO `oc_city` (city_id, zone_id, name, code, jnereg) VALUES (2939, 218, "Tegal Timur", "SRG21511", "21600");
INSERT INTO `oc_country` (country_id, name, iso_code_2, iso_code_3, postcode_required, status) VALUES (15, "Jawa Timur", "ID", "IDN", 1, 1);
INSERT INTO `oc_zone` (zone_id, country_id, name, status) VALUES (219, 15, "Kab Situbondo", 1);
INSERT INTO `oc_city` (city_id, zone_id, name, code, jnereg) VALUES (2940, 219, "Arjasa", "PBL20201", "20400");
INSERT INTO `oc_city` (city_id, zone_id, name, code, jnereg) VALUES (2941, 219, "Asembagus", "PBL20202", "20400");
INSERT INTO `oc_city` (city_id, zone_id, name, code, jnereg) VALUES (2942, 219, "Banyuglugur", "PBL20204", "20400");
INSERT INTO `oc_city` (city_id, zone_id, name, code, jnereg) VALUES (2943, 219, "Banyuputih", "PBL20203", "20400");
INSERT INTO `oc_city` (city_id, zone_id, name, code, jnereg) VALUES (2944, 219, "Besuki", "PBL20205", "20400");
INSERT INTO `oc_city` (city_id, zone_id, name, code, jnereg) VALUES (2945, 219, "Bungatan", "PBL20206", "20400");
INSERT INTO `oc_city` (city_id, zone_id, name, code, jnereg) VALUES (2946, 219, "Jangkar", "PBL20207", "20400");
INSERT INTO `oc_city` (city_id, zone_id, name, code, jnereg) VALUES (2947, 219, "Jatibanteng", "PBL20208", "20400");
INSERT INTO `oc_city` (city_id, zone_id, name, code, jnereg) VALUES (2948, 219, "Kapongan", "PBL20209", "20400");
INSERT INTO `oc_city` (city_id, zone_id, name, code, jnereg) VALUES (2949, 219, "Kendit", "PBL20210", "20400");
INSERT INTO `oc_city` (city_id, zone_id, name, code, jnereg) VALUES (2950, 219, "Mangaran", "PBL20211", "20400");
INSERT INTO `oc_city` (city_id, zone_id, name, code, jnereg) VALUES (2951, 219, "Mlandingan", "PBL20212", "20400");
INSERT INTO `oc_city` (city_id, zone_id, name, code, jnereg) VALUES (2952, 219, "Panarukan", "PBL20213", "20400");
INSERT INTO `oc_city` (city_id, zone_id, name, code, jnereg) VALUES (2953, 219, "Panji", "PBL20216", "20400");
INSERT INTO `oc_city` (city_id, zone_id, name, code, jnereg, kgp) VALUES (2954, 219, "Situbondo", "PBL20200", "15600", "7000");
INSERT INTO `oc_city` (city_id, zone_id, name, code, jnereg) VALUES (2955, 219, "Suboh", "PBL20214", "20400");
INSERT INTO `oc_city` (city_id, zone_id, name, code, jnereg) VALUES (2956, 219, "Sumber Malang", "PBL20215", "20400");
INSERT INTO `oc_zone` (zone_id, country_id, name, status) VALUES (220, 15, "Kab. Bangkalan", 1);
INSERT INTO `oc_city` (city_id, zone_id, name, code, jnereg) VALUES (2957, 220, "Arosbaya", "SUB20101", "20400");
INSERT INTO `oc_city` (city_id, zone_id, name, code, jnereg) VALUES (2958, 220, "Balega", "SUB20102", "20400");
INSERT INTO `oc_city` (city_id, zone_id, name, code, jnereg, kgp) VALUES (2959, 220, "Bangkalan", "SUB20100", "15600", "10000");
INSERT INTO `oc_city` (city_id, zone_id, name, code, jnereg) VALUES (2960, 220, "Burneh", "SUB20117", "20400");
INSERT INTO `oc_city` (city_id, zone_id, name, code, jnereg) VALUES (2961, 220, "Galis", "SUB20103", "20400");
INSERT INTO `oc_city` (city_id, zone_id, name, code, jnereg) VALUES (2962, 220, "Geger", "SUB20104", "20400");
INSERT INTO `oc_city` (city_id, zone_id, name, code, jnereg) VALUES (2963, 220, "Kamal", "SUB20105", "20400");
INSERT INTO `oc_city` (city_id, zone_id, name, code, jnereg) VALUES (2964, 220, "Klampis", "SUB20107", "20400");
INSERT INTO `oc_city` (city_id, zone_id, name, code, jnereg) VALUES (2965, 220, "Kokop", "SUB20108", "20400");
INSERT INTO `oc_city` (city_id, zone_id, name, code, jnereg) VALUES (2966, 220, "Konang", "SUB20109", "20400");
INSERT INTO `oc_city` (city_id, zone_id, name, code, jnereg) VALUES (2967, 220, "Kwanyar", "SUB20106", "20400");
INSERT INTO `oc_city` (city_id, zone_id, name, code, jnereg) VALUES (2968, 220, "Labang", "SUB20110", "20400");
INSERT INTO `oc_city` (city_id, zone_id, name, code, jnereg) VALUES (2969, 220, "Modung", "SUB20111", "20400");
INSERT INTO `oc_city` (city_id, zone_id, name, code, jnereg) VALUES (2970, 220, "Sepulu", "SUB20112", "20400");
INSERT INTO `oc_city` (city_id, zone_id, name, code, jnereg) VALUES (2971, 220, "Socah", "SUB20113", "20400");
INSERT INTO `oc_city` (city_id, zone_id, name, code, jnereg) VALUES (2972, 220, "Tanah Merah", "SUB20114", "20400");
INSERT INTO `oc_city` (city_id, zone_id, name, code, jnereg) VALUES (2973, 220, "Tanjungbumi", "SUB20115", "20400");
INSERT INTO `oc_city` (city_id, zone_id, name, code, jnereg) VALUES (2974, 220, "Tragah", "SUB20116", "20400");
INSERT INTO `oc_zone` (zone_id, country_id, name, status) VALUES (221, 15, "Kab. Banyuwangi", 1);
INSERT INTO `oc_city` (city_id, zone_id, name, code, jnereg) VALUES (2975, 221, "Bangorejo", "JBR20101", "5000");
INSERT INTO `oc_city` (city_id, zone_id, name, code, jnereg, kgp) VALUES (2976, 221, "Banyuwangi", "JBR20100", "5000", "5000");
INSERT INTO `oc_city` (city_id, zone_id, name, code, jnereg) VALUES (2977, 221, "Cluring", "JBR20102", "5000");
INSERT INTO `oc_city` (city_id, zone_id, name, code, jnereg) VALUES (2978, 221, "Gambiran", "JBR20103", "5000");
INSERT INTO `oc_city` (city_id, zone_id, name, code, jnereg) VALUES (2979, 221, "Genteng", "JBR20104", "5000");
INSERT INTO `oc_city` (city_id, zone_id, name, code, jnereg) VALUES (2980, 221, "Giri", "JBR20118", "5000");
INSERT INTO `oc_city` (city_id, zone_id, name, code, jnereg) VALUES (2981, 221, "Glagah", "JBR20117", "5000");
INSERT INTO `oc_city` (city_id, zone_id, name, code, jnereg) VALUES (2982, 221, "Glenmore", "JBR20105", "5000");
INSERT INTO `oc_city` (city_id, zone_id, name, code, jnereg) VALUES (2983, 221, "Kabat", "JBR20106", "5000");
INSERT INTO `oc_city` (city_id, zone_id, name, code, jnereg) VALUES (2984, 221, "Kalibaru", "JBR20107", "5000");
INSERT INTO `oc_city` (city_id, zone_id, name, code, jnereg) VALUES (2985, 221, "Kalipuro", "JBR20119", "5000");
INSERT INTO `oc_city` (city_id, zone_id, name, code, jnereg) VALUES (2986, 221, "Licin", "JBR20120", "5000");
INSERT INTO `oc_city` (city_id, zone_id, name, code, jnereg) VALUES (2987, 221, "Muncar", "JBR20108", "5000");
INSERT INTO `oc_city` (city_id, zone_id, name, code, jnereg) VALUES (2988, 221, "Pesanggaran", "JBR20109", "5000");
INSERT INTO `oc_city` (city_id, zone_id, name, code, jnereg) VALUES (2989, 221, "Purwoharjo", "JBR20110", "5000");
INSERT INTO `oc_city` (city_id, zone_id, name, code, jnereg) VALUES (2990, 221, "Rogojampi", "JBR20111", "5000");
INSERT INTO `oc_city` (city_id, zone_id, name, code, jnereg) VALUES (2991, 221, "Sempu", "JBR20121", "5000");
INSERT INTO `oc_city` (city_id, zone_id, name, code, jnereg) VALUES (2992, 221, "Siliragung", "JBR20122", "5000");
INSERT INTO `oc_city` (city_id, zone_id, name, code, jnereg) VALUES (2993, 221, "Singojuruh", "JBR20112", "5000");
INSERT INTO `oc_city` (city_id, zone_id, name, code, jnereg) VALUES (2994, 221, "Songgon", "JBR20113", "5000");
INSERT INTO `oc_city` (city_id, zone_id, name, code, jnereg) VALUES (2995, 221, "Srono", "JBR20114", "5000");
INSERT INTO `oc_city` (city_id, zone_id, name, code, jnereg) VALUES (2996, 221, "Tegaldlimo", "JBR20115", "5000");
INSERT INTO `oc_city` (city_id, zone_id, name, code, jnereg) VALUES (2997, 221, "Tegalsari", "JBR20123", "5000");
INSERT INTO `oc_city` (city_id, zone_id, name, code, jnereg) VALUES (2998, 221, "Wongsorejo", "JBR20116", "5000");
INSERT INTO `oc_zone` (zone_id, country_id, name, status) VALUES (222, 15, "Kab. Blitar", 1);
INSERT INTO `oc_city` (city_id, zone_id, name, code, jnereg) VALUES (2999, 222, "Bakung", "MXG20101", "20400");
INSERT INTO `oc_city` (city_id, zone_id, name, code, jnereg) VALUES (3000, 222, "Binangun", "MXG20102", "20400");
INSERT INTO `oc_city` (city_id, zone_id, name, code, jnereg, kgp) VALUES (3001, 222, "Blitar", "MXG20100", "15600", "9000");
INSERT INTO `oc_city` (city_id, zone_id, name, code, jnereg) VALUES (3002, 222, "Doko", "MXG20103", "20400");
INSERT INTO `oc_city` (city_id, zone_id, name, code, jnereg) VALUES (3003, 222, "Gandusari", "MXG20104", "20400");
INSERT INTO `oc_city` (city_id, zone_id, name, code, jnereg) VALUES (3004, 222, "Garum", "MXG20105", "20400");
INSERT INTO `oc_city` (city_id, zone_id, name, code, jnereg) VALUES (3005, 222, "Kademangan", "MXG20106", "20400");
INSERT INTO `oc_city` (city_id, zone_id, name, code, jnereg) VALUES (3006, 222, "Kanigoro", "MXG20107", "20400");
INSERT INTO `oc_city` (city_id, zone_id, name, code, jnereg) VALUES (3007, 222, "Kesamben", "MXG20108", "20400");
INSERT INTO `oc_city` (city_id, zone_id, name, code, jnereg) VALUES (3008, 222, "Nglegok", "MXG20109", "20400");
INSERT INTO `oc_city` (city_id, zone_id, name, code, jnereg) VALUES (3009, 222, "Panggungrejo", "MXG20110", "20400");
INSERT INTO `oc_city` (city_id, zone_id, name, code, jnereg) VALUES (3010, 222, "Ponggok", "MXG20111", "20400");
INSERT INTO `oc_city` (city_id, zone_id, name, code, jnereg) VALUES (3011, 222, "Sanankulon", "MXG20112", "20400");
INSERT INTO `oc_city` (city_id, zone_id, name, code, jnereg) VALUES (3012, 222, "Selopuro", "MXG20122", "20400");
INSERT INTO `oc_city` (city_id, zone_id, name, code, jnereg) VALUES (3013, 222, "Selorejo", "MXG20113", "20400");
INSERT INTO `oc_city` (city_id, zone_id, name, code, jnereg) VALUES (3014, 222, "Srengat", "MXG20114", "20400");
INSERT INTO `oc_city` (city_id, zone_id, name, code, jnereg) VALUES (3015, 222, "Sutojayan", "MXG20115", "20400");
INSERT INTO `oc_city` (city_id, zone_id, name, code, jnereg) VALUES (3016, 222, "Talun", "MXG20116", "20400");
INSERT INTO `oc_city` (city_id, zone_id, name, code, jnereg) VALUES (3017, 222, "Udanawu", "MXG20117", "20400");
INSERT INTO `oc_city` (city_id, zone_id, name, code, jnereg) VALUES (3018, 222, "Wates", "MXG20118", "20400");
INSERT INTO `oc_city` (city_id, zone_id, name, code, jnereg) VALUES (3019, 222, "Wlingi", "MXG20119", "15600");
INSERT INTO `oc_city` (city_id, zone_id, name, code, jnereg) VALUES (3020, 222, "Wonodadi", "MXG20120", "20400");
INSERT INTO `oc_city` (city_id, zone_id, name, code, jnereg) VALUES (3021, 222, "Wonotirto", "MXG20121", "20400");
INSERT INTO `oc_zone` (zone_id, country_id, name, status) VALUES (223, 15, "Kab. Bondowoso", 1);
INSERT INTO `oc_city` (city_id, zone_id, name, code, jnereg) VALUES (3022, 223, "Binakal", "JBR20218", "10000");
INSERT INTO `oc_city` (city_id, zone_id, name, code, jnereg, kgp) VALUES (3023, 223, "Bondowoso", "JBR20200", "8000", "7000");
INSERT INTO `oc_city` (city_id, zone_id, name, code, jnereg) VALUES (3024, 223, "Cermee", "JBR20201", "10000");
INSERT INTO `oc_city` (city_id, zone_id, name, code, jnereg) VALUES (3025, 223, "Curahdami", "JBR20202", "10000");
INSERT INTO `oc_city` (city_id, zone_id, name, code, jnereg) VALUES (3026, 223, "Grujugan", "JBR20203", "10000");
INSERT INTO `oc_city` (city_id, zone_id, name, code, jnereg) VALUES (3027, 223, "Klabang", "JBR20204", "10000");
INSERT INTO `oc_city` (city_id, zone_id, name, code, jnereg) VALUES (3028, 223, "Maesan", "JBR20205", "10000");
INSERT INTO `oc_city` (city_id, zone_id, name, code, jnereg) VALUES (3029, 223, "Pakem", "JBR20206", "10000");
INSERT INTO `oc_city` (city_id, zone_id, name, code, jnereg) VALUES (3030, 223, "Prajekan", "JBR20207", "10000");
INSERT INTO `oc_city` (city_id, zone_id, name, code, jnereg) VALUES (3031, 223, "Pujer", "JBR20208", "10000");
INSERT INTO `oc_city` (city_id, zone_id, name, code, jnereg) VALUES (3032, 223, "Sempol", "JBR20209", "10000");
INSERT INTO `oc_city` (city_id, zone_id, name, code, jnereg) VALUES (3033, 223, "Sukosari", "JBR20210", "10000");
INSERT INTO `oc_city` (city_id, zone_id, name, code, jnereg) VALUES (3034, 223, "Sumberwringin", "JBR20219", "10000");
INSERT INTO `oc_city` (city_id, zone_id, name, code, jnereg) VALUES (3035, 223, "Tamanan", "JBR20211", "10000");
INSERT INTO `oc_city` (city_id, zone_id, name, code, jnereg) VALUES (3036, 223, "Tapen", "JBR20212", "10000");
INSERT INTO `oc_city` (city_id, zone_id, name, code, jnereg) VALUES (3037, 223, "Tegalampel", "JBR20213", "10000");
INSERT INTO `oc_city` (city_id, zone_id, name, code, jnereg) VALUES (3038, 223, "Tenggarang", "JBR20214", "10000");
INSERT INTO `oc_city` (city_id, zone_id, name, code, jnereg) VALUES (3039, 223, "Tlogosari", "JBR20215", "10000");
INSERT INTO `oc_city` (city_id, zone_id, name, code, jnereg) VALUES (3040, 223, "Wonosari", "JBR20216", "10000");
INSERT INTO `oc_city` (city_id, zone_id, name, code, jnereg) VALUES (3041, 223, "Wringin", "JBR20217", "10000");
INSERT INTO `oc_zone` (zone_id, country_id, name, status) VALUES (224, 15, "Kab. Jember", 1);
INSERT INTO `oc_city` (city_id, zone_id, name, code, jnereg) VALUES (3042, 224, "Ajung", "JBR10026", "10000");
INSERT INTO `oc_city` (city_id, zone_id, name, code, jnereg) VALUES (3043, 224, "Ambulu", "JBR10001", "10000");
INSERT INTO `oc_city` (city_id, zone_id, name, code, jnereg) VALUES (3044, 224, "Arjasa", "JBR10002", "10000");
INSERT INTO `oc_city` (city_id, zone_id, name, code, jnereg) VALUES (3045, 224, "Balung", "JBR10003", "10000");
INSERT INTO `oc_city` (city_id, zone_id, name, code, jnereg) VALUES (3046, 224, "Bangsalsari", "JBR10004", "10000");
INSERT INTO `oc_city` (city_id, zone_id, name, code, jnereg) VALUES (3047, 224, "Gumukmas", "JBR10005", "10000");
INSERT INTO `oc_city` (city_id, zone_id, name, code, jnereg) VALUES (3048, 224, "Jelbuk", "JBR10006", "10000");
INSERT INTO `oc_city` (city_id, zone_id, name, code, jnereg, kgp) VALUES (3049, 224, "Jember", "JBR10000", "8000", "7000");
INSERT INTO `oc_city` (city_id, zone_id, name, code, jnereg) VALUES (3050, 224, "Jenggawah", "JBR10007", "10000");
INSERT INTO `oc_city` (city_id, zone_id, name, code, jnereg) VALUES (3051, 224, "Jombang", "JBR10027", "10000");
INSERT INTO `oc_city` (city_id, zone_id, name, code, jnereg) VALUES (3052, 224, "Kalisat", "JBR10008", "10000");
INSERT INTO `oc_city` (city_id, zone_id, name, code, jnereg) VALUES (3053, 224, "Kaliwates", "JBR10028", "10000");
INSERT INTO `oc_city` (city_id, zone_id, name, code, jnereg) VALUES (3054, 224, "Kencong", "JBR10009", "10000");
INSERT INTO `oc_city` (city_id, zone_id, name, code, jnereg) VALUES (3055, 224, "Ledokombo", "JBR10010", "10000");
INSERT INTO `oc_city` (city_id, zone_id, name, code, jnereg) VALUES (3056, 224, "Mayang", "JBR10011", "10000");
INSERT INTO `oc_city` (city_id, zone_id, name, code, jnereg) VALUES (3057, 224, "Mumbulsari", "JBR10012", "10000");
INSERT INTO `oc_city` (city_id, zone_id, name, code, jnereg) VALUES (3058, 224, "Pakusari", "JBR10013", "10000");
INSERT INTO `oc_city` (city_id, zone_id, name, code, jnereg) VALUES (3059, 224, "Panti", "JBR10014", "10000");
INSERT INTO `oc_city` (city_id, zone_id, name, code, jnereg) VALUES (3060, 224, "Patrang", "JBR10029", "10000");
INSERT INTO `oc_city` (city_id, zone_id, name, code, jnereg) VALUES (3061, 224, "Puger", "JBR10015", "10000");
INSERT INTO `oc_city` (city_id, zone_id, name, code, jnereg) VALUES (3062, 224, "Rambipuji", "JBR10016", "10000");
INSERT INTO `oc_city` (city_id, zone_id, name, code, jnereg) VALUES (3063, 224, "Semboro", "JBR10030", "10000");
INSERT INTO `oc_city` (city_id, zone_id, name, code, jnereg) VALUES (3064, 224, "Silo", "JBR10017", "10000");
INSERT INTO `oc_city` (city_id, zone_id, name, code, jnereg) VALUES (3065, 224, "Sukorambi", "JBR10018", "10000");
INSERT INTO `oc_city` (city_id, zone_id, name, code, jnereg) VALUES (3066, 224, "Sukowono", "JBR10019", "10000");
INSERT INTO `oc_city` (city_id, zone_id, name, code, jnereg) VALUES (3067, 224, "Sumberbaru", "JBR10020", "10000");
INSERT INTO `oc_city` (city_id, zone_id, name, code, jnereg) VALUES (3068, 224, "Sumberjambe", "JBR10021", "10000");
INSERT INTO `oc_city` (city_id, zone_id, name, code, jnereg) VALUES (3069, 224, "Sumbersari", "JBR10031", "10000");
INSERT INTO `oc_city` (city_id, zone_id, name, code, jnereg) VALUES (3070, 224, "Tanggul", "JBR10022", "10000");
INSERT INTO `oc_city` (city_id, zone_id, name, code, jnereg) VALUES (3071, 224, "Tempurejo", "JBR10023", "10000");
INSERT INTO `oc_city` (city_id, zone_id, name, code, jnereg) VALUES (3072, 224, "Umbulsari", "JBR10024", "10000");
INSERT INTO `oc_city` (city_id, zone_id, name, code, jnereg) VALUES (3073, 224, "Wuluhan", "JBR10025", "10000");
INSERT INTO `oc_zone` (zone_id, country_id, name, status) VALUES (225, 15, "Kab. Jombang", 1);
INSERT INTO `oc_city` (city_id, zone_id, name, code, jnereg) VALUES (3074, 225, "Bandar Kedungmulyo", "SUB20201", "20400");
INSERT INTO `oc_city` (city_id, zone_id, name, code, jnereg) VALUES (3075, 225, "Bareng", "SUB20202", "20400");
INSERT INTO `oc_city` (city_id, zone_id, name, code, jnereg) VALUES (3076, 225, "Diwek", "SUB20203", "20400");
INSERT INTO `oc_city` (city_id, zone_id, name, code, jnereg) VALUES (3077, 225, "Gudo", "SUB20204", "20400");
INSERT INTO `oc_city` (city_id, zone_id, name, code, jnereg) VALUES (3078, 225, "Jogoroto", "SUB20205", "20400");
INSERT INTO `oc_city` (city_id, zone_id, name, code, jnereg, kgp) VALUES (3079, 225, "Jombang", "SUB20200", "15600", "9000");
INSERT INTO `oc_city` (city_id, zone_id, name, code, jnereg) VALUES (3080, 225, "Kabuh", "SUB20206", "20400");
INSERT INTO `oc_city` (city_id, zone_id, name, code, jnereg) VALUES (3081, 225, "Kesamben", "SUB20207", "20400");
INSERT INTO `oc_city` (city_id, zone_id, name, code, jnereg) VALUES (3082, 225, "Kudu", "SUB20208", "20400");
INSERT INTO `oc_city` (city_id, zone_id, name, code, jnereg) VALUES (3083, 225, "Megaluh", "SUB20209", "20400");
INSERT INTO `oc_city` (city_id, zone_id, name, code, jnereg) VALUES (3084, 225, "Mojoagung", "SUB20210", "20400");
INSERT INTO `oc_city` (city_id, zone_id, name, code, jnereg) VALUES (3085, 225, "Mojowarno", "SUB20211", "20400");
INSERT INTO `oc_city` (city_id, zone_id, name, code, jnereg) VALUES (3086, 225, "Ngoro", "SUB20212", "20400");
INSERT INTO `oc_city` (city_id, zone_id, name, code, jnereg) VALUES (3087, 225, "Ngusikan", "SUB20221", "20400");
INSERT INTO `oc_city` (city_id, zone_id, name, code, jnereg) VALUES (3088, 225, "Perak", "SUB20213", "20400");
INSERT INTO `oc_city` (city_id, zone_id, name, code, jnereg) VALUES (3089, 225, "Peterongan", "SUB20214", "20400");
INSERT INTO `oc_city` (city_id, zone_id, name, code, jnereg) VALUES (3090, 225, "Plandaan", "SUB20215", "20400");
INSERT INTO `oc_city` (city_id, zone_id, name, code, jnereg) VALUES (3091, 225, "Ploso", "SUB20216", "20400");
INSERT INTO `oc_city` (city_id, zone_id, name, code, jnereg) VALUES (3092, 225, "Sumobito", "SUB20217", "20400");
INSERT INTO `oc_city` (city_id, zone_id, name, code, jnereg) VALUES (3093, 225, "Tembelang", "SUB20218", "20400");
INSERT INTO `oc_city` (city_id, zone_id, name, code, jnereg) VALUES (3094, 225, "Wonosalam", "SUB20219", "20400");
INSERT INTO `oc_zone` (zone_id, country_id, name, status) VALUES (226, 15, "Kab. Kediri", 1);
INSERT INTO `oc_city` (city_id, zone_id, name, code, jnereg) VALUES (3095, 226, "Banyakan", "KDR10022", "15600");
INSERT INTO `oc_city` (city_id, zone_id, name, code, jnereg) VALUES (3096, 226, "Gampengrejo", "KDR10001", "15600");
INSERT INTO `oc_city` (city_id, zone_id, name, code, jnereg) VALUES (3097, 226, "Grogol", "KDR10002", "15600");
INSERT INTO `oc_city` (city_id, zone_id, name, code, jnereg) VALUES (3098, 226, "Gurah", "KDR10003", "15600");
INSERT INTO `oc_city` (city_id, zone_id, name, code, jnereg) VALUES (3099, 226, "Kandangan", "KDR10018", "15600");
INSERT INTO `oc_city` (city_id, zone_id, name, code, jnereg) VALUES (3100, 226, "Kandat", "KDR10004", "15600");
INSERT INTO `oc_city` (city_id, zone_id, name, code, jnereg) VALUES (3101, 226, "Kayen Kidul", "KDR10023", "15600");
INSERT INTO `oc_city` (city_id, zone_id, name, code, jnereg) VALUES (3102, 226, "Kepung", "KDR10019", "15600");
INSERT INTO `oc_city` (city_id, zone_id, name, code, jnereg) VALUES (3103, 226, "Kras", "KDR10005", "15600");
INSERT INTO `oc_city` (city_id, zone_id, name, code, jnereg) VALUES (3104, 226, "Kunjang", "KDR10006", "15600");
INSERT INTO `oc_city` (city_id, zone_id, name, code, jnereg) VALUES (3105, 226, "Mojo", "KDR10007", "15600");
INSERT INTO `oc_city` (city_id, zone_id, name, code, jnereg) VALUES (3106, 226, "Ngadiluwih", "KDR10008", "15600");
INSERT INTO `oc_city` (city_id, zone_id, name, code, jnereg) VALUES (3107, 226, "Ngancar", "KDR10020", "15600");
INSERT INTO `oc_city` (city_id, zone_id, name, code, jnereg) VALUES (3108, 226, "Pagu", "KDR10009", "15600");
INSERT INTO `oc_city` (city_id, zone_id, name, code, jnereg) VALUES (3109, 226, "Papar", "KDR10010", "15600");
INSERT INTO `oc_city` (city_id, zone_id, name, code, jnereg) VALUES (3110, 226, "Pare", "KDR10017", "15600");
INSERT INTO `oc_city` (city_id, zone_id, name, code, jnereg) VALUES (3111, 226, "Plemahan", "KDR10011", "15600");
INSERT INTO `oc_city` (city_id, zone_id, name, code, jnereg) VALUES (3112, 226, "Plosoklaten", "KDR10012", "15600");
INSERT INTO `oc_city` (city_id, zone_id, name, code, jnereg) VALUES (3113, 226, "Puncu", "KDR10021", "15600");
INSERT INTO `oc_city` (city_id, zone_id, name, code, jnereg) VALUES (3114, 226, "Purwoasri", "KDR10013", "15600");
INSERT INTO `oc_city` (city_id, zone_id, name, code, jnereg) VALUES (3115, 226, "Ringinrejo", "KDR10024", "15600");
INSERT INTO `oc_city` (city_id, zone_id, name, code, jnereg) VALUES (3116, 226, "Semen", "KDR10014", "15600");
INSERT INTO `oc_city` (city_id, zone_id, name, code, jnereg) VALUES (3117, 226, "Tarokan", "KDR10015", "15600");
INSERT INTO `oc_city` (city_id, zone_id, name, code, jnereg) VALUES (3118, 226, "Wates", "KDR10016", "15600");
INSERT INTO `oc_zone` (zone_id, country_id, name, status) VALUES (227, 15, "Kab. Lamongan", 1);
INSERT INTO `oc_city` (city_id, zone_id, name, code, jnereg) VALUES (3119, 227, "Babat", "SUB10201", "20400");
INSERT INTO `oc_city` (city_id, zone_id, name, code, jnereg) VALUES (3120, 227, "Bluluk", "SUB10202", "20400");
INSERT INTO `oc_city` (city_id, zone_id, name, code, jnereg) VALUES (3121, 227, "Brondong", "SUB10203", "20400");
INSERT INTO `oc_city` (city_id, zone_id, name, code, jnereg) VALUES (3122, 227, "Deket", "SUB10204", "20400");
INSERT INTO `oc_city` (city_id, zone_id, name, code, jnereg) VALUES (3123, 227, "Glagah", "SUB10205", "20400");
INSERT INTO `oc_city` (city_id, zone_id, name, code, jnereg) VALUES (3124, 227, "Kalitengah", "SUB10206", "20400");
INSERT INTO `oc_city` (city_id, zone_id, name, code, jnereg) VALUES (3125, 227, "Karangbinangun", "SUB10207", "20400");
INSERT INTO `oc_city` (city_id, zone_id, name, code, jnereg) VALUES (3126, 227, "Karanggeneng", "SUB10208", "20400");
INSERT INTO `oc_city` (city_id, zone_id, name, code, jnereg) VALUES (3127, 227, "Kedungpring", "SUB10209", "20400");
INSERT INTO `oc_city` (city_id, zone_id, name, code, jnereg) VALUES (3128, 227, "Kembangbahu", "SUB10210", "20400");
INSERT INTO `oc_city` (city_id, zone_id, name, code, jnereg, kgp) VALUES (3129, 227, "Lamongan", "SUB10200", "15600", "9000");
INSERT INTO `oc_city` (city_id, zone_id, name, code, jnereg) VALUES (3130, 227, "Laren", "SUB10211", "20400");
INSERT INTO `oc_city` (city_id, zone_id, name, code, jnereg) VALUES (3131, 227, "Maduran", "SUB10225", "20400");
INSERT INTO `oc_city` (city_id, zone_id, name, code, jnereg) VALUES (3132, 227, "Mantup", "SUB10212", "20400");
INSERT INTO `oc_city` (city_id, zone_id, name, code, jnereg) VALUES (3133, 227, "Modo", "SUB10213", "20400");
INSERT INTO `oc_city` (city_id, zone_id, name, code, jnereg) VALUES (3134, 227, "Ngimbang", "SUB10214", "20400");
INSERT INTO `oc_city` (city_id, zone_id, name, code, jnereg) VALUES (3135, 227, "Paciran", "SUB10215", "20400");
INSERT INTO `oc_city` (city_id, zone_id, name, code, jnereg) VALUES (3136, 227, "Pucuk", "SUB10216", "20400");
INSERT INTO `oc_city` (city_id, zone_id, name, code, jnereg) VALUES (3137, 227, "Sambeng", "SUB10217", "20400");
INSERT INTO `oc_city` (city_id, zone_id, name, code, jnereg) VALUES (3138, 227, "Sarirejo", "SUB10226", "20400");
INSERT INTO `oc_city` (city_id, zone_id, name, code, jnereg) VALUES (3139, 227, "Sekaran", "SUB10219", "20400");
INSERT INTO `oc_city` (city_id, zone_id, name, code, jnereg) VALUES (3140, 227, "Solokuro", "SUB10218", "20400");
INSERT INTO `oc_city` (city_id, zone_id, name, code, jnereg) VALUES (3141, 227, "Sugio", "SUB10220", "20400");
INSERT INTO `oc_city` (city_id, zone_id, name, code, jnereg) VALUES (3142, 227, "Sukodadi", "SUB10221", "20400");
INSERT INTO `oc_city` (city_id, zone_id, name, code, jnereg) VALUES (3143, 227, "Sukorame", "SUB10222", "20400");
INSERT INTO `oc_city` (city_id, zone_id, name, code, jnereg) VALUES (3144, 227, "Tikung", "SUB10223", "20400");
INSERT INTO `oc_city` (city_id, zone_id, name, code, jnereg) VALUES (3145, 227, "Turi", "SUB10224", "20400");
INSERT INTO `oc_zone` (zone_id, country_id, name, status) VALUES (228, 15, "Kab. Lumajang", 1);
INSERT INTO `oc_city` (city_id, zone_id, name, code, jnereg) VALUES (3146, 228, "Candipuro", "PBL20101", "20400");
INSERT INTO `oc_city` (city_id, zone_id, name, code, jnereg) VALUES (3147, 228, "Gucialit", "PBL20102", "20400");
INSERT INTO `oc_city` (city_id, zone_id, name, code, jnereg) VALUES (3148, 228, "Jatiroto", "PBL20103", "20400");
INSERT INTO `oc_city` (city_id, zone_id, name, code, jnereg) VALUES (3149, 228, "Kedungjajang", "PBL20105", "20400");
INSERT INTO `oc_city` (city_id, zone_id, name, code, jnereg) VALUES (3150, 228, "Klakah", "PBL20104", "20400");
INSERT INTO `oc_city` (city_id, zone_id, name, code, jnereg) VALUES (3151, 228, "Kunir", "PBL20106", "20400");
INSERT INTO `oc_city` (city_id, zone_id, name, code, jnereg, kgp) VALUES (3152, 228, "Lumajang", "PBL20100", "15600", "9000");
INSERT INTO `oc_city` (city_id, zone_id, name, code, jnereg) VALUES (3153, 228, "Padang", "PBL20118", "20400");
INSERT INTO `oc_city` (city_id, zone_id, name, code, jnereg) VALUES (3154, 228, "Pasirian", "PBL20107", "20400");
INSERT INTO `oc_city` (city_id, zone_id, name, code, jnereg) VALUES (3155, 228, "Pasrujambe", "PBL20119", "20400");
INSERT INTO `oc_city` (city_id, zone_id, name, code, jnereg) VALUES (3156, 228, "Pronojiwo", "PBL20108", "20400");
INSERT INTO `oc_city` (city_id, zone_id, name, code, jnereg) VALUES (3157, 228, "Randuagung", "PBL20109", "20400");
INSERT INTO `oc_city` (city_id, zone_id, name, code, jnereg) VALUES (3158, 228, "Ranuyoso", "PBL20110", "20400");
INSERT INTO `oc_city` (city_id, zone_id, name, code, jnereg) VALUES (3159, 228, "Rowokangkung", "PBL20111", "20400");
INSERT INTO `oc_city` (city_id, zone_id, name, code, jnereg) VALUES (3160, 228, "Senduro", "PBL20112", "20400");
INSERT INTO `oc_city` (city_id, zone_id, name, code, jnereg) VALUES (3161, 228, "Sukodono", "PBL20113", "9600");
INSERT INTO `oc_city` (city_id, zone_id, name, code, jnereg) VALUES (3162, 228, "Sumbersoko", "PBL20120", "9600");
INSERT INTO `oc_city` (city_id, zone_id, name, code, jnereg) VALUES (3163, 228, "Tekung", "PBL20114", "20400");
INSERT INTO `oc_city` (city_id, zone_id, name, code, jnereg) VALUES (3164, 228, "Tempeh", "PBL20116", "20400");
INSERT INTO `oc_city` (city_id, zone_id, name, code, jnereg) VALUES (3165, 228, "Tempursari", "PBL20115", "20400");
INSERT INTO `oc_city` (city_id, zone_id, name, code, jnereg) VALUES (3166, 228, "Yosowilangun", "PBL20117", "20400");
INSERT INTO `oc_zone` (zone_id, country_id, name, status) VALUES (229, 15, "Kab. Madiun", 1);
INSERT INTO `oc_city` (city_id, zone_id, name, code, jnereg) VALUES (3167, 229, "Balerejo", "MDN10101", "20400");
INSERT INTO `oc_city` (city_id, zone_id, name, code, jnereg) VALUES (3168, 229, "Caruban", "MDN10100", "15600");
INSERT INTO `oc_city` (city_id, zone_id, name, code, jnereg) VALUES (3169, 229, "Dagangan", "MDN10102", "20400");
INSERT INTO `oc_city` (city_id, zone_id, name, code, jnereg) VALUES (3170, 229, "Dolopo", "MDN10103", "20400");
INSERT INTO `oc_city` (city_id, zone_id, name, code, jnereg) VALUES (3171, 229, "Geger", "MDN10104", "20400");
INSERT INTO `oc_city` (city_id, zone_id, name, code, jnereg) VALUES (3172, 229, "Gemarang", "MDN10105", "20400");
INSERT INTO `oc_city` (city_id, zone_id, name, code, jnereg) VALUES (3173, 229, "Jiwan", "MDN10106", "9600");
INSERT INTO `oc_city` (city_id, zone_id, name, code, jnereg) VALUES (3174, 229, "Kare", "MDN10107", "20400");
INSERT INTO `oc_city` (city_id, zone_id, name, code, jnereg) VALUES (3175, 229, "Kebonsari", "MDN10108", "20400");
INSERT INTO `oc_city` (city_id, zone_id, name, code, jnereg) VALUES (3176, 229, "Madiun", "MDN10109", "9600");
INSERT INTO `oc_city` (city_id, zone_id, name, code, jnereg) VALUES (3177, 229, "Mejayan", "MDN10110", "20400");
INSERT INTO `oc_city` (city_id, zone_id, name, code, jnereg) VALUES (3178, 229, "Pilangkenceng", "MDN10111", "20400");
INSERT INTO `oc_city` (city_id, zone_id, name, code, jnereg) VALUES (3179, 229, "Saradan", "MDN10112", "20400");
INSERT INTO `oc_city` (city_id, zone_id, name, code, jnereg) VALUES (3180, 229, "Sawahan", "MDN10113", "20400");
INSERT INTO `oc_city` (city_id, zone_id, name, code, jnereg) VALUES (3181, 229, "Wonoasri", "MDN10114", "20400");
INSERT INTO `oc_city` (city_id, zone_id, name, code, jnereg) VALUES (3182, 229, "Wungu", "MDN10115", "20400");
INSERT INTO `oc_zone` (zone_id, country_id, name, status) VALUES (230, 15, "Kab. Magetan", 1);
INSERT INTO `oc_city` (city_id, zone_id, name, code, jnereg) VALUES (3183, 230, "Barat", "MDN20113", "20400");
INSERT INTO `oc_city` (city_id, zone_id, name, code, jnereg) VALUES (3184, 230, "Bendo", "MDN20101", "20400");
INSERT INTO `oc_city` (city_id, zone_id, name, code, jnereg) VALUES (3185, 230, "Karangrejo", "MDN20102", "20400");
INSERT INTO `oc_city` (city_id, zone_id, name, code, jnereg) VALUES (3186, 230, "Karas", "MDN20114", "20400");
INSERT INTO `oc_city` (city_id, zone_id, name, code, jnereg) VALUES (3187, 230, "Kartoharjo", "MDN20115", "20400");
INSERT INTO `oc_city` (city_id, zone_id, name, code, jnereg) VALUES (3188, 230, "Kawedanan", "MDN20104", "20400");
INSERT INTO `oc_city` (city_id, zone_id, name, code, jnereg) VALUES (3189, 230, "Lembeyan", "MDN20105", "20400");
INSERT INTO `oc_city` (city_id, zone_id, name, code, jnereg) VALUES (3190, 230, "Magetan", "MDN20100", "15600");
INSERT INTO `oc_city` (city_id, zone_id, name, code, jnereg) VALUES (3191, 230, "Maospati", "MDN20106", "20400");
INSERT INTO `oc_city` (city_id, zone_id, name, code, jnereg) VALUES (3192, 230, "Ngariboyo", "MDN20116", "20400");
INSERT INTO `oc_city` (city_id, zone_id, name, code, jnereg) VALUES (3193, 230, "Nguntoronadi", "MDN20117", "20400");
INSERT INTO `oc_city` (city_id, zone_id, name, code, jnereg) VALUES (3194, 230, "Panekan", "MDN20107", "20400");
INSERT INTO `oc_city` (city_id, zone_id, name, code, jnereg) VALUES (3195, 230, "Parang", "MDN20108", "20400");
INSERT INTO `oc_city` (city_id, zone_id, name, code, jnereg) VALUES (3196, 230, "Plaosan", "MDN20109", "20400");
INSERT INTO `oc_city` (city_id, zone_id, name, code, jnereg) VALUES (3197, 230, "Poncol", "MDN20110", "20400");
INSERT INTO `oc_city` (city_id, zone_id, name, code, jnereg) VALUES (3198, 230, "Sukomoro", "MDN20111", "20400");
INSERT INTO `oc_city` (city_id, zone_id, name, code, jnereg) VALUES (3199, 230, "Takeran", "MDN20112", "20400");
INSERT INTO `oc_zone` (zone_id, country_id, name, status) VALUES (231, 15, "Kab. Malang", 1);
INSERT INTO `oc_city` (city_id, zone_id, name, code, jnereg, kgp) VALUES (3200, 231, "Ampelgading", "MXG20301", "20400", "13000");
INSERT INTO `oc_city` (city_id, zone_id, name, code, jnereg, kgp) VALUES (3201, 231, "Bantur", "MXG20302", "20400", "13000");
INSERT INTO `oc_city` (city_id, zone_id, name, code, jnereg, kgp) VALUES (3202, 231, "Bululawang", "MXG20303", "20400", "11000");
INSERT INTO `oc_city` (city_id, zone_id, name, code, jnereg, kgp) VALUES (3203, 231, "Dampit", "MXG20304", "20400", "13000");
INSERT INTO `oc_city` (city_id, zone_id, name, code, jnereg) VALUES (3204, 231, "Dau", "MXG20305", "20400");
INSERT INTO `oc_city` (city_id, zone_id, name, code, jnereg, kgp) VALUES (3205, 231, "Donomulyo", "MXG20306", "20400", "13000");
INSERT INTO `oc_city` (city_id, zone_id, name, code, jnereg, kgp) VALUES (3206, 231, "Gedangan", "MXG20307", "20400", "13000");
INSERT INTO `oc_city` (city_id, zone_id, name, code, jnereg, kgp) VALUES (3207, 231, "Gondanglegi", "MXG20308", "20400", "12000");
INSERT INTO `oc_city` (city_id, zone_id, name, code, jnereg, kgp) VALUES (3208, 231, "Jabung", "MXG20309", "20400", "11000");
INSERT INTO `oc_city` (city_id, zone_id, name, code, jnereg, kgp) VALUES (3209, 231, "Kalipare", "MXG20310", "20400", "13000");
INSERT INTO `oc_city` (city_id, zone_id, name, code, jnereg, kgp) VALUES (3210, 231, "Karangploso", "MXG20311", "20400", "12000");
INSERT INTO `oc_city` (city_id, zone_id, name, code, jnereg, kgp) VALUES (3211, 231, "Kasembon", "MXG20330", "20400", "13000");
INSERT INTO `oc_city` (city_id, zone_id, name, code, jnereg, kgp) VALUES (3212, 231, "Kepanjen", "MXG20300", "15600", "11000");
INSERT INTO `oc_city` (city_id, zone_id, name, code, jnereg, kgp) VALUES (3213, 231, "Kromengan", "MXG20312", "20400", "13000");
INSERT INTO `oc_city` (city_id, zone_id, name, code, jnereg, kgp) VALUES (3214, 231, "Lawang", "MXG20331", "20400", "11000");
INSERT INTO `oc_city` (city_id, zone_id, name, code, jnereg, kgp) VALUES (3215, 231, "Ngajum", "MXG20313", "20400", "12000");
INSERT INTO `oc_city` (city_id, zone_id, name, code, jnereg, kgp) VALUES (3216, 231, "Ngantang", "MXG20328", "20400", "13000");
INSERT INTO `oc_city` (city_id, zone_id, name, code, jnereg, kgp) VALUES (3217, 231, "Pagak", "MXG20314", "20400", "13000");
INSERT INTO `oc_city` (city_id, zone_id, name, code, jnereg) VALUES (3218, 231, "Pagelaran", "MXG20332", "20400");
INSERT INTO `oc_city` (city_id, zone_id, name, code, jnereg, kgp) VALUES (3219, 231, "Pakis", "MXG20315", "20400", "12000");
INSERT INTO `oc_city` (city_id, zone_id, name, code, jnereg, kgp) VALUES (3220, 231, "Pakisaji", "MXG20316", "20400", "11000");
INSERT INTO `oc_city` (city_id, zone_id, name, code, jnereg, kgp) VALUES (3221, 231, "Poncokusumo", "MXG20317", "20400", "13000");
INSERT INTO `oc_city` (city_id, zone_id, name, code, jnereg, kgp) VALUES (3222, 231, "Pujon", "MXG20329", "20400", "13000");
INSERT INTO `oc_city` (city_id, zone_id, name, code, jnereg, kgp) VALUES (3223, 231, "Singosari", "MXG20318", "20400", "11000");
INSERT INTO `oc_city` (city_id, zone_id, name, code, jnereg, kgp) VALUES (3224, 231, "Sumbermanjing Wetan", "MXG20320", "20400", "13000");
INSERT INTO `oc_city` (city_id, zone_id, name, code, jnereg, kgp) VALUES (3225, 231, "Sumberpucung", "MXG20319", "20400", "13000");
INSERT INTO `oc_city` (city_id, zone_id, name, code, jnereg, kgp) VALUES (3226, 231, "Tajinan", "MXG20321", "20400", "12000");
INSERT INTO `oc_city` (city_id, zone_id, name, code, jnereg, kgp) VALUES (3227, 231, "Tirtoyudo", "MXG20322", "20400", "13000");
INSERT INTO `oc_city` (city_id, zone_id, name, code, jnereg, kgp) VALUES (3228, 231, "Tumpang", "MXG20324", "20400", "11000");
INSERT INTO `oc_city` (city_id, zone_id, name, code, jnereg, kgp) VALUES (3229, 231, "Turen", "MXG20323", "20400", "12000");
INSERT INTO `oc_city` (city_id, zone_id, name, code, jnereg, kgp) VALUES (3230, 231, "Wagir", "MXG20325", "20400", "12000");
INSERT INTO `oc_city` (city_id, zone_id, name, code, jnereg, kgp) VALUES (3231, 231, "Wajak", "MXG20326", "20400", "13000");
INSERT INTO `oc_city` (city_id, zone_id, name, code, jnereg, kgp) VALUES (3232, 231, "Wonosari", "MXG20327", "20400", "13000");
INSERT INTO `oc_zone` (zone_id, country_id, name, status) VALUES (232, 15, "Kab. Mojokerto", 1);
INSERT INTO `oc_city` (city_id, zone_id, name, code, jnereg) VALUES (3233, 232, "Bangsal", "MJK10001", "9600");
INSERT INTO `oc_city` (city_id, zone_id, name, code, jnereg) VALUES (3234, 232, "Dawarblandong", "MJK10002", "9600");
INSERT INTO `oc_city` (city_id, zone_id, name, code, jnereg) VALUES (3235, 232, "Dlanggu", "MJK10003", "9600");
INSERT INTO `oc_city` (city_id, zone_id, name, code, jnereg) VALUES (3236, 232, "Gedeg", "MJK10004", "9600");
INSERT INTO `oc_city` (city_id, zone_id, name, code, jnereg) VALUES (3237, 232, "Gondang", "MJK10005", "9600");
INSERT INTO `oc_city` (city_id, zone_id, name, code, jnereg) VALUES (3238, 232, "Jatirejo", "MJK10006", "9600");
INSERT INTO `oc_city` (city_id, zone_id, name, code, jnereg) VALUES (3239, 232, "Jetis", "MJK10007", "9600");
INSERT INTO `oc_city` (city_id, zone_id, name, code, jnereg) VALUES (3240, 232, "Kemlagi", "MJK10008", "9600");
INSERT INTO `oc_city` (city_id, zone_id, name, code, jnereg) VALUES (3241, 232, "Kutorejo", "MJK10009", "9600");
INSERT INTO `oc_city` (city_id, zone_id, name, code, jnereg) VALUES (3242, 232, "Mojoanyar", "MJK10021", "9600");
INSERT INTO `oc_city` (city_id, zone_id, name, code, jnereg, kgp) VALUES (3243, 232, "Mojokerto", "MJK10000", "9600", "9000");
INSERT INTO `oc_city` (city_id, zone_id, name, code, jnereg) VALUES (3244, 232, "Mojosari", "MJK10010", "9600");
INSERT INTO `oc_city` (city_id, zone_id, name, code, jnereg) VALUES (3245, 232, "Ngoro", "MJK10011", "9600");
INSERT INTO `oc_city` (city_id, zone_id, name, code, jnereg) VALUES (3246, 232, "Pacet", "MJK10012", "9600");
INSERT INTO `oc_city` (city_id, zone_id, name, code, jnereg) VALUES (3247, 232, "Pungging", "MJK10013", "9600");
INSERT INTO `oc_city` (city_id, zone_id, name, code, jnereg) VALUES (3248, 232, "Puri", "MJK10014", "9600");
INSERT INTO `oc_city` (city_id, zone_id, name, code, jnereg) VALUES (3249, 232, "Sooko", "MJK10015", "9600");
INSERT INTO `oc_city` (city_id, zone_id, name, code, jnereg) VALUES (3250, 232, "Trawas", "MJK10016", "9600");
INSERT INTO `oc_city` (city_id, zone_id, name, code, jnereg) VALUES (3251, 232, "Trowulan", "MJK10017", "9600");
INSERT INTO `oc_zone` (zone_id, country_id, name, status) VALUES (233, 15, "Kab. Nganjuk", 1);
INSERT INTO `oc_city` (city_id, zone_id, name, code, jnereg) VALUES (3252, 233, "Bagor", "SUB20401", "20400");
INSERT INTO `oc_city` (city_id, zone_id, name, code, jnereg) VALUES (3253, 233, "Baron", "SUB20415", "20400");
INSERT INTO `oc_city` (city_id, zone_id, name, code, jnereg) VALUES (3254, 233, "Berbek", "SUB20402", "20400");
INSERT INTO `oc_city` (city_id, zone_id, name, code, jnereg) VALUES (3255, 233, "Gondang", "SUB20403", "20400");
INSERT INTO `oc_city` (city_id, zone_id, name, code, jnereg) VALUES (3256, 233, "Jatikalen", "SUB20416", "20400");
INSERT INTO `oc_city` (city_id, zone_id, name, code, jnereg) VALUES (3257, 233, "Kertosono", "SUB20414", "20400");
INSERT INTO `oc_city` (city_id, zone_id, name, code, jnereg) VALUES (3258, 233, "Lengkong", "SUB20417", "20400");
INSERT INTO `oc_city` (city_id, zone_id, name, code, jnereg) VALUES (3259, 233, "Loceret", "SUB20404", "20400");
INSERT INTO `oc_city` (city_id, zone_id, name, code, jnereg, kgp) VALUES (3260, 233, "Nganjuk", "SUB20400", "15600", "9000");
INSERT INTO `oc_city` (city_id, zone_id, name, code, jnereg) VALUES (3261, 233, "Ngetos", "SUB20405", "20400");
INSERT INTO `oc_city` (city_id, zone_id, name, code, jnereg) VALUES (3262, 233, "Ngluyu", "SUB20406", "20400");
INSERT INTO `oc_city` (city_id, zone_id, name, code, jnereg) VALUES (3263, 233, "Ngronggot", "SUB20418", "20400");
INSERT INTO `oc_city` (city_id, zone_id, name, code, jnereg) VALUES (3264, 233, "Pace", "SUB20407", "20400");
INSERT INTO `oc_city` (city_id, zone_id, name, code, jnereg) VALUES (3265, 233, "Patianrowo", "SUB20419", "20400");
INSERT INTO `oc_city` (city_id, zone_id, name, code, jnereg) VALUES (3266, 233, "Prambon", "SUB20408", "20400");
INSERT INTO `oc_city` (city_id, zone_id, name, code, jnereg) VALUES (3267, 233, "Rejoso", "SUB20409", "20400");
INSERT INTO `oc_city` (city_id, zone_id, name, code, jnereg) VALUES (3268, 233, "Sawahan", "SUB20410", "20400");
INSERT INTO `oc_city` (city_id, zone_id, name, code, jnereg) VALUES (3269, 233, "Sukomoro", "SUB20411", "20400");
INSERT INTO `oc_city` (city_id, zone_id, name, code, jnereg) VALUES (3270, 233, "Tanjunganom", "SUB20412", "20400");
INSERT INTO `oc_city` (city_id, zone_id, name, code, jnereg) VALUES (3271, 233, "Wilangan", "SUB20413", "20400");
INSERT INTO `oc_zone` (zone_id, country_id, name, status) VALUES (234, 15, "Kab. Ngawi", 1);
INSERT INTO `oc_city` (city_id, zone_id, name, code, jnereg) VALUES (3272, 234, "Bringin", "MDN20201", "20400");
INSERT INTO `oc_city` (city_id, zone_id, name, code, jnereg) VALUES (3273, 234, "Geneng", "MDN20202", "20400");
INSERT INTO `oc_city` (city_id, zone_id, name, code, jnereg) VALUES (3274, 234, "Jogorogo", "MDN20203", "20400");
INSERT INTO `oc_city` (city_id, zone_id, name, code, jnereg) VALUES (3275, 234, "Karanganyar", "MDN20216", "20400");
INSERT INTO `oc_city` (city_id, zone_id, name, code, jnereg) VALUES (3276, 234, "Karangjati", "MDN20204", "20400");
INSERT INTO `oc_city` (city_id, zone_id, name, code, jnereg) VALUES (3277, 234, "Kedunggalar", "MDN20205", "20400");
INSERT INTO `oc_city` (city_id, zone_id, name, code, jnereg) VALUES (3278, 234, "Kendal", "MDN20206", "20400");
INSERT INTO `oc_city` (city_id, zone_id, name, code, jnereg) VALUES (3279, 234, "Kendungan", "MDN20217", "20400");
INSERT INTO `oc_city` (city_id, zone_id, name, code, jnereg) VALUES (3280, 234, "Kwadungan", "MDN20207", "20400");
INSERT INTO `oc_city` (city_id, zone_id, name, code, jnereg) VALUES (3281, 234, "Mantingan", "MDN20208", "20400");
INSERT INTO `oc_city` (city_id, zone_id, name, code, jnereg) VALUES (3282, 234, "Ngawi", "MDN20200", "15600");
INSERT INTO `oc_city` (city_id, zone_id, name, code, jnereg) VALUES (3283, 234, "Ngrambe", "MDN20209", "20400");
INSERT INTO `oc_city` (city_id, zone_id, name, code, jnereg) VALUES (3284, 234, "Padas", "MDN20210", "20400");
INSERT INTO `oc_city` (city_id, zone_id, name, code, jnereg) VALUES (3285, 234, "Pangkur", "MDN20211", "20400");
INSERT INTO `oc_city` (city_id, zone_id, name, code, jnereg) VALUES (3286, 234, "Paron", "MDN20212", "20400");
INSERT INTO `oc_city` (city_id, zone_id, name, code, jnereg) VALUES (3287, 234, "Pitu", "MDN20213", "20400");
INSERT INTO `oc_city` (city_id, zone_id, name, code, jnereg) VALUES (3288, 234, "Sine", "MDN20214", "20400");
INSERT INTO `oc_city` (city_id, zone_id, name, code, jnereg) VALUES (3289, 234, "Widodaren", "MDN20215", "20400");
INSERT INTO `oc_zone` (zone_id, country_id, name, status) VALUES (235, 15, "Kab. Pacitan", 1);
INSERT INTO `oc_city` (city_id, zone_id, name, code, jnereg) VALUES (3290, 235, "Arjosari", "MDN20301", "20400");
INSERT INTO `oc_city` (city_id, zone_id, name, code, jnereg) VALUES (3291, 235, "Bandar", "MDN20302", "20400");
INSERT INTO `oc_city` (city_id, zone_id, name, code, jnereg) VALUES (3292, 235, "Donorojo", "MDN20303", "20400");
INSERT INTO `oc_city` (city_id, zone_id, name, code, jnereg) VALUES (3293, 235, "Kebonagung", "MDN20304", "20400");
INSERT INTO `oc_city` (city_id, zone_id, name, code, jnereg) VALUES (3294, 235, "Nawangan", "MDN20305", "20400");
INSERT INTO `oc_city` (city_id, zone_id, name, code, jnereg) VALUES (3295, 235, "Ngadirojo", "MDN20306", "20400");
INSERT INTO `oc_city` (city_id, zone_id, name, code, jnereg) VALUES (3296, 235, "Pacitan", "MDN20300", "15600");
INSERT INTO `oc_city` (city_id, zone_id, name, code, jnereg) VALUES (3297, 235, "Pringkuku", "MDN20307", "20400");
INSERT INTO `oc_city` (city_id, zone_id, name, code, jnereg) VALUES (3298, 235, "Punung", "MDN20308", "20400");
INSERT INTO `oc_city` (city_id, zone_id, name, code, jnereg) VALUES (3299, 235, "Sudimoro", "MDN20309", "20400");
INSERT INTO `oc_city` (city_id, zone_id, name, code, jnereg) VALUES (3300, 235, "Tegalombo", "MDN20310", "20400");
INSERT INTO `oc_city` (city_id, zone_id, name, code, jnereg) VALUES (3301, 235, "Tulakan", "MDN20311", "20400");
INSERT INTO `oc_zone` (zone_id, country_id, name, status) VALUES (236, 15, "Kab. Pamekasan", 1);
INSERT INTO `oc_city` (city_id, zone_id, name, code, jnereg) VALUES (3302, 236, "Batu Marmar", "SUB20501", "20400");
INSERT INTO `oc_city` (city_id, zone_id, name, code, jnereg) VALUES (3303, 236, "Galis", "SUB20502", "20400");
INSERT INTO `oc_city` (city_id, zone_id, name, code, jnereg) VALUES (3304, 236, "Kadur", "SUB20503", "20400");
INSERT INTO `oc_city` (city_id, zone_id, name, code, jnereg) VALUES (3305, 236, "Larangan", "SUB20504", "20400");
INSERT INTO `oc_city` (city_id, zone_id, name, code, jnereg) VALUES (3306, 236, "Pademawu", "SUB20512", "20400");
INSERT INTO `oc_city` (city_id, zone_id, name, code, jnereg) VALUES (3307, 236, "Pakong", "SUB20505", "20400");
INSERT INTO `oc_city` (city_id, zone_id, name, code, jnereg) VALUES (3308, 236, "Palengaan", "SUB20506", "20400");
INSERT INTO `oc_city` (city_id, zone_id, name, code, jnereg, kgp) VALUES (3309, 236, "Pamekasan", "SUB20500", "15600", "11500");
INSERT INTO `oc_city` (city_id, zone_id, name, code, jnereg) VALUES (3310, 236, "Pasean", "SUB20507", "20400");
INSERT INTO `oc_city` (city_id, zone_id, name, code, jnereg) VALUES (3311, 236, "Pegantenan", "SUB20508", "20400");
INSERT INTO `oc_city` (city_id, zone_id, name, code, jnereg) VALUES (3312, 236, "Proppo", "SUB20509", "20400");
INSERT INTO `oc_city` (city_id, zone_id, name, code, jnereg) VALUES (3313, 236, "Tlanakan", "SUB20510", "20400");
INSERT INTO `oc_city` (city_id, zone_id, name, code, jnereg) VALUES (3314, 236, "Waru", "SUB20511", "20400");
INSERT INTO `oc_zone` (zone_id, country_id, name, status) VALUES (237, 15, "Kab. Pasuruan", 1);
INSERT INTO `oc_city` (city_id, zone_id, name, code, jnereg, kgp) VALUES (3315, 237, "Pandaan", "PDN10000", "9600", "9000");
INSERT INTO `oc_zone` (zone_id, country_id, name, status) VALUES (238, 15, "Kab. Ponorogo", 1);
INSERT INTO `oc_city` (city_id, zone_id, name, code, jnereg) VALUES (3316, 238, "Babadan", "MDN20401", "20400");
INSERT INTO `oc_city` (city_id, zone_id, name, code, jnereg) VALUES (3317, 238, "Badegan", "MDN20402", "20400");
INSERT INTO `oc_city` (city_id, zone_id, name, code, jnereg) VALUES (3318, 238, "Balong", "MDN20403", "20400");
INSERT INTO `oc_city` (city_id, zone_id, name, code, jnereg) VALUES (3319, 238, "Bungkal", "MDN20404", "20400");
INSERT INTO `oc_city` (city_id, zone_id, name, code, jnereg) VALUES (3320, 238, "Jambon", "MDN20419", "20400");
INSERT INTO `oc_city` (city_id, zone_id, name, code, jnereg) VALUES (3321, 238, "Jenangan", "MDN20405", "20400");
INSERT INTO `oc_city` (city_id, zone_id, name, code, jnereg) VALUES (3322, 238, "Jetis", "MDN20406", "20400");
INSERT INTO `oc_city` (city_id, zone_id, name, code, jnereg) VALUES (3323, 238, "Kauman", "MDN20407", "20400");
INSERT INTO `oc_city` (city_id, zone_id, name, code, jnereg) VALUES (3324, 238, "Mlarak", "MDN20408", "20400");
INSERT INTO `oc_city` (city_id, zone_id, name, code, jnereg) VALUES (3325, 238, "Ngebel", "MDN20409", "20400");
INSERT INTO `oc_city` (city_id, zone_id, name, code, jnereg) VALUES (3326, 238, "Ngrayun", "MDN20410", "20400");
INSERT INTO `oc_city` (city_id, zone_id, name, code, jnereg) VALUES (3327, 238, "Ponorogo", "MDN20400", "15600");
INSERT INTO `oc_city` (city_id, zone_id, name, code, jnereg) VALUES (3328, 238, "Pudak", "MDN20420", "20400");
INSERT INTO `oc_city` (city_id, zone_id, name, code, jnereg) VALUES (3329, 238, "Pulung", "MDN20411", "20400");
INSERT INTO `oc_city` (city_id, zone_id, name, code, jnereg) VALUES (3330, 238, "Sambit", "MDN20412", "20400");
INSERT INTO `oc_city` (city_id, zone_id, name, code, jnereg) VALUES (3331, 238, "Sampung", "MDN20413", "20400");
INSERT INTO `oc_city` (city_id, zone_id, name, code, jnereg) VALUES (3332, 238, "Sawoo", "MDN20414", "20400");
INSERT INTO `oc_city` (city_id, zone_id, name, code, jnereg) VALUES (3333, 238, "Siman", "MDN20415", "20400");
INSERT INTO `oc_city` (city_id, zone_id, name, code, jnereg) VALUES (3334, 238, "Slahung", "MDN20416", "20400");
INSERT INTO `oc_city` (city_id, zone_id, name, code, jnereg) VALUES (3335, 238, "Sooko", "MDN20417", "20400");
INSERT INTO `oc_city` (city_id, zone_id, name, code, jnereg) VALUES (3336, 238, "Sukorejo", "MDN20418", "20400");
INSERT INTO `oc_zone` (zone_id, country_id, name, status) VALUES (239, 15, "Kab. Probolinggo", 1);
INSERT INTO `oc_city` (city_id, zone_id, name, code, jnereg) VALUES (3337, 239, "Bantaran", "PBL10002", "20400");
INSERT INTO `oc_city` (city_id, zone_id, name, code, jnereg) VALUES (3338, 239, "Banyuanyar", "PBL10001", "20400");
INSERT INTO `oc_city` (city_id, zone_id, name, code, jnereg) VALUES (3339, 239, "Besuk", "PBL10003", "20400");
INSERT INTO `oc_city` (city_id, zone_id, name, code, jnereg) VALUES (3340, 239, "Dringu", "PBL10004", "9600");
INSERT INTO `oc_city` (city_id, zone_id, name, code, jnereg) VALUES (3341, 239, "Gading", "PBL10027", "20400");
INSERT INTO `oc_city` (city_id, zone_id, name, code, jnereg) VALUES (3342, 239, "Gending", "PBL10005", "20400");
INSERT INTO `oc_city` (city_id, zone_id, name, code, jnereg) VALUES (3343, 239, "Kotaanyar", "PBL10006", "20400");
INSERT INTO `oc_city` (city_id, zone_id, name, code, jnereg) VALUES (3344, 239, "Kraksaan", "PBL10007", "15600");
INSERT INTO `oc_city` (city_id, zone_id, name, code, jnereg) VALUES (3345, 239, "Krejengan", "PBL10008", "20400");
INSERT INTO `oc_city` (city_id, zone_id, name, code, jnereg) VALUES (3346, 239, "Krucil", "PBL10009", "20400");
INSERT INTO `oc_city` (city_id, zone_id, name, code, jnereg) VALUES (3347, 239, "Kuripan", "PBL10010", "20400");
INSERT INTO `oc_city` (city_id, zone_id, name, code, jnereg) VALUES (3348, 239, "Leces", "PBL10011", "9600");
INSERT INTO `oc_city` (city_id, zone_id, name, code, jnereg) VALUES (3349, 239, "Lumbang", "PBL10012", "20400");
INSERT INTO `oc_city` (city_id, zone_id, name, code, jnereg) VALUES (3350, 239, "Maron", "PBL10013", "20400");
INSERT INTO `oc_city` (city_id, zone_id, name, code, jnereg) VALUES (3351, 239, "Paiton", "PBL10014", "15600");
INSERT INTO `oc_city` (city_id, zone_id, name, code, jnereg) VALUES (3352, 239, "Pajarakan", "PBL10015", "20400");
INSERT INTO `oc_city` (city_id, zone_id, name, code, jnereg) VALUES (3353, 239, "Pakuniran", "PBL10016", "20400");
INSERT INTO `oc_city` (city_id, zone_id, name, code, jnereg, kgp) VALUES (3354, 239, "Probolinggo", "PBL10000", "9600", "9000");
INSERT INTO `oc_city` (city_id, zone_id, name, code, jnereg) VALUES (3355, 239, "Sukapura", "PBL10017", "20400");
INSERT INTO `oc_city` (city_id, zone_id, name, code, jnereg) VALUES (3356, 239, "Sumber", "PBL10018", "20400");
INSERT INTO `oc_city` (city_id, zone_id, name, code, jnereg) VALUES (3357, 239, "Sumberasih", "PBL10019", "20400");
INSERT INTO `oc_city` (city_id, zone_id, name, code, jnereg) VALUES (3358, 239, "Tegalsiwalan", "PBL10020", "20400");
INSERT INTO `oc_city` (city_id, zone_id, name, code, jnereg) VALUES (3359, 239, "Tiris", "PBL10021", "20400");
INSERT INTO `oc_city` (city_id, zone_id, name, code, jnereg) VALUES (3360, 239, "Tongas", "PBL10022", "20400");
INSERT INTO `oc_city` (city_id, zone_id, name, code, jnereg) VALUES (3361, 239, "Wonomerto", "PBL10024", "20400");
INSERT INTO `oc_zone` (zone_id, country_id, name, status) VALUES (240, 15, "Kab. Sampang", 1);
INSERT INTO `oc_city` (city_id, zone_id, name, code, jnereg) VALUES (3362, 240, "Banyuates", "SUB20601", "20400");
INSERT INTO `oc_city` (city_id, zone_id, name, code, jnereg) VALUES (3363, 240, "Camplong", "SUB20602", "20400");
INSERT INTO `oc_city` (city_id, zone_id, name, code, jnereg) VALUES (3364, 240, "Jrengik", "SUB20603", "20400");
INSERT INTO `oc_city` (city_id, zone_id, name, code, jnereg) VALUES (3365, 240, "KEDUNDUNG", "SUB20604", "20400");
INSERT INTO `oc_city` (city_id, zone_id, name, code, jnereg) VALUES (3366, 240, "Ketapang", "SUB20605", "20400");
INSERT INTO `oc_city` (city_id, zone_id, name, code, jnereg) VALUES (3367, 240, "Omben", "SUB20606", "20400");
INSERT INTO `oc_city` (city_id, zone_id, name, code, jnereg) VALUES (3368, 240, "Robatal", "SUB20607", "20400");
INSERT INTO `oc_city` (city_id, zone_id, name, code, jnereg, kgp) VALUES (3369, 240, "Sampang", "SUB20600", "15600", "12000");
INSERT INTO `oc_city` (city_id, zone_id, name, code, jnereg) VALUES (3370, 240, "Sokobanah", "SUB20608", "20400");
INSERT INTO `oc_city` (city_id, zone_id, name, code, jnereg) VALUES (3371, 240, "Sreseh", "SUB20609", "20400");
INSERT INTO `oc_city` (city_id, zone_id, name, code, jnereg) VALUES (3372, 240, "Tambelangan", "SUB20610", "20400");
INSERT INTO `oc_city` (city_id, zone_id, name, code, jnereg) VALUES (3373, 240, "Torjun", "SUB20611", "20400");
INSERT INTO `oc_zone` (zone_id, country_id, name, status) VALUES (241, 15, "Kab. Sidoarjo", 1);
INSERT INTO `oc_city` (city_id, zone_id, name, code, jnereg) VALUES (3374, 241, "Balongbendo", "MJK10020", "9600");
INSERT INTO `oc_city` (city_id, zone_id, name, code, jnereg) VALUES (3375, 241, "Buduran", "SUB20702", "9600");
INSERT INTO `oc_city` (city_id, zone_id, name, code, jnereg) VALUES (3376, 241, "Candi", "SUB20703", "9600");
INSERT INTO `oc_city` (city_id, zone_id, name, code, jnereg) VALUES (3377, 241, "Gedangan", "SUB20704", "9600");
INSERT INTO `oc_city` (city_id, zone_id, name, code, jnereg) VALUES (3378, 241, "Jabon", "SUB20705", "9600");
INSERT INTO `oc_city` (city_id, zone_id, name, code, jnereg) VALUES (3379, 241, "Krembung", "SUB20706", "9600");
INSERT INTO `oc_city` (city_id, zone_id, name, code, jnereg) VALUES (3380, 241, "Krian", "SUB20719", "9600");
INSERT INTO `oc_city` (city_id, zone_id, name, code, jnereg) VALUES (3381, 241, "Porong", "SUB20708", "9600");
INSERT INTO `oc_city` (city_id, zone_id, name, code, jnereg) VALUES (3382, 241, "Prambon", "MJK10026", "9600");
INSERT INTO `oc_city` (city_id, zone_id, name, code, jnereg) VALUES (3383, 241, "Sedati", "SUB20710", "9600");
INSERT INTO `oc_city` (city_id, zone_id, name, code, jnereg, kgp) VALUES (3384, 241, "Sidoarjo", "SUB20700", "9600", "9000");
INSERT INTO `oc_city` (city_id, zone_id, name, code, jnereg) VALUES (3385, 241, "Sukodono", "SUB20711", "9600");
INSERT INTO `oc_city` (city_id, zone_id, name, code, jnereg) VALUES (3386, 241, "Taman", "SUB20720", "9600");
INSERT INTO `oc_city` (city_id, zone_id, name, code, jnereg) VALUES (3387, 241, "Tanggulangin", "SUB20713", "9600");
INSERT INTO `oc_city` (city_id, zone_id, name, code, jnereg) VALUES (3388, 241, "Tarik", "MJK10025", "9600");
INSERT INTO `oc_city` (city_id, zone_id, name, code, jnereg) VALUES (3389, 241, "Tulangan", "SUB20715", "9600");
INSERT INTO `oc_city` (city_id, zone_id, name, code, jnereg) VALUES (3390, 241, "Waru", "SUB20716", "9600");
INSERT INTO `oc_city` (city_id, zone_id, name, code, jnereg) VALUES (3391, 241, "Wonoayu", "SUB20717", "9600");
INSERT INTO `oc_zone` (zone_id, country_id, name, status) VALUES (242, 15, "Kab. Sumenep", 1);
INSERT INTO `oc_city` (city_id, zone_id, name, code, jnereg) VALUES (3392, 242, "Ambunten", "SUB20801", "20400");
INSERT INTO `oc_city` (city_id, zone_id, name, code, jnereg) VALUES (3393, 242, "Arjasa", "SUB20802", "31200");
INSERT INTO `oc_city` (city_id, zone_id, name, code, jnereg) VALUES (3394, 242, "Batang Batang", "SUB20803", "20400");
INSERT INTO `oc_city` (city_id, zone_id, name, code, jnereg) VALUES (3395, 242, "Batuan", "SUB20825", "20400");
INSERT INTO `oc_city` (city_id, zone_id, name, code, jnereg) VALUES (3396, 242, "Batuputih", "SUB20804", "20400");
INSERT INTO `oc_city` (city_id, zone_id, name, code, jnereg) VALUES (3397, 242, "Bluto", "SUB20805", "20400");
INSERT INTO `oc_city` (city_id, zone_id, name, code, jnereg) VALUES (3398, 242, "Dasuk", "SUB20806", "20400");
INSERT INTO `oc_city` (city_id, zone_id, name, code, jnereg) VALUES (3399, 242, "Dungkek", "SUB20807", "20400");
INSERT INTO `oc_city` (city_id, zone_id, name, code, jnereg) VALUES (3400, 242, "Ganding", "SUB20808", "20400");
INSERT INTO `oc_city` (city_id, zone_id, name, code, jnereg) VALUES (3401, 242, "Gapura", "SUB20809", "20400");
INSERT INTO `oc_city` (city_id, zone_id, name, code, jnereg) VALUES (3402, 242, "Gayam", "SUB20810", "31200");
INSERT INTO `oc_city` (city_id, zone_id, name, code, jnereg) VALUES (3403, 242, "Giligenteng", "SUB20811", "31200");
INSERT INTO `oc_city` (city_id, zone_id, name, code, jnereg) VALUES (3404, 242, "Guluk-Guluk", "SUB20812", "20400");
INSERT INTO `oc_city` (city_id, zone_id, name, code, jnereg) VALUES (3405, 242, "Kalianget", "SUB20813", "20400");
INSERT INTO `oc_city` (city_id, zone_id, name, code, jnereg) VALUES (3406, 242, "Kangean", "SUB20826", "31200");
INSERT INTO `oc_city` (city_id, zone_id, name, code, jnereg) VALUES (3407, 242, "Lenteng", "SUB20814", "20400");
INSERT INTO `oc_city` (city_id, zone_id, name, code, jnereg) VALUES (3408, 242, "Manding", "SUB20815", "20400");
INSERT INTO `oc_city` (city_id, zone_id, name, code, jnereg) VALUES (3409, 242, "Masalembu", "SUB20816", "31200");
INSERT INTO `oc_city` (city_id, zone_id, name, code, jnereg) VALUES (3410, 242, "Nonggunong", "SUB20817", "31200");
INSERT INTO `oc_city` (city_id, zone_id, name, code, jnereg) VALUES (3411, 242, "Pasongsongan", "SUB20818", "20400");
INSERT INTO `oc_city` (city_id, zone_id, name, code, jnereg) VALUES (3412, 242, "Pragaan", "SUB20819", "20400");
INSERT INTO `oc_city` (city_id, zone_id, name, code, jnereg) VALUES (3413, 242, "Raas", "SUB20820", "31200");
INSERT INTO `oc_city` (city_id, zone_id, name, code, jnereg) VALUES (3414, 242, "Rubaru", "SUB20821", "20400");
INSERT INTO `oc_city` (city_id, zone_id, name, code, jnereg) VALUES (3415, 242, "Sapeken", "SUB20822", "31200");
INSERT INTO `oc_city` (city_id, zone_id, name, code, jnereg) VALUES (3416, 242, "Saronggi", "SUB20823", "20400");
INSERT INTO `oc_city` (city_id, zone_id, name, code, jnereg, kgp) VALUES (3417, 242, "Sumenep", "SUB20800", "15600", "12000");
INSERT INTO `oc_city` (city_id, zone_id, name, code, jnereg) VALUES (3418, 242, "Talango", "SUB20824", "31200");
INSERT INTO `oc_zone` (zone_id, country_id, name, status) VALUES (243, 15, "Kab. Trenggalek", 1);
INSERT INTO `oc_city` (city_id, zone_id, name, code, jnereg) VALUES (3419, 243, "Bendungan", "SUB22001", "20400");
INSERT INTO `oc_city` (city_id, zone_id, name, code, jnereg) VALUES (3420, 243, "Dongko", "SUB22002", "20400");
INSERT INTO `oc_city` (city_id, zone_id, name, code, jnereg) VALUES (3421, 243, "Durenan", "SUB22003", "20400");
INSERT INTO `oc_city` (city_id, zone_id, name, code, jnereg) VALUES (3422, 243, "Gandusari", "SUB22004", "20400");
INSERT INTO `oc_city` (city_id, zone_id, name, code, jnereg) VALUES (3423, 243, "Kampak", "SUB22005", "20400");
INSERT INTO `oc_city` (city_id, zone_id, name, code, jnereg) VALUES (3424, 243, "Karangan", "SUB22006", "20400");
INSERT INTO `oc_city` (city_id, zone_id, name, code, jnereg) VALUES (3425, 243, "Munjungan", "SUB22007", "20400");
INSERT INTO `oc_city` (city_id, zone_id, name, code, jnereg) VALUES (3426, 243, "Panggul", "SUB22008", "20400");
INSERT INTO `oc_city` (city_id, zone_id, name, code, jnereg) VALUES (3427, 243, "Pogalan", "SUB22009", "20400");
INSERT INTO `oc_city` (city_id, zone_id, name, code, jnereg) VALUES (3428, 243, "Pule", "SUB22010", "20400");
INSERT INTO `oc_city` (city_id, zone_id, name, code, jnereg) VALUES (3429, 243, "Suruh", "SUB22013", "20400");
INSERT INTO `oc_city` (city_id, zone_id, name, code, jnereg, kgp) VALUES (3430, 243, "Trenggalek", "SUB22000", "15600", "13000");
INSERT INTO `oc_city` (city_id, zone_id, name, code, jnereg) VALUES (3431, 243, "Tugu", "SUB22011", "20400");
INSERT INTO `oc_city` (city_id, zone_id, name, code, jnereg) VALUES (3432, 243, "Watulimo", "SUB22012", "20400");
INSERT INTO `oc_zone` (zone_id, country_id, name, status) VALUES (244, 15, "Kab. Tuban", 1);
INSERT INTO `oc_city` (city_id, zone_id, name, code, jnereg) VALUES (3433, 244, "Bancar", "SUB20901", "20400");
INSERT INTO `oc_city` (city_id, zone_id, name, code, jnereg) VALUES (3434, 244, "Bangilan", "SUB20902", "20400");
INSERT INTO `oc_city` (city_id, zone_id, name, code, jnereg) VALUES (3435, 244, "Grabagan", "SUB20919", "20400");
INSERT INTO `oc_city` (city_id, zone_id, name, code, jnereg) VALUES (3436, 244, "Jatirogo", "SUB20903", "20400");
INSERT INTO `oc_city` (city_id, zone_id, name, code, jnereg) VALUES (3437, 244, "Jenu", "SUB20904", "20400");
INSERT INTO `oc_city` (city_id, zone_id, name, code, jnereg) VALUES (3438, 244, "Kenduruan", "SUB20905", "20400");
INSERT INTO `oc_city` (city_id, zone_id, name, code, jnereg) VALUES (3439, 244, "Kerek", "SUB20906", "20400");
INSERT INTO `oc_city` (city_id, zone_id, name, code, jnereg) VALUES (3440, 244, "Merakurak", "SUB20907", "20400");
INSERT INTO `oc_city` (city_id, zone_id, name, code, jnereg) VALUES (3441, 244, "Montong", "SUB20908", "20400");
INSERT INTO `oc_city` (city_id, zone_id, name, code, jnereg) VALUES (3442, 244, "Palang", "SUB20909", "20400");
INSERT INTO `oc_city` (city_id, zone_id, name, code, jnereg) VALUES (3443, 244, "Parengan", "SUB20910", "20400");
INSERT INTO `oc_city` (city_id, zone_id, name, code, jnereg) VALUES (3444, 244, "Plumbang", "SUB20911", "20400");
INSERT INTO `oc_city` (city_id, zone_id, name, code, jnereg) VALUES (3445, 244, "Rengel", "SUB20912", "20400");
INSERT INTO `oc_city` (city_id, zone_id, name, code, jnereg) VALUES (3446, 244, "Semanding", "SUB20913", "20400");
INSERT INTO `oc_city` (city_id, zone_id, name, code, jnereg) VALUES (3447, 244, "Senori", "SUB20914", "20400");
INSERT INTO `oc_city` (city_id, zone_id, name, code, jnereg) VALUES (3448, 244, "Singgahan", "SUB20915", "20400");
INSERT INTO `oc_city` (city_id, zone_id, name, code, jnereg) VALUES (3449, 244, "Soko", "SUB20916", "20400");
INSERT INTO `oc_city` (city_id, zone_id, name, code, jnereg) VALUES (3450, 244, "Tambakboyo", "SUB20917", "20400");
INSERT INTO `oc_city` (city_id, zone_id, name, code, jnereg, kgp) VALUES (3451, 244, "Tuban", "SUB20900", "15600", "12000");
INSERT INTO `oc_city` (city_id, zone_id, name, code, jnereg) VALUES (3452, 244, "Widang", "SUB20918", "20400");
INSERT INTO `oc_zone` (zone_id, country_id, name, status) VALUES (245, 15, "Kab. Tulungagung", 1);
INSERT INTO `oc_city` (city_id, zone_id, name, code, jnereg) VALUES (3453, 245, "Bandung", "SUB21001", "20400");
INSERT INTO `oc_city` (city_id, zone_id, name, code, jnereg) VALUES (3454, 245, "Besuki", "SUB21002", "20400");
INSERT INTO `oc_city` (city_id, zone_id, name, code, jnereg) VALUES (3455, 245, "Boyolangu", "SUB21017", "20400");
INSERT INTO `oc_city` (city_id, zone_id, name, code, jnereg) VALUES (3456, 245, "Campurdarat", "SUB21003", "20400");
INSERT INTO `oc_city` (city_id, zone_id, name, code, jnereg) VALUES (3457, 245, "Gondang", "SUB21004", "20400");
INSERT INTO `oc_city` (city_id, zone_id, name, code, jnereg) VALUES (3458, 245, "Kalidawir", "SUB21005", "20400");
INSERT INTO `oc_city` (city_id, zone_id, name, code, jnereg) VALUES (3459, 245, "Karangrejo", "SUB21006", "20400");
INSERT INTO `oc_city` (city_id, zone_id, name, code, jnereg) VALUES (3460, 245, "Kauman", "SUB21018", "20400");
INSERT INTO `oc_city` (city_id, zone_id, name, code, jnereg) VALUES (3461, 245, "Kedungwaru", "SUB21019", "20400");
INSERT INTO `oc_city` (city_id, zone_id, name, code, jnereg) VALUES (3462, 245, "Ngantru", "SUB21008", "20400");
INSERT INTO `oc_city` (city_id, zone_id, name, code, jnereg) VALUES (3463, 245, "Ngunut", "SUB21009", "20400");
INSERT INTO `oc_city` (city_id, zone_id, name, code, jnereg) VALUES (3464, 245, "Pagerwojo", "SUB21010", "20400");
INSERT INTO `oc_city` (city_id, zone_id, name, code, jnereg) VALUES (3465, 245, "Pakel", "SUB21011", "20400");
INSERT INTO `oc_city` (city_id, zone_id, name, code, jnereg) VALUES (3466, 245, "Pucanglaban", "SUB21012", "20400");
INSERT INTO `oc_city` (city_id, zone_id, name, code, jnereg) VALUES (3467, 245, "Rejotangan", "SUB21013", "20400");
INSERT INTO `oc_city` (city_id, zone_id, name, code, jnereg) VALUES (3468, 245, "Sendang", "SUB21014", "20400");
INSERT INTO `oc_city` (city_id, zone_id, name, code, jnereg) VALUES (3469, 245, "Sumbergempol", "SUB21015", "20400");
INSERT INTO `oc_city` (city_id, zone_id, name, code, jnereg) VALUES (3470, 245, "Tanggung Gunung", "SUB21016", "20400");
INSERT INTO `oc_city` (city_id, zone_id, name, code, jnereg, kgp) VALUES (3471, 245, "Tulungagung", "SUB21000", "15600", "10000");
INSERT INTO `oc_zone` (zone_id, country_id, name, status) VALUES (246, 15, "Kab.Gresik", 1);
INSERT INTO `oc_city` (city_id, zone_id, name, code, jnereg) VALUES (3472, 246, "Balongpanggang", "SUB10101", "20400");
INSERT INTO `oc_city` (city_id, zone_id, name, code, jnereg) VALUES (3473, 246, "Benjeng", "SUB10102", "20400");
INSERT INTO `oc_city` (city_id, zone_id, name, code, jnereg) VALUES (3474, 246, "Bungah", "SUB10103", "20400");
INSERT INTO `oc_city` (city_id, zone_id, name, code, jnereg) VALUES (3475, 246, "Cerme", "SUB10104", "20400");
INSERT INTO `oc_city` (city_id, zone_id, name, code, jnereg) VALUES (3476, 246, "Driyorejo", "SUB10105", "20400");
INSERT INTO `oc_city` (city_id, zone_id, name, code, jnereg) VALUES (3477, 246, "Duduk Sampeyan", "SUB10106", "20400");
INSERT INTO `oc_city` (city_id, zone_id, name, code, jnereg) VALUES (3478, 246, "Dukun", "SUB10107", "20400");
INSERT INTO `oc_city` (city_id, zone_id, name, code, jnereg, kgp) VALUES (3479, 246, "Gresik", "SUB10100", "9600", "9000");
INSERT INTO `oc_city` (city_id, zone_id, name, code, jnereg) VALUES (3480, 246, "Kebomas", "SUB10117", "20400");
INSERT INTO `oc_city` (city_id, zone_id, name, code, jnereg) VALUES (3481, 246, "Kedamean", "SUB10108", "20400");
INSERT INTO `oc_city` (city_id, zone_id, name, code, jnereg) VALUES (3482, 246, "Manyar", "SUB10109", "20400");
INSERT INTO `oc_city` (city_id, zone_id, name, code, jnereg) VALUES (3483, 246, "Menganti", "SUB10110", "20400");
INSERT INTO `oc_city` (city_id, zone_id, name, code, jnereg) VALUES (3484, 246, "Panceng", "SUB10111", "20400");
INSERT INTO `oc_city` (city_id, zone_id, name, code, jnereg) VALUES (3485, 246, "Sangkapura", "SUB10112", "20400");
INSERT INTO `oc_city` (city_id, zone_id, name, code, jnereg) VALUES (3486, 246, "Sidayu", "SUB10113", "20400");
INSERT INTO `oc_city` (city_id, zone_id, name, code, jnereg) VALUES (3487, 246, "Tambak", "SUB10114", "20400");
INSERT INTO `oc_city` (city_id, zone_id, name, code, jnereg) VALUES (3488, 246, "Ujung Pangkah", "SUB10115", "20400");
INSERT INTO `oc_city` (city_id, zone_id, name, code, jnereg) VALUES (3489, 246, "Wringinanom", "SUB10116", "20400");
INSERT INTO `oc_zone` (zone_id, country_id, name, status) VALUES (247, 15, "Kota Batu", 1);
INSERT INTO `oc_city` (city_id, zone_id, name, code, jnereg, kgp) VALUES (3490, 247, "Batu", "MXG20200", "15600", "12000");
INSERT INTO `oc_city` (city_id, zone_id, name, code, jnereg) VALUES (3491, 247, "Bumiaji", "MXG20204", "15600");
INSERT INTO `oc_city` (city_id, zone_id, name, code, jnereg) VALUES (3492, 247, "Junrejo", "MXG20205", "15600");
INSERT INTO `oc_zone` (zone_id, country_id, name, status) VALUES (248, 15, "Kota Blitar", 1);
INSERT INTO `oc_city` (city_id, zone_id, name, code, jnereg) VALUES (3493, 248, "Kepanjenkidul", "MXG20123", "15600");
INSERT INTO `oc_city` (city_id, zone_id, name, code, jnereg) VALUES (3494, 248, "Sananwetan", "MXG20124", "15600");
INSERT INTO `oc_city` (city_id, zone_id, name, code, jnereg) VALUES (3495, 248, "Sukorejo", "MXG20125", "15600");
INSERT INTO `oc_zone` (zone_id, country_id, name, status) VALUES (249, 15, "Kota Kediri", 1);
INSERT INTO `oc_city` (city_id, zone_id, name, code, jnereg) VALUES (3496, 249, "Kediri", "KDR10000", "9600");
INSERT INTO `oc_city` (city_id, zone_id, name, code, jnereg) VALUES (3497, 249, "Mojoroto", "KDR10025", "9600");
INSERT INTO `oc_city` (city_id, zone_id, name, code, jnereg) VALUES (3498, 249, "Pesantren", "KDR10026", "9600");
INSERT INTO `oc_zone` (zone_id, country_id, name, status) VALUES (250, 15, "Kota Madiun", 1);
INSERT INTO `oc_city` (city_id, zone_id, name, code, jnereg, kgp) VALUES (3499, 250, "Kartoharjo", "MDN10016", "9600", "11000");
INSERT INTO `oc_city` (city_id, zone_id, name, code, jnereg, kgp) VALUES (3500, 250, "Madiun", "MDN10000", "9600", "10000");
INSERT INTO `oc_city` (city_id, zone_id, name, code, jnereg, kgp) VALUES (3501, 250, "Manguharjo", "MDN10017", "9600", "11000");
INSERT INTO `oc_city` (city_id, zone_id, name, code, jnereg, kgp) VALUES (3502, 250, "Taman", "MDN10018", "9600", "11000");
INSERT INTO `oc_zone` (zone_id, country_id, name, status) VALUES (251, 15, "Kota Malang", 1);
INSERT INTO `oc_city` (city_id, zone_id, name, code, jnereg) VALUES (3503, 251, "Blimbing", "MXG10035", "9600");
INSERT INTO `oc_city` (city_id, zone_id, name, code, jnereg) VALUES (3504, 251, "Kedungkandang", "MXG10036", "9600");
INSERT INTO `oc_city` (city_id, zone_id, name, code, jnereg) VALUES (3505, 251, "Klojen", "MXG10037", "9600");
INSERT INTO `oc_city` (city_id, zone_id, name, code, jnereg) VALUES (3506, 251, "Lowokwaru", "MXG10038", "9600");
INSERT INTO `oc_city` (city_id, zone_id, name, code, jnereg, kgp) VALUES (3507, 251, "Malang", "MXG10000", "9600", "9000");
INSERT INTO `oc_city` (city_id, zone_id, name, code, jnereg) VALUES (3508, 251, "Sukun", "MXG10039", "9600");
INSERT INTO `oc_zone` (zone_id, country_id, name, status) VALUES (252, 15, "Kota Mojokerto", 1);
INSERT INTO `oc_city` (city_id, zone_id, name, code, jnereg) VALUES (3509, 252, "Magersari", "MJK10022", "9600");
INSERT INTO `oc_city` (city_id, zone_id, name, code, jnereg) VALUES (3510, 252, "Parajurit Kulon", "MJK10023", "9600");
INSERT INTO `oc_zone` (zone_id, country_id, name, status) VALUES (253, 15, "Kota Pasuruan", 1);
INSERT INTO `oc_city` (city_id, zone_id, name, code, jnereg) VALUES (3511, 253, "Bugulkidul", "PDN20101", "9600");
INSERT INTO `oc_city` (city_id, zone_id, name, code, jnereg) VALUES (3512, 253, "Gadingrejo", "PDN20102", "9600");
INSERT INTO `oc_city` (city_id, zone_id, name, code, jnereg) VALUES (3513, 253, "Pasuruan", "PDN20100", "9600");
INSERT INTO `oc_city` (city_id, zone_id, name, code, jnereg) VALUES (3514, 253, "Purworejo", "PDN20103", "9600");
INSERT INTO `oc_zone` (zone_id, country_id, name, status) VALUES (254, 15, "Kota Probolinggo", 1);
INSERT INTO `oc_city` (city_id, zone_id, name, code, jnereg) VALUES (3515, 254, "Kademangan", "PBL10025", "9600");
INSERT INTO `oc_city` (city_id, zone_id, name, code, jnereg) VALUES (3516, 254, "Kanigaran", "PBL10030", "9600");
INSERT INTO `oc_city` (city_id, zone_id, name, code, jnereg) VALUES (3517, 254, "Kedopok", "PBL10029", "9600");
INSERT INTO `oc_city` (city_id, zone_id, name, code, jnereg) VALUES (3518, 254, "Mayangan", "PBL10026", "9600");
INSERT INTO `oc_city` (city_id, zone_id, name, code, jnereg) VALUES (3519, 254, "Wonoasih", "PBL10028", "9600");
INSERT INTO `oc_zone` (zone_id, country_id, name, status) VALUES (255, 15, "Kota Surabaya", 1);
INSERT INTO `oc_city` (city_id, zone_id, name, code, jnereg, kgp) VALUES (3520, 255, "Asemrowo", "SUB10001", "9600", "9000");
INSERT INTO `oc_city` (city_id, zone_id, name, code, jnereg, kgp) VALUES (3521, 255, "Benowo", "SUB10002", "9600", "9000");
INSERT INTO `oc_city` (city_id, zone_id, name, code, jnereg, kgp) VALUES (3522, 255, "Bubutan", "SUB10003", "9600", "9000");
INSERT INTO `oc_city` (city_id, zone_id, name, code, jnereg, kgp) VALUES (3523, 255, "Bulak", "SUB10004", "9600", "9000");
INSERT INTO `oc_city` (city_id, zone_id, name, code, jnereg, kgp) VALUES (3524, 255, "Dukuh Pakis", "SUB10005", "9600", "9000");
INSERT INTO `oc_city` (city_id, zone_id, name, code, jnereg, kgp) VALUES (3525, 255, "Gayungan", "SUB10006", "9600", "9000");
INSERT INTO `oc_city` (city_id, zone_id, name, code, jnereg, kgp) VALUES (3526, 255, "Genteng", "SUB10007", "9600", "9000");
INSERT INTO `oc_city` (city_id, zone_id, name, code, jnereg, kgp) VALUES (3527, 255, "Gubeng", "SUB10008", "9600", "9000");
INSERT INTO `oc_city` (city_id, zone_id, name, code, jnereg, kgp) VALUES (3528, 255, "Gununganyar", "SUB10009", "9600", "9000");
INSERT INTO `oc_city` (city_id, zone_id, name, code, jnereg, kgp) VALUES (3529, 255, "Jambangan", "SUB10010", "9600", "9000");
INSERT INTO `oc_city` (city_id, zone_id, name, code, jnereg, kgp) VALUES (3530, 255, "Karangpilang", "SUB10011", "9600", "9000");
INSERT INTO `oc_city` (city_id, zone_id, name, code, jnereg, kgp) VALUES (3531, 255, "Kenjeran", "SUB10012", "9600", "9000");
INSERT INTO `oc_city` (city_id, zone_id, name, code, jnereg, kgp) VALUES (3532, 255, "Krembangan", "SUB10013", "9600", "9000");
INSERT INTO `oc_city` (city_id, zone_id, name, code, jnereg, kgp) VALUES (3533, 255, "Lakarsantri", "SUB10014", "9600", "9000");
INSERT INTO `oc_city` (city_id, zone_id, name, code, jnereg, kgp) VALUES (3534, 255, "Mulyorejo", "SUB10015", "9600", "9000");
INSERT INTO `oc_city` (city_id, zone_id, name, code, jnereg, kgp) VALUES (3535, 255, "Pabean Cantikan", "SUB10016", "9600", "9000");
INSERT INTO `oc_city` (city_id, zone_id, name, code, jnereg, kgp) VALUES (3536, 255, "Pakal", "SUB10017", "9600", "9000");
INSERT INTO `oc_city` (city_id, zone_id, name, code, jnereg, kgp) VALUES (3537, 255, "Rungkut", "SUB10018", "9600", "9000");
INSERT INTO `oc_city` (city_id, zone_id, name, code, jnereg, kgp) VALUES (3538, 255, "Sambikerep", "SUB10019", "9600", "9000");
INSERT INTO `oc_city` (city_id, zone_id, name, code, jnereg, kgp) VALUES (3539, 255, "Sawahan", "SUB10020", "9600", "9000");
INSERT INTO `oc_city` (city_id, zone_id, name, code, jnereg, kgp) VALUES (3540, 255, "Semampir", "SUB10021", "9600", "9000");
INSERT INTO `oc_city` (city_id, zone_id, name, code, jnereg, kgp) VALUES (3541, 255, "Simokerto", "SUB10022", "9600", "9000");
INSERT INTO `oc_city` (city_id, zone_id, name, code, jnereg, kgp) VALUES (3542, 255, "Sukolilo", "SUB10023", "9600", "9000");
INSERT INTO `oc_city` (city_id, zone_id, name, code, jnereg, kgp) VALUES (3543, 255, "Sukomanunggal", "SUB10024", "9600", "9000");
INSERT INTO `oc_city` (city_id, zone_id, name, code, jnereg, kgp) VALUES (3544, 255, "Surabaya", "SUB10000", "9600", "9000");
INSERT INTO `oc_city` (city_id, zone_id, name, code, jnereg, kgp) VALUES (3545, 255, "Tambaksari", "SUB10025", "9600", "9000");
INSERT INTO `oc_city` (city_id, zone_id, name, code, jnereg, kgp) VALUES (3546, 255, "Tandes", "SUB10026", "9600", "9000");
INSERT INTO `oc_city` (city_id, zone_id, name, code, jnereg, kgp) VALUES (3547, 255, "Tegalsari", "SUB10027", "9600", "9000");
INSERT INTO `oc_city` (city_id, zone_id, name, code, jnereg, kgp) VALUES (3548, 255, "Tenggilis Mejoyo", "SUB10028", "9600", "9000");
INSERT INTO `oc_city` (city_id, zone_id, name, code, jnereg, kgp) VALUES (3549, 255, "Wiyung", "SUB10029", "9600", "9000");
INSERT INTO `oc_city` (city_id, zone_id, name, code, jnereg, kgp) VALUES (3550, 255, "Wonocolo", "SUB10030", "9600", "9000");
INSERT INTO `oc_city` (city_id, zone_id, name, code, jnereg, kgp) VALUES (3551, 255, "Wonokromo", "SUB10031", "9600", "9000");
INSERT INTO `oc_country` (country_id, name, iso_code_2, iso_code_3, postcode_required, status) VALUES (16, "D.I. Yogyakarta", "ID", "IDN", 1, 1);
INSERT INTO `oc_zone` (zone_id, country_id, name, status) VALUES (256, 16, "Kab. Bantul", 1);
INSERT INTO `oc_city` (city_id, zone_id, name, code, jnereg) VALUES (3552, 256, "Bambanglipuro", "JOG20101", "27600");
INSERT INTO `oc_city` (city_id, zone_id, name, code, jnereg) VALUES (3553, 256, "Banguntapan", "JOG20114", "27600");
INSERT INTO `oc_city` (city_id, zone_id, name, code, jnereg, kgp) VALUES (3554, 256, "Bantul", "JOG20100", "18000", "18000");
INSERT INTO `oc_city` (city_id, zone_id, name, code, jnereg) VALUES (3555, 256, "Dlingo", "JOG20102", "27600");
INSERT INTO `oc_city` (city_id, zone_id, name, code, jnereg) VALUES (3556, 256, "Imogiri", "JOG20103", "27600");
INSERT INTO `oc_city` (city_id, zone_id, name, code, jnereg) VALUES (3557, 256, "Jetis", "JOG20104", "27600");
INSERT INTO `oc_city` (city_id, zone_id, name, code, jnereg) VALUES (3558, 256, "Kasihan", "JOG20115", "27600");
INSERT INTO `oc_city` (city_id, zone_id, name, code, jnereg) VALUES (3559, 256, "Kretek", "JOG20105", "27600");
INSERT INTO `oc_city` (city_id, zone_id, name, code, jnereg) VALUES (3560, 256, "Pajangan", "JOG20106", "27600");
INSERT INTO `oc_city` (city_id, zone_id, name, code, jnereg) VALUES (3561, 256, "Pandak", "JOG20107", "27600");
INSERT INTO `oc_city` (city_id, zone_id, name, code, jnereg) VALUES (3562, 256, "Piyungan", "JOG20108", "27600");
INSERT INTO `oc_city` (city_id, zone_id, name, code, jnereg) VALUES (3563, 256, "Pleret", "JOG20109", "27600");
INSERT INTO `oc_city` (city_id, zone_id, name, code, jnereg) VALUES (3564, 256, "Pundong", "JOG20110", "27600");
INSERT INTO `oc_city` (city_id, zone_id, name, code, jnereg) VALUES (3565, 256, "Sanden", "JOG20111", "27600");
INSERT INTO `oc_city` (city_id, zone_id, name, code, jnereg) VALUES (3566, 256, "Sedayu", "JOG20112", "27600");
INSERT INTO `oc_city` (city_id, zone_id, name, code, jnereg) VALUES (3567, 256, "Sewon", "JOG20116", "27600");
INSERT INTO `oc_city` (city_id, zone_id, name, code, jnereg) VALUES (3568, 256, "Srandakan", "JOG20113", "27600");
INSERT INTO `oc_zone` (zone_id, country_id, name, status) VALUES (257, 16, "Kab. Gunung Kidul", 1);
INSERT INTO `oc_city` (city_id, zone_id, name, code, jnereg) VALUES (3569, 257, "Gedangsari", "JOG20513", "27600");
INSERT INTO `oc_city` (city_id, zone_id, name, code, jnereg) VALUES (3570, 257, "Girisubo", "JOG20514", "27600");
INSERT INTO `oc_city` (city_id, zone_id, name, code, jnereg) VALUES (3571, 257, "Karangmojo", "JOG20501", "27600");
INSERT INTO `oc_city` (city_id, zone_id, name, code, jnereg) VALUES (3572, 257, "Ngawen", "JOG20502", "27600");
INSERT INTO `oc_city` (city_id, zone_id, name, code, jnereg) VALUES (3573, 257, "Nglipar", "JOG20503", "27600");
INSERT INTO `oc_city` (city_id, zone_id, name, code, jnereg) VALUES (3574, 257, "Paliyan", "JOG20504", "27600");
INSERT INTO `oc_city` (city_id, zone_id, name, code, jnereg) VALUES (3575, 257, "Panggang", "JOG20505", "27600");
INSERT INTO `oc_city` (city_id, zone_id, name, code, jnereg) VALUES (3576, 257, "Patuk", "JOG20506", "27600");
INSERT INTO `oc_city` (city_id, zone_id, name, code, jnereg) VALUES (3577, 257, "Playen", "JOG20507", "27600");
INSERT INTO `oc_city` (city_id, zone_id, name, code, jnereg) VALUES (3578, 257, "Ponjong", "JOG20508", "27600");
INSERT INTO `oc_city` (city_id, zone_id, name, code, jnereg) VALUES (3579, 257, "Purwosari", "JOG20515", "27600");
INSERT INTO `oc_city` (city_id, zone_id, name, code, jnereg) VALUES (3580, 257, "Rongkop", "JOG20509", "27600");
INSERT INTO `oc_city` (city_id, zone_id, name, code, jnereg) VALUES (3581, 257, "Saptosari", "JOG20516", "27600");
INSERT INTO `oc_city` (city_id, zone_id, name, code, jnereg) VALUES (3582, 257, "Semanu", "JOG20511", "27600");
INSERT INTO `oc_city` (city_id, zone_id, name, code, jnereg) VALUES (3583, 257, "Semin", "JOG20510", "27600");
INSERT INTO `oc_city` (city_id, zone_id, name, code, jnereg) VALUES (3584, 257, "Tanjungsari", "JOG20517", "27600");
INSERT INTO `oc_city` (city_id, zone_id, name, code, jnereg) VALUES (3585, 257, "Tepus", "JOG20512", "27600");
INSERT INTO `oc_city` (city_id, zone_id, name, code, jnereg, kgp) VALUES (3586, 257, "Wonosari", "JOG20500", "21600", "22000");
INSERT INTO `oc_zone` (zone_id, country_id, name, status) VALUES (258, 16, "Kab. Kulon Progo", 1);
INSERT INTO `oc_city` (city_id, zone_id, name, code, jnereg) VALUES (3587, 258, "Galur", "JOG20401", "27600");
INSERT INTO `oc_city` (city_id, zone_id, name, code, jnereg) VALUES (3588, 258, "Girimulyo", "JOG20402", "27600");
INSERT INTO `oc_city` (city_id, zone_id, name, code, jnereg) VALUES (3589, 258, "Kalibawang", "JOG20403", "27600");
INSERT INTO `oc_city` (city_id, zone_id, name, code, jnereg) VALUES (3590, 258, "Kokap", "JOG20404", "27600");
INSERT INTO `oc_city` (city_id, zone_id, name, code, jnereg) VALUES (3591, 258, "Lendah", "JOG20405", "27600");
INSERT INTO `oc_city` (city_id, zone_id, name, code, jnereg) VALUES (3592, 258, "Nanggulan", "JOG20406", "27600");
INSERT INTO `oc_city` (city_id, zone_id, name, code, jnereg) VALUES (3593, 258, "Panjatan", "JOG20407", "27600");
INSERT INTO `oc_city` (city_id, zone_id, name, code, jnereg) VALUES (3594, 258, "Pengasih", "JOG20408", "27600");
INSERT INTO `oc_city` (city_id, zone_id, name, code, jnereg) VALUES (3595, 258, "Samigaluh", "JOG20409", "27600");
INSERT INTO `oc_city` (city_id, zone_id, name, code, jnereg) VALUES (3596, 258, "Sentolo", "JOG20410", "27600");
INSERT INTO `oc_city` (city_id, zone_id, name, code, jnereg) VALUES (3597, 258, "Temon", "JOG20411", "27600");
INSERT INTO `oc_city` (city_id, zone_id, name, code, jnereg) VALUES (3598, 258, "Wates", "JOG20400", "21600");
INSERT INTO `oc_zone` (zone_id, country_id, name, status) VALUES (259, 16, "Kab. Sleman", 1);
INSERT INTO `oc_city` (city_id, zone_id, name, code, jnereg) VALUES (3599, 259, "Berbah", "JOG20301", "27600");
INSERT INTO `oc_city` (city_id, zone_id, name, code, jnereg) VALUES (3600, 259, "Cangkringan", "JOG20302", "27600");
INSERT INTO `oc_city` (city_id, zone_id, name, code, jnereg) VALUES (3601, 259, "Depok", "JOG20314", "27600");
INSERT INTO `oc_city` (city_id, zone_id, name, code, jnereg) VALUES (3602, 259, "Gamping", "JOG20315", "27600");
INSERT INTO `oc_city` (city_id, zone_id, name, code, jnereg) VALUES (3603, 259, "Godean", "JOG20303", "27600");
INSERT INTO `oc_city` (city_id, zone_id, name, code, jnereg) VALUES (3604, 259, "Kalasan", "JOG20304", "27600");
INSERT INTO `oc_city` (city_id, zone_id, name, code, jnereg) VALUES (3605, 259, "Minggir", "JOG20305", "27600");
INSERT INTO `oc_city` (city_id, zone_id, name, code, jnereg) VALUES (3606, 259, "Mlati", "JOG20316", "27600");
INSERT INTO `oc_city` (city_id, zone_id, name, code, jnereg) VALUES (3607, 259, "Moyudan", "JOG20306", "27600");
INSERT INTO `oc_city` (city_id, zone_id, name, code, jnereg) VALUES (3608, 259, "Ngaglik", "JOG20307", "27600");
INSERT INTO `oc_city` (city_id, zone_id, name, code, jnereg) VALUES (3609, 259, "Ngemplak", "JOG20308", "27600");
INSERT INTO `oc_city` (city_id, zone_id, name, code, jnereg) VALUES (3610, 259, "Pakem", "JOG20309", "27600");
INSERT INTO `oc_city` (city_id, zone_id, name, code, jnereg, kgp) VALUES (3611, 259, "Prambanan", "JOG20310", "18000", "18000");
INSERT INTO `oc_city` (city_id, zone_id, name, code, jnereg) VALUES (3612, 259, "Seyegan", "JOG20311", "27600");
INSERT INTO `oc_city` (city_id, zone_id, name, code, jnereg, kgp) VALUES (3613, 259, "Sleman", "JOG20300", "18000", "17000");
INSERT INTO `oc_city` (city_id, zone_id, name, code, jnereg) VALUES (3614, 259, "Tempel", "JOG20312", "27600");
INSERT INTO `oc_city` (city_id, zone_id, name, code, jnereg) VALUES (3615, 259, "Turi", "JOG20313", "27600");
INSERT INTO `oc_zone` (zone_id, country_id, name, status) VALUES (260, 16, "Kota Yogyakarta", 1);
INSERT INTO `oc_city` (city_id, zone_id, name, code, jnereg) VALUES (3616, 260, "Danurejan", "JOG10003", "18000");
INSERT INTO `oc_city` (city_id, zone_id, name, code, jnereg) VALUES (3617, 260, "Gedongtengen", "JOG10004", "18000");
INSERT INTO `oc_city` (city_id, zone_id, name, code, jnereg) VALUES (3618, 260, "Gondokusuman", "JOG10005", "18000");
INSERT INTO `oc_city` (city_id, zone_id, name, code, jnereg) VALUES (3619, 260, "Gondomanan", "JOG10006", "18000");
INSERT INTO `oc_city` (city_id, zone_id, name, code, jnereg) VALUES (3620, 260, "Jetis", "JOG10002", "18000");
INSERT INTO `oc_city` (city_id, zone_id, name, code, jnereg) VALUES (3621, 260, "Kotagede", "JOG10007", "18000");
INSERT INTO `oc_city` (city_id, zone_id, name, code, jnereg) VALUES (3622, 260, "Kraton", "JOG10008", "18000");
INSERT INTO `oc_city` (city_id, zone_id, name, code, jnereg) VALUES (3623, 260, "Mantrijeron", "JOG10009", "18000");
INSERT INTO `oc_city` (city_id, zone_id, name, code, jnereg) VALUES (3624, 260, "Mergangsan", "JOG10010", "18000");
INSERT INTO `oc_city` (city_id, zone_id, name, code, jnereg) VALUES (3625, 260, "Ngampilan", "JOG10011", "18000");
INSERT INTO `oc_city` (city_id, zone_id, name, code, jnereg) VALUES (3626, 260, "Pakualaman", "JOG10012", "18000");
INSERT INTO `oc_city` (city_id, zone_id, name, code, jnereg) VALUES (3627, 260, "Tegalrejo", "JOG10001", "18000");
INSERT INTO `oc_city` (city_id, zone_id, name, code, jnereg) VALUES (3628, 260, "Umbulharjo", "JOG10013", "18000");
INSERT INTO `oc_city` (city_id, zone_id, name, code, jnereg) VALUES (3629, 260, "Wirobrajan", "JOG10014", "18000");
INSERT INTO `oc_city` (city_id, zone_id, name, code, jnereg, kgp) VALUES (3630, 260, "Yogyakarta", "JOG10000", "18000", "15000");
INSERT INTO `oc_country` (country_id, name, iso_code_2, iso_code_3, postcode_required, status) VALUES (17, "Bali", "ID", "IDN", 1, 1);
INSERT INTO `oc_zone` (zone_id, country_id, name, status) VALUES (261, 17, "Kab. Badung", 1);
INSERT INTO `oc_city` (city_id, zone_id, name, code, jnereg) VALUES (3631, 261, "Abiansemal", "DPS21101", "27600");
INSERT INTO `oc_city` (city_id, zone_id, name, code, jnereg, kgp) VALUES (3632, 261, "Jimbaran", "DPS21106", "19200", "17000");
INSERT INTO `oc_city` (city_id, zone_id, name, code, jnereg, kgp) VALUES (3633, 261, "Kuta", "DPS21102", "19200", "17000");
INSERT INTO `oc_city` (city_id, zone_id, name, code, jnereg) VALUES (3634, 261, "Legian", "DPS21103", "19200");
INSERT INTO `oc_city` (city_id, zone_id, name, code, jnereg) VALUES (3635, 261, "Menguwi", "DPS21100", "21600");
INSERT INTO `oc_city` (city_id, zone_id, name, code, jnereg) VALUES (3636, 261, "Ngurah Rai", "DPS21104", "19200");
INSERT INTO `oc_city` (city_id, zone_id, name, code, jnereg, kgp) VALUES (3637, 261, "Nusa Dua", "DPS21107", "19200", "17000");
INSERT INTO `oc_city` (city_id, zone_id, name, code, jnereg) VALUES (3638, 261, "Petang", "DPS21108", "27600");
INSERT INTO `oc_city` (city_id, zone_id, name, code, jnereg, kgp) VALUES (3639, 261, "Sanur", "DPS21105", "19200", "17000");
INSERT INTO `oc_zone` (zone_id, country_id, name, status) VALUES (262, 17, "Kab. Bangli", 1);
INSERT INTO `oc_city` (city_id, zone_id, name, code, jnereg, kgp) VALUES (3640, 262, "Bangli", "DPS20200", "21600", "18000");
INSERT INTO `oc_city` (city_id, zone_id, name, code, jnereg) VALUES (3641, 262, "Kintamani", "DPS20201", "27600");
INSERT INTO `oc_city` (city_id, zone_id, name, code, jnereg) VALUES (3642, 262, "Susut", "DPS20202", "27600");
INSERT INTO `oc_city` (city_id, zone_id, name, code, jnereg) VALUES (3643, 262, "Tembuku", "DPS20203", "27600");
INSERT INTO `oc_zone` (zone_id, country_id, name, status) VALUES (263, 17, "Kab. Buleleng", 1);
INSERT INTO `oc_city` (city_id, zone_id, name, code, jnereg) VALUES (3644, 263, "Banjar", "DPS20601", "27600");
INSERT INTO `oc_city` (city_id, zone_id, name, code, jnereg) VALUES (3645, 263, "Buleleng", "DPS20609", "27600");
INSERT INTO `oc_city` (city_id, zone_id, name, code, jnereg) VALUES (3646, 263, "Busung Biu", "DPS20602", "27600");
INSERT INTO `oc_city` (city_id, zone_id, name, code, jnereg) VALUES (3647, 263, "Gerokgak", "DPS20603", "27600");
INSERT INTO `oc_city` (city_id, zone_id, name, code, jnereg) VALUES (3648, 263, "Kubutambahan", "DPS20604", "27600");
INSERT INTO `oc_city` (city_id, zone_id, name, code, jnereg) VALUES (3649, 263, "Sawan", "DPS20605", "27600");
INSERT INTO `oc_city` (city_id, zone_id, name, code, jnereg) VALUES (3650, 263, "Seririt", "DPS20606", "27600");
INSERT INTO `oc_city` (city_id, zone_id, name, code, jnereg, kgp) VALUES (3651, 263, "Singaraja", "DPS20600", "21600", "21000");
INSERT INTO `oc_city` (city_id, zone_id, name, code, jnereg) VALUES (3652, 263, "Sukasada", "DPS20607", "27600");
INSERT INTO `oc_city` (city_id, zone_id, name, code, jnereg) VALUES (3653, 263, "Tejakula", "DPS20608", "27600");
INSERT INTO `oc_zone` (zone_id, country_id, name, status) VALUES (264, 17, "Kab. Gianyar", 1);
INSERT INTO `oc_city` (city_id, zone_id, name, code, jnereg) VALUES (3654, 264, "Blahbatuh", "DPS20301", "27600");
INSERT INTO `oc_city` (city_id, zone_id, name, code, jnereg, kgp) VALUES (3655, 264, "Gianyar", "DPS20300", "21600", "17000");
INSERT INTO `oc_city` (city_id, zone_id, name, code, jnereg) VALUES (3656, 264, "Payangan", "DPS20302", "27600");
INSERT INTO `oc_city` (city_id, zone_id, name, code, jnereg) VALUES (3657, 264, "Sukawati", "DPS20303", "27600");
INSERT INTO `oc_city` (city_id, zone_id, name, code, jnereg) VALUES (3658, 264, "Tampaksiring", "DPS20304", "27600");
INSERT INTO `oc_city` (city_id, zone_id, name, code, jnereg) VALUES (3659, 264, "Tegal Lalang", "DPS20305", "27600");
INSERT INTO `oc_city` (city_id, zone_id, name, code, jnereg, kgp) VALUES (3660, 264, "Ubud", "DPS20306", "27600", "17000");
INSERT INTO `oc_zone` (zone_id, country_id, name, status) VALUES (265, 17, "Kab. Jembrana", 1);
INSERT INTO `oc_city` (city_id, zone_id, name, code, jnereg) VALUES (3661, 265, "Melaya", "DPS20401", "27600");
INSERT INTO `oc_city` (city_id, zone_id, name, code, jnereg) VALUES (3662, 265, "Mendoyo", "DPS20402", "27600");
INSERT INTO `oc_city` (city_id, zone_id, name, code, jnereg, kgp) VALUES (3663, 265, "Negara", "DPS20400", "21600", "21000");
INSERT INTO `oc_city` (city_id, zone_id, name, code, jnereg) VALUES (3664, 265, "Pekutatan", "DPS20403", "27600");
INSERT INTO `oc_zone` (zone_id, country_id, name, status) VALUES (266, 17, "Kab. Karangasem", 1);
INSERT INTO `oc_city` (city_id, zone_id, name, code, jnereg) VALUES (3665, 266, "Abang", "DPS20101", "27600");
INSERT INTO `oc_city` (city_id, zone_id, name, code, jnereg) VALUES (3666, 266, "Amlapura", "DPS20100", "21600");
INSERT INTO `oc_city` (city_id, zone_id, name, code, jnereg) VALUES (3667, 266, "Bebandem", "DPS20102", "27600");
INSERT INTO `oc_city` (city_id, zone_id, name, code, jnereg) VALUES (3668, 266, "Karangasem", "DPS20108", "21600");
INSERT INTO `oc_city` (city_id, zone_id, name, code, jnereg) VALUES (3669, 266, "Kubu", "DPS20103", "27600");
INSERT INTO `oc_city` (city_id, zone_id, name, code, jnereg) VALUES (3670, 266, "Manggis", "DPS20104", "27600");
INSERT INTO `oc_city` (city_id, zone_id, name, code, jnereg) VALUES (3671, 266, "Rendang", "DPS20105", "27600");
INSERT INTO `oc_city` (city_id, zone_id, name, code, jnereg) VALUES (3672, 266, "Selat", "DPS20106", "27600");
INSERT INTO `oc_city` (city_id, zone_id, name, code, jnereg) VALUES (3673, 266, "Sidemen", "DPS20107", "27600");
INSERT INTO `oc_zone` (zone_id, country_id, name, status) VALUES (267, 17, "Kab. Klungkung", 1);
INSERT INTO `oc_city` (city_id, zone_id, name, code, jnereg) VALUES (3674, 267, "Banjarangkan", "DPS20504", "27600");
INSERT INTO `oc_city` (city_id, zone_id, name, code, jnereg) VALUES (3675, 267, "Dawan", "DPS20501", "27600");
INSERT INTO `oc_city` (city_id, zone_id, name, code, jnereg, kgp) VALUES (3676, 267, "Klungkung", "DPS20502", "21600", "17000");
INSERT INTO `oc_city` (city_id, zone_id, name, code, jnereg) VALUES (3677, 267, "Nusapenida", "DPS20503", "27600");
INSERT INTO `oc_city` (city_id, zone_id, name, code, jnereg, kgp) VALUES (3678, 267, "Semarapura", "DPS20500", "21600", "21000");
INSERT INTO `oc_zone` (zone_id, country_id, name, status) VALUES (268, 17, "Kab. Tabanan", 1);
INSERT INTO `oc_city` (city_id, zone_id, name, code, jnereg) VALUES (3679, 268, "Baturiti", "DPS20701", "27600");
INSERT INTO `oc_city` (city_id, zone_id, name, code, jnereg) VALUES (3680, 268, "Kediri", "DPS20702", "27600");
INSERT INTO `oc_city` (city_id, zone_id, name, code, jnereg) VALUES (3681, 268, "Kerambitan", "DPS20703", "27600");
INSERT INTO `oc_city` (city_id, zone_id, name, code, jnereg) VALUES (3682, 268, "Marga", "DPS20704", "27600");
INSERT INTO `oc_city` (city_id, zone_id, name, code, jnereg) VALUES (3683, 268, "Penebel", "DPS20706", "27600");
INSERT INTO `oc_city` (city_id, zone_id, name, code, jnereg) VALUES (3684, 268, "Pupuan", "DPS20705", "27600");
INSERT INTO `oc_city` (city_id, zone_id, name, code, jnereg) VALUES (3685, 268, "Selemadeg", "DPS20707", "27600");
INSERT INTO `oc_city` (city_id, zone_id, name, code, jnereg) VALUES (3686, 268, "Selemadeg Barat", "DPS20709", "27600");
INSERT INTO `oc_city` (city_id, zone_id, name, code, jnereg) VALUES (3687, 268, "Selemadeg Timur", "DPS20710", "27600");
INSERT INTO `oc_city` (city_id, zone_id, name, code, jnereg, kgp) VALUES (3688, 268, "Tabanan", "DPS20700", "21600", "17000");
INSERT INTO `oc_zone` (zone_id, country_id, name, status) VALUES (269, 17, "Kota Denpasar", 1);
INSERT INTO `oc_city` (city_id, zone_id, name, code, jnereg, kgp) VALUES (3689, 269, "Denpasar", "DPS10000", "19200", "15000");
INSERT INTO `oc_city` (city_id, zone_id, name, code, jnereg) VALUES (3690, 269, "Denpasar Barat", "DPS10009", "19200");
INSERT INTO `oc_city` (city_id, zone_id, name, code, jnereg) VALUES (3691, 269, "Denpasar Selatan", "DPS10010", "19200");
INSERT INTO `oc_city` (city_id, zone_id, name, code, jnereg) VALUES (3692, 269, "Denpasar Timur", "DPS10011", "19200");
INSERT INTO `oc_country` (country_id, name, iso_code_2, iso_code_3, postcode_required, status) VALUES (18, "Ntb", "ID", "IDN", 1, 1);
INSERT INTO `oc_zone` (zone_id, country_id, name, status) VALUES (270, 18, "Kab. Bima", 1);
INSERT INTO `oc_city` (city_id, zone_id, name, code, jnereg) VALUES (3693, 270, "Ambalawi", "AMI21101", "63600");
INSERT INTO `oc_city` (city_id, zone_id, name, code, jnereg) VALUES (3694, 270, "Belo", "AMI21102", "42000");
INSERT INTO `oc_city` (city_id, zone_id, name, code, jnereg, kgp) VALUES (3695, 270, "Bolo", "AMI21103", "42000", "41000");
INSERT INTO `oc_city` (city_id, zone_id, name, code, jnereg) VALUES (3696, 270, "Donggo", "AMI21104", "42000");
INSERT INTO `oc_city` (city_id, zone_id, name, code, jnereg) VALUES (3697, 270, "Lambu", "AMI21105", "42000");
INSERT INTO `oc_city` (city_id, zone_id, name, code, jnereg) VALUES (3698, 270, "Langgudu", "AMI21106", "63600");
INSERT INTO `oc_city` (city_id, zone_id, name, code, jnereg) VALUES (3699, 270, "Mada Pangga", "AMI21107", "42000");
INSERT INTO `oc_city` (city_id, zone_id, name, code, jnereg) VALUES (3700, 270, "Monta", "AMI21108", "42000");
INSERT INTO `oc_city` (city_id, zone_id, name, code, jnereg) VALUES (3701, 270, "Sanggar", "AMI21109", "63600");
INSERT INTO `oc_city` (city_id, zone_id, name, code, jnereg, kgp) VALUES (3702, 270, "Sape", "AMI21110", "42000", "41000");
INSERT INTO `oc_city` (city_id, zone_id, name, code, jnereg) VALUES (3703, 270, "Tambora", "AMI21111", "63600");
INSERT INTO `oc_city` (city_id, zone_id, name, code, jnereg) VALUES (3704, 270, "Wawo", "AMI21112", "42000");
INSERT INTO `oc_city` (city_id, zone_id, name, code, jnereg, kgp) VALUES (3705, 270, "Wera", "AMI21113", "42000", "41000");
INSERT INTO `oc_city` (city_id, zone_id, name, code, jnereg, kgp) VALUES (3706, 270, "Woha", "AMI21100", "33600", "41000");
INSERT INTO `oc_zone` (zone_id, country_id, name, status) VALUES (271, 18, "Kab. Dompu", 1);
INSERT INTO `oc_city` (city_id, zone_id, name, code, jnereg, kgp) VALUES (3707, 271, "Dompu", "AMI20200", "33600", "33000");
INSERT INTO `oc_city` (city_id, zone_id, name, code, jnereg, kgp) VALUES (3708, 271, "Hu'u", "AMI20201", "63600", "43000");
INSERT INTO `oc_city` (city_id, zone_id, name, code, jnereg, kgp) VALUES (3709, 271, "Kempo", "AMI20202", "63600", "43000");
INSERT INTO `oc_city` (city_id, zone_id, name, code, jnereg, kgp) VALUES (3710, 271, "Kilo", "AMI20203", "63600", "43000");
INSERT INTO `oc_city` (city_id, zone_id, name, code, jnereg, kgp) VALUES (3711, 271, "Manggelewa", "AMI20207", "42000", "43000");
INSERT INTO `oc_city` (city_id, zone_id, name, code, jnereg, kgp) VALUES (3712, 271, "Pajo", "AMI20204", "63600", "43000");
INSERT INTO `oc_city` (city_id, zone_id, name, code, jnereg, kgp) VALUES (3713, 271, "Pekat", "AMI20205", "63600", "43000");
INSERT INTO `oc_city` (city_id, zone_id, name, code, jnereg, kgp) VALUES (3714, 271, "Woja", "AMI20206", "42000", "41000");
INSERT INTO `oc_zone` (zone_id, country_id, name, status) VALUES (272, 18, "Kab. Lombok Barat", 1);
INSERT INTO `oc_city` (city_id, zone_id, name, code, jnereg) VALUES (3715, 272, "Batu Layar", "AMI20808", "42000");
INSERT INTO `oc_city` (city_id, zone_id, name, code, jnereg) VALUES (3716, 272, "Bayan", "AMI20801", "63600");
INSERT INTO `oc_city` (city_id, zone_id, name, code, jnereg) VALUES (3717, 272, "Gangga", "AMI20802", "63600");
INSERT INTO `oc_city` (city_id, zone_id, name, code, jnereg) VALUES (3718, 272, "Gerung", "AMI20800", "33600");
INSERT INTO `oc_city` (city_id, zone_id, name, code, jnereg) VALUES (3719, 272, "Gunung Sari", "AMI20809", "42000");
INSERT INTO `oc_city` (city_id, zone_id, name, code, jnereg) VALUES (3720, 272, "Kayangan", "AMI20810", "63600");
INSERT INTO `oc_city` (city_id, zone_id, name, code, jnereg) VALUES (3721, 272, "Kediri", "AMI20803", "42000");
INSERT INTO `oc_city` (city_id, zone_id, name, code, jnereg) VALUES (3722, 272, "Kuripan", "AMI20811", "42000");
INSERT INTO `oc_city` (city_id, zone_id, name, code, jnereg) VALUES (3723, 272, "Labu Api", "AMI20804", "42000");
INSERT INTO `oc_city` (city_id, zone_id, name, code, jnereg, kgp) VALUES (3724, 272, "Lembar", "AMI20812", "42000", "22000");
INSERT INTO `oc_city` (city_id, zone_id, name, code, jnereg) VALUES (3725, 272, "Lingsar", "AMI20813", "42000");
INSERT INTO `oc_city` (city_id, zone_id, name, code, jnereg) VALUES (3726, 272, "Narmada", "AMI20805", "42000");
INSERT INTO `oc_city` (city_id, zone_id, name, code, jnereg) VALUES (3727, 272, "Pemenang", "AMI20814", "63600");
INSERT INTO `oc_city` (city_id, zone_id, name, code, jnereg) VALUES (3728, 272, "Sekotong Tengah", "AMI20806", "63600");
INSERT INTO `oc_city` (city_id, zone_id, name, code, jnereg) VALUES (3729, 272, "Tanjung", "AMI20807", "42000");
INSERT INTO `oc_zone` (zone_id, country_id, name, status) VALUES (273, 18, "Kab. Lombok Tengah", 1);
INSERT INTO `oc_city` (city_id, zone_id, name, code, jnereg, kgp) VALUES (3730, 273, "Batukliang", "AMI20301", "42000", "40000");
INSERT INTO `oc_city` (city_id, zone_id, name, code, jnereg, kgp) VALUES (3731, 273, "Batukliang Utara", "AMI20310", "42000", "40000");
INSERT INTO `oc_city` (city_id, zone_id, name, code, jnereg, kgp) VALUES (3732, 273, "Janapria", "AMI20302", "42000", "40000");
INSERT INTO `oc_city` (city_id, zone_id, name, code, jnereg, kgp) VALUES (3733, 273, "Jonggat", "AMI20303", "42000", "40000");
INSERT INTO `oc_city` (city_id, zone_id, name, code, jnereg, kgp) VALUES (3734, 273, "Kopang", "AMI20304", "42000", "40000");
INSERT INTO `oc_city` (city_id, zone_id, name, code, jnereg, kgp) VALUES (3735, 273, "Praya", "AMI20300", "33600", "33000");
INSERT INTO `oc_city` (city_id, zone_id, name, code, jnereg, kgp) VALUES (3736, 273, "Praya Barat", "AMI20305", "33600", "40000");
INSERT INTO `oc_city` (city_id, zone_id, name, code, jnereg, kgp) VALUES (3737, 273, "Praya Barat Daya", "AMI20311", "33600", "40000");
INSERT INTO `oc_city` (city_id, zone_id, name, code, jnereg, kgp) VALUES (3738, 273, "Praya Tengah", "AMI20312", "33600", "40000");
INSERT INTO `oc_city` (city_id, zone_id, name, code, jnereg, kgp) VALUES (3739, 273, "Praya Timur", "AMI20306", "33600", "40000");
INSERT INTO `oc_city` (city_id, zone_id, name, code, jnereg, kgp) VALUES (3740, 273, "Pringgarata", "AMI20307", "42000", "40000");
INSERT INTO `oc_city` (city_id, zone_id, name, code, jnereg, kgp) VALUES (3741, 273, "Pujut", "AMI20308", "42000", "40000");
INSERT INTO `oc_zone` (zone_id, country_id, name, status) VALUES (274, 18, "Kab. Lombok Timur", 1);
INSERT INTO `oc_city` (city_id, zone_id, name, code, jnereg, kgp) VALUES (3742, 274, "Aikmel", "AMI20401", "42000", "21000");
INSERT INTO `oc_city` (city_id, zone_id, name, code, jnereg, kgp) VALUES (3743, 274, "Jerowaru", "AMI20411", "42000", "24000");
INSERT INTO `oc_city` (city_id, zone_id, name, code, jnereg, kgp) VALUES (3744, 274, "Keruak", "AMI20402", "42000", "22000");
INSERT INTO `oc_city` (city_id, zone_id, name, code, jnereg, kgp) VALUES (3745, 274, "Labuhan Haji", "AMI20421", "42000", "20500");
INSERT INTO `oc_city` (city_id, zone_id, name, code, jnereg, kgp) VALUES (3746, 274, "Mas Bagik", "AMI20403", "42000", "20500");
INSERT INTO `oc_city` (city_id, zone_id, name, code, jnereg) VALUES (3747, 274, "Montong Gading", "AMI20413", "42000");
INSERT INTO `oc_city` (city_id, zone_id, name, code, jnereg, kgp) VALUES (3748, 274, "Pringgabaya", "AMI20404", "63600", "21500");
INSERT INTO `oc_city` (city_id, zone_id, name, code, jnereg) VALUES (3749, 274, "Pringgasela", "AMI20414", "42000");
INSERT INTO `oc_city` (city_id, zone_id, name, code, jnereg, kgp) VALUES (3750, 274, "Sakra", "AMI20405", "42000", "21000");
INSERT INTO `oc_city` (city_id, zone_id, name, code, jnereg) VALUES (3751, 274, "Sakra Barat", "AMI20415", "42000");
INSERT INTO `oc_city` (city_id, zone_id, name, code, jnereg) VALUES (3752, 274, "Sakra Timur", "AMI20416", "42000");
INSERT INTO `oc_city` (city_id, zone_id, name, code, jnereg, kgp) VALUES (3753, 274, "Sambelia", "AMI20406", "63600", "24000");
INSERT INTO `oc_city` (city_id, zone_id, name, code, jnereg, kgp) VALUES (3754, 274, "Selong", "AMI20400", "33600", "19000");
INSERT INTO `oc_city` (city_id, zone_id, name, code, jnereg, kgp) VALUES (3755, 274, "Sembalun", "AMI20417", "63600", "26500");
INSERT INTO `oc_city` (city_id, zone_id, name, code, jnereg, kgp) VALUES (3756, 274, "Sikur", "AMI20407", "42000", "20500");
INSERT INTO `oc_city` (city_id, zone_id, name, code, jnereg) VALUES (3757, 274, "Suela", "AMI20418", "42000");
INSERT INTO `oc_city` (city_id, zone_id, name, code, jnereg, kgp) VALUES (3758, 274, "Sukamulia", "AMI20408", "42000", "20500");
INSERT INTO `oc_city` (city_id, zone_id, name, code, jnereg, kgp) VALUES (3759, 274, "Suralaga", "AMI20419", "42000", "21000");
INSERT INTO `oc_city` (city_id, zone_id, name, code, jnereg, kgp) VALUES (3760, 274, "Terara", "AMI20409", "42000", "21000");
INSERT INTO `oc_city` (city_id, zone_id, name, code, jnereg) VALUES (3761, 274, "Wanasaba", "AMI20420", "42000");
INSERT INTO `oc_zone` (zone_id, country_id, name, status) VALUES (275, 18, "Kab. Sumbawa", 1);
INSERT INTO `oc_city` (city_id, zone_id, name, code, jnereg) VALUES (3762, 275, "Alas", "AMI20501", "42000");
INSERT INTO `oc_city` (city_id, zone_id, name, code, jnereg) VALUES (3763, 275, "Alas Barat", "AMI20514", "42000");
INSERT INTO `oc_city` (city_id, zone_id, name, code, jnereg) VALUES (3764, 275, "Batu Lanteh", "AMI20502", "63600");
INSERT INTO `oc_city` (city_id, zone_id, name, code, jnereg) VALUES (3765, 275, "Empang", "AMI20503", "42000");
INSERT INTO `oc_city` (city_id, zone_id, name, code, jnereg) VALUES (3766, 275, "Labangka", "AMI20515", "63600");
INSERT INTO `oc_city` (city_id, zone_id, name, code, jnereg) VALUES (3767, 275, "Labuhan Badas", "AMI20516", "42000");
INSERT INTO `oc_city` (city_id, zone_id, name, code, jnereg) VALUES (3768, 275, "Lape-Lopok", "AMI20505", "42000");
INSERT INTO `oc_city` (city_id, zone_id, name, code, jnereg) VALUES (3769, 275, "Lunyuk", "AMI20506", "63600");
INSERT INTO `oc_city` (city_id, zone_id, name, code, jnereg) VALUES (3770, 275, "Moyohilir", "AMI20507", "42000");
INSERT INTO `oc_city` (city_id, zone_id, name, code, jnereg) VALUES (3771, 275, "Moyohulu", "AMI20508", "42000");
INSERT INTO `oc_city` (city_id, zone_id, name, code, jnereg) VALUES (3772, 275, "Plampang", "AMI20509", "42000");
INSERT INTO `oc_city` (city_id, zone_id, name, code, jnereg) VALUES (3773, 275, "Ropang", "AMI20510", "63600");
INSERT INTO `oc_city` (city_id, zone_id, name, code, jnereg) VALUES (3774, 275, "Sumbawa", "AMI20517", "33600");
INSERT INTO `oc_city` (city_id, zone_id, name, code, jnereg, kgp) VALUES (3775, 275, "Sumbawa Besar", "AMI20500", "33600", "26500");
INSERT INTO `oc_city` (city_id, zone_id, name, code, jnereg) VALUES (3776, 275, "Utan-Rhee", "AMI20513", "42000");
INSERT INTO `oc_zone` (zone_id, country_id, name, status) VALUES (276, 18, "Kab. Sumbawa Barat", 1);
INSERT INTO `oc_city` (city_id, zone_id, name, code, jnereg) VALUES (3777, 276, "Brang Rea", "AMI20904", "42000");
INSERT INTO `oc_city` (city_id, zone_id, name, code, jnereg) VALUES (3778, 276, "Jereweh", "AMI20901", "42000");
INSERT INTO `oc_city` (city_id, zone_id, name, code, jnereg) VALUES (3779, 276, "Sekongkang", "AMI20903", "42000");
INSERT INTO `oc_city` (city_id, zone_id, name, code, jnereg) VALUES (3780, 276, "Seteluk", "AMI20902", "63600");
INSERT INTO `oc_city` (city_id, zone_id, name, code, jnereg, kgp) VALUES (3781, 276, "Taliwang", "AMI20900", "33600", "25000");
INSERT INTO `oc_zone` (zone_id, country_id, name, status) VALUES (277, 18, "Kota Bima", 1);
INSERT INTO `oc_city` (city_id, zone_id, name, code, jnereg, kgp) VALUES (3782, 277, "Asakota", "AMI20111", "33600", "41000");
INSERT INTO `oc_city` (city_id, zone_id, name, code, jnereg, kgp) VALUES (3783, 277, "Bima", "AMI20100", "33600", "33000");
INSERT INTO `oc_city` (city_id, zone_id, name, code, jnereg, kgp) VALUES (3784, 277, "Mpunda", "AMI20115", "33600", "41000");
INSERT INTO `oc_city` (city_id, zone_id, name, code, jnereg, kgp) VALUES (3785, 277, "Raba", "AMI20114", "33600", "41000");
INSERT INTO `oc_city` (city_id, zone_id, name, code, jnereg, kgp) VALUES (3786, 277, "Rasanae Barat", "AMI20112", "33600", "41000");
INSERT INTO `oc_city` (city_id, zone_id, name, code, jnereg, kgp) VALUES (3787, 277, "Rasanae Timur", "AMI20113", "33600", "41000");
INSERT INTO `oc_zone` (zone_id, country_id, name, status) VALUES (278, 18, "Kota Mataram", 1);
INSERT INTO `oc_city` (city_id, zone_id, name, code, jnereg, kgp) VALUES (3788, 278, "Ampenan", "AMI10011", "22800", "33000");
INSERT INTO `oc_city` (city_id, zone_id, name, code, jnereg, kgp) VALUES (3789, 278, "Cakranegara", "AMI10012", "22800", "33000");
INSERT INTO `oc_city` (city_id, zone_id, name, code, jnereg, kgp) VALUES (3790, 278, "Mataram", "AMI10000", "22800", "17000");
INSERT INTO `oc_country` (country_id, name, iso_code_2, iso_code_3, postcode_required, status) VALUES (19, "Ntt", "ID", "IDN", 1, 1);
INSERT INTO `oc_zone` (zone_id, country_id, name, status) VALUES (279, 19, "Kab. Alor", 1);
INSERT INTO `oc_city` (city_id, zone_id, name, code, jnereg) VALUES (3791, 279, "Alor Barat Daya", "KOE20204", "103200");
INSERT INTO `oc_city` (city_id, zone_id, name, code, jnereg) VALUES (3792, 279, "Alor Barat Laut", "KOE20205", "103200");
INSERT INTO `oc_city` (city_id, zone_id, name, code, jnereg) VALUES (3793, 279, "Alor Selatan", "KOE20203", "103200");
INSERT INTO `oc_city` (city_id, zone_id, name, code, jnereg) VALUES (3794, 279, "Alor Tengah Utara", "KOE20206", "103200");
INSERT INTO `oc_city` (city_id, zone_id, name, code, jnereg) VALUES (3795, 279, "Alor Timur", "KOE20201", "103200");
INSERT INTO `oc_city` (city_id, zone_id, name, code, jnereg) VALUES (3796, 279, "Alor Timur Laut", "KOE20207", "103200");
INSERT INTO `oc_city` (city_id, zone_id, name, code, jnereg) VALUES (3797, 279, "Kalabahi", "KOE20200", "54000");
INSERT INTO `oc_city` (city_id, zone_id, name, code, jnereg) VALUES (3798, 279, "Pantar", "KOE20202", "103200");
INSERT INTO `oc_city` (city_id, zone_id, name, code, jnereg) VALUES (3799, 279, "Pantar Barat", "KOE20208", "103200");
INSERT INTO `oc_city` (city_id, zone_id, name, code, jnereg) VALUES (3800, 279, "Teluk Mutiara", "KOE20209", "68400");
INSERT INTO `oc_zone` (zone_id, country_id, name, status) VALUES (280, 19, "Kab. Belu", 1);
INSERT INTO `oc_city` (city_id, zone_id, name, code, jnereg, kgp) VALUES (3801, 280, "Atambua", "KOE20100", "54000", "44000");
INSERT INTO `oc_city` (city_id, zone_id, name, code, jnereg) VALUES (3802, 280, "Kakuluk Mesak", "KOE20110", "103200");
INSERT INTO `oc_city` (city_id, zone_id, name, code, jnereg) VALUES (3803, 280, "Kobalima", "KOE20101", "103200");
INSERT INTO `oc_city` (city_id, zone_id, name, code, jnereg) VALUES (3804, 280, "Lamakmen", "KOE20102", "68400");
INSERT INTO `oc_city` (city_id, zone_id, name, code, jnereg) VALUES (3805, 280, "Malaka Barat", "KOE20106", "103200");
INSERT INTO `oc_city` (city_id, zone_id, name, code, jnereg) VALUES (3806, 280, "Malaka Tengah", "KOE20104", "68400");
INSERT INTO `oc_city` (city_id, zone_id, name, code, jnereg) VALUES (3807, 280, "Malaka Timur", "KOE20103", "103200");
INSERT INTO `oc_city` (city_id, zone_id, name, code, jnereg) VALUES (3808, 280, "Raihat", "KOE20111", "103200");
INSERT INTO `oc_city` (city_id, zone_id, name, code, jnereg) VALUES (3809, 280, "Rinhat", "KOE20112", "103200");
INSERT INTO `oc_city` (city_id, zone_id, name, code, jnereg) VALUES (3810, 280, "Sasita Mean", "KOE20113", "103200");
INSERT INTO `oc_city` (city_id, zone_id, name, code, jnereg) VALUES (3811, 280, "Tasefeto Barat", "KOE20108", "68400");
INSERT INTO `oc_city` (city_id, zone_id, name, code, jnereg) VALUES (3812, 280, "Tasifeto Timur", "KOE20109", "103200");
INSERT INTO `oc_zone` (zone_id, country_id, name, status) VALUES (281, 19, "Kab. Ende", 1);
INSERT INTO `oc_city` (city_id, zone_id, name, code, jnereg) VALUES (3813, 281, "Detukeli", "KOE20806", "68400");
INSERT INTO `oc_city` (city_id, zone_id, name, code, jnereg) VALUES (3814, 281, "Detusoko", "KOE20801", "68400");
INSERT INTO `oc_city` (city_id, zone_id, name, code, jnereg, kgp) VALUES (3815, 281, "Ende", "KOE20800", "54000", "44000");
INSERT INTO `oc_city` (city_id, zone_id, name, code, jnereg) VALUES (3816, 281, "Ende Selatan", "KOE20807", "54000");
INSERT INTO `oc_city` (city_id, zone_id, name, code, jnereg) VALUES (3817, 281, "Ende Tengah", "KOE20808", "54000");
INSERT INTO `oc_city` (city_id, zone_id, name, code, jnereg) VALUES (3818, 281, "Ende Timur", "KOE20809", "54000");
INSERT INTO `oc_city` (city_id, zone_id, name, code, jnereg) VALUES (3819, 281, "Ende Utara", "KOE20810", "54000");
INSERT INTO `oc_city` (city_id, zone_id, name, code, jnereg) VALUES (3820, 281, "Kelimutu", "KOE20811", "68400");
INSERT INTO `oc_city` (city_id, zone_id, name, code, jnereg) VALUES (3821, 281, "Kotabaru", "KOE20812", "68400");
INSERT INTO `oc_city` (city_id, zone_id, name, code, jnereg) VALUES (3822, 281, "Lio Timur", "KOE20813", "68400");
INSERT INTO `oc_city` (city_id, zone_id, name, code, jnereg) VALUES (3823, 281, "Magekoba/Maurole", "KOE20820", "68400");
INSERT INTO `oc_city` (city_id, zone_id, name, code, jnereg) VALUES (3824, 281, "Maukaro", "KOE20814", "68400");
INSERT INTO `oc_city` (city_id, zone_id, name, code, jnereg) VALUES (3825, 281, "Nanga Panda", "KOE20803", "68400");
INSERT INTO `oc_city` (city_id, zone_id, name, code, jnereg) VALUES (3826, 281, "Ndona", "KOE20804", "68400");
INSERT INTO `oc_city` (city_id, zone_id, name, code, jnereg) VALUES (3827, 281, "Ndona Timur", "KOE20815", "68400");
INSERT INTO `oc_city` (city_id, zone_id, name, code, jnereg) VALUES (3828, 281, "Pulau Ende", "KOE20816", "103200");
INSERT INTO `oc_city` (city_id, zone_id, name, code, jnereg) VALUES (3829, 281, "Wewaria", "KOE20817", "103200");
INSERT INTO `oc_city` (city_id, zone_id, name, code, jnereg) VALUES (3830, 281, "Wolo Waru", "KOE20805", "68400");
INSERT INTO `oc_city` (city_id, zone_id, name, code, jnereg) VALUES (3831, 281, "Wolojita", "KOE20818", "103200");
INSERT INTO `oc_zone` (zone_id, country_id, name, status) VALUES (282, 19, "Kab. Flores Timur", 1);
INSERT INTO `oc_city` (city_id, zone_id, name, code, jnereg) VALUES (3832, 282, "Adonara Barat", "KOE20401", "103200");
INSERT INTO `oc_city` (city_id, zone_id, name, code, jnereg) VALUES (3833, 282, "Adonara Timur", "KOE20402", "103200");
INSERT INTO `oc_city` (city_id, zone_id, name, code, jnereg) VALUES (3834, 282, "Ile Boleng", "KOE20414", "68400");
INSERT INTO `oc_city` (city_id, zone_id, name, code, jnereg) VALUES (3835, 282, "Ile Mandiri", "KOE20415", "68400");
INSERT INTO `oc_city` (city_id, zone_id, name, code, jnereg) VALUES (3836, 282, "Kelubagolit", "KOE20416", "68400");
INSERT INTO `oc_city` (city_id, zone_id, name, code, jnereg, kgp) VALUES (3837, 282, "Larantuka", "KOE20400", "54000", "44000");
INSERT INTO `oc_city` (city_id, zone_id, name, code, jnereg) VALUES (3838, 282, "Solor Barat", "KOE20409", "103200");
INSERT INTO `oc_city` (city_id, zone_id, name, code, jnereg) VALUES (3839, 282, "Solor Timur", "KOE20410", "103200");
INSERT INTO `oc_city` (city_id, zone_id, name, code, jnereg) VALUES (3840, 282, "Tanjung Bunga", "KOE20411", "68400");
INSERT INTO `oc_city` (city_id, zone_id, name, code, jnereg) VALUES (3841, 282, "Titihena", "KOE20417", "68400");
INSERT INTO `oc_city` (city_id, zone_id, name, code, jnereg) VALUES (3842, 282, "Witihama", "KOE20418", "68400");
INSERT INTO `oc_city` (city_id, zone_id, name, code, jnereg) VALUES (3843, 282, "Wotan Ulu mado", "KOE20419", "68400");
INSERT INTO `oc_city` (city_id, zone_id, name, code, jnereg) VALUES (3844, 282, "Wulanggitan", "KOE20412", "68400");
INSERT INTO `oc_zone` (zone_id, country_id, name, status) VALUES (283, 19, "Kab. Kupang", 1);
INSERT INTO `oc_city` (city_id, zone_id, name, code, jnereg) VALUES (3845, 283, "Amabioefeto Timur", "KOE21901", "103200");
INSERT INTO `oc_city` (city_id, zone_id, name, code, jnereg) VALUES (3846, 283, "Amarasi", "KOE21905", "103200");
INSERT INTO `oc_city` (city_id, zone_id, name, code, jnereg) VALUES (3847, 283, "Amarasi Barat", "KOE21902", "103200");
INSERT INTO `oc_city` (city_id, zone_id, name, code, jnereg) VALUES (3848, 283, "Amarasi Selatan", "KOE21903", "103200");
INSERT INTO `oc_city` (city_id, zone_id, name, code, jnereg) VALUES (3849, 283, "Amarasi Timur", "KOE21904", "103200");
INSERT INTO `oc_city` (city_id, zone_id, name, code, jnereg) VALUES (3850, 283, "Amfoang Barat Daya", "KOE21906", "103200");
INSERT INTO `oc_city` (city_id, zone_id, name, code, jnereg) VALUES (3851, 283, "Amfoang Barat Laut", "KOE21907", "103200");
INSERT INTO `oc_city` (city_id, zone_id, name, code, jnereg) VALUES (3852, 283, "Amfoang Selatan", "KOE21908", "103200");
INSERT INTO `oc_city` (city_id, zone_id, name, code, jnereg) VALUES (3853, 283, "Amfoang Utara", "KOE21909", "103200");
INSERT INTO `oc_city` (city_id, zone_id, name, code, jnereg) VALUES (3854, 283, "Fatuleu", "KOE21910", "103200");
INSERT INTO `oc_city` (city_id, zone_id, name, code, jnereg) VALUES (3855, 283, "Fatuleu Barat", "KOE21911", "103200");
INSERT INTO `oc_city` (city_id, zone_id, name, code, jnereg) VALUES (3856, 283, "Fatuleu Tengah", "KOE21912", "103200");
INSERT INTO `oc_city` (city_id, zone_id, name, code, jnereg) VALUES (3857, 283, "Hawu Mehara", "KOE21913", "103200");
INSERT INTO `oc_city` (city_id, zone_id, name, code, jnereg) VALUES (3858, 283, "Kupang Barat", "KOE21914", "54000");
INSERT INTO `oc_city` (city_id, zone_id, name, code, jnereg) VALUES (3859, 283, "Kupang Tengah", "KOE21915", "54000");
INSERT INTO `oc_city` (city_id, zone_id, name, code, jnereg) VALUES (3860, 283, "Kupang Timur", "KOE21916", "54000");
INSERT INTO `oc_city` (city_id, zone_id, name, code, jnereg) VALUES (3861, 283, "Nekemese", "KOE21917", "103200");
INSERT INTO `oc_city` (city_id, zone_id, name, code, jnereg) VALUES (3862, 283, "Oelamasi", "KOE21900", "54000");
INSERT INTO `oc_city` (city_id, zone_id, name, code, jnereg) VALUES (3863, 283, "Raijua", "KOE21918", "103200");
INSERT INTO `oc_city` (city_id, zone_id, name, code, jnereg) VALUES (3864, 283, "Sabu Barat", "KOE21919", "103200");
INSERT INTO `oc_city` (city_id, zone_id, name, code, jnereg) VALUES (3865, 283, "Sabu Liae", "KOE21920", "103200");
INSERT INTO `oc_city` (city_id, zone_id, name, code, jnereg) VALUES (3866, 283, "Sabu Timur", "KOE21921", "103200");
INSERT INTO `oc_city` (city_id, zone_id, name, code, jnereg) VALUES (3867, 283, "Semau", "KOE21922", "103200");
INSERT INTO `oc_city` (city_id, zone_id, name, code, jnereg) VALUES (3868, 283, "Semau Selatan", "KOE21923", "103200");
INSERT INTO `oc_city` (city_id, zone_id, name, code, jnereg) VALUES (3869, 283, "Sulamu", "KOE21924", "103200");
INSERT INTO `oc_city` (city_id, zone_id, name, code, jnereg) VALUES (3870, 283, "Taebenu", "KOE21925", "103200");
INSERT INTO `oc_city` (city_id, zone_id, name, code, jnereg) VALUES (3871, 283, "Takari", "KOE21926", "103200");
INSERT INTO `oc_zone` (zone_id, country_id, name, status) VALUES (284, 19, "Kab. Lembata", 1);
INSERT INTO `oc_city` (city_id, zone_id, name, code, jnereg) VALUES (3872, 284, "Atadei", "KOE21806", "103200");
INSERT INTO `oc_city` (city_id, zone_id, name, code, jnereg) VALUES (3873, 284, "Buyasuri", "KOE21801", "103200");
INSERT INTO `oc_city` (city_id, zone_id, name, code, jnereg) VALUES (3874, 284, "Ile Ape", "KOE21804", "103200");
INSERT INTO `oc_city` (city_id, zone_id, name, code, jnereg) VALUES (3875, 284, "Lebatukan", "KOE21803", "103200");
INSERT INTO `oc_city` (city_id, zone_id, name, code, jnereg) VALUES (3876, 284, "Lembata", "KOE21800", "54000");
INSERT INTO `oc_city` (city_id, zone_id, name, code, jnereg) VALUES (3877, 284, "Nagawutung", "KOE21807", "103200");
INSERT INTO `oc_city` (city_id, zone_id, name, code, jnereg) VALUES (3878, 284, "Nubatukan", "KOE21805", "103200");
INSERT INTO `oc_city` (city_id, zone_id, name, code, jnereg) VALUES (3879, 284, "Omesuri", "KOE21802", "103200");
INSERT INTO `oc_city` (city_id, zone_id, name, code, jnereg) VALUES (3880, 284, "Wulandoni", "KOE21808", "103200");
INSERT INTO `oc_zone` (zone_id, country_id, name, status) VALUES (285, 19, "Kab. Manggarai", 1);
INSERT INTO `oc_city` (city_id, zone_id, name, code, jnereg) VALUES (3881, 285, "Cibal", "KOE20603", "103200");
INSERT INTO `oc_city` (city_id, zone_id, name, code, jnereg) VALUES (3882, 285, "Komba", "KOE20616", "103200");
INSERT INTO `oc_city` (city_id, zone_id, name, code, jnereg) VALUES (3883, 285, "Lambaleda", "KOE20611", "103200");
INSERT INTO `oc_city` (city_id, zone_id, name, code, jnereg) VALUES (3884, 285, "Mborong", "KOE20617", "103200");
INSERT INTO `oc_city` (city_id, zone_id, name, code, jnereg) VALUES (3885, 285, "Ponco Ranaka", "KOE20618", "103200");
INSERT INTO `oc_city` (city_id, zone_id, name, code, jnereg) VALUES (3886, 285, "Reo", "KOE20613", "103200");
INSERT INTO `oc_city` (city_id, zone_id, name, code, jnereg, kgp) VALUES (3887, 285, "Ruteng", "KOE20600", "54000", "43000");
INSERT INTO `oc_city` (city_id, zone_id, name, code, jnereg) VALUES (3888, 285, "Sambi Rambas", "KOE20619", "103200");
INSERT INTO `oc_city` (city_id, zone_id, name, code, jnereg) VALUES (3889, 285, "Satarmese", "KOE20614", "103200");
INSERT INTO `oc_city` (city_id, zone_id, name, code, jnereg) VALUES (3890, 285, "Wae Rii", "KOE20620", "103200");
INSERT INTO `oc_zone` (zone_id, country_id, name, status) VALUES (286, 19, "Kab. Manggarai Barat", 1);
INSERT INTO `oc_city` (city_id, zone_id, name, code, jnereg) VALUES (3891, 286, "Komodo", "KOE21201", "103200");
INSERT INTO `oc_city` (city_id, zone_id, name, code, jnereg) VALUES (3892, 286, "Kuwus", "KOE21202", "103200");
INSERT INTO `oc_city` (city_id, zone_id, name, code, jnereg) VALUES (3893, 286, "Labuan Bajo", "KOE21200", "54000");
INSERT INTO `oc_city` (city_id, zone_id, name, code, jnereg) VALUES (3894, 286, "Lembor", "KOE21203", "103200");
INSERT INTO `oc_city` (city_id, zone_id, name, code, jnereg) VALUES (3895, 286, "Macang Pacar", "KOE21204", "103200");
INSERT INTO `oc_city` (city_id, zone_id, name, code, jnereg) VALUES (3896, 286, "Sanonggoang", "KOE21205", "103200");
INSERT INTO `oc_zone` (zone_id, country_id, name, status) VALUES (287, 19, "Kab. Manggarai Timur", 1);
INSERT INTO `oc_city` (city_id, zone_id, name, code, jnereg) VALUES (3897, 287, "Borong", "KOE21300", "103200");
INSERT INTO `oc_city` (city_id, zone_id, name, code, jnereg) VALUES (3898, 287, "Elar", "KOE21301", "103200");
INSERT INTO `oc_city` (city_id, zone_id, name, code, jnereg) VALUES (3899, 287, "Lamba Leda", "KOE21302", "103200");
INSERT INTO `oc_city` (city_id, zone_id, name, code, jnereg) VALUES (3900, 287, "Lomba", "KOE21304", "103200");
INSERT INTO `oc_city` (city_id, zone_id, name, code, jnereg) VALUES (3901, 287, "Poco Ranaka", "KOE21303", "103200");
INSERT INTO `oc_city` (city_id, zone_id, name, code, jnereg) VALUES (3902, 287, "Sambi Rampas", "KOE21305", "103200");
INSERT INTO `oc_zone` (zone_id, country_id, name, status) VALUES (288, 19, "Kab. Nagekeo", 1);
INSERT INTO `oc_city` (city_id, zone_id, name, code, jnereg) VALUES (3903, 288, "Aesesa", "KOE21401", "103200");
INSERT INTO `oc_city` (city_id, zone_id, name, code, jnereg) VALUES (3904, 288, "Aesesa Selatan", "KOE21408", "103200");
INSERT INTO `oc_city` (city_id, zone_id, name, code, jnereg) VALUES (3905, 288, "Boawae", "KOE21403", "103200");
INSERT INTO `oc_city` (city_id, zone_id, name, code, jnereg) VALUES (3906, 288, "Keo Tengah", "KOE21406", "103200");
INSERT INTO `oc_city` (city_id, zone_id, name, code, jnereg) VALUES (3907, 288, "Mauponggo", "KOE21404", "103200");
INSERT INTO `oc_city` (city_id, zone_id, name, code, jnereg) VALUES (3908, 288, "Mbay", "KOE21400", "103200");
INSERT INTO `oc_city` (city_id, zone_id, name, code, jnereg) VALUES (3909, 288, "Nangaroro", "KOE21405", "103200");
INSERT INTO `oc_city` (city_id, zone_id, name, code, jnereg) VALUES (3910, 288, "Wolo Wae", "KOE21407", "103200");
INSERT INTO `oc_zone` (zone_id, country_id, name, status) VALUES (289, 19, "Kab. Ngada", 1);
INSERT INTO `oc_city` (city_id, zone_id, name, code, jnereg) VALUES (3911, 289, "Aimere", "KOE20902", "103200");
INSERT INTO `oc_city` (city_id, zone_id, name, code, jnereg, kgp) VALUES (3912, 289, "Bajawa", "KOE20900", "103200", "44000");
INSERT INTO `oc_city` (city_id, zone_id, name, code, jnereg) VALUES (3913, 289, "Golewa", "KOE20917", "103200");
INSERT INTO `oc_city` (city_id, zone_id, name, code, jnereg) VALUES (3914, 289, "Jere Buu", "KOE20908", "68400");
INSERT INTO `oc_city` (city_id, zone_id, name, code, jnereg) VALUES (3915, 289, "Ngada Bawa", "KOE20912", "68400");
INSERT INTO `oc_city` (city_id, zone_id, name, code, jnereg) VALUES (3916, 289, "Riung", "KOE20907", "103200");
INSERT INTO `oc_city` (city_id, zone_id, name, code, jnereg) VALUES (3917, 289, "Riung Barat", "KOE20913", "103200");
INSERT INTO `oc_city` (city_id, zone_id, name, code, jnereg) VALUES (3918, 289, "Soa", "KOE20914", "103200");
INSERT INTO `oc_city` (city_id, zone_id, name, code, jnereg) VALUES (3919, 289, "Wogomang Ulewa", "KOE20915", "68400");
INSERT INTO `oc_zone` (zone_id, country_id, name, status) VALUES (290, 19, "Kab. Rote Ndao", 1);
INSERT INTO `oc_city` (city_id, zone_id, name, code, jnereg) VALUES (3920, 290, "Baa", "KOE21500", "54000");
INSERT INTO `oc_city` (city_id, zone_id, name, code, jnereg) VALUES (3921, 290, "Lobalain", "KOE21501", "103200");
INSERT INTO `oc_city` (city_id, zone_id, name, code, jnereg) VALUES (3922, 290, "Pantai Baru", "KOE21502", "103200");
INSERT INTO `oc_city` (city_id, zone_id, name, code, jnereg) VALUES (3923, 290, "Rote Barat Daya", "KOE21503", "103200");
INSERT INTO `oc_city` (city_id, zone_id, name, code, jnereg) VALUES (3924, 290, "Rote Barat Laut", "KOE21504", "103200");
INSERT INTO `oc_city` (city_id, zone_id, name, code, jnereg) VALUES (3925, 290, "Rote Tengah", "KOE21505", "103200");
INSERT INTO `oc_city` (city_id, zone_id, name, code, jnereg) VALUES (3926, 290, "Rote Timur", "KOE21506", "103200");
INSERT INTO `oc_zone` (zone_id, country_id, name, status) VALUES (291, 19, "Kab. Sikka", 1);
INSERT INTO `oc_city` (city_id, zone_id, name, code, jnereg) VALUES (3927, 291, "Alok", "KOE20507", "68400");
INSERT INTO `oc_city` (city_id, zone_id, name, code, jnereg) VALUES (3928, 291, "Bola", "KOE20501", "103200");
INSERT INTO `oc_city` (city_id, zone_id, name, code, jnereg) VALUES (3929, 291, "Kewapante", "KOE20502", "103200");
INSERT INTO `oc_city` (city_id, zone_id, name, code, jnereg) VALUES (3930, 291, "Lela", "KOE20503", "103200");
INSERT INTO `oc_city` (city_id, zone_id, name, code, jnereg, kgp) VALUES (3931, 291, "Maumere", "KOE20500", "54000", "44000");
INSERT INTO `oc_city` (city_id, zone_id, name, code, jnereg) VALUES (3932, 291, "Mego", "KOE20508", "103200");
INSERT INTO `oc_city` (city_id, zone_id, name, code, jnereg) VALUES (3933, 291, "Nitta", "KOE20504", "68400");
INSERT INTO `oc_city` (city_id, zone_id, name, code, jnereg) VALUES (3934, 291, "Paga", "KOE20505", "103200");
INSERT INTO `oc_city` (city_id, zone_id, name, code, jnereg) VALUES (3935, 291, "Palue", "KOE20509", "103200");
INSERT INTO `oc_city` (city_id, zone_id, name, code, jnereg) VALUES (3936, 291, "Talibura", "KOE20506", "103200");
INSERT INTO `oc_city` (city_id, zone_id, name, code, jnereg) VALUES (3937, 291, "Waigete", "KOE20510", "103200");
INSERT INTO `oc_zone` (zone_id, country_id, name, status) VALUES (292, 19, "Kab. Sumba Barat", 1);
INSERT INTO `oc_city` (city_id, zone_id, name, code, jnereg) VALUES (3938, 292, "Laratama", "KOE21103", "103200");
INSERT INTO `oc_city` (city_id, zone_id, name, code, jnereg, kgp) VALUES (3939, 292, "Waikabubak", "KOE21100", "54000", "44000");
INSERT INTO `oc_city` (city_id, zone_id, name, code, jnereg) VALUES (3940, 292, "Walakaka", "KOE21104", "103200");
INSERT INTO `oc_zone` (zone_id, country_id, name, status) VALUES (293, 19, "Kab. Sumba Barat Daya", 1);
INSERT INTO `oc_city` (city_id, zone_id, name, code, jnereg) VALUES (3941, 293, "Kodi", "KOE21601", "103200");
INSERT INTO `oc_city` (city_id, zone_id, name, code, jnereg) VALUES (3942, 293, "Kodi Bangedo", "KOE21604", "103200");
INSERT INTO `oc_city` (city_id, zone_id, name, code, jnereg) VALUES (3943, 293, "Kodi Utara", "KOE21605", "103200");
INSERT INTO `oc_city` (city_id, zone_id, name, code, jnereg) VALUES (3944, 293, "Laura", "KOE21606", "103200");
INSERT INTO `oc_city` (city_id, zone_id, name, code, jnereg) VALUES (3945, 293, "Tambolaka", "KOE21600", "54000");
INSERT INTO `oc_city` (city_id, zone_id, name, code, jnereg) VALUES (3946, 293, "Wewewa Barat", "KOE21602", "103200");
INSERT INTO `oc_city` (city_id, zone_id, name, code, jnereg) VALUES (3947, 293, "Wewewa Selatan", "KOE21607", "103200");
INSERT INTO `oc_city` (city_id, zone_id, name, code, jnereg) VALUES (3948, 293, "Wewewa Timur", "KOE21603", "103200");
INSERT INTO `oc_city` (city_id, zone_id, name, code, jnereg) VALUES (3949, 293, "Wewewa Utara", "KOE21608", "103200");
INSERT INTO `oc_zone` (zone_id, country_id, name, status) VALUES (294, 19, "Kab. Sumba Tengah", 1);
INSERT INTO `oc_city` (city_id, zone_id, name, code, jnereg) VALUES (3950, 294, "Katikutana", "KOE10104", "103200");
INSERT INTO `oc_city` (city_id, zone_id, name, code, jnereg) VALUES (3951, 294, "Mamboro", "KOE10101", "103200");
INSERT INTO `oc_city` (city_id, zone_id, name, code, jnereg) VALUES (3952, 294, "Umbu Ratu Nggay", "KOE10102", "103200");
INSERT INTO `oc_city` (city_id, zone_id, name, code, jnereg) VALUES (3953, 294, "Umbu Ratu Nggay Barat", "KOE10103", "103200");
INSERT INTO `oc_city` (city_id, zone_id, name, code, jnereg) VALUES (3954, 294, "Waibakul", "KOE10100", "103200");
INSERT INTO `oc_zone` (zone_id, country_id, name, status) VALUES (295, 19, "Kab. Sumba Timur", 1);
INSERT INTO `oc_city` (city_id, zone_id, name, code, jnereg) VALUES (3955, 295, "Haharu", "KOE21006", "103200");
INSERT INTO `oc_city` (city_id, zone_id, name, code, jnereg) VALUES (3956, 295, "Kahaungu Eti", "KOE21007", "103200");
INSERT INTO `oc_city` (city_id, zone_id, name, code, jnereg) VALUES (3957, 295, "Karera", "KOE21008", "103200");
INSERT INTO `oc_city` (city_id, zone_id, name, code, jnereg) VALUES (3958, 295, "Lewa", "KOE21001", "103200");
INSERT INTO `oc_city` (city_id, zone_id, name, code, jnereg) VALUES (3959, 295, "Matawai Lapau", "KOE21010", "103200");
INSERT INTO `oc_city` (city_id, zone_id, name, code, jnereg) VALUES (3960, 295, "Nggaha Oriangu", "KOE21011", "103200");
INSERT INTO `oc_city` (city_id, zone_id, name, code, jnereg) VALUES (3961, 295, "Paberiwai", "KOE21002", "103200");
INSERT INTO `oc_city` (city_id, zone_id, name, code, jnereg) VALUES (3962, 295, "Pahunga Lodu", "KOE21003", "103200");
INSERT INTO `oc_city` (city_id, zone_id, name, code, jnereg) VALUES (3963, 295, "Pandawai", "KOE21012", "103200");
INSERT INTO `oc_city` (city_id, zone_id, name, code, jnereg) VALUES (3964, 295, "Pinu Pahar", "KOE21013", "103200");
INSERT INTO `oc_city` (city_id, zone_id, name, code, jnereg) VALUES (3965, 295, "Rindi", "KOE21014", "103200");
INSERT INTO `oc_city` (city_id, zone_id, name, code, jnereg) VALUES (3966, 295, "Tabundung", "KOE21005", "103200");
INSERT INTO `oc_city` (city_id, zone_id, name, code, jnereg) VALUES (3967, 295, "Umalulu", "KOE21015", "103200");
INSERT INTO `oc_city` (city_id, zone_id, name, code, jnereg, kgp) VALUES (3968, 295, "Waingapu", "KOE21000", "54000", "44000");
INSERT INTO `oc_city` (city_id, zone_id, name, code, jnereg) VALUES (3969, 295, "Wulla Waijelu", "KOE21016", "103200");
INSERT INTO `oc_zone` (zone_id, country_id, name, status) VALUES (296, 19, "Kab. Timor Tengah Selatan", 1);
INSERT INTO `oc_city` (city_id, zone_id, name, code, jnereg) VALUES (3970, 296, "Amanatun Selatan", "KOE20702", "68400");
INSERT INTO `oc_city` (city_id, zone_id, name, code, jnereg) VALUES (3971, 296, "Amanatun Tengah", "KOE20709", "68400");
INSERT INTO `oc_city` (city_id, zone_id, name, code, jnereg) VALUES (3972, 296, "Amanatun Timur", "KOE20710", "68400");
INSERT INTO `oc_city` (city_id, zone_id, name, code, jnereg) VALUES (3973, 296, "Amanatun Utara", "KOE20701", "68400");
INSERT INTO `oc_city` (city_id, zone_id, name, code, jnereg) VALUES (3974, 296, "Amanuban Barat", "KOE20706", "103200");
INSERT INTO `oc_city` (city_id, zone_id, name, code, jnereg) VALUES (3975, 296, "Amanuban Selatan", "KOE20704", "68400");
INSERT INTO `oc_city` (city_id, zone_id, name, code, jnereg) VALUES (3976, 296, "Batu Putih", "KOE20711", "103200");
INSERT INTO `oc_city` (city_id, zone_id, name, code, jnereg) VALUES (3977, 296, "Boking", "KOE20712", "68400");
INSERT INTO `oc_city` (city_id, zone_id, name, code, jnereg) VALUES (3978, 296, "Fatumnasi", "KOE20713", "68400");
INSERT INTO `oc_city` (city_id, zone_id, name, code, jnereg) VALUES (3979, 296, "Kalbano", "KOE20714", "68400");
INSERT INTO `oc_city` (city_id, zone_id, name, code, jnereg) VALUES (3980, 296, "Kie", "KOE20715", "68400");
INSERT INTO `oc_city` (city_id, zone_id, name, code, jnereg) VALUES (3981, 296, "Kot'olin", "KOE20716", "68400");
INSERT INTO `oc_city` (city_id, zone_id, name, code, jnereg) VALUES (3982, 296, "Kualin", "KOE20717", "68400");
INSERT INTO `oc_city` (city_id, zone_id, name, code, jnereg) VALUES (3983, 296, "Kuan Fatu", "KOE20718", "68400");
INSERT INTO `oc_city` (city_id, zone_id, name, code, jnereg) VALUES (3984, 296, "Mollo Selatan", "KOE20708", "103200");
INSERT INTO `oc_city` (city_id, zone_id, name, code, jnereg) VALUES (3985, 296, "Mollo Utara", "KOE20707", "103200");
INSERT INTO `oc_city` (city_id, zone_id, name, code, jnereg) VALUES (3986, 296, "Nunkolo", "KOE20719", "68400");
INSERT INTO `oc_city` (city_id, zone_id, name, code, jnereg) VALUES (3987, 296, "Oenino", "KOE20720", "103200");
INSERT INTO `oc_city` (city_id, zone_id, name, code, jnereg) VALUES (3988, 296, "Polen", "KOE20721", "103200");
INSERT INTO `oc_city` (city_id, zone_id, name, code, jnereg, kgp) VALUES (3989, 296, "Soe", "KOE20700", "54000", "46000");
INSERT INTO `oc_city` (city_id, zone_id, name, code, jnereg) VALUES (3990, 296, "Tionas", "KOE20722", "68400");
INSERT INTO `oc_zone` (zone_id, country_id, name, status) VALUES (297, 19, "Kab. Timor Tengah Utara", 1);
INSERT INTO `oc_city` (city_id, zone_id, name, code, jnereg) VALUES (3991, 297, "Biboki Anleu", "KOE20306", "68400");
INSERT INTO `oc_city` (city_id, zone_id, name, code, jnereg) VALUES (3992, 297, "Biboki Selatan", "KOE20301", "68400");
INSERT INTO `oc_city` (city_id, zone_id, name, code, jnereg) VALUES (3993, 297, "Biboki Utara", "KOE20302", "68400");
INSERT INTO `oc_city` (city_id, zone_id, name, code, jnereg) VALUES (3994, 297, "Insana", "KOE20303", "68400");
INSERT INTO `oc_city` (city_id, zone_id, name, code, jnereg) VALUES (3995, 297, "Insana Utara", "KOE20307", "68400");
INSERT INTO `oc_city` (city_id, zone_id, name, code, jnereg, kgp) VALUES (3996, 297, "Kefamenanu", "KOE20300", "54000", "46000");
INSERT INTO `oc_city` (city_id, zone_id, name, code, jnereg) VALUES (3997, 297, "Miomafo Barat", "KOE20305", "68400");
INSERT INTO `oc_city` (city_id, zone_id, name, code, jnereg) VALUES (3998, 297, "Miomafo Timur", "KOE20304", "68400");
INSERT INTO `oc_city` (city_id, zone_id, name, code, jnereg) VALUES (3999, 297, "Neomuti", "KOE20309", "68400");
INSERT INTO `oc_zone` (zone_id, country_id, name, status) VALUES (298, 19, "Kota Kupang", 1);
INSERT INTO `oc_city` (city_id, zone_id, name, code, jnereg) VALUES (4000, 298, "Alak", "KOE10029", "40800");
INSERT INTO `oc_city` (city_id, zone_id, name, code, jnereg) VALUES (4001, 298, "Kelapa Lima", "KOE10030", "40800");
INSERT INTO `oc_city` (city_id, zone_id, name, code, jnereg, kgp) VALUES (4002, 298, "Kupang", "KOE10000", "40800", "36000");
INSERT INTO `oc_city` (city_id, zone_id, name, code, jnereg) VALUES (4003, 298, "Mawlapa", "KOE10031", "40800");
INSERT INTO `oc_city` (city_id, zone_id, name, code, jnereg) VALUES (4004, 298, "Oebobo", "KOE10032", "40800");
INSERT INTO `oc_country` (country_id, name, iso_code_2, iso_code_3, postcode_required, status) VALUES (20, "Kalimantan Barat", "ID", "IDN", 1, 1);
INSERT INTO `oc_zone` (zone_id, country_id, name, status) VALUES (299, 20, "Kab. Bengkayang", 1);
INSERT INTO `oc_city` (city_id, zone_id, name, code, jnereg, kgp) VALUES (4005, 299, "Bengkayang", "PNK20600", "42000", "39000");
INSERT INTO `oc_city` (city_id, zone_id, name, code, jnereg) VALUES (4006, 299, "Jagoi Babang", "PNK20606", "52800");
INSERT INTO `oc_city` (city_id, zone_id, name, code, jnereg) VALUES (4007, 299, "Ledo", "PNK20601", "52800");
INSERT INTO `oc_city` (city_id, zone_id, name, code, jnereg) VALUES (4008, 299, "Monterado", "PNK20607", "52800");
INSERT INTO `oc_city` (city_id, zone_id, name, code, jnereg) VALUES (4009, 299, "Samalantan", "PNK20602", "52800");
INSERT INTO `oc_city` (city_id, zone_id, name, code, jnereg) VALUES (4010, 299, "Sanggau Ledo", "PNK20603", "52800");
INSERT INTO `oc_city` (city_id, zone_id, name, code, jnereg) VALUES (4011, 299, "Seluas", "PNK20604", "52800");
INSERT INTO `oc_city` (city_id, zone_id, name, code, jnereg) VALUES (4012, 299, "Sungai Raya", "PNK20605", "42000");
INSERT INTO `oc_city` (city_id, zone_id, name, code, jnereg) VALUES (4013, 299, "Suti Semarang", "PNK20608", "52800");
INSERT INTO `oc_city` (city_id, zone_id, name, code, jnereg) VALUES (4014, 299, "Teriak", "PNK20609", "52800");
INSERT INTO `oc_zone` (zone_id, country_id, name, status) VALUES (300, 20, "Kab. Kapuas Hulu", 1);
INSERT INTO `oc_city` (city_id, zone_id, name, code, jnereg) VALUES (4015, 300, "Badau", "PNK20201", "52800");
INSERT INTO `oc_city` (city_id, zone_id, name, code, jnereg) VALUES (4016, 300, "Batang Lupar", "PNK20202", "52800");
INSERT INTO `oc_city` (city_id, zone_id, name, code, jnereg) VALUES (4017, 300, "Batu Datu", "PNK20218", "52800");
INSERT INTO `oc_city` (city_id, zone_id, name, code, jnereg) VALUES (4018, 300, "Boyan Tanjung", "PNK20219", "52800");
INSERT INTO `oc_city` (city_id, zone_id, name, code, jnereg) VALUES (4019, 300, "Bunut Hilir", "PNK20203", "52800");
INSERT INTO `oc_city` (city_id, zone_id, name, code, jnereg) VALUES (4020, 300, "Bunut Hulu", "PNK20204", "52800");
INSERT INTO `oc_city` (city_id, zone_id, name, code, jnereg) VALUES (4021, 300, "Embaloh Hilir", "PNK20205", "52800");
INSERT INTO `oc_city` (city_id, zone_id, name, code, jnereg) VALUES (4022, 300, "Embaloh Hulu", "PNK20206", "52800");
INSERT INTO `oc_city` (city_id, zone_id, name, code, jnereg) VALUES (4023, 300, "Embau", "PNK20207", "52800");
INSERT INTO `oc_city` (city_id, zone_id, name, code, jnereg) VALUES (4024, 300, "Empanang", "PNK20208", "52800");
INSERT INTO `oc_city` (city_id, zone_id, name, code, jnereg) VALUES (4025, 300, "Hulu Gurung", "PNK20209", "52800");
INSERT INTO `oc_city` (city_id, zone_id, name, code, jnereg) VALUES (4026, 300, "Kalis", "PNK20220", "52800");
INSERT INTO `oc_city` (city_id, zone_id, name, code, jnereg) VALUES (4027, 300, "Kedamin", "PNK20221", "52800");
INSERT INTO `oc_city` (city_id, zone_id, name, code, jnereg) VALUES (4028, 300, "Manday", "PNK20210", "52800");
INSERT INTO `oc_city` (city_id, zone_id, name, code, jnereg) VALUES (4029, 300, "Mentebah", "PNK20222", "52800");
INSERT INTO `oc_city` (city_id, zone_id, name, code, jnereg) VALUES (4030, 300, "Puring Kencana", "PNK20223", "52800");
INSERT INTO `oc_city` (city_id, zone_id, name, code, jnereg, kgp) VALUES (4031, 300, "Putussibau", "PNK20200", "42000", "50000");
INSERT INTO `oc_city` (city_id, zone_id, name, code, jnereg) VALUES (4032, 300, "Seberuang", "PNK20211", "52800");
INSERT INTO `oc_city` (city_id, zone_id, name, code, jnereg) VALUES (4033, 300, "Selimbau", "PNK20212", "52800");
INSERT INTO `oc_city` (city_id, zone_id, name, code, jnereg) VALUES (4034, 300, "Semitau", "PNK20213", "52800");
INSERT INTO `oc_city` (city_id, zone_id, name, code, jnereg) VALUES (4035, 300, "Silat Hilir", "PNK20214", "52800");
INSERT INTO `oc_city` (city_id, zone_id, name, code, jnereg) VALUES (4036, 300, "Silat Hulu", "PNK20215", "52800");
INSERT INTO `oc_city` (city_id, zone_id, name, code, jnereg) VALUES (4037, 300, "Suhaid", "PNK20224", "52800");
INSERT INTO `oc_zone` (zone_id, country_id, name, status) VALUES (301, 20, "Kab. Kayong Utara", 1);
INSERT INTO `oc_city` (city_id, zone_id, name, code, jnereg) VALUES (4038, 301, "Pulau Maya Karimata", "PNK21301", "52800");
INSERT INTO `oc_city` (city_id, zone_id, name, code, jnereg) VALUES (4039, 301, "Seponti Jaya", "PNK21304", "52800");
INSERT INTO `oc_city` (city_id, zone_id, name, code, jnereg) VALUES (4040, 301, "Simpang Hilir", "PNK21302", "52800");
INSERT INTO `oc_city` (city_id, zone_id, name, code, jnereg) VALUES (4041, 301, "Sukadana", "PNK21300", "42000");
INSERT INTO `oc_city` (city_id, zone_id, name, code, jnereg) VALUES (4042, 301, "Teluk Batang", "PNK21303", "52800");
INSERT INTO `oc_zone` (zone_id, country_id, name, status) VALUES (302, 20, "Kab. Ketapang", 1);
INSERT INTO `oc_city` (city_id, zone_id, name, code, jnereg) VALUES (4043, 302, "Air Upas", "PNK10114", "52800");
INSERT INTO `oc_city` (city_id, zone_id, name, code, jnereg) VALUES (4044, 302, "Benua Kayong", "PNK10113", "52800");
INSERT INTO `oc_city` (city_id, zone_id, name, code, jnereg) VALUES (4045, 302, "Delta Pawan", "PNK10115", "52800");
INSERT INTO `oc_city` (city_id, zone_id, name, code, jnereg) VALUES (4046, 302, "Hulu Sungai", "PNK10116", "52800");
INSERT INTO `oc_city` (city_id, zone_id, name, code, jnereg) VALUES (4047, 302, "Jelai Hulu", "PNK10101", "52800");
INSERT INTO `oc_city` (city_id, zone_id, name, code, jnereg) VALUES (4048, 302, "Kendawangan", "PNK10102", "52800");
INSERT INTO `oc_city` (city_id, zone_id, name, code, jnereg, kgp) VALUES (4049, 302, "Ketapang", "PNK10100", "42000", "37000");
INSERT INTO `oc_city` (city_id, zone_id, name, code, jnereg) VALUES (4050, 302, "Manis Mata", "PNK10103", "52800");
INSERT INTO `oc_city` (city_id, zone_id, name, code, jnereg) VALUES (4051, 302, "Marau", "PNK10104", "52800");
INSERT INTO `oc_city` (city_id, zone_id, name, code, jnereg) VALUES (4052, 302, "Matan Hilir Selatan", "PNK10118", "52800");
INSERT INTO `oc_city` (city_id, zone_id, name, code, jnereg) VALUES (4053, 302, "Matan Hilir Utara", "PNK10119", "52800");
INSERT INTO `oc_city` (city_id, zone_id, name, code, jnereg) VALUES (4054, 302, "Muara Pawan", "PNK10120", "52800");
INSERT INTO `oc_city` (city_id, zone_id, name, code, jnereg) VALUES (4055, 302, "Nanga Tayap", "PNK10105", "52800");
INSERT INTO `oc_city` (city_id, zone_id, name, code, jnereg) VALUES (4056, 302, "Pemaham", "PNK10121", "52800");
INSERT INTO `oc_city` (city_id, zone_id, name, code, jnereg) VALUES (4057, 302, "Sandai", "PNK10107", "52800");
INSERT INTO `oc_city` (city_id, zone_id, name, code, jnereg) VALUES (4058, 302, "Simpang Dua", "PNK10123", "52800");
INSERT INTO `oc_city` (city_id, zone_id, name, code, jnereg) VALUES (4059, 302, "Simpang Hulu", "PNK10109", "52800");
INSERT INTO `oc_city` (city_id, zone_id, name, code, jnereg) VALUES (4060, 302, "Singkup", "PNK10124", "52800");
INSERT INTO `oc_city` (city_id, zone_id, name, code, jnereg) VALUES (4061, 302, "Sungai Laur", "PNK10111", "52800");
INSERT INTO `oc_city` (city_id, zone_id, name, code, jnereg) VALUES (4062, 302, "Tumbang Titi", "PNK10112", "52800");
INSERT INTO `oc_zone` (zone_id, country_id, name, status) VALUES (303, 20, "Kab. Kubu Raya", 1);
INSERT INTO `oc_city` (city_id, zone_id, name, code, jnereg) VALUES (4063, 303, "Batu Ampar", "PNK21208", "52800");
INSERT INTO `oc_city` (city_id, zone_id, name, code, jnereg) VALUES (4064, 303, "Kuala Mandor", "PNK21201", "52800");
INSERT INTO `oc_city` (city_id, zone_id, name, code, jnereg) VALUES (4065, 303, "Kubu Raya", "PNK21200", "32400");
INSERT INTO `oc_city` (city_id, zone_id, name, code, jnereg) VALUES (4066, 303, "Rasau Jaya", "PNK21207", "52800");
INSERT INTO `oc_city` (city_id, zone_id, name, code, jnereg) VALUES (4067, 303, "Sui Ambawang", "PNK21202", "52800");
INSERT INTO `oc_city` (city_id, zone_id, name, code, jnereg) VALUES (4068, 303, "Sui Kakap", "PNK21203", "52800");
INSERT INTO `oc_city` (city_id, zone_id, name, code, jnereg) VALUES (4069, 303, "Sui Raya", "PNK21204", "52800");
INSERT INTO `oc_city` (city_id, zone_id, name, code, jnereg) VALUES (4070, 303, "Sungai Raya", "PNK21209", "52800");
INSERT INTO `oc_city` (city_id, zone_id, name, code, jnereg) VALUES (4071, 303, "Teluk Pakedai", "PNK21205", "52800");
INSERT INTO `oc_city` (city_id, zone_id, name, code, jnereg) VALUES (4072, 303, "Terentang", "PNK21206", "52800");
INSERT INTO `oc_zone` (zone_id, country_id, name, status) VALUES (304, 20, "Kab. Landak", 1);
INSERT INTO `oc_city` (city_id, zone_id, name, code, jnereg) VALUES (4073, 304, "Air Besar", "PNK20701", "52800");
INSERT INTO `oc_city` (city_id, zone_id, name, code, jnereg) VALUES (4074, 304, "Kuala Behe", "PNK20707", "52800");
INSERT INTO `oc_city` (city_id, zone_id, name, code, jnereg) VALUES (4075, 304, "Mandor", "PNK20702", "52800");
INSERT INTO `oc_city` (city_id, zone_id, name, code, jnereg) VALUES (4076, 304, "Mempawah Hulu", "PNK20703", "52800");
INSERT INTO `oc_city` (city_id, zone_id, name, code, jnereg) VALUES (4077, 304, "Menjalin", "PNK20704", "52800");
INSERT INTO `oc_city` (city_id, zone_id, name, code, jnereg) VALUES (4078, 304, "Menyuke", "PNK20705", "52800");
INSERT INTO `oc_city` (city_id, zone_id, name, code, jnereg) VALUES (4079, 304, "Meranti", "PNK20708", "52800");
INSERT INTO `oc_city` (city_id, zone_id, name, code, jnereg, kgp) VALUES (4080, 304, "Ngabang", "PNK20700", "42000", "35000");
INSERT INTO `oc_city` (city_id, zone_id, name, code, jnereg) VALUES (4081, 304, "Sebangki", "PNK20709", "52800");
INSERT INTO `oc_city` (city_id, zone_id, name, code, jnereg) VALUES (4082, 304, "Sengah Temila", "PNK20706", "52800");
INSERT INTO `oc_zone` (zone_id, country_id, name, status) VALUES (305, 20, "Kab. Melawi", 1);
INSERT INTO `oc_city` (city_id, zone_id, name, code, jnereg) VALUES (4083, 305, "Ambalau", "PNK20801", "52800");
INSERT INTO `oc_city` (city_id, zone_id, name, code, jnereg) VALUES (4084, 305, "Belimbing", "PNK20802", "52800");
INSERT INTO `oc_city` (city_id, zone_id, name, code, jnereg) VALUES (4085, 305, "Ella Hilir", "PNK20803", "52800");
INSERT INTO `oc_city` (city_id, zone_id, name, code, jnereg) VALUES (4086, 305, "Menukung", "PNK20804", "52800");
INSERT INTO `oc_city` (city_id, zone_id, name, code, jnereg, kgp) VALUES (4087, 305, "Nanga Pinoh", "PNK20800", "42000", "37000");
INSERT INTO `oc_city` (city_id, zone_id, name, code, jnereg) VALUES (4088, 305, "Sayan", "PNK20805", "52800");
INSERT INTO `oc_city` (city_id, zone_id, name, code, jnereg) VALUES (4089, 305, "Serawai", "PNK20806", "52800");
INSERT INTO `oc_city` (city_id, zone_id, name, code, jnereg) VALUES (4090, 305, "Sokan", "PNK20807", "52800");
INSERT INTO `oc_city` (city_id, zone_id, name, code, jnereg) VALUES (4091, 305, "Tanah Pinoh", "PNK20808", "52800");
INSERT INTO `oc_zone` (zone_id, country_id, name, status) VALUES (306, 20, "Kab. Pontianak", 1);
INSERT INTO `oc_city` (city_id, zone_id, name, code, jnereg) VALUES (4092, 306, "Kubu", "PNK20902", "52800");
INSERT INTO `oc_city` (city_id, zone_id, name, code, jnereg, kgp) VALUES (4093, 306, "Mempawah", "PNK20900", "42000", "36000");
INSERT INTO `oc_city` (city_id, zone_id, name, code, jnereg) VALUES (4094, 306, "Rasau Jaya", "PNK20913", "52800");
INSERT INTO `oc_city` (city_id, zone_id, name, code, jnereg) VALUES (4095, 306, "Siantan / Wajok", "PNK20908", "42000");
INSERT INTO `oc_city` (city_id, zone_id, name, code, jnereg) VALUES (4096, 306, "Sungai Ambawang", "PNK20903", "52800");
INSERT INTO `oc_city` (city_id, zone_id, name, code, jnereg) VALUES (4097, 306, "Sungai Kakap", "PNK20904", "52800");
INSERT INTO `oc_city` (city_id, zone_id, name, code, jnereg) VALUES (4098, 306, "Sungai Kunyit", "PNK20905", "52800");
INSERT INTO `oc_city` (city_id, zone_id, name, code, jnereg) VALUES (4099, 306, "Sungai Pinyuh", "PNK20906", "52800");
INSERT INTO `oc_city` (city_id, zone_id, name, code, jnereg) VALUES (4100, 306, "Sungai Raya", "PNK20907", "52800");
INSERT INTO `oc_city` (city_id, zone_id, name, code, jnereg) VALUES (4101, 306, "Telok Pa'kedai", "PNK20909", "52800");
INSERT INTO `oc_city` (city_id, zone_id, name, code, jnereg) VALUES (4102, 306, "Toho", "PNK20911", "52800");
INSERT INTO `oc_zone` (zone_id, country_id, name, status) VALUES (307, 20, "Kab. Sambas", 1);
INSERT INTO `oc_city` (city_id, zone_id, name, code, jnereg) VALUES (4103, 307, "Galing", "PNK21008", "52800");
INSERT INTO `oc_city` (city_id, zone_id, name, code, jnereg) VALUES (4104, 307, "Jawai", "PNK21001", "52800");
INSERT INTO `oc_city` (city_id, zone_id, name, code, jnereg) VALUES (4105, 307, "Jawai Selatan", "PNK21009", "52800");
INSERT INTO `oc_city` (city_id, zone_id, name, code, jnereg) VALUES (4106, 307, "Paloh", "PNK21002", "52800");
INSERT INTO `oc_city` (city_id, zone_id, name, code, jnereg) VALUES (4107, 307, "Pemangkat", "PNK21003", "52800");
INSERT INTO `oc_city` (city_id, zone_id, name, code, jnereg) VALUES (4108, 307, "Sajad", "PNK21011", "52800");
INSERT INTO `oc_city` (city_id, zone_id, name, code, jnereg) VALUES (4109, 307, "Sajingan", "PNK21010", "52800");
INSERT INTO `oc_city` (city_id, zone_id, name, code, jnereg, kgp) VALUES (4110, 307, "Sambas", "PNK21000", "42000", "36000");
INSERT INTO `oc_city` (city_id, zone_id, name, code, jnereg) VALUES (4111, 307, "Sebawi", "PNK21012", "52800");
INSERT INTO `oc_city` (city_id, zone_id, name, code, jnereg) VALUES (4112, 307, "Sejangkung", "PNK21004", "52800");
INSERT INTO `oc_city` (city_id, zone_id, name, code, jnereg) VALUES (4113, 307, "Selakau", "PNK21005", "52800");
INSERT INTO `oc_city` (city_id, zone_id, name, code, jnereg) VALUES (4114, 307, "Semparuk", "PNK21013", "52800");
INSERT INTO `oc_city` (city_id, zone_id, name, code, jnereg) VALUES (4115, 307, "Subah", "PNK21014", "52800");
INSERT INTO `oc_city` (city_id, zone_id, name, code, jnereg) VALUES (4116, 307, "Tanggaran", "PNK21015", "52800");
INSERT INTO `oc_city` (city_id, zone_id, name, code, jnereg) VALUES (4117, 307, "Tebas", "PNK21006", "52800");
INSERT INTO `oc_city` (city_id, zone_id, name, code, jnereg) VALUES (4118, 307, "Tekarang", "PNK21016", "52800");
INSERT INTO `oc_city` (city_id, zone_id, name, code, jnereg) VALUES (4119, 307, "Teluk Keramat", "PNK21007", "52800");
INSERT INTO `oc_zone` (zone_id, country_id, name, status) VALUES (308, 20, "Kab. Sanggau", 1);
INSERT INTO `oc_city` (city_id, zone_id, name, code, jnereg) VALUES (4120, 308, "Balai", "PNK10201", "52800");
INSERT INTO `oc_city` (city_id, zone_id, name, code, jnereg) VALUES (4121, 308, "Beduwai", "PNK10202", "52800");
INSERT INTO `oc_city` (city_id, zone_id, name, code, jnereg) VALUES (4122, 308, "Bonti", "PNK10205", "52800");
INSERT INTO `oc_city` (city_id, zone_id, name, code, jnereg) VALUES (4123, 308, "Entikong", "PNK10223", "52800");
INSERT INTO `oc_city` (city_id, zone_id, name, code, jnereg) VALUES (4124, 308, "Jangkang", "PNK10206", "52800");
INSERT INTO `oc_city` (city_id, zone_id, name, code, jnereg) VALUES (4125, 308, "Kembayan", "PNK10207", "52800");
INSERT INTO `oc_city` (city_id, zone_id, name, code, jnereg) VALUES (4126, 308, "Meliau", "PNK10208", "52800");
INSERT INTO `oc_city` (city_id, zone_id, name, code, jnereg) VALUES (4127, 308, "Mukok", "PNK10209", "52800");
INSERT INTO `oc_city` (city_id, zone_id, name, code, jnereg) VALUES (4128, 308, "Noyan", "PNK10212", "52800");
INSERT INTO `oc_city` (city_id, zone_id, name, code, jnereg) VALUES (4129, 308, "Parindu", "PNK10213", "52800");
INSERT INTO `oc_city` (city_id, zone_id, name, code, jnereg, kgp) VALUES (4130, 308, "Sanggau", "PNK10200", "42000", "35000");
INSERT INTO `oc_city` (city_id, zone_id, name, code, jnereg) VALUES (4131, 308, "Sekayam", "PNK10214", "52800");
INSERT INTO `oc_city` (city_id, zone_id, name, code, jnereg) VALUES (4132, 308, "Tayan Hilir", "PNK10218", "52800");
INSERT INTO `oc_city` (city_id, zone_id, name, code, jnereg) VALUES (4133, 308, "Tayan Hulu", "PNK10217", "52800");
INSERT INTO `oc_city` (city_id, zone_id, name, code, jnereg) VALUES (4134, 308, "Toba", "PNK10219", "52800");
INSERT INTO `oc_zone` (zone_id, country_id, name, status) VALUES (309, 20, "Kab. Sekadau", 1);
INSERT INTO `oc_city` (city_id, zone_id, name, code, jnereg) VALUES (4135, 309, "Belitang", "PNK21107", "52800");
INSERT INTO `oc_city` (city_id, zone_id, name, code, jnereg) VALUES (4136, 309, "Belitang Hilir", "PNK21101", "52800");
INSERT INTO `oc_city` (city_id, zone_id, name, code, jnereg) VALUES (4137, 309, "Belitang Hulu", "PNK21102", "52800");
INSERT INTO `oc_city` (city_id, zone_id, name, code, jnereg) VALUES (4138, 309, "Nanga Mahap", "PNK21104", "52800");
INSERT INTO `oc_city` (city_id, zone_id, name, code, jnereg) VALUES (4139, 309, "Nanga Taman", "PNK21103", "52800");
INSERT INTO `oc_city` (city_id, zone_id, name, code, jnereg, kgp) VALUES (4140, 309, "Sekadau Hilir", "PNK21100", "42000", "36000");
INSERT INTO `oc_city` (city_id, zone_id, name, code, jnereg) VALUES (4141, 309, "Sekadau Hulu", "PNK21106", "52800");
INSERT INTO `oc_zone` (zone_id, country_id, name, status) VALUES (310, 20, "Kab. Sintang", 1);
INSERT INTO `oc_city` (city_id, zone_id, name, code, jnereg) VALUES (4142, 310, "Ambalau", "PNK10401", "52800");
INSERT INTO `oc_city` (city_id, zone_id, name, code, jnereg) VALUES (4143, 310, "Binjai Hulu", "PNK10419", "52800");
INSERT INTO `oc_city` (city_id, zone_id, name, code, jnereg) VALUES (4144, 310, "Dedai", "PNK10403", "52800");
INSERT INTO `oc_city` (city_id, zone_id, name, code, jnereg) VALUES (4145, 310, "Kayan Hilir", "PNK10406", "52800");
INSERT INTO `oc_city` (city_id, zone_id, name, code, jnereg) VALUES (4146, 310, "Kayan Hulu", "PNK10405", "52800");
INSERT INTO `oc_city` (city_id, zone_id, name, code, jnereg) VALUES (4147, 310, "Kelam Permai", "PNK10420", "52800");
INSERT INTO `oc_city` (city_id, zone_id, name, code, jnereg) VALUES (4148, 310, "Ketungau Hilir", "PNK10407", "52800");
INSERT INTO `oc_city` (city_id, zone_id, name, code, jnereg) VALUES (4149, 310, "Ketungau Hulu", "PNK10409", "52800");
INSERT INTO `oc_city` (city_id, zone_id, name, code, jnereg) VALUES (4150, 310, "Ketungau Tengah", "PNK10408", "52800");
INSERT INTO `oc_city` (city_id, zone_id, name, code, jnereg) VALUES (4151, 310, "Sepauk", "PNK10413", "52800");
INSERT INTO `oc_city` (city_id, zone_id, name, code, jnereg, kgp) VALUES (4152, 310, "Sintang", "PNK10400", "42000", "37000");
INSERT INTO `oc_city` (city_id, zone_id, name, code, jnereg) VALUES (4153, 310, "Sungai Tebelian", "PNK10421", "52800");
INSERT INTO `oc_city` (city_id, zone_id, name, code, jnereg) VALUES (4154, 310, "Tempunak", "PNK10417", "52800");
INSERT INTO `oc_zone` (zone_id, country_id, name, status) VALUES (311, 20, "Kota Pontianak", 1);
INSERT INTO `oc_city` (city_id, zone_id, name, code, jnereg, kgp) VALUES (4155, 311, "Pontianak", "PNK10000", "32400", "30000");
INSERT INTO `oc_city` (city_id, zone_id, name, code, jnereg) VALUES (4156, 311, "Pontianak Barat", "PNK10027", "32400");
INSERT INTO `oc_city` (city_id, zone_id, name, code, jnereg) VALUES (4157, 311, "Pontianak Kota", "PNK10028", "32400");
INSERT INTO `oc_city` (city_id, zone_id, name, code, jnereg) VALUES (4158, 311, "Pontianak Selatan", "PNK10029", "32400");
INSERT INTO `oc_city` (city_id, zone_id, name, code, jnereg) VALUES (4159, 311, "Pontianak Tenggara", "PNK10030", "32400");
INSERT INTO `oc_city` (city_id, zone_id, name, code, jnereg) VALUES (4160, 311, "Pontianak Timur/ Jungkat", "PNK10031", "32400");
INSERT INTO `oc_city` (city_id, zone_id, name, code, jnereg) VALUES (4161, 311, "Pontianak Utara", "PNK10032", "32400");
INSERT INTO `oc_zone` (zone_id, country_id, name, status) VALUES (312, 20, "Kota Singkawang", 1);
INSERT INTO `oc_city` (city_id, zone_id, name, code, jnereg, kgp) VALUES (4162, 312, "Singkawang", "PNK10300", "42000", "36000");
INSERT INTO `oc_city` (city_id, zone_id, name, code, jnereg) VALUES (4163, 312, "Singkawang Barat", "PNK10325", "42000");
INSERT INTO `oc_city` (city_id, zone_id, name, code, jnereg) VALUES (4164, 312, "Singkawang Selatan", "PNK10327", "42000");
INSERT INTO `oc_city` (city_id, zone_id, name, code, jnereg) VALUES (4165, 312, "Singkawang Tengah", "PNK10329", "42000");
INSERT INTO `oc_city` (city_id, zone_id, name, code, jnereg) VALUES (4166, 312, "Singkawang Timur", "PNK10328", "42000");
INSERT INTO `oc_city` (city_id, zone_id, name, code, jnereg) VALUES (4167, 312, "Singkawang Utara", "PNK10326", "42000");
INSERT INTO `oc_country` (country_id, name, iso_code_2, iso_code_3, postcode_required, status) VALUES (21, "Kalimantan Selatan", "ID", "IDN", 1, 1);
INSERT INTO `oc_zone` (zone_id, country_id, name, status) VALUES (313, 21, "Kab. Balangan", 1);
INSERT INTO `oc_city` (city_id, zone_id, name, code, jnereg) VALUES (4168, 313, "Awayan", "BDJ21201", "51600");
INSERT INTO `oc_city` (city_id, zone_id, name, code, jnereg) VALUES (4169, 313, "Batu Mandi", "BDJ21202", "51600");
INSERT INTO `oc_city` (city_id, zone_id, name, code, jnereg) VALUES (4170, 313, "Halong", "BDJ21203", "51600");
INSERT INTO `oc_city` (city_id, zone_id, name, code, jnereg) VALUES (4171, 313, "Juai", "BDJ21204", "51600");
INSERT INTO `oc_city` (city_id, zone_id, name, code, jnereg) VALUES (4172, 313, "Lampihong", "BDJ21205", "51600");
INSERT INTO `oc_city` (city_id, zone_id, name, code, jnereg, kgp) VALUES (4173, 313, "Paringin", "BDJ21200", "40800", "25500");
INSERT INTO `oc_zone` (zone_id, country_id, name, status) VALUES (314, 21, "Kab. Banjar", 1);
INSERT INTO `oc_city` (city_id, zone_id, name, code, jnereg) VALUES (4174, 314, "Aluh Aluh", "BDJ20301", "51600");
INSERT INTO `oc_city` (city_id, zone_id, name, code, jnereg) VALUES (4175, 314, "Aranio", "BDJ20310", "51600");
INSERT INTO `oc_city` (city_id, zone_id, name, code, jnereg) VALUES (4176, 314, "Astambul", "BDJ20302", "51600");
INSERT INTO `oc_city` (city_id, zone_id, name, code, jnereg) VALUES (4177, 314, "Gambut", "BDJ20303", "51600");
INSERT INTO `oc_city` (city_id, zone_id, name, code, jnereg) VALUES (4178, 314, "Karang Intan", "BDJ20304", "51600");
INSERT INTO `oc_city` (city_id, zone_id, name, code, jnereg) VALUES (4179, 314, "Kertak Hanyar", "BDJ20305", "51600");
INSERT INTO `oc_city` (city_id, zone_id, name, code, jnereg, kgp) VALUES (4180, 314, "Martapura", "BDJ20300", "40800", "24500");
INSERT INTO `oc_city` (city_id, zone_id, name, code, jnereg) VALUES (4181, 314, "Mataraman", "BDJ20311", "51600");
INSERT INTO `oc_city` (city_id, zone_id, name, code, jnereg) VALUES (4182, 314, "Pengaron", "BDJ20306", "51600");
INSERT INTO `oc_city` (city_id, zone_id, name, code, jnereg) VALUES (4183, 314, "Simpang Empat", "BDJ20307", "51600");
INSERT INTO `oc_city` (city_id, zone_id, name, code, jnereg) VALUES (4184, 314, "Sungai Pinang", "BDJ20309", "51600");
INSERT INTO `oc_city` (city_id, zone_id, name, code, jnereg) VALUES (4185, 314, "Sungai Tabuk", "BDJ20308", "51600");
INSERT INTO `oc_zone` (zone_id, country_id, name, status) VALUES (315, 21, "Kab. Barito Kuala", 1);
INSERT INTO `oc_city` (city_id, zone_id, name, code, jnereg) VALUES (4186, 315, "Alalak", "BDJ20201", "51600");
INSERT INTO `oc_city` (city_id, zone_id, name, code, jnereg) VALUES (4187, 315, "Anjir Muara", "BDJ20203", "51600");
INSERT INTO `oc_city` (city_id, zone_id, name, code, jnereg) VALUES (4188, 315, "Anjir Pasar", "BDJ20202", "51600");
INSERT INTO `oc_city` (city_id, zone_id, name, code, jnereg) VALUES (4189, 315, "Bakumpai", "BDJ20214", "51600");
INSERT INTO `oc_city` (city_id, zone_id, name, code, jnereg) VALUES (4190, 315, "Barambai", "BDJ20204", "51600");
INSERT INTO `oc_city` (city_id, zone_id, name, code, jnereg) VALUES (4191, 315, "Belawang", "BDJ20205", "51600");
INSERT INTO `oc_city` (city_id, zone_id, name, code, jnereg) VALUES (4192, 315, "Cerbon", "BDJ20206", "51600");
INSERT INTO `oc_city` (city_id, zone_id, name, code, jnereg) VALUES (4193, 315, "Kuripan", "BDJ20207", "51600");
INSERT INTO `oc_city` (city_id, zone_id, name, code, jnereg) VALUES (4194, 315, "Mandastana", "BDJ20208", "51600");
INSERT INTO `oc_city` (city_id, zone_id, name, code, jnereg, kgp) VALUES (4195, 315, "Marabahan", "BDJ20200", "40800", "23500");
INSERT INTO `oc_city` (city_id, zone_id, name, code, jnereg) VALUES (4196, 315, "Mekar Sari", "BDJ20209", "51600");
INSERT INTO `oc_city` (city_id, zone_id, name, code, jnereg) VALUES (4197, 315, "Rantau Badauh", "BDJ20210", "51600");
INSERT INTO `oc_city` (city_id, zone_id, name, code, jnereg) VALUES (4198, 315, "Tabukan", "BDJ20212", "51600");
INSERT INTO `oc_city` (city_id, zone_id, name, code, jnereg) VALUES (4199, 315, "Tabunganen", "BDJ20211", "51600");
INSERT INTO `oc_city` (city_id, zone_id, name, code, jnereg) VALUES (4200, 315, "Tamban", "BDJ20213", "51600");
INSERT INTO `oc_city` (city_id, zone_id, name, code, jnereg) VALUES (4201, 315, "Wanaraya", "BDJ20215", "51600");
INSERT INTO `oc_zone` (zone_id, country_id, name, status) VALUES (316, 21, "Kab. Barito Selatan", 1);
INSERT INTO `oc_city` (city_id, zone_id, name, code, jnereg, kgp) VALUES (4202, 316, "Buntok", "BDJ21100", "40800", "27500");
INSERT INTO `oc_city` (city_id, zone_id, name, code, jnereg) VALUES (4203, 316, "Dusun Hilir", "BDJ21102", "51600");
INSERT INTO `oc_city` (city_id, zone_id, name, code, jnereg) VALUES (4204, 316, "Dusun Selatan", "BDJ21107", "51600");
INSERT INTO `oc_city` (city_id, zone_id, name, code, jnereg) VALUES (4205, 316, "Dusun Utara", "BDJ21103", "51600");
INSERT INTO `oc_city` (city_id, zone_id, name, code, jnereg) VALUES (4206, 316, "Gunung Bintang Awai", "BDJ21108", "51600");
INSERT INTO `oc_city` (city_id, zone_id, name, code, jnereg) VALUES (4207, 316, "Jenamas", "BDJ21104", "51600");
INSERT INTO `oc_city` (city_id, zone_id, name, code, jnereg) VALUES (4208, 316, "Karau Kuala", "BDJ21105", "51600");
INSERT INTO `oc_zone` (zone_id, country_id, name, status) VALUES (317, 21, "Kab. Barito Timur", 1);
INSERT INTO `oc_city` (city_id, zone_id, name, code, jnereg) VALUES (4209, 317, "Awang", "BDJ20801", "51600");
INSERT INTO `oc_city` (city_id, zone_id, name, code, jnereg) VALUES (4210, 317, "Benua Lima", "BDJ20802", "51600");
INSERT INTO `oc_city` (city_id, zone_id, name, code, jnereg) VALUES (4211, 317, "Dusun Tengah", "BDJ20803", "51600");
INSERT INTO `oc_city` (city_id, zone_id, name, code, jnereg) VALUES (4212, 317, "Dusun Timur", "BDJ20806", "51600");
INSERT INTO `oc_city` (city_id, zone_id, name, code, jnereg) VALUES (4213, 317, "Patangkep Tutui", "BDJ20804", "51600");
INSERT INTO `oc_city` (city_id, zone_id, name, code, jnereg) VALUES (4214, 317, "Pematang Karau", "BDJ20805", "51600");
INSERT INTO `oc_city` (city_id, zone_id, name, code, jnereg) VALUES (4215, 317, "Tamiang Layang", "BDJ20800", "40800");
INSERT INTO `oc_zone` (zone_id, country_id, name, status) VALUES (318, 21, "Kab. Barito Utara", 1);
INSERT INTO `oc_city` (city_id, zone_id, name, code, jnereg) VALUES (4216, 318, "Gunung Purei", "BDJ20701", "51600");
INSERT INTO `oc_city` (city_id, zone_id, name, code, jnereg) VALUES (4217, 318, "Gunung Timang", "BDJ20702", "51600");
INSERT INTO `oc_city` (city_id, zone_id, name, code, jnereg) VALUES (4218, 318, "Lahei", "BDJ20703", "51600");
INSERT INTO `oc_city` (city_id, zone_id, name, code, jnereg) VALUES (4219, 318, "Montalat", "BDJ20704", "51600");
INSERT INTO `oc_city` (city_id, zone_id, name, code, jnereg) VALUES (4220, 318, "Muara Teweh", "BDJ20700", "40800");
INSERT INTO `oc_city` (city_id, zone_id, name, code, jnereg) VALUES (4221, 318, "Teweh Tengah", "BDJ20706", "51600");
INSERT INTO `oc_city` (city_id, zone_id, name, code, jnereg) VALUES (4222, 318, "Teweh Timur", "BDJ20705", "51600");
INSERT INTO `oc_zone` (zone_id, country_id, name, status) VALUES (319, 21, "Kab. Hulu Sungai Selatan", 1);
INSERT INTO `oc_city` (city_id, zone_id, name, code, jnereg) VALUES (4223, 319, "Angkinang", "BDJ10201", "51600");
INSERT INTO `oc_city` (city_id, zone_id, name, code, jnereg) VALUES (4224, 319, "Daha Barat", "BDJ10210", "51600");
INSERT INTO `oc_city` (city_id, zone_id, name, code, jnereg) VALUES (4225, 319, "Daha Selatan", "BDJ10202", "51600");
INSERT INTO `oc_city` (city_id, zone_id, name, code, jnereg) VALUES (4226, 319, "Daha Utara", "BDJ10203", "51600");
INSERT INTO `oc_city` (city_id, zone_id, name, code, jnereg) VALUES (4227, 319, "Kalumpang", "BDJ10204", "51600");
INSERT INTO `oc_city` (city_id, zone_id, name, code, jnereg, kgp) VALUES (4228, 319, "Kandangan", "BDJ10200", "40800", "25500");
INSERT INTO `oc_city` (city_id, zone_id, name, code, jnereg) VALUES (4229, 319, "Loksado", "BDJ10205", "51600");
INSERT INTO `oc_city` (city_id, zone_id, name, code, jnereg) VALUES (4230, 319, "Padang Batung", "BDJ10206", "51600");
INSERT INTO `oc_city` (city_id, zone_id, name, code, jnereg) VALUES (4231, 319, "Simpur", "BDJ10207", "51600");
INSERT INTO `oc_city` (city_id, zone_id, name, code, jnereg) VALUES (4232, 319, "Sungai Raya", "BDJ10208", "51600");
INSERT INTO `oc_city` (city_id, zone_id, name, code, jnereg) VALUES (4233, 319, "Telaga Langsat", "BDJ10209", "51600");
INSERT INTO `oc_zone` (zone_id, country_id, name, status) VALUES (320, 21, "Kab. Hulu Sungai Tengah", 1);
INSERT INTO `oc_city` (city_id, zone_id, name, code, jnereg, kgp) VALUES (4234, 320, "Barabai", "BDJ10100", "40800", "25500");
INSERT INTO `oc_city` (city_id, zone_id, name, code, jnereg) VALUES (4235, 320, "Batang Alai Selatan", "BDJ10101", "51600");
INSERT INTO `oc_city` (city_id, zone_id, name, code, jnereg) VALUES (4236, 320, "Batang Alai Tengah", "BDJ10108", "51600");
INSERT INTO `oc_city` (city_id, zone_id, name, code, jnereg) VALUES (4237, 320, "Batang Alai Utara", "BDJ10103", "51600");
INSERT INTO `oc_city` (city_id, zone_id, name, code, jnereg) VALUES (4238, 320, "Batu Benawa", "BDJ10102", "51600");
INSERT INTO `oc_city` (city_id, zone_id, name, code, jnereg) VALUES (4239, 320, "Hantakan", "BDJ10109", "51600");
INSERT INTO `oc_city` (city_id, zone_id, name, code, jnereg) VALUES (4240, 320, "Haruyan", "BDJ10104", "51600");
INSERT INTO `oc_city` (city_id, zone_id, name, code, jnereg) VALUES (4241, 320, "Labuan Amas Selatan", "BDJ10105", "51600");
INSERT INTO `oc_city` (city_id, zone_id, name, code, jnereg) VALUES (4242, 320, "Labuan Amas Utara", "BDJ10106", "51600");
INSERT INTO `oc_city` (city_id, zone_id, name, code, jnereg) VALUES (4243, 320, "Pandawan", "BDJ10107", "51600");
INSERT INTO `oc_zone` (zone_id, country_id, name, status) VALUES (321, 21, "Kab. Hulu Sungai Utara", 1);
INSERT INTO `oc_city` (city_id, zone_id, name, code, jnereg, kgp) VALUES (4244, 321, "Amuntai", "BDJ20100", "40800", "27500");
INSERT INTO `oc_city` (city_id, zone_id, name, code, jnereg) VALUES (4245, 321, "Amuntai Selatan", "BDJ20102", "40800");
INSERT INTO `oc_city` (city_id, zone_id, name, code, jnereg) VALUES (4246, 321, "Amuntai Tengah", "BDJ20112", "40800");
INSERT INTO `oc_city` (city_id, zone_id, name, code, jnereg) VALUES (4247, 321, "Amuntai Utara", "BDJ20101", "40800");
INSERT INTO `oc_city` (city_id, zone_id, name, code, jnereg) VALUES (4248, 321, "Babirik", "BDJ20104", "51600");
INSERT INTO `oc_city` (city_id, zone_id, name, code, jnereg) VALUES (4249, 321, "Banjang", "BDJ20113", "51600");
INSERT INTO `oc_city` (city_id, zone_id, name, code, jnereg) VALUES (4250, 321, "Danau Panggang", "BDJ20106", "51600");
INSERT INTO `oc_city` (city_id, zone_id, name, code, jnereg) VALUES (4251, 321, "Sungai Pandan", "BDJ20111", "51600");
INSERT INTO `oc_zone` (zone_id, country_id, name, status) VALUES (322, 21, "Kab. Kota Baru", 1);
INSERT INTO `oc_city` (city_id, zone_id, name, code, jnereg) VALUES (4252, 322, "Hampang", "BDJ10302", "51600");
INSERT INTO `oc_city` (city_id, zone_id, name, code, jnereg) VALUES (4253, 322, "Kelumpang Hulu", "BDJ10305", "51600");
INSERT INTO `oc_city` (city_id, zone_id, name, code, jnereg) VALUES (4254, 322, "Kelumpang Selatan", "BDJ10306", "51600");
INSERT INTO `oc_city` (city_id, zone_id, name, code, jnereg) VALUES (4255, 322, "Kelumpang Tengah", "BDJ10304", "51600");
INSERT INTO `oc_city` (city_id, zone_id, name, code, jnereg) VALUES (4256, 322, "Kelumpang Utara", "BDJ10303", "51600");
INSERT INTO `oc_city` (city_id, zone_id, name, code, jnereg, kgp) VALUES (4257, 322, "Kota Baru", "BDJ10300", "40800", "27500");
INSERT INTO `oc_city` (city_id, zone_id, name, code, jnereg) VALUES (4258, 322, "Pamukan Selatan", "BDJ10310", "51600");
INSERT INTO `oc_city` (city_id, zone_id, name, code, jnereg) VALUES (4259, 322, "Pamukan Utara", "BDJ10309", "51600");
INSERT INTO `oc_city` (city_id, zone_id, name, code, jnereg) VALUES (4260, 322, "Pulau Laut Barat", "BDJ10312", "51600");
INSERT INTO `oc_city` (city_id, zone_id, name, code, jnereg) VALUES (4261, 322, "Pulau Laut Selatan", "BDJ10311", "51600");
INSERT INTO `oc_city` (city_id, zone_id, name, code, jnereg) VALUES (4262, 322, "Pulau Laut Timur", "BDJ10313", "51600");
INSERT INTO `oc_city` (city_id, zone_id, name, code, jnereg) VALUES (4263, 322, "Pulau Laut Utara", "BDJ10319", "51600");
INSERT INTO `oc_city` (city_id, zone_id, name, code, jnereg) VALUES (4264, 322, "Pulau Sebuku", "BDJ10315", "51600");
INSERT INTO `oc_city` (city_id, zone_id, name, code, jnereg) VALUES (4265, 322, "Pulau Sembilan", "BDJ10314", "51600");
INSERT INTO `oc_city` (city_id, zone_id, name, code, jnereg) VALUES (4266, 322, "Sampanahan", "BDJ10316", "51600");
INSERT INTO `oc_city` (city_id, zone_id, name, code, jnereg) VALUES (4267, 322, "Sungai Durian", "BDJ10318", "51600");
INSERT INTO `oc_zone` (zone_id, country_id, name, status) VALUES (323, 21, "Kab. Murung Raya", 1);
INSERT INTO `oc_city` (city_id, zone_id, name, code, jnereg) VALUES (4268, 323, "Laung Tuhup", "BDJ20901", "51600");
INSERT INTO `oc_city` (city_id, zone_id, name, code, jnereg) VALUES (4269, 323, "Murung", "BDJ20905", "51600");
INSERT INTO `oc_city` (city_id, zone_id, name, code, jnereg) VALUES (4270, 323, "Permata Intan", "BDJ20902", "51600");
INSERT INTO `oc_city` (city_id, zone_id, name, code, jnereg) VALUES (4271, 323, "Puruk Cahu", "BDJ20900", "40800");
INSERT INTO `oc_city` (city_id, zone_id, name, code, jnereg) VALUES (4272, 323, "Sumber Barito", "BDJ20903", "51600");
INSERT INTO `oc_city` (city_id, zone_id, name, code, jnereg) VALUES (4273, 323, "Tanah Siang", "BDJ20904", "51600");
INSERT INTO `oc_zone` (zone_id, country_id, name, status) VALUES (324, 21, "Kab. Tabalong", 1);
INSERT INTO `oc_city` (city_id, zone_id, name, code, jnereg) VALUES (4274, 324, "Banua Lawas", "BDJ10401", "51600");
INSERT INTO `oc_city` (city_id, zone_id, name, code, jnereg) VALUES (4275, 324, "Bintang Ara", "BDJ10412", "51600");
INSERT INTO `oc_city` (city_id, zone_id, name, code, jnereg) VALUES (4276, 324, "Haruai", "BDJ10402", "51600");
INSERT INTO `oc_city` (city_id, zone_id, name, code, jnereg) VALUES (4277, 324, "Jaro", "BDJ10403", "51600");
INSERT INTO `oc_city` (city_id, zone_id, name, code, jnereg) VALUES (4278, 324, "Kelua", "BDJ10404", "51600");
INSERT INTO `oc_city` (city_id, zone_id, name, code, jnereg) VALUES (4279, 324, "Muara Harus", "BDJ10405", "51600");
INSERT INTO `oc_city` (city_id, zone_id, name, code, jnereg) VALUES (4280, 324, "Muara Uya", "BDJ10406", "51600");
INSERT INTO `oc_city` (city_id, zone_id, name, code, jnereg) VALUES (4281, 324, "Murung Pudak", "BDJ10407", "51600");
INSERT INTO `oc_city` (city_id, zone_id, name, code, jnereg) VALUES (4282, 324, "Pugaan", "BDJ10408", "51600");
INSERT INTO `oc_city` (city_id, zone_id, name, code, jnereg, kgp) VALUES (4283, 324, "Tanjung", "BDJ10400", "40800", "33000");
INSERT INTO `oc_city` (city_id, zone_id, name, code, jnereg) VALUES (4284, 324, "Tanta", "BDJ10409", "51600");
INSERT INTO `oc_city` (city_id, zone_id, name, code, jnereg) VALUES (4285, 324, "Upau", "BDJ10410", "51600");
INSERT INTO `oc_zone` (zone_id, country_id, name, status) VALUES (325, 21, "Kab. Tampin", 1);
INSERT INTO `oc_city` (city_id, zone_id, name, code, jnereg) VALUES (4286, 325, "Bakarangan", "BDJ20501", "51600");
INSERT INTO `oc_city` (city_id, zone_id, name, code, jnereg) VALUES (4287, 325, "Binuang", "BDJ20502", "51600");
INSERT INTO `oc_city` (city_id, zone_id, name, code, jnereg) VALUES (4288, 325, "Bungur", "BDJ20503", "51600");
INSERT INTO `oc_city` (city_id, zone_id, name, code, jnereg) VALUES (4289, 325, "Candi Laras Selatan", "BDJ20505", "51600");
INSERT INTO `oc_city` (city_id, zone_id, name, code, jnereg) VALUES (4290, 325, "Candi Laras Utara", "BDJ20504", "51600");
INSERT INTO `oc_city` (city_id, zone_id, name, code, jnereg) VALUES (4291, 325, "Hatungun", "BDJ20506", "40800");
INSERT INTO `oc_city` (city_id, zone_id, name, code, jnereg) VALUES (4292, 325, "Lokpaikat", "BDJ20507", "51600");
INSERT INTO `oc_city` (city_id, zone_id, name, code, jnereg) VALUES (4293, 325, "Piani", "BDJ20508", "51600");
INSERT INTO `oc_city` (city_id, zone_id, name, code, jnereg, kgp) VALUES (4294, 325, "Rantau", "BDJ20500", "40800", "28500");
INSERT INTO `oc_city` (city_id, zone_id, name, code, jnereg) VALUES (4295, 325, "Salam Babaris", "BDJ20509", "40800");
INSERT INTO `oc_city` (city_id, zone_id, name, code, jnereg) VALUES (4296, 325, "Tapin Selatan", "BDJ20511", "40800");
INSERT INTO `oc_city` (city_id, zone_id, name, code, jnereg) VALUES (4297, 325, "Tapin Tengah", "BDJ20510", "40800");
INSERT INTO `oc_city` (city_id, zone_id, name, code, jnereg) VALUES (4298, 325, "Tapin Utara", "BDJ20512", "40800");
INSERT INTO `oc_zone` (zone_id, country_id, name, status) VALUES (326, 21, "Kab. Tanah Bambu", 1);
INSERT INTO `oc_city` (city_id, zone_id, name, code, jnereg, kgp) VALUES (4299, 326, "Batu Licin", "BDJ21300", "40800", "27500");
INSERT INTO `oc_city` (city_id, zone_id, name, code, jnereg) VALUES (4300, 326, "Kusan Hilir", "BDJ21301", "51600");
INSERT INTO `oc_city` (city_id, zone_id, name, code, jnereg) VALUES (4301, 326, "Kusan Hulu", "BDJ21302", "51600");
INSERT INTO `oc_city` (city_id, zone_id, name, code, jnereg) VALUES (4302, 326, "Satui", "BDJ21303", "51600");
INSERT INTO `oc_city` (city_id, zone_id, name, code, jnereg) VALUES (4303, 326, "Sungai Loban", "BDJ21304", "51600");
INSERT INTO `oc_zone` (zone_id, country_id, name, status) VALUES (327, 21, "Kab. Tanah Laut", 1);
INSERT INTO `oc_city` (city_id, zone_id, name, code, jnereg) VALUES (4304, 327, "Bati-Bati", "BDJ20401", "51600");
INSERT INTO `oc_city` (city_id, zone_id, name, code, jnereg) VALUES (4305, 327, "Batu Ampar", "BDJ20407", "51600");
INSERT INTO `oc_city` (city_id, zone_id, name, code, jnereg) VALUES (4306, 327, "Jorong", "BDJ20402", "51600");
INSERT INTO `oc_city` (city_id, zone_id, name, code, jnereg) VALUES (4307, 327, "Kintap", "BDJ20403", "51600");
INSERT INTO `oc_city` (city_id, zone_id, name, code, jnereg) VALUES (4308, 327, "Kurau", "BDJ20404", "51600");
INSERT INTO `oc_city` (city_id, zone_id, name, code, jnereg) VALUES (4309, 327, "Panyipatan", "BDJ20405", "51600");
INSERT INTO `oc_city` (city_id, zone_id, name, code, jnereg, kgp) VALUES (4310, 327, "Pelaihari", "BDJ20400", "40800", "28500");
INSERT INTO `oc_city` (city_id, zone_id, name, code, jnereg) VALUES (4311, 327, "Takisung", "BDJ20406", "51600");
INSERT INTO `oc_city` (city_id, zone_id, name, code, jnereg) VALUES (4312, 327, "Tambang Ulang", "BDJ20408", "51600");
INSERT INTO `oc_zone` (zone_id, country_id, name, status) VALUES (328, 21, "Kota Banjarbaru", 1);
INSERT INTO `oc_city` (city_id, zone_id, name, code, jnereg, kgp) VALUES (4313, 328, "BanjarBaru", "BDJ10500", "27600", "25000");
INSERT INTO `oc_city` (city_id, zone_id, name, code, jnereg) VALUES (4314, 328, "Cempaka", "BDJ10501", "27600");
INSERT INTO `oc_city` (city_id, zone_id, name, code, jnereg) VALUES (4315, 328, "Landasan Ulin", "BDJ10502", "27600");
INSERT INTO `oc_zone` (zone_id, country_id, name, status) VALUES (329, 21, "Kota Banjarmasin", 1);
INSERT INTO `oc_city` (city_id, zone_id, name, code, jnereg, kgp) VALUES (4316, 329, "Banjarmasin", "BDJ10000", "27600", "18500");
INSERT INTO `oc_city` (city_id, zone_id, name, code, jnereg, kgp) VALUES (4317, 329, "Banjarmasin Barat", "BDJ10001", "27600", "18500");
INSERT INTO `oc_city` (city_id, zone_id, name, code, jnereg, kgp) VALUES (4318, 329, "Banjarmasin Selatan", "BDJ10002", "27600", "18500");
INSERT INTO `oc_city` (city_id, zone_id, name, code, jnereg, kgp) VALUES (4319, 329, "Banjarmasin Tengah", "BDJ10003", "27600", "18500");
INSERT INTO `oc_city` (city_id, zone_id, name, code, jnereg, kgp) VALUES (4320, 329, "Banjarmasin Timur", "BDJ10004", "27600", "18500");
INSERT INTO `oc_city` (city_id, zone_id, name, code, jnereg, kgp) VALUES (4321, 329, "Banjarmasin Utara", "BDJ10005", "27600", "18500");
INSERT INTO `oc_country` (country_id, name, iso_code_2, iso_code_3, postcode_required, status) VALUES (22, "Kalimantan Tengah", "ID", "IDN", 1, 1);
INSERT INTO `oc_zone` (zone_id, country_id, name, status) VALUES (330, 22, "Kab. Gunung Mas", 1);
INSERT INTO `oc_city` (city_id, zone_id, name, code, jnereg) VALUES (4322, 330, "Kahayan Hulu Utara", "PKY20401", "114000");
INSERT INTO `oc_city` (city_id, zone_id, name, code, jnereg) VALUES (4323, 330, "Kuala Kurun", "PKY20400", "60000");
INSERT INTO `oc_city` (city_id, zone_id, name, code, jnereg) VALUES (4324, 330, "Munuhing", "PKY20408", "114000");
INSERT INTO `oc_city` (city_id, zone_id, name, code, jnereg) VALUES (4325, 330, "Rungan", "PKY20404", "114000");
INSERT INTO `oc_city` (city_id, zone_id, name, code, jnereg) VALUES (4326, 330, "Sepang", "PKY20405", "75600");
INSERT INTO `oc_city` (city_id, zone_id, name, code, jnereg) VALUES (4327, 330, "Tewah", "PKY20406", "114000");
INSERT INTO `oc_zone` (zone_id, country_id, name, status) VALUES (331, 22, "Kab. Kapuas", 1);
INSERT INTO `oc_city` (city_id, zone_id, name, code, jnereg) VALUES (4328, 331, "Basarang", "PKY20302", "75600");
INSERT INTO `oc_city` (city_id, zone_id, name, code, jnereg) VALUES (4329, 331, "Kapuas Barat", "PKY20306", "75600");
INSERT INTO `oc_city` (city_id, zone_id, name, code, jnereg) VALUES (4330, 331, "Kapuas Hilir", "PKY20317", "75600");
INSERT INTO `oc_city` (city_id, zone_id, name, code, jnereg) VALUES (4331, 331, "Kapuas Hulu", "PKY20316", "75600");
INSERT INTO `oc_city` (city_id, zone_id, name, code, jnereg) VALUES (4332, 331, "Kapuas Kuala", "PKY20310", "75600");
INSERT INTO `oc_city` (city_id, zone_id, name, code, jnereg) VALUES (4333, 331, "Kapuas Murung", "PKY20307", "75600");
INSERT INTO `oc_city` (city_id, zone_id, name, code, jnereg) VALUES (4334, 331, "Kapuas Tengah", "PKY20308", "75600");
INSERT INTO `oc_city` (city_id, zone_id, name, code, jnereg) VALUES (4335, 331, "Kapuas Timur", "PKY20309", "75600");
INSERT INTO `oc_city` (city_id, zone_id, name, code, jnereg) VALUES (4336, 331, "Kuala Kapuas", "PKY20300", "60000");
INSERT INTO `oc_city` (city_id, zone_id, name, code, jnereg) VALUES (4337, 331, "Mantangai", "PKY20311", "75600");
INSERT INTO `oc_city` (city_id, zone_id, name, code, jnereg) VALUES (4338, 331, "Pulau Petak", "PKY20313", "75600");
INSERT INTO `oc_city` (city_id, zone_id, name, code, jnereg) VALUES (4339, 331, "Selat", "PKY20318", "75600");
INSERT INTO `oc_city` (city_id, zone_id, name, code, jnereg) VALUES (4340, 331, "Timpah", "PKY20314", "75600");
INSERT INTO `oc_zone` (zone_id, country_id, name, status) VALUES (332, 22, "Kab. Katingan", 1);
INSERT INTO `oc_city` (city_id, zone_id, name, code, jnereg) VALUES (4341, 332, "Kamipang", "PKY20201", "114000");
INSERT INTO `oc_city` (city_id, zone_id, name, code, jnereg) VALUES (4342, 332, "Kasongan", "PKY20200", "60000");
INSERT INTO `oc_city` (city_id, zone_id, name, code, jnereg) VALUES (4343, 332, "Katingan Hilir", "PKY20213", "75600");
INSERT INTO `oc_city` (city_id, zone_id, name, code, jnereg) VALUES (4344, 332, "Katingan Hulu", "PKY20202", "114000");
INSERT INTO `oc_city` (city_id, zone_id, name, code, jnereg) VALUES (4345, 332, "Katingan Kuala", "PKY20203", "114000");
INSERT INTO `oc_city` (city_id, zone_id, name, code, jnereg) VALUES (4346, 332, "Katingan Tengah", "PKY20204", "75600");
INSERT INTO `oc_city` (city_id, zone_id, name, code, jnereg) VALUES (4347, 332, "Marikit", "PKY20205", "114000");
INSERT INTO `oc_city` (city_id, zone_id, name, code, jnereg) VALUES (4348, 332, "Mendawai", "PKY20212", "75600");
INSERT INTO `oc_city` (city_id, zone_id, name, code, jnereg) VALUES (4349, 332, "Pulau Malan", "PKY20206", "75600");
INSERT INTO `oc_city` (city_id, zone_id, name, code, jnereg) VALUES (4350, 332, "Sanaman Mantikei", "PKY20207", "114000");
INSERT INTO `oc_city` (city_id, zone_id, name, code, jnereg) VALUES (4351, 332, "Tasik Payawan", "PKY20208", "114000");
INSERT INTO `oc_city` (city_id, zone_id, name, code, jnereg) VALUES (4352, 332, "Tewang Sangalang Garing", "PKY20209", "114000");
INSERT INTO `oc_zone` (zone_id, country_id, name, status) VALUES (333, 22, "Kab. Kotawaringin Barat", 1);
INSERT INTO `oc_city` (city_id, zone_id, name, code, jnereg) VALUES (4353, 333, "Arut Selatan", "PKY20710", "75600");
INSERT INTO `oc_city` (city_id, zone_id, name, code, jnereg) VALUES (4354, 333, "Arut Utara", "PKY20701", "75600");
INSERT INTO `oc_city` (city_id, zone_id, name, code, jnereg) VALUES (4355, 333, "Kota Waringin Lama", "PKY20706", "75600");
INSERT INTO `oc_city` (city_id, zone_id, name, code, jnereg) VALUES (4356, 333, "Kumai", "PKY20707", "75600");
INSERT INTO `oc_city` (city_id, zone_id, name, code, jnereg) VALUES (4357, 333, "Pangkalan Banteng", "PKY20712", "75600");
INSERT INTO `oc_city` (city_id, zone_id, name, code, jnereg) VALUES (4358, 333, "Pangkalan Bun", "PKY20700", "60000");
INSERT INTO `oc_city` (city_id, zone_id, name, code, jnereg) VALUES (4359, 333, "Pangkalan Lada", "PKY20711", "75600");
INSERT INTO `oc_zone` (zone_id, country_id, name, status) VALUES (334, 22, "Kab. Kotawaringin Timur", 1);
INSERT INTO `oc_city` (city_id, zone_id, name, code, jnereg) VALUES (4360, 334, "Antang Kalang", "PKY20808", "75600");
INSERT INTO `oc_city` (city_id, zone_id, name, code, jnereg) VALUES (4361, 334, "Baamang", "PKY20809", "75600");
INSERT INTO `oc_city` (city_id, zone_id, name, code, jnereg) VALUES (4362, 334, "Cempaga", "PKY20801", "75600");
INSERT INTO `oc_city` (city_id, zone_id, name, code, jnereg) VALUES (4363, 334, "Kota Besi", "PKY20802", "75600");
INSERT INTO `oc_city` (city_id, zone_id, name, code, jnereg) VALUES (4364, 334, "Mentawa Baru", "PKY20810", "75600");
INSERT INTO `oc_city` (city_id, zone_id, name, code, jnereg) VALUES (4365, 334, "Mentaya Hilir Selatan", "PKY20803", "75600");
INSERT INTO `oc_city` (city_id, zone_id, name, code, jnereg) VALUES (4366, 334, "Mentaya Hilir Utara", "PKY20805", "75600");
INSERT INTO `oc_city` (city_id, zone_id, name, code, jnereg) VALUES (4367, 334, "Mentaya Hulu", "PKY20804", "75600");
INSERT INTO `oc_city` (city_id, zone_id, name, code, jnereg) VALUES (4368, 334, "Parenggean", "PKY20806", "75600");
INSERT INTO `oc_city` (city_id, zone_id, name, code, jnereg) VALUES (4369, 334, "Pulau Hanaut", "PKY20807", "75600");
INSERT INTO `oc_city` (city_id, zone_id, name, code, jnereg) VALUES (4370, 334, "Sampit", "PKY20800", "60000");
INSERT INTO `oc_zone` (zone_id, country_id, name, status) VALUES (335, 22, "Kab. Lamandau", 1);
INSERT INTO `oc_city` (city_id, zone_id, name, code, jnereg) VALUES (4371, 335, "Bulik", "PKY21101", "75600");
INSERT INTO `oc_city` (city_id, zone_id, name, code, jnereg) VALUES (4372, 335, "Delang", "PKY21102", "114000");
INSERT INTO `oc_city` (city_id, zone_id, name, code, jnereg) VALUES (4373, 335, "Lamandau", "PKY21103", "75600");
INSERT INTO `oc_city` (city_id, zone_id, name, code, jnereg) VALUES (4374, 335, "Nanga Bulik", "PKY21100", "60000");
INSERT INTO `oc_zone` (zone_id, country_id, name, status) VALUES (336, 22, "Kab. Pulang Pisau", 1);
INSERT INTO `oc_city` (city_id, zone_id, name, code, jnereg) VALUES (4375, 336, "Banamatingang", "PKY21201", "75600");
INSERT INTO `oc_city` (city_id, zone_id, name, code, jnereg) VALUES (4376, 336, "Kahayan Hilir", "PKY21202", "75600");
INSERT INTO `oc_city` (city_id, zone_id, name, code, jnereg) VALUES (4377, 336, "Kahayan Kuala", "PKY21204", "114000");
INSERT INTO `oc_city` (city_id, zone_id, name, code, jnereg) VALUES (4378, 336, "Kahayan Tengah", "PKY21203", "75600");
INSERT INTO `oc_city` (city_id, zone_id, name, code, jnereg) VALUES (4379, 336, "Maliku", "PKY21206", "114000");
INSERT INTO `oc_city` (city_id, zone_id, name, code, jnereg) VALUES (4380, 336, "Pandih Batu", "PKY21205", "75600");
INSERT INTO `oc_city` (city_id, zone_id, name, code, jnereg) VALUES (4381, 336, "Pulang Pisau", "PKY21200", "60000");
INSERT INTO `oc_zone` (zone_id, country_id, name, status) VALUES (337, 22, "Kab. Seruyan", 1);
INSERT INTO `oc_city` (city_id, zone_id, name, code, jnereg) VALUES (4382, 337, "Danau Sembuluh", "PKY20501", "75600");
INSERT INTO `oc_city` (city_id, zone_id, name, code, jnereg) VALUES (4383, 337, "Hanau", "PKY20502", "114000");
INSERT INTO `oc_city` (city_id, zone_id, name, code, jnereg) VALUES (4384, 337, "Kuala Pembuang", "PKY20500", "60000");
INSERT INTO `oc_city` (city_id, zone_id, name, code, jnereg) VALUES (4385, 337, "Seruyan Hilir", "PKY20505", "75600");
INSERT INTO `oc_city` (city_id, zone_id, name, code, jnereg) VALUES (4386, 337, "Seruyan Hulu", "PKY20503", "114000");
INSERT INTO `oc_city` (city_id, zone_id, name, code, jnereg) VALUES (4387, 337, "Seruyan Tengah", "PKY20504", "114000");
INSERT INTO `oc_zone` (zone_id, country_id, name, status) VALUES (338, 22, "Kab. Sukamara", 1);
INSERT INTO `oc_city` (city_id, zone_id, name, code, jnereg) VALUES (4388, 338, "Balai Riam", "PKY21301", "75600");
INSERT INTO `oc_city` (city_id, zone_id, name, code, jnereg) VALUES (4389, 338, "Jelai", "PKY21302", "75600");
INSERT INTO `oc_city` (city_id, zone_id, name, code, jnereg) VALUES (4390, 338, "Sukamara", "PKY21300", "60000");
INSERT INTO `oc_zone` (zone_id, country_id, name, status) VALUES (339, 22, "Kota Palangkaraya", 1);
INSERT INTO `oc_city` (city_id, zone_id, name, code, jnereg) VALUES (4391, 339, "Bukit Batu", "PKY10001", "32400");
INSERT INTO `oc_city` (city_id, zone_id, name, code, jnereg) VALUES (4392, 339, "Jekan Raya", "PKY10002", "32400");
INSERT INTO `oc_city` (city_id, zone_id, name, code, jnereg) VALUES (4393, 339, "Pahandut", "PKY10003", "32400");
INSERT INTO `oc_city` (city_id, zone_id, name, code, jnereg, kgp) VALUES (4394, 339, "Palangkaraya", "PKY10000", "32400", "25500");
INSERT INTO `oc_city` (city_id, zone_id, name, code, jnereg) VALUES (4395, 339, "Rakumpit", "PKY10004", "114000");
INSERT INTO `oc_city` (city_id, zone_id, name, code, jnereg) VALUES (4396, 339, "Sebangau", "PKY10005", "32400");
INSERT INTO `oc_country` (country_id, name, iso_code_2, iso_code_3, postcode_required, status) VALUES (23, "Kalimantan Timur", "ID", "IDN", 1, 1);
INSERT INTO `oc_zone` (zone_id, country_id, name, status) VALUES (340, 23, "Kab. Berau", 1);
INSERT INTO `oc_city` (city_id, zone_id, name, code, jnereg, kgp) VALUES (4397, 340, "Biduk Biduk", "BPN20201", "51600", "43000");
INSERT INTO `oc_city` (city_id, zone_id, name, code, jnereg, kgp) VALUES (4398, 340, "Gunung Tabur", "BPN20202", "51600", "38000");
INSERT INTO `oc_city` (city_id, zone_id, name, code, jnereg) VALUES (4399, 340, "Kelay", "BPN20203", "51600");
INSERT INTO `oc_city` (city_id, zone_id, name, code, jnereg, kgp) VALUES (4400, 340, "Maratua", "BPN20210", "51600", "43000");
INSERT INTO `oc_city` (city_id, zone_id, name, code, jnereg) VALUES (4401, 340, "Pulau Derawan", "BPN20204", "51600");
INSERT INTO `oc_city` (city_id, zone_id, name, code, jnereg) VALUES (4402, 340, "Sambaliung", "BPN20205", "51600");
INSERT INTO `oc_city` (city_id, zone_id, name, code, jnereg) VALUES (4403, 340, "Segah", "BPN20206", "51600");
INSERT INTO `oc_city` (city_id, zone_id, name, code, jnereg, kgp) VALUES (4404, 340, "Talisayan", "BPN20207", "51600", "43000");
INSERT INTO `oc_city` (city_id, zone_id, name, code, jnereg, kgp) VALUES (4405, 340, "Tanjung Redeb", "BPN20200", "40800", "33000");
INSERT INTO `oc_city` (city_id, zone_id, name, code, jnereg, kgp) VALUES (4406, 340, "Teluk Bayur", "BPN20211", "51600", "38000");
INSERT INTO `oc_city` (city_id, zone_id, name, code, jnereg) VALUES (4407, 340, "Tubaan", "BPN20212", "51600");
INSERT INTO `oc_zone` (zone_id, country_id, name, status) VALUES (341, 23, "Kab. Bulungan", 1);
INSERT INTO `oc_city` (city_id, zone_id, name, code, jnereg) VALUES (4408, 341, "Peso / Longpeso", "TRK20103", "60000");
INSERT INTO `oc_city` (city_id, zone_id, name, code, jnereg) VALUES (4409, 341, "Peso Hilir", "TRK20106", "60000");
INSERT INTO `oc_city` (city_id, zone_id, name, code, jnereg) VALUES (4410, 341, "Pulau Bunyu", "TRK20105", "60000");
INSERT INTO `oc_city` (city_id, zone_id, name, code, jnereg) VALUES (4411, 341, "Sekatak", "TRK20107", "60000");
INSERT INTO `oc_city` (city_id, zone_id, name, code, jnereg) VALUES (4412, 341, "Tanjung Palas", "TRK20108", "60000");
INSERT INTO `oc_city` (city_id, zone_id, name, code, jnereg) VALUES (4413, 341, "Tanjung Palas Barat", "TRK20109", "60000");
INSERT INTO `oc_city` (city_id, zone_id, name, code, jnereg) VALUES (4414, 341, "Tanjung Palas Tengah", "TRK20110", "60000");
INSERT INTO `oc_city` (city_id, zone_id, name, code, jnereg) VALUES (4415, 341, "Tanjung Palas Timur", "TRK20111", "60000");
INSERT INTO `oc_city` (city_id, zone_id, name, code, jnereg) VALUES (4416, 341, "Tanjung Palas Utara", "TRK20112", "60000");
INSERT INTO `oc_city` (city_id, zone_id, name, code, jnereg, kgp) VALUES (4417, 341, "Tanjung Selor", "TRK20100", "48000", "35000");
INSERT INTO `oc_zone` (zone_id, country_id, name, status) VALUES (342, 23, "Kab. Kutai Barat", 1);
INSERT INTO `oc_city` (city_id, zone_id, name, code, jnereg) VALUES (4418, 342, "Barong Tongkok", "SMD20201", "64800");
INSERT INTO `oc_city` (city_id, zone_id, name, code, jnereg) VALUES (4419, 342, "Bentian Besar", "SMD20202", "97200");
INSERT INTO `oc_city` (city_id, zone_id, name, code, jnereg) VALUES (4420, 342, "Bongan", "SMD20203", "97200");
INSERT INTO `oc_city` (city_id, zone_id, name, code, jnereg) VALUES (4421, 342, "Damai", "SMD20204", "97200");
INSERT INTO `oc_city` (city_id, zone_id, name, code, jnereg) VALUES (4422, 342, "Jempang", "SMD20205", "97200");
INSERT INTO `oc_city` (city_id, zone_id, name, code, jnereg) VALUES (4423, 342, "Linggang Bigung", "SMD20214", "64800");
INSERT INTO `oc_city` (city_id, zone_id, name, code, jnereg) VALUES (4424, 342, "Long Apari", "SMD20206", "97200");
INSERT INTO `oc_city` (city_id, zone_id, name, code, jnereg) VALUES (4425, 342, "Long Bagun", "SMD20209", "97200");
INSERT INTO `oc_city` (city_id, zone_id, name, code, jnereg) VALUES (4426, 342, "Long Hubung", "SMD20215", "97200");
INSERT INTO `oc_city` (city_id, zone_id, name, code, jnereg) VALUES (4427, 342, "Long Iram", "SMD20207", "97200");
INSERT INTO `oc_city` (city_id, zone_id, name, code, jnereg) VALUES (4428, 342, "Long Pahangai", "SMD20208", "97200");
INSERT INTO `oc_city` (city_id, zone_id, name, code, jnereg) VALUES (4429, 342, "Melak", "SMD20210", "64800");
INSERT INTO `oc_city` (city_id, zone_id, name, code, jnereg) VALUES (4430, 342, "Muara Lawa", "SMD20212", "64800");
INSERT INTO `oc_city` (city_id, zone_id, name, code, jnereg) VALUES (4431, 342, "Muara Pahu", "SMD20211", "64800");
INSERT INTO `oc_city` (city_id, zone_id, name, code, jnereg) VALUES (4432, 342, "Nyuwatan", "SMD20216", "64800");
INSERT INTO `oc_city` (city_id, zone_id, name, code, jnereg) VALUES (4433, 342, "Penyinggahan", "SMD20213", "64800");
INSERT INTO `oc_city` (city_id, zone_id, name, code, jnereg) VALUES (4434, 342, "Sendawar", "SMD20200", "51600");
INSERT INTO `oc_zone` (zone_id, country_id, name, status) VALUES (343, 23, "Kab. Kutai Kartanegara", 1);
INSERT INTO `oc_city` (city_id, zone_id, name, code, jnereg) VALUES (4435, 343, "Anggana", "SMD20133", "64800");
INSERT INTO `oc_city` (city_id, zone_id, name, code, jnereg) VALUES (4436, 343, "Kembang Janggut", "SMD20106", "97200");
INSERT INTO `oc_city` (city_id, zone_id, name, code, jnereg) VALUES (4437, 343, "Kenohan", "SMD20107", "97200");
INSERT INTO `oc_city` (city_id, zone_id, name, code, jnereg) VALUES (4438, 343, "Kota Bangun", "SMD20108", "64800");
INSERT INTO `oc_city` (city_id, zone_id, name, code, jnereg) VALUES (4439, 343, "Loa Janan", "SMD20126", "64800");
INSERT INTO `oc_city` (city_id, zone_id, name, code, jnereg) VALUES (4440, 343, "Loa Kulu", "SMD20109", "51600");
INSERT INTO `oc_city` (city_id, zone_id, name, code, jnereg) VALUES (4441, 343, "Marang Kayu", "SMD20130", "64800");
INSERT INTO `oc_city` (city_id, zone_id, name, code, jnereg) VALUES (4442, 343, "Muara Badak", "SMD20127", "51600");
INSERT INTO `oc_city` (city_id, zone_id, name, code, jnereg) VALUES (4443, 343, "Muara Jawa", "BPN10014", "51600");
INSERT INTO `oc_city` (city_id, zone_id, name, code, jnereg) VALUES (4444, 343, "Muara Kaman", "SMD20117", "64800");
INSERT INTO `oc_city` (city_id, zone_id, name, code, jnereg) VALUES (4445, 343, "Muara Muntai", "SMD20120", "64800");
INSERT INTO `oc_city` (city_id, zone_id, name, code, jnereg) VALUES (4446, 343, "Muara Wis", "SMD20131", "64800");
INSERT INTO `oc_city` (city_id, zone_id, name, code, jnereg) VALUES (4447, 343, "Samboja", "BPN10008", "51600");
INSERT INTO `oc_city` (city_id, zone_id, name, code, jnereg) VALUES (4448, 343, "Sanga-Sanga", "SMD20128", "51600");
INSERT INTO `oc_city` (city_id, zone_id, name, code, jnereg) VALUES (4449, 343, "Sebulu", "SMD20123", "64800");
INSERT INTO `oc_city` (city_id, zone_id, name, code, jnereg) VALUES (4450, 343, "Tabang", "SMD20124", "97200");
INSERT INTO `oc_city` (city_id, zone_id, name, code, jnereg, kgp) VALUES (4451, 343, "Tenggarong", "SMD20100", "51600", "33000");
INSERT INTO `oc_city` (city_id, zone_id, name, code, jnereg) VALUES (4452, 343, "Tenggarong Seberang", "SMD20132", "64800");
INSERT INTO `oc_zone` (zone_id, country_id, name, status) VALUES (344, 23, "Kab. Kutai Timur", 1);
INSERT INTO `oc_city` (city_id, zone_id, name, code, jnereg) VALUES (4453, 344, "Batu Ampar", "BTG20102", "90000");
INSERT INTO `oc_city` (city_id, zone_id, name, code, jnereg) VALUES (4454, 344, "Bengalon", "BTG20103", "60000");
INSERT INTO `oc_city` (city_id, zone_id, name, code, jnereg) VALUES (4455, 344, "Busang", "BTG20104", "90000");
INSERT INTO `oc_city` (city_id, zone_id, name, code, jnereg) VALUES (4456, 344, "Kaliorang", "BTG20105", "60000");
INSERT INTO `oc_city` (city_id, zone_id, name, code, jnereg) VALUES (4457, 344, "Karangan", "BTG20106", "90000");
INSERT INTO `oc_city` (city_id, zone_id, name, code, jnereg) VALUES (4458, 344, "Kaubun", "BTG20107", "90000");
INSERT INTO `oc_city` (city_id, zone_id, name, code, jnereg) VALUES (4459, 344, "Kongbeng", "BTG20108", "90000");
INSERT INTO `oc_city` (city_id, zone_id, name, code, jnereg) VALUES (4460, 344, "Long Masengat", "BTG20109", "90000");
INSERT INTO `oc_city` (city_id, zone_id, name, code, jnereg) VALUES (4461, 344, "Muara Ancalong", "BTG20110", "90000");
INSERT INTO `oc_city` (city_id, zone_id, name, code, jnereg) VALUES (4462, 344, "Muara Bengkal", "BTG20111", "90000");
INSERT INTO `oc_city` (city_id, zone_id, name, code, jnereg) VALUES (4463, 344, "Muara Wahau", "BTG20112", "60000");
INSERT INTO `oc_city` (city_id, zone_id, name, code, jnereg) VALUES (4464, 344, "Rantau Pulung", "BTG20113", "60000");
INSERT INTO `oc_city` (city_id, zone_id, name, code, jnereg) VALUES (4465, 344, "Sandaran", "BTG20114", "90000");
INSERT INTO `oc_city` (city_id, zone_id, name, code, jnereg) VALUES (4466, 344, "Sangatta", "BTG20100", "48000");
INSERT INTO `oc_city` (city_id, zone_id, name, code, jnereg) VALUES (4467, 344, "Sangatta Selatan", "BTG20115", "48000");
INSERT INTO `oc_city` (city_id, zone_id, name, code, jnereg) VALUES (4468, 344, "Sangkima", "BTG20120", "48000");
INSERT INTO `oc_city` (city_id, zone_id, name, code, jnereg) VALUES (4469, 344, "Sangkulirang", "BTG20116", "60000");
INSERT INTO `oc_city` (city_id, zone_id, name, code, jnereg) VALUES (4470, 344, "Singa Gembara", "BTG20122", "48000");
INSERT INTO `oc_city` (city_id, zone_id, name, code, jnereg) VALUES (4471, 344, "Swarga Bara", "BTG20121", "48000");
INSERT INTO `oc_city` (city_id, zone_id, name, code, jnereg) VALUES (4472, 344, "Telen", "BTG20117", "90000");
INSERT INTO `oc_city` (city_id, zone_id, name, code, jnereg) VALUES (4473, 344, "Teluk Pandan", "BTG20101", "48000");
INSERT INTO `oc_zone` (zone_id, country_id, name, status) VALUES (345, 23, "Kab. Malinau", 1);
INSERT INTO `oc_city` (city_id, zone_id, name, code, jnereg) VALUES (4474, 345, "Kayan Hilir", "TRK20203", "60000");
INSERT INTO `oc_city` (city_id, zone_id, name, code, jnereg) VALUES (4475, 345, "Kayan Hulu", "TRK20202", "60000");
INSERT INTO `oc_city` (city_id, zone_id, name, code, jnereg, kgp) VALUES (4476, 345, "Malinau", "TRK20200", "48000", "42000");
INSERT INTO `oc_city` (city_id, zone_id, name, code, jnereg) VALUES (4477, 345, "Malinau Barat", "TRK20205", "48000");
INSERT INTO `oc_city` (city_id, zone_id, name, code, jnereg) VALUES (4478, 345, "Malinau Selatan", "TRK20206", "48000");
INSERT INTO `oc_city` (city_id, zone_id, name, code, jnereg) VALUES (4479, 345, "Malinau Utara", "TRK20207", "48000");
INSERT INTO `oc_city` (city_id, zone_id, name, code, jnereg) VALUES (4480, 345, "Mentarang", "TRK20201", "60000");
INSERT INTO `oc_city` (city_id, zone_id, name, code, jnereg) VALUES (4481, 345, "Pujungan", "TRK20204", "60000");
INSERT INTO `oc_city` (city_id, zone_id, name, code, jnereg) VALUES (4482, 345, "Sungai Boh", "TRK20208", "60000");
INSERT INTO `oc_zone` (zone_id, country_id, name, status) VALUES (346, 23, "Kab. Nunukan", 1);
INSERT INTO `oc_city` (city_id, zone_id, name, code, jnereg) VALUES (4483, 346, "Krayan", "TRK20301", "60000");
INSERT INTO `oc_city` (city_id, zone_id, name, code, jnereg) VALUES (4484, 346, "Krayan Selatan", "TRK20303", "60000");
INSERT INTO `oc_city` (city_id, zone_id, name, code, jnereg) VALUES (4485, 346, "Lumbis", "TRK20302", "60000");
INSERT INTO `oc_city` (city_id, zone_id, name, code, jnereg, kgp) VALUES (4486, 346, "Nunukan", "TRK20300", "48000", "42000");
INSERT INTO `oc_city` (city_id, zone_id, name, code, jnereg) VALUES (4487, 346, "Sebatik", "TRK20304", "48000");
INSERT INTO `oc_city` (city_id, zone_id, name, code, jnereg) VALUES (4488, 346, "Sebuku", "TRK20305", "60000");
INSERT INTO `oc_zone` (zone_id, country_id, name, status) VALUES (347, 23, "Kab. Panajam Paser Utara", 1);
INSERT INTO `oc_city` (city_id, zone_id, name, code, jnereg) VALUES (4489, 347, "Babulu", "BPN20302", "51600");
INSERT INTO `oc_city` (city_id, zone_id, name, code, jnereg) VALUES (4490, 347, "Penajam", "BPN20300", "40800");
INSERT INTO `oc_city` (city_id, zone_id, name, code, jnereg) VALUES (4491, 347, "Sepaku", "BPN20303", "78000");
INSERT INTO `oc_city` (city_id, zone_id, name, code, jnereg) VALUES (4492, 347, "Waru", "BPN20301", "51600");
INSERT INTO `oc_zone` (zone_id, country_id, name, status) VALUES (348, 23, "Kab. Paser", 1);
INSERT INTO `oc_city` (city_id, zone_id, name, code, jnereg) VALUES (4493, 348, "Batu Engau", "BPN20109", "78000");
INSERT INTO `oc_city` (city_id, zone_id, name, code, jnereg) VALUES (4494, 348, "Batu Sopang", "BPN20101", "51600");
INSERT INTO `oc_city` (city_id, zone_id, name, code, jnereg) VALUES (4495, 348, "Kuaro", "BPN20102", "51600");
INSERT INTO `oc_city` (city_id, zone_id, name, code, jnereg) VALUES (4496, 348, "Long Ikis", "BPN20104", "51600");
INSERT INTO `oc_city` (city_id, zone_id, name, code, jnereg) VALUES (4497, 348, "Long Kali", "BPN20103", "51600");
INSERT INTO `oc_city` (city_id, zone_id, name, code, jnereg) VALUES (4498, 348, "Muara Komam", "BPN20105", "51600");
INSERT INTO `oc_city` (city_id, zone_id, name, code, jnereg) VALUES (4499, 348, "Muara Samu", "BPN20111", "78000");
INSERT INTO `oc_city` (city_id, zone_id, name, code, jnereg) VALUES (4500, 348, "Pasir Balengkong", "BPN20106", "78000");
INSERT INTO `oc_city` (city_id, zone_id, name, code, jnereg, kgp) VALUES (4501, 348, "Tanah Grogot", "BPN20100", "40800", "30000");
INSERT INTO `oc_city` (city_id, zone_id, name, code, jnereg) VALUES (4502, 348, "Tanjung Harapan", "BPN20110", "78000");
INSERT INTO `oc_zone` (zone_id, country_id, name, status) VALUES (349, 23, "Kab. Tana Tidung", 1);
INSERT INTO `oc_city` (city_id, zone_id, name, code, jnereg) VALUES (4503, 349, "Sembakung", "TRK20401", "60000");
INSERT INTO `oc_city` (city_id, zone_id, name, code, jnereg) VALUES (4504, 349, "Sesayap", "TRK20402", "60000");
INSERT INTO `oc_city` (city_id, zone_id, name, code, jnereg) VALUES (4505, 349, "Sesayap Hilir", "TRK20403", "60000");
INSERT INTO `oc_city` (city_id, zone_id, name, code, jnereg) VALUES (4506, 349, "Tanah Lia", "TRK20404", "60000");
INSERT INTO `oc_city` (city_id, zone_id, name, code, jnereg) VALUES (4507, 349, "Tanah Tidung", "TRK20400", "48000");
INSERT INTO `oc_zone` (zone_id, country_id, name, status) VALUES (350, 23, "Kota Balikpapan", 1);
INSERT INTO `oc_city` (city_id, zone_id, name, code, jnereg, kgp) VALUES (4508, 350, "Balikpapan", "BPN10000", "26400", "22000");
INSERT INTO `oc_city` (city_id, zone_id, name, code, jnereg) VALUES (4509, 350, "Balikpapan Barat", "BPN10009", "26400");
INSERT INTO `oc_city` (city_id, zone_id, name, code, jnereg) VALUES (4510, 350, "Balikpapan Selatan", "BPN10010", "26400");
INSERT INTO `oc_city` (city_id, zone_id, name, code, jnereg) VALUES (4511, 350, "Balikpapan Tengah", "BPN10011", "26400");
INSERT INTO `oc_city` (city_id, zone_id, name, code, jnereg) VALUES (4512, 350, "Balikpapan Timur", "BPN10012", "26400");
INSERT INTO `oc_city` (city_id, zone_id, name, code, jnereg) VALUES (4513, 350, "Balikpapan Utara", "BPN10013", "26400");
INSERT INTO `oc_zone` (zone_id, country_id, name, status) VALUES (351, 23, "Kota Bontang", 1);
INSERT INTO `oc_city` (city_id, zone_id, name, code, jnereg, kgp) VALUES (4514, 351, "Bontang", "BTG10000", "39600", "32000");
INSERT INTO `oc_city` (city_id, zone_id, name, code, jnereg) VALUES (4515, 351, "Bontang Barat", "BTG10002", "39600");
INSERT INTO `oc_city` (city_id, zone_id, name, code, jnereg) VALUES (4516, 351, "Bontang Selatan", "BTG10003", "39600");
INSERT INTO `oc_city` (city_id, zone_id, name, code, jnereg) VALUES (4517, 351, "Bontang Utara", "BTG10004", "39600");
INSERT INTO `oc_zone` (zone_id, country_id, name, status) VALUES (352, 23, "Kota Samarinda", 1);
INSERT INTO `oc_city` (city_id, zone_id, name, code, jnereg) VALUES (4518, 352, "Palaran", "SMD10007", "31200");
INSERT INTO `oc_city` (city_id, zone_id, name, code, jnereg, kgp) VALUES (4519, 352, "Samarinda", "SMD10000", "31200", "25000");
INSERT INTO `oc_city` (city_id, zone_id, name, code, jnereg) VALUES (4520, 352, "Samarinda Ilir", "SMD10009", "31200");
INSERT INTO `oc_city` (city_id, zone_id, name, code, jnereg) VALUES (4521, 352, "Samarinda Seberang", "SMD10005", "31200");
INSERT INTO `oc_city` (city_id, zone_id, name, code, jnereg) VALUES (4522, 352, "Samarinda Ulu", "SMD10010", "31200");
INSERT INTO `oc_city` (city_id, zone_id, name, code, jnereg) VALUES (4523, 352, "Samarinda Utara", "SMD10011", "31200");
INSERT INTO `oc_city` (city_id, zone_id, name, code, jnereg) VALUES (4524, 352, "Sungai Kunjang", "SMD10012", "31200");
INSERT INTO `oc_zone` (zone_id, country_id, name, status) VALUES (353, 23, "Kota Tarakan", 1);
INSERT INTO `oc_city` (city_id, zone_id, name, code, jnereg, kgp) VALUES (4525, 353, "Tarakan", "TRK10000", "40800", "35000");
INSERT INTO `oc_city` (city_id, zone_id, name, code, jnereg, kgp) VALUES (4526, 353, "Tarakan Barat", "TRK10011", "40800", "35000");
INSERT INTO `oc_city` (city_id, zone_id, name, code, jnereg, kgp) VALUES (4527, 353, "Tarakan Tengah", "TRK10012", "40800", "35000");
INSERT INTO `oc_city` (city_id, zone_id, name, code, jnereg, kgp) VALUES (4528, 353, "Tarakan Timur", "TRK10013", "40800", "35000");
INSERT INTO `oc_city` (city_id, zone_id, name, code, jnereg, kgp) VALUES (4529, 353, "Tarakan Utara", "TRK10014", "40800", "35000");
INSERT INTO `oc_country` (country_id, name, iso_code_2, iso_code_3, postcode_required, status) VALUES (24, "Gorontalo", "ID", "IDN", 1, 1);
INSERT INTO `oc_zone` (zone_id, country_id, name, status) VALUES (354, 24, "Kab. Boalemo", 1);
INSERT INTO `oc_city` (city_id, zone_id, name, code, jnereg) VALUES (4530, 354, "Botumoito", "GTO20201", "87600");
INSERT INTO `oc_city` (city_id, zone_id, name, code, jnereg) VALUES (4531, 354, "Dulupi", "GTO20202", "87600");
INSERT INTO `oc_city` (city_id, zone_id, name, code, jnereg) VALUES (4532, 354, "Mananggu", "GTO20203", "87600");
INSERT INTO `oc_city` (city_id, zone_id, name, code, jnereg) VALUES (4533, 354, "Paguyaman", "GTO20204", "87600");
INSERT INTO `oc_city` (city_id, zone_id, name, code, jnereg, kgp) VALUES (4534, 354, "Tilamuta", "GTO20200", "69600", "47000");
INSERT INTO `oc_city` (city_id, zone_id, name, code, jnereg) VALUES (4535, 354, "Wonosari", "GTO20206", "87600");
INSERT INTO `oc_zone` (zone_id, country_id, name, status) VALUES (355, 24, "Kab. Gorontalo", 1);
INSERT INTO `oc_city` (city_id, zone_id, name, code, jnereg) VALUES (4536, 355, "Anggrek", "GTO20111", "87600");
INSERT INTO `oc_city` (city_id, zone_id, name, code, jnereg) VALUES (4537, 355, "Atinggola", "GTO20101", "87600");
INSERT INTO `oc_city` (city_id, zone_id, name, code, jnereg) VALUES (4538, 355, "Batudaa", "GTO20102", "87600");
INSERT INTO `oc_city` (city_id, zone_id, name, code, jnereg) VALUES (4539, 355, "Boliyohuto", "GTO20112", "87600");
INSERT INTO `oc_city` (city_id, zone_id, name, code, jnereg) VALUES (4540, 355, "Bongomeme", "GTO20113", "87600");
INSERT INTO `oc_city` (city_id, zone_id, name, code, jnereg, kgp) VALUES (4541, 355, "Limboto", "GTO20100", "69600", "44000");
INSERT INTO `oc_city` (city_id, zone_id, name, code, jnereg) VALUES (4542, 355, "Limboto Barat", "GTO20114", "69600");
INSERT INTO `oc_city` (city_id, zone_id, name, code, jnereg) VALUES (4543, 355, "Mootilango", "GTO20115", "87600");
INSERT INTO `oc_city` (city_id, zone_id, name, code, jnereg) VALUES (4544, 355, "Pulubala", "GTO20116", "87600");
INSERT INTO `oc_city` (city_id, zone_id, name, code, jnereg) VALUES (4545, 355, "Sumalata", "GTO20108", "87600");
INSERT INTO `oc_city` (city_id, zone_id, name, code, jnereg) VALUES (4546, 355, "Telaga", "GTO20117", "87600");
INSERT INTO `oc_city` (city_id, zone_id, name, code, jnereg) VALUES (4547, 355, "Tibawa", "GTO20109", "87600");
INSERT INTO `oc_city` (city_id, zone_id, name, code, jnereg) VALUES (4548, 355, "Tolangohula", "GTO20118", "87600");
INSERT INTO `oc_city` (city_id, zone_id, name, code, jnereg) VALUES (4549, 355, "Tolinggula", "GTO20119", "87600");
INSERT INTO `oc_zone` (zone_id, country_id, name, status) VALUES (356, 24, "Kab. Gorontalo Utara", 1);
INSERT INTO `oc_city` (city_id, zone_id, name, code, jnereg) VALUES (4550, 356, "Anggrek", "GTO20401", "87600");
INSERT INTO `oc_city` (city_id, zone_id, name, code, jnereg) VALUES (4551, 356, "Atinggota", "GTO20402", "87600");
INSERT INTO `oc_city` (city_id, zone_id, name, code, jnereg) VALUES (4552, 356, "Kwandang", "GTO20400", "69600");
INSERT INTO `oc_city` (city_id, zone_id, name, code, jnereg) VALUES (4553, 356, "Sumalata", "GTO20403", "87600");
INSERT INTO `oc_city` (city_id, zone_id, name, code, jnereg) VALUES (4554, 356, "Tolingula", "GTO20404", "87600");
INSERT INTO `oc_zone` (zone_id, country_id, name, status) VALUES (357, 24, "Kab. Pahuwalo", 1);
INSERT INTO `oc_city` (city_id, zone_id, name, code, jnereg) VALUES (4555, 357, "Lemito", "GTO20501", "87600");
INSERT INTO `oc_city` (city_id, zone_id, name, code, jnereg, kgp) VALUES (4556, 357, "Marisa", "GTO20500", "69600", "47000");
INSERT INTO `oc_city` (city_id, zone_id, name, code, jnereg) VALUES (4557, 357, "Paguat", "GTO20502", "87600");
INSERT INTO `oc_city` (city_id, zone_id, name, code, jnereg) VALUES (4558, 357, "Patilanggio", "GTO20503", "87600");
INSERT INTO `oc_city` (city_id, zone_id, name, code, jnereg) VALUES (4559, 357, "Popayato", "GTO20504", "87600");
INSERT INTO `oc_city` (city_id, zone_id, name, code, jnereg) VALUES (4560, 357, "Randangan", "GTO20505", "87600");
INSERT INTO `oc_city` (city_id, zone_id, name, code, jnereg) VALUES (4561, 357, "Taluditi", "GTO20506", "87600");
INSERT INTO `oc_zone` (zone_id, country_id, name, status) VALUES (358, 24, "Kota Bone Bolango", 1);
INSERT INTO `oc_city` (city_id, zone_id, name, code, jnereg) VALUES (4562, 358, "Bone Panta", "GTO20301", "87600");
INSERT INTO `oc_city` (city_id, zone_id, name, code, jnereg) VALUES (4563, 358, "Kabila", "GTO20302", "87600");
INSERT INTO `oc_city` (city_id, zone_id, name, code, jnereg, kgp) VALUES (4564, 358, "Suwawa", "GTO20300", "69600", "45000");
INSERT INTO `oc_city` (city_id, zone_id, name, code, jnereg) VALUES (4565, 358, "Tapa", "GTO20303", "87600");
INSERT INTO `oc_zone` (zone_id, country_id, name, status) VALUES (359, 24, "Kota Gorontalo", 1);
INSERT INTO `oc_city` (city_id, zone_id, name, code, jnereg) VALUES (4566, 359, "Dungingi", "GTO10008", "50400");
INSERT INTO `oc_city` (city_id, zone_id, name, code, jnereg, kgp) VALUES (4567, 359, "Gorontalo", "GTO10000", "50400", "37000");
INSERT INTO `oc_city` (city_id, zone_id, name, code, jnereg) VALUES (4568, 359, "Kota Barat", "GTO10009", "50400");
INSERT INTO `oc_city` (city_id, zone_id, name, code, jnereg) VALUES (4569, 359, "Kota Selatan", "GTO10010", "50400");
INSERT INTO `oc_city` (city_id, zone_id, name, code, jnereg) VALUES (4570, 359, "Kota Timur", "GTO10011", "50400");
INSERT INTO `oc_city` (city_id, zone_id, name, code, jnereg) VALUES (4571, 359, "Kota Utara", "GTO10012", "50400");
INSERT INTO `oc_country` (country_id, name, iso_code_2, iso_code_3, postcode_required, status) VALUES (25, "Sulawesi Selatan", "ID", "IDN", 1, 1);
INSERT INTO `oc_zone` (zone_id, country_id, name, status) VALUES (360, 25, "Kab. Bantaeng", 1);
INSERT INTO `oc_city` (city_id, zone_id, name, code, jnereg, kgp) VALUES (4572, 360, "Bantaeng", "UPG20100", "36000", "27000");
INSERT INTO `oc_city` (city_id, zone_id, name, code, jnereg) VALUES (4573, 360, "Bissapu", "UPG20101", "45600");
INSERT INTO `oc_city` (city_id, zone_id, name, code, jnereg) VALUES (4574, 360, "Eremerasa", "UPG20104", "45600");
INSERT INTO `oc_city` (city_id, zone_id, name, code, jnereg) VALUES (4575, 360, "Pajukukang", "UPG20105", "45600");
INSERT INTO `oc_city` (city_id, zone_id, name, code, jnereg) VALUES (4576, 360, "Tompobulu", "UPG20102", "45600");
INSERT INTO `oc_city` (city_id, zone_id, name, code, jnereg) VALUES (4577, 360, "Uluere", "UPG20106", "45600");
INSERT INTO `oc_zone` (zone_id, country_id, name, status) VALUES (361, 25, "Kab. Barru", 1);
INSERT INTO `oc_city` (city_id, zone_id, name, code, jnereg) VALUES (4578, 361, "Balusu", "UPG20205", "45600");
INSERT INTO `oc_city` (city_id, zone_id, name, code, jnereg, kgp) VALUES (4579, 361, "Barru", "UPG20200", "36000", "26000");
INSERT INTO `oc_city` (city_id, zone_id, name, code, jnereg) VALUES (4580, 361, "Mallusetasi", "UPG20201", "45600");
INSERT INTO `oc_city` (city_id, zone_id, name, code, jnereg) VALUES (4581, 361, "Pujananting", "UPG20206", "45600");
INSERT INTO `oc_city` (city_id, zone_id, name, code, jnereg) VALUES (4582, 361, "Soppeng Riaja", "UPG20202", "45600");
INSERT INTO `oc_city` (city_id, zone_id, name, code, jnereg) VALUES (4583, 361, "Tanete Riaja", "UPG20203", "45600");
INSERT INTO `oc_city` (city_id, zone_id, name, code, jnereg) VALUES (4584, 361, "Tanete Rilau", "UPG20204", "45600");
INSERT INTO `oc_zone` (zone_id, country_id, name, status) VALUES (362, 25, "Kab. Bone", 1);
INSERT INTO `oc_city` (city_id, zone_id, name, code, jnereg) VALUES (4585, 362, "Ajangale", "UPG21801", "45600");
INSERT INTO `oc_city` (city_id, zone_id, name, code, jnereg) VALUES (4586, 362, "Amali", "UPG21819", "45600");
INSERT INTO `oc_city` (city_id, zone_id, name, code, jnereg) VALUES (4587, 362, "Awangpone", "UPG21820", "45600");
INSERT INTO `oc_city` (city_id, zone_id, name, code, jnereg) VALUES (4588, 362, "Barebbo", "UPG21802", "45600");
INSERT INTO `oc_city` (city_id, zone_id, name, code, jnereg) VALUES (4589, 362, "Bengo", "UPG21821", "45600");
INSERT INTO `oc_city` (city_id, zone_id, name, code, jnereg) VALUES (4590, 362, "Bontocani", "UPG21803", "45600");
INSERT INTO `oc_city` (city_id, zone_id, name, code, jnereg) VALUES (4591, 362, "Cenrana", "UPG21804", "45600");
INSERT INTO `oc_city` (city_id, zone_id, name, code, jnereg) VALUES (4592, 362, "Cina", "UPG21805", "45600");
INSERT INTO `oc_city` (city_id, zone_id, name, code, jnereg) VALUES (4593, 362, "Dua Boccoe", "UPG21806", "45600");
INSERT INTO `oc_city` (city_id, zone_id, name, code, jnereg) VALUES (4594, 362, "Kahu", "UPG21807", "45600");
INSERT INTO `oc_city` (city_id, zone_id, name, code, jnereg) VALUES (4595, 362, "Kajuara", "UPG21808", "45600");
INSERT INTO `oc_city` (city_id, zone_id, name, code, jnereg) VALUES (4596, 362, "Lamuru", "UPG21809", "45600");
INSERT INTO `oc_city` (city_id, zone_id, name, code, jnereg) VALUES (4597, 362, "Lappariaja", "UPG21810", "45600");
INSERT INTO `oc_city` (city_id, zone_id, name, code, jnereg) VALUES (4598, 362, "Libureng", "UPG21811", "45600");
INSERT INTO `oc_city` (city_id, zone_id, name, code, jnereg) VALUES (4599, 362, "Mare", "UPG21812", "45600");
INSERT INTO `oc_city` (city_id, zone_id, name, code, jnereg) VALUES (4600, 362, "Palakka", "UPG21822", "45600");
INSERT INTO `oc_city` (city_id, zone_id, name, code, jnereg) VALUES (4601, 362, "Patimpeng", "UPG21823", "45600");
INSERT INTO `oc_city` (city_id, zone_id, name, code, jnereg) VALUES (4602, 362, "Ponre", "UPG21813", "45600");
INSERT INTO `oc_city` (city_id, zone_id, name, code, jnereg) VALUES (4603, 362, "Salomekko", "UPG21814", "45600");
INSERT INTO `oc_city` (city_id, zone_id, name, code, jnereg) VALUES (4604, 362, "Sibulue", "UPG21815", "45600");
INSERT INTO `oc_city` (city_id, zone_id, name, code, jnereg) VALUES (4605, 362, "Tanete Riattang", "UPG21825", "45600");
INSERT INTO `oc_city` (city_id, zone_id, name, code, jnereg) VALUES (4606, 362, "Tanete Riattang Barat", "UPG21826", "45600");
INSERT INTO `oc_city` (city_id, zone_id, name, code, jnereg) VALUES (4607, 362, "Tanete Riattang Timur", "UPG21827", "45600");
INSERT INTO `oc_city` (city_id, zone_id, name, code, jnereg) VALUES (4608, 362, "Tellu Siattinge", "UPG21816", "45600");
INSERT INTO `oc_city` (city_id, zone_id, name, code, jnereg) VALUES (4609, 362, "Tonra", "UPG21817", "45600");
INSERT INTO `oc_city` (city_id, zone_id, name, code, jnereg) VALUES (4610, 362, "Ulaweng", "UPG21818", "45600");
INSERT INTO `oc_city` (city_id, zone_id, name, code, jnereg, kgp) VALUES (4611, 362, "Watampone", "UPG21800", "36000", "27000");
INSERT INTO `oc_zone` (zone_id, country_id, name, status) VALUES (363, 25, "Kab. Bulukumba", 1);
INSERT INTO `oc_city` (city_id, zone_id, name, code, jnereg) VALUES (4612, 363, "Bonto Bahari", "UPG20301", "45600");
INSERT INTO `oc_city` (city_id, zone_id, name, code, jnereg) VALUES (4613, 363, "Bontotiro", "UPG20302", "45600");
INSERT INTO `oc_city` (city_id, zone_id, name, code, jnereg, kgp) VALUES (4614, 363, "Bulukumba", "UPG20300", "36000", "26000");
INSERT INTO `oc_city` (city_id, zone_id, name, code, jnereg) VALUES (4615, 363, "Gantarang /Gantarangkindang/Ganking", "UPG20304", "45600");
INSERT INTO `oc_city` (city_id, zone_id, name, code, jnereg) VALUES (4616, 363, "Hero Lange-Lange /Heralangelange/Herlang", "UPG20305", "45600");
INSERT INTO `oc_city` (city_id, zone_id, name, code, jnereg) VALUES (4617, 363, "Kajang", "UPG20306", "45600");
INSERT INTO `oc_city` (city_id, zone_id, name, code, jnereg) VALUES (4618, 363, "Kindang", "UPG20307", "45600");
INSERT INTO `oc_city` (city_id, zone_id, name, code, jnereg) VALUES (4619, 363, "Riau Ale", "UPG20308", "45600");
INSERT INTO `oc_city` (city_id, zone_id, name, code, jnereg) VALUES (4620, 363, "Ujung Bulu", "UPG20309", "45600");
INSERT INTO `oc_city` (city_id, zone_id, name, code, jnereg) VALUES (4621, 363, "Ujung Loe", "UPG20310", "45600");
INSERT INTO `oc_zone` (zone_id, country_id, name, status) VALUES (364, 25, "Kab. Enrekang", 1);
INSERT INTO `oc_city` (city_id, zone_id, name, code, jnereg) VALUES (4622, 364, "Alla", "UPG20401", "45600");
INSERT INTO `oc_city` (city_id, zone_id, name, code, jnereg) VALUES (4623, 364, "Alla Timur", "UPG20405", "45600");
INSERT INTO `oc_city` (city_id, zone_id, name, code, jnereg) VALUES (4624, 364, "Anggeraja", "UPG20402", "45600");
INSERT INTO `oc_city` (city_id, zone_id, name, code, jnereg) VALUES (4625, 364, "Anggeraja Timur", "UPG20406", "45600");
INSERT INTO `oc_city` (city_id, zone_id, name, code, jnereg) VALUES (4626, 364, "Baraka", "UPG20403", "45600");
INSERT INTO `oc_city` (city_id, zone_id, name, code, jnereg, kgp) VALUES (4627, 364, "Enrekang", "UPG20400", "36000", "26000");
INSERT INTO `oc_city` (city_id, zone_id, name, code, jnereg) VALUES (4628, 364, "Enrekang Selatan", "UPG20407", "45600");
INSERT INTO `oc_city` (city_id, zone_id, name, code, jnereg) VALUES (4629, 364, "Maiwa", "UPG20404", "45600");
INSERT INTO `oc_city` (city_id, zone_id, name, code, jnereg) VALUES (4630, 364, "Maiwa Atas", "UPG20408", "45600");
INSERT INTO `oc_zone` (zone_id, country_id, name, status) VALUES (365, 25, "Kab. Goa", 1);
INSERT INTO `oc_city` (city_id, zone_id, name, code, jnereg) VALUES (4631, 365, "Bajeng", "UPG21601", "45600");
INSERT INTO `oc_city` (city_id, zone_id, name, code, jnereg) VALUES (4632, 365, "Barombong", "UPG21609", "45600");
INSERT INTO `oc_city` (city_id, zone_id, name, code, jnereg) VALUES (4633, 365, "Biringbulu", "UPG21610", "45600");
INSERT INTO `oc_city` (city_id, zone_id, name, code, jnereg) VALUES (4634, 365, "Bontomarannu", "UPG21602", "45600");
INSERT INTO `oc_city` (city_id, zone_id, name, code, jnereg) VALUES (4635, 365, "Bontonompo", "UPG21603", "45600");
INSERT INTO `oc_city` (city_id, zone_id, name, code, jnereg) VALUES (4636, 365, "Bungaya", "UPG21604", "45600");
INSERT INTO `oc_city` (city_id, zone_id, name, code, jnereg) VALUES (4637, 365, "Pallangga", "UPG21605", "45600");
INSERT INTO `oc_city` (city_id, zone_id, name, code, jnereg) VALUES (4638, 365, "Parangloe", "UPG21606", "45600");
INSERT INTO `oc_city` (city_id, zone_id, name, code, jnereg) VALUES (4639, 365, "Somba Opu", "UPG21611", "45600");
INSERT INTO `oc_city` (city_id, zone_id, name, code, jnereg, kgp) VALUES (4640, 365, "Sungguminasa", "UPG21600", "25200", "25000");
INSERT INTO `oc_city` (city_id, zone_id, name, code, jnereg) VALUES (4641, 365, "Tinggimoncong", "UPG21607", "45600");
INSERT INTO `oc_city` (city_id, zone_id, name, code, jnereg) VALUES (4642, 365, "Tombolo Pao", "UPG21612", "45600");
INSERT INTO `oc_city` (city_id, zone_id, name, code, jnereg) VALUES (4643, 365, "Tompobulu", "UPG21608", "45600");
INSERT INTO `oc_zone` (zone_id, country_id, name, status) VALUES (366, 25, "Kab. Jeneponto", 1);
INSERT INTO `oc_city` (city_id, zone_id, name, code, jnereg) VALUES (4644, 366, "Arungkeke", "UPG20509", "45600");
INSERT INTO `oc_city` (city_id, zone_id, name, code, jnereg) VALUES (4645, 366, "Bangkala", "UPG20501", "45600");
INSERT INTO `oc_city` (city_id, zone_id, name, code, jnereg) VALUES (4646, 366, "Bangkala Barat", "UPG20505", "45600");
INSERT INTO `oc_city` (city_id, zone_id, name, code, jnereg) VALUES (4647, 366, "Batang", "UPG20502", "45600");
INSERT INTO `oc_city` (city_id, zone_id, name, code, jnereg) VALUES (4648, 366, "Binamu", "UPG20506", "45600");
INSERT INTO `oc_city` (city_id, zone_id, name, code, jnereg) VALUES (4649, 366, "Bontoramba", "UPG20507", "45600");
INSERT INTO `oc_city` (city_id, zone_id, name, code, jnereg, kgp) VALUES (4650, 366, "Jeneponto", "UPG20500", "36000", "26000");
INSERT INTO `oc_city` (city_id, zone_id, name, code, jnereg) VALUES (4651, 366, "Kelara", "UPG20503", "45600");
INSERT INTO `oc_city` (city_id, zone_id, name, code, jnereg) VALUES (4652, 366, "Tamalatea", "UPG20504", "45600");
INSERT INTO `oc_city` (city_id, zone_id, name, code, jnereg) VALUES (4653, 366, "Turatea", "UPG20508", "45600");
INSERT INTO `oc_zone` (zone_id, country_id, name, status) VALUES (367, 25, "Kab. Luwu Timur", 1);
INSERT INTO `oc_city` (city_id, zone_id, name, code, jnereg) VALUES (4654, 367, "Angkona", "UPG23201", "45600");
INSERT INTO `oc_city` (city_id, zone_id, name, code, jnereg) VALUES (4655, 367, "Burau", "UPG23202", "45600");
INSERT INTO `oc_city` (city_id, zone_id, name, code, jnereg) VALUES (4656, 367, "Malili / Soroako", "UPG23200", "36000");
INSERT INTO `oc_city` (city_id, zone_id, name, code, jnereg) VALUES (4657, 367, "Mangkutana", "UPG23203", "45600");
INSERT INTO `oc_city` (city_id, zone_id, name, code, jnereg) VALUES (4658, 367, "Nuha", "UPG23204", "45600");
INSERT INTO `oc_city` (city_id, zone_id, name, code, jnereg) VALUES (4659, 367, "Tomoni", "UPG23205", "45600");
INSERT INTO `oc_city` (city_id, zone_id, name, code, jnereg) VALUES (4660, 367, "Towuti", "UPG23206", "45600");
INSERT INTO `oc_city` (city_id, zone_id, name, code, jnereg) VALUES (4661, 367, "Wotu", "UPG23207", "45600");
INSERT INTO `oc_zone` (zone_id, country_id, name, status) VALUES (368, 25, "Kab. Luwu Utara", 1);
INSERT INTO `oc_city` (city_id, zone_id, name, code, jnereg) VALUES (4662, 368, "Baebunta", "UPG23301", "45600");
INSERT INTO `oc_city` (city_id, zone_id, name, code, jnereg) VALUES (4663, 368, "Bajo", "UPG23101", "45600");
INSERT INTO `oc_city` (city_id, zone_id, name, code, jnereg) VALUES (4664, 368, "Bassesangtempe", "UPG23102", "45600");
INSERT INTO `oc_city` (city_id, zone_id, name, code, jnereg) VALUES (4665, 368, "Belopa", "UPG23100", "36000");
INSERT INTO `oc_city` (city_id, zone_id, name, code, jnereg) VALUES (4666, 368, "Bone-Bone", "UPG23302", "45600");
INSERT INTO `oc_city` (city_id, zone_id, name, code, jnereg) VALUES (4667, 368, "Bua", "UPG23103", "45600");
INSERT INTO `oc_city` (city_id, zone_id, name, code, jnereg) VALUES (4668, 368, "Bua Ponrang", "UPG23104", "45600");
INSERT INTO `oc_city` (city_id, zone_id, name, code, jnereg) VALUES (4669, 368, "Kamanre", "UPG23105", "45600");
INSERT INTO `oc_city` (city_id, zone_id, name, code, jnereg) VALUES (4670, 368, "Lamasi", "UPG23106", "45600");
INSERT INTO `oc_city` (city_id, zone_id, name, code, jnereg) VALUES (4671, 368, "Larompong", "UPG23107", "45600");
INSERT INTO `oc_city` (city_id, zone_id, name, code, jnereg) VALUES (4672, 368, "Laronpong Selatan", "UPG23108", "45600");
INSERT INTO `oc_city` (city_id, zone_id, name, code, jnereg) VALUES (4673, 368, "Latimojong", "UPG23109", "45600");
INSERT INTO `oc_city` (city_id, zone_id, name, code, jnereg) VALUES (4674, 368, "Limbong", "UPG23303", "45600");
INSERT INTO `oc_city` (city_id, zone_id, name, code, jnereg) VALUES (4675, 368, "Malangke", "UPG23304", "45600");
INSERT INTO `oc_city` (city_id, zone_id, name, code, jnereg) VALUES (4676, 368, "Malangke Barat", "UPG23305", "45600");
INSERT INTO `oc_city` (city_id, zone_id, name, code, jnereg) VALUES (4677, 368, "Mappedeceng", "UPG23306", "45600");
INSERT INTO `oc_city` (city_id, zone_id, name, code, jnereg) VALUES (4678, 368, "Masamba", "UPG23300", "36000");
INSERT INTO `oc_city` (city_id, zone_id, name, code, jnereg) VALUES (4679, 368, "Poncang", "UPG23110", "45600");
INSERT INTO `oc_city` (city_id, zone_id, name, code, jnereg) VALUES (4680, 368, "Rampi", "UPG23307", "45600");
INSERT INTO `oc_city` (city_id, zone_id, name, code, jnereg) VALUES (4681, 368, "Sabbang", "UPG23308", "45600");
INSERT INTO `oc_city` (city_id, zone_id, name, code, jnereg) VALUES (4682, 368, "Seko", "UPG23309", "45600");
INSERT INTO `oc_city` (city_id, zone_id, name, code, jnereg) VALUES (4683, 368, "Sukamaju", "UPG23310", "45600");
INSERT INTO `oc_city` (city_id, zone_id, name, code, jnereg) VALUES (4684, 368, "Suli", "UPG23111", "45600");
INSERT INTO `oc_city` (city_id, zone_id, name, code, jnereg) VALUES (4685, 368, "Walenrang", "UPG23112", "45600");
INSERT INTO `oc_zone` (zone_id, country_id, name, status) VALUES (369, 25, "Kab. Maros", 1);
INSERT INTO `oc_city` (city_id, zone_id, name, code, jnereg) VALUES (4686, 369, "Bantimurung", "UPG20801", "45600");
INSERT INTO `oc_city` (city_id, zone_id, name, code, jnereg) VALUES (4687, 369, "Camba", "UPG20802", "45600");
INSERT INTO `oc_city` (city_id, zone_id, name, code, jnereg) VALUES (4688, 369, "Cenrana", "UPG20807", "45600");
INSERT INTO `oc_city` (city_id, zone_id, name, code, jnereg) VALUES (4689, 369, "Lau", "UPG20808", "45600");
INSERT INTO `oc_city` (city_id, zone_id, name, code, jnereg) VALUES (4690, 369, "Mallawa", "UPG20803", "45600");
INSERT INTO `oc_city` (city_id, zone_id, name, code, jnereg) VALUES (4691, 369, "Mandai", "UPG20804", "45600");
INSERT INTO `oc_city` (city_id, zone_id, name, code, jnereg, kgp) VALUES (4692, 369, "Maros", "UPG20800", "25200", "26000");
INSERT INTO `oc_city` (city_id, zone_id, name, code, jnereg) VALUES (4693, 369, "Maros Baru", "UPG20809", "45600");
INSERT INTO `oc_city` (city_id, zone_id, name, code, jnereg) VALUES (4694, 369, "Maros Utara", "UPG20805", "45600");
INSERT INTO `oc_city` (city_id, zone_id, name, code, jnereg) VALUES (4695, 369, "Marusu", "UPG20810", "45600");
INSERT INTO `oc_city` (city_id, zone_id, name, code, jnereg) VALUES (4696, 369, "Moncongloe", "UPG20811", "45600");
INSERT INTO `oc_city` (city_id, zone_id, name, code, jnereg) VALUES (4697, 369, "Simbang", "UPG20812", "45600");
INSERT INTO `oc_city` (city_id, zone_id, name, code, jnereg) VALUES (4698, 369, "Tanralili", "UPG20806", "45600");
INSERT INTO `oc_city` (city_id, zone_id, name, code, jnereg) VALUES (4699, 369, "Tompu Bulu", "UPG20813", "45600");
INSERT INTO `oc_city` (city_id, zone_id, name, code, jnereg) VALUES (4700, 369, "Turikale", "UPG20814", "45600");
INSERT INTO `oc_zone` (zone_id, country_id, name, status) VALUES (370, 25, "Kab. Pangkajene Kepulauan", 1);
INSERT INTO `oc_city` (city_id, zone_id, name, code, jnereg) VALUES (4701, 370, "Balocci", "UPG22101", "45600");
INSERT INTO `oc_city` (city_id, zone_id, name, code, jnereg) VALUES (4702, 370, "Bungoro", "UPG22102", "45600");
INSERT INTO `oc_city` (city_id, zone_id, name, code, jnereg) VALUES (4703, 370, "Kalukuang Masalima", "UPG22109", "45600");
INSERT INTO `oc_city` (city_id, zone_id, name, code, jnereg) VALUES (4704, 370, "Labakkang", "UPG22103", "45600");
INSERT INTO `oc_city` (city_id, zone_id, name, code, jnereg) VALUES (4705, 370, "Liukang Tangaya", "UPG22105", "45600");
INSERT INTO `oc_city` (city_id, zone_id, name, code, jnereg) VALUES (4706, 370, "Liukang Tupabiring", "UPG22106", "45600");
INSERT INTO `oc_city` (city_id, zone_id, name, code, jnereg) VALUES (4707, 370, "Mandalle", "UPG22110", "45600");
INSERT INTO `oc_city` (city_id, zone_id, name, code, jnereg) VALUES (4708, 370, "Ma'Rang", "UPG22107", "45600");
INSERT INTO `oc_city` (city_id, zone_id, name, code, jnereg) VALUES (4709, 370, "Minasa Te'ne", "UPG22111", "45600");
INSERT INTO `oc_city` (city_id, zone_id, name, code, jnereg) VALUES (4710, 370, "Pangkajene", "UPG22100", "36000");
INSERT INTO `oc_city` (city_id, zone_id, name, code, jnereg) VALUES (4711, 370, "Segeri", "UPG22108", "45600");
INSERT INTO `oc_city` (city_id, zone_id, name, code, jnereg) VALUES (4712, 370, "Tondong Talasa", "UPG22112", "45600");
INSERT INTO `oc_zone` (zone_id, country_id, name, status) VALUES (371, 25, "Kab. Pinrang", 1);
INSERT INTO `oc_city` (city_id, zone_id, name, code, jnereg) VALUES (4713, 371, "Batulappa", "UPG21108", "45600");
INSERT INTO `oc_city` (city_id, zone_id, name, code, jnereg) VALUES (4714, 371, "Cempa", "UPG21101", "45600");
INSERT INTO `oc_city` (city_id, zone_id, name, code, jnereg) VALUES (4715, 371, "Duampanua", "UPG21102", "45600");
INSERT INTO `oc_city` (city_id, zone_id, name, code, jnereg) VALUES (4716, 371, "Lanrisang", "UPG21109", "45600");
INSERT INTO `oc_city` (city_id, zone_id, name, code, jnereg) VALUES (4717, 371, "Lembang", "UPG21103", "45600");
INSERT INTO `oc_city` (city_id, zone_id, name, code, jnereg) VALUES (4718, 371, "Mattiro Bulu", "UPG21104", "45600");
INSERT INTO `oc_city` (city_id, zone_id, name, code, jnereg) VALUES (4719, 371, "Mattirosompe", "UPG21105", "45600");
INSERT INTO `oc_city` (city_id, zone_id, name, code, jnereg) VALUES (4720, 371, "Paleteang", "UPG21110", "45600");
INSERT INTO `oc_city` (city_id, zone_id, name, code, jnereg) VALUES (4721, 371, "Patampanua", "UPG21106", "45600");
INSERT INTO `oc_city` (city_id, zone_id, name, code, jnereg, kgp) VALUES (4722, 371, "Pinrang", "UPG21100", "36000", "26000");
INSERT INTO `oc_city` (city_id, zone_id, name, code, jnereg) VALUES (4723, 371, "Suppa", "UPG21107", "45600");
INSERT INTO `oc_city` (city_id, zone_id, name, code, jnereg) VALUES (4724, 371, "Tiroang", "UPG21111", "45600");
INSERT INTO `oc_city` (city_id, zone_id, name, code, jnereg) VALUES (4725, 371, "Watang Sawitto", "UPG21112", "45600");
INSERT INTO `oc_zone` (zone_id, country_id, name, status) VALUES (372, 25, "Kab. Selayar", 1);
INSERT INTO `oc_city` (city_id, zone_id, name, code, jnereg, kgp) VALUES (4726, 372, "Benteng", "UPG22000", "36000", "27000");
INSERT INTO `oc_city` (city_id, zone_id, name, code, jnereg) VALUES (4727, 372, "Bontoharu", "UPG22005", "45600");
INSERT INTO `oc_city` (city_id, zone_id, name, code, jnereg) VALUES (4728, 372, "Bontomanai", "UPG22006", "45600");
INSERT INTO `oc_city` (city_id, zone_id, name, code, jnereg) VALUES (4729, 372, "Bontomatene", "UPG22002", "45600");
INSERT INTO `oc_city` (city_id, zone_id, name, code, jnereg) VALUES (4730, 372, "Bontosikuyu", "UPG22001", "45600");
INSERT INTO `oc_city` (city_id, zone_id, name, code, jnereg) VALUES (4731, 372, "Pasilambena", "UPG22007", "45600");
INSERT INTO `oc_city` (city_id, zone_id, name, code, jnereg) VALUES (4732, 372, "Pasimarannu", "UPG22003", "45600");
INSERT INTO `oc_city` (city_id, zone_id, name, code, jnereg) VALUES (4733, 372, "Pasimasunggu", "UPG22004", "45600");
INSERT INTO `oc_city` (city_id, zone_id, name, code, jnereg) VALUES (4734, 372, "Takabonerate", "UPG22008", "45600");
INSERT INTO `oc_zone` (zone_id, country_id, name, status) VALUES (373, 25, "Kab. Sindenreng Rappang", 1);
INSERT INTO `oc_city` (city_id, zone_id, name, code, jnereg) VALUES (4735, 373, "Baranti", "UPG21301", "45600");
INSERT INTO `oc_city` (city_id, zone_id, name, code, jnereg) VALUES (4736, 373, "Duapitue", "UPG21302", "45600");
INSERT INTO `oc_city` (city_id, zone_id, name, code, jnereg) VALUES (4737, 373, "Kulo", "UPG21307", "45600");
INSERT INTO `oc_city` (city_id, zone_id, name, code, jnereg) VALUES (4738, 373, "Maritengngae", "UPG21308", "45600");
INSERT INTO `oc_city` (city_id, zone_id, name, code, jnereg) VALUES (4739, 373, "Panca Lautang", "UPG21304", "45600");
INSERT INTO `oc_city` (city_id, zone_id, name, code, jnereg) VALUES (4740, 373, "Panca Rijang", "UPG21303", "45600");
INSERT INTO `oc_city` (city_id, zone_id, name, code, jnereg) VALUES (4741, 373, "Pitu Riase", "UPG21309", "45600");
INSERT INTO `oc_city` (city_id, zone_id, name, code, jnereg) VALUES (4742, 373, "Pitu Riawa", "UPG21310", "45600");
INSERT INTO `oc_city` (city_id, zone_id, name, code, jnereg) VALUES (4743, 373, "Sidenreng", "UPG21300", "36000");
INSERT INTO `oc_city` (city_id, zone_id, name, code, jnereg) VALUES (4744, 373, "Sidrap", "UPG21312", "45600");
INSERT INTO `oc_city` (city_id, zone_id, name, code, jnereg) VALUES (4745, 373, "Tellulimpo E", "UPG21305", "45600");
INSERT INTO `oc_city` (city_id, zone_id, name, code, jnereg) VALUES (4746, 373, "Watang Pulu", "UPG21306", "45600");
INSERT INTO `oc_zone` (zone_id, country_id, name, status) VALUES (374, 25, "Kab. Sinjai", 1);
INSERT INTO `oc_city` (city_id, zone_id, name, code, jnereg) VALUES (4747, 374, "Bulupoddo", "UPG21507", "45600");
INSERT INTO `oc_city` (city_id, zone_id, name, code, jnereg) VALUES (4748, 374, "Pulau Sembilan", "UPG21508", "45600");
INSERT INTO `oc_city` (city_id, zone_id, name, code, jnereg, kgp) VALUES (4749, 374, "Sinjai", "UPG21500", "36000", "26000");
INSERT INTO `oc_city` (city_id, zone_id, name, code, jnereg) VALUES (4750, 374, "Sinjai Barat", "UPG21501", "45600");
INSERT INTO `oc_city` (city_id, zone_id, name, code, jnereg) VALUES (4751, 374, "Sinjai Borong", "UPG21509", "45600");
INSERT INTO `oc_city` (city_id, zone_id, name, code, jnereg) VALUES (4752, 374, "Sinjai Selatan", "UPG21503", "45600");
INSERT INTO `oc_city` (city_id, zone_id, name, code, jnereg) VALUES (4753, 374, "Sinjai Tengah", "UPG21504", "45600");
INSERT INTO `oc_city` (city_id, zone_id, name, code, jnereg) VALUES (4754, 374, "Sinjai Timur", "UPG21505", "45600");
INSERT INTO `oc_city` (city_id, zone_id, name, code, jnereg) VALUES (4755, 374, "Sinjai Utara", "UPG21506", "45600");
INSERT INTO `oc_city` (city_id, zone_id, name, code, jnereg) VALUES (4756, 374, "Tellu Limpoe", "UPG21510", "45600");
INSERT INTO `oc_zone` (zone_id, country_id, name, status) VALUES (375, 25, "Kab. Soppeng", 1);
INSERT INTO `oc_city` (city_id, zone_id, name, code, jnereg) VALUES (4757, 375, "Donri Donri", "UPG21901", "45600");
INSERT INTO `oc_city` (city_id, zone_id, name, code, jnereg) VALUES (4758, 375, "Ganra", "UPG21906", "45600");
INSERT INTO `oc_city` (city_id, zone_id, name, code, jnereg) VALUES (4759, 375, "Lalabata", "UPG21907", "45600");
INSERT INTO `oc_city` (city_id, zone_id, name, code, jnereg) VALUES (4760, 375, "Lili Riaja", "UPG21902", "45600");
INSERT INTO `oc_city` (city_id, zone_id, name, code, jnereg) VALUES (4761, 375, "Lili Rilau", "UPG21903", "45600");
INSERT INTO `oc_city` (city_id, zone_id, name, code, jnereg) VALUES (4762, 375, "Mario Riawa", "UPG21905", "45600");
INSERT INTO `oc_city` (city_id, zone_id, name, code, jnereg) VALUES (4763, 375, "Mario Riwawo", "UPG21904", "45600");
INSERT INTO `oc_city` (city_id, zone_id, name, code, jnereg, kgp) VALUES (4764, 375, "Watansoppeng", "UPG21900", "36000", "26000");
INSERT INTO `oc_zone` (zone_id, country_id, name, status) VALUES (376, 25, "Kab. Takalar", 1);
INSERT INTO `oc_city` (city_id, zone_id, name, code, jnereg) VALUES (4765, 376, "Galesong Selatan", "UPG21701", "45600");
INSERT INTO `oc_city` (city_id, zone_id, name, code, jnereg) VALUES (4766, 376, "Galesong Utara", "UPG21702", "45600");
INSERT INTO `oc_city` (city_id, zone_id, name, code, jnereg) VALUES (4767, 376, "Mangara Bombang", "UPG21703", "45600");
INSERT INTO `oc_city` (city_id, zone_id, name, code, jnereg) VALUES (4768, 376, "Mappakasunggu", "UPG21704", "45600");
INSERT INTO `oc_city` (city_id, zone_id, name, code, jnereg) VALUES (4769, 376, "Patallassang", "UPG21705", "45600");
INSERT INTO `oc_city` (city_id, zone_id, name, code, jnereg) VALUES (4770, 376, "Polobangkeng Selatan", "UPG21706", "45600");
INSERT INTO `oc_city` (city_id, zone_id, name, code, jnereg) VALUES (4771, 376, "Polobangkeng Utara", "UPG21707", "45600");
INSERT INTO `oc_city` (city_id, zone_id, name, code, jnereg, kgp) VALUES (4772, 376, "Takalar", "UPG21700", "36000", "26000");
INSERT INTO `oc_zone` (zone_id, country_id, name, status) VALUES (377, 25, "Kab. Tana Toraja", 1);
INSERT INTO `oc_city` (city_id, zone_id, name, code, jnereg) VALUES (4773, 377, "Bituang", "UPG20609", "45600");
INSERT INTO `oc_city` (city_id, zone_id, name, code, jnereg) VALUES (4774, 377, "Bonggakaradeng", "UPG20601", "45600");
INSERT INTO `oc_city` (city_id, zone_id, name, code, jnereg) VALUES (4775, 377, "Gandang Batu Silang", "UPG20616", "45600");
INSERT INTO `oc_city` (city_id, zone_id, name, code, jnereg) VALUES (4776, 377, "Kurra", "UPG20617", "45600");
INSERT INTO `oc_city` (city_id, zone_id, name, code, jnereg, kgp) VALUES (4777, 377, "Makale", "UPG20600", "36000", "29000");
INSERT INTO `oc_city` (city_id, zone_id, name, code, jnereg) VALUES (4778, 377, "Makale Selatan", "UPG20618", "45600");
INSERT INTO `oc_city` (city_id, zone_id, name, code, jnereg) VALUES (4779, 377, "Makale Utara", "UPG20619", "45600");
INSERT INTO `oc_city` (city_id, zone_id, name, code, jnereg) VALUES (4780, 377, "Malimbong Balepe", "UPG20622", "45600");
INSERT INTO `oc_city` (city_id, zone_id, name, code, jnereg) VALUES (4781, 377, "Mappak", "UPG20620", "45600");
INSERT INTO `oc_city` (city_id, zone_id, name, code, jnereg) VALUES (4782, 377, "Masanda", "UPG20621", "45600");
INSERT INTO `oc_city` (city_id, zone_id, name, code, jnereg) VALUES (4783, 377, "Mengkendek", "UPG20602", "45600");
INSERT INTO `oc_city` (city_id, zone_id, name, code, jnereg) VALUES (4784, 377, "Rano", "UPG20623", "45600");
INSERT INTO `oc_city` (city_id, zone_id, name, code, jnereg) VALUES (4785, 377, "Rantetayo", "UPG20611", "45600");
INSERT INTO `oc_city` (city_id, zone_id, name, code, jnereg) VALUES (4786, 377, "Rembon", "UPG20624", "45600");
INSERT INTO `oc_city` (city_id, zone_id, name, code, jnereg) VALUES (4787, 377, "Saluputti", "UPG20603", "45600");
INSERT INTO `oc_city` (city_id, zone_id, name, code, jnereg) VALUES (4788, 377, "Sangalla", "UPG20604", "45600");
INSERT INTO `oc_city` (city_id, zone_id, name, code, jnereg) VALUES (4789, 377, "Simbuang", "UPG20613", "45600");
INSERT INTO `oc_zone` (zone_id, country_id, name, status) VALUES (378, 25, "Kab. Tana Toraja Utara", 1);
INSERT INTO `oc_city` (city_id, zone_id, name, code, jnereg) VALUES (4790, 378, "Awan Rante Karua", "UPG20626", "45600");
INSERT INTO `oc_city` (city_id, zone_id, name, code, jnereg) VALUES (4791, 378, "Balusu", "UPG20627", "45600");
INSERT INTO `oc_city` (city_id, zone_id, name, code, jnereg) VALUES (4792, 378, "Bangkelekila", "UPG20628", "45600");
INSERT INTO `oc_city` (city_id, zone_id, name, code, jnereg) VALUES (4793, 378, "Baruppu", "UPG20629", "45600");
INSERT INTO `oc_city` (city_id, zone_id, name, code, jnereg) VALUES (4794, 378, "Buntao Rantebua", "UPG20610", "45600");
INSERT INTO `oc_city` (city_id, zone_id, name, code, jnereg) VALUES (4795, 378, "Buntu Pepasan", "UPG20630", "45600");
INSERT INTO `oc_city` (city_id, zone_id, name, code, jnereg) VALUES (4796, 378, "Denpina/Dende Piongan Napo", "UPG20631", "45600");
INSERT INTO `oc_city` (city_id, zone_id, name, code, jnereg) VALUES (4797, 378, "Kapala Pitu", "UPG20632", "45600");
INSERT INTO `oc_city` (city_id, zone_id, name, code, jnereg) VALUES (4798, 378, "Kesu", "UPG20633", "45600");
INSERT INTO `oc_city` (city_id, zone_id, name, code, jnereg) VALUES (4799, 378, "Nanggala", "UPG20634", "45600");
INSERT INTO `oc_city` (city_id, zone_id, name, code, jnereg) VALUES (4800, 378, "Rantebua", "UPG20635", "45600");
INSERT INTO `oc_city` (city_id, zone_id, name, code, jnereg) VALUES (4801, 378, "Rantepao", "UPG20605", "36000");
INSERT INTO `oc_city` (city_id, zone_id, name, code, jnereg) VALUES (4802, 378, "Rindingalo", "UPG20606", "45600");
INSERT INTO `oc_city` (city_id, zone_id, name, code, jnereg) VALUES (4803, 378, "Sa'dan Balusu", "UPG20612", "45600");
INSERT INTO `oc_city` (city_id, zone_id, name, code, jnereg) VALUES (4804, 378, "Sanggalangi", "UPG20607", "45600");
INSERT INTO `oc_city` (city_id, zone_id, name, code, jnereg) VALUES (4805, 378, "Sesean", "UPG20608", "45600");
INSERT INTO `oc_city` (city_id, zone_id, name, code, jnereg) VALUES (4806, 378, "Soloara", "UPG20625", "45600");
INSERT INTO `oc_city` (city_id, zone_id, name, code, jnereg) VALUES (4807, 378, "Sopai", "UPG20637", "45600");
INSERT INTO `oc_city` (city_id, zone_id, name, code, jnereg) VALUES (4808, 378, "Tallunglipu", "UPG20638", "45600");
INSERT INTO `oc_city` (city_id, zone_id, name, code, jnereg) VALUES (4809, 378, "Tikala", "UPG20639", "45600");
INSERT INTO `oc_city` (city_id, zone_id, name, code, jnereg) VALUES (4810, 378, "Tondon Nanggala", "UPG20614", "45600");
INSERT INTO `oc_zone` (zone_id, country_id, name, status) VALUES (379, 25, "Kab. Wajo", 1);
INSERT INTO `oc_city` (city_id, zone_id, name, code, jnereg) VALUES (4811, 379, "Belawa", "UPG21401", "45600");
INSERT INTO `oc_city` (city_id, zone_id, name, code, jnereg) VALUES (4812, 379, "Bola", "UPG21410", "45600");
INSERT INTO `oc_city` (city_id, zone_id, name, code, jnereg) VALUES (4813, 379, "Gilireng", "UPG21411", "45600");
INSERT INTO `oc_city` (city_id, zone_id, name, code, jnereg) VALUES (4814, 379, "Keera", "UPG21412", "45600");
INSERT INTO `oc_city` (city_id, zone_id, name, code, jnereg) VALUES (4815, 379, "Majauleng", "UPG21402", "45600");
INSERT INTO `oc_city` (city_id, zone_id, name, code, jnereg) VALUES (4816, 379, "Maniang Pajo", "UPG21403", "45600");
INSERT INTO `oc_city` (city_id, zone_id, name, code, jnereg) VALUES (4817, 379, "Pamanna", "UPG21404", "45600");
INSERT INTO `oc_city` (city_id, zone_id, name, code, jnereg) VALUES (4818, 379, "Penrang", "UPG21413", "45600");
INSERT INTO `oc_city` (city_id, zone_id, name, code, jnereg) VALUES (4819, 379, "Pitumpanua", "UPG21405", "45600");
INSERT INTO `oc_city` (city_id, zone_id, name, code, jnereg) VALUES (4820, 379, "Sabbang Paru", "UPG21406", "45600");
INSERT INTO `oc_city` (city_id, zone_id, name, code, jnereg) VALUES (4821, 379, "Sajoanging", "UPG21407", "45600");
INSERT INTO `oc_city` (city_id, zone_id, name, code, jnereg, kgp) VALUES (4822, 379, "Sengkang", "UPG21400", "36000", "27000");
INSERT INTO `oc_city` (city_id, zone_id, name, code, jnereg) VALUES (4823, 379, "Takkalalla", "UPG21408", "45600");
INSERT INTO `oc_city` (city_id, zone_id, name, code, jnereg) VALUES (4824, 379, "Tana Sitolo", "UPG21409", "45600");
INSERT INTO `oc_city` (city_id, zone_id, name, code, jnereg) VALUES (4825, 379, "Tempe", "UPG21414", "45600");
INSERT INTO `oc_zone` (zone_id, country_id, name, status) VALUES (380, 25, "Kota Makassar", 1);
INSERT INTO `oc_city` (city_id, zone_id, name, code, jnereg) VALUES (4826, 380, "Biring Kanaya", "UPG10004", "25200");
INSERT INTO `oc_city` (city_id, zone_id, name, code, jnereg) VALUES (4827, 380, "Bontoala", "UPG10005", "25200");
INSERT INTO `oc_city` (city_id, zone_id, name, code, jnereg) VALUES (4828, 380, "Mamajang", "UPG10006", "25200");
INSERT INTO `oc_city` (city_id, zone_id, name, code, jnereg) VALUES (4829, 380, "Manggala", "UPG10007", "25200");
INSERT INTO `oc_city` (city_id, zone_id, name, code, jnereg) VALUES (4830, 380, "Mariso", "UPG10008", "25200");
INSERT INTO `oc_city` (city_id, zone_id, name, code, jnereg) VALUES (4831, 380, "Panakkukang", "UPG10009", "25200");
INSERT INTO `oc_city` (city_id, zone_id, name, code, jnereg) VALUES (4832, 380, "Rappocini", "UPG10010", "25200");
INSERT INTO `oc_city` (city_id, zone_id, name, code, jnereg) VALUES (4833, 380, "Tallo", "UPG10011", "25200");
INSERT INTO `oc_city` (city_id, zone_id, name, code, jnereg) VALUES (4834, 380, "Tamalanrea", "UPG10012", "25200");
INSERT INTO `oc_city` (city_id, zone_id, name, code, jnereg) VALUES (4835, 380, "Tamalate", "UPG10003", "25200");
INSERT INTO `oc_city` (city_id, zone_id, name, code, jnereg, kgp) VALUES (4836, 380, "Ujung Pandang", "UPG10000", "25200", "17000");
INSERT INTO `oc_city` (city_id, zone_id, name, code, jnereg) VALUES (4837, 380, "Ujung Tanah", "UPG10013", "25200");
INSERT INTO `oc_city` (city_id, zone_id, name, code, jnereg) VALUES (4838, 380, "Wajo", "UPG10014", "25200");
INSERT INTO `oc_zone` (zone_id, country_id, name, status) VALUES (381, 25, "Kota Palopo", 1);
INSERT INTO `oc_city` (city_id, zone_id, name, code, jnereg, kgp) VALUES (4839, 381, "Palopo", "UPG21000", "36000", "27000");
INSERT INTO `oc_city` (city_id, zone_id, name, code, jnereg) VALUES (4840, 381, "Telluwanua", "UPG21020", "36000");
INSERT INTO `oc_city` (city_id, zone_id, name, code, jnereg) VALUES (4841, 381, "Wara", "UPG21021", "36000");
INSERT INTO `oc_city` (city_id, zone_id, name, code, jnereg) VALUES (4842, 381, "Wara Selatan", "UPG21022", "36000");
INSERT INTO `oc_city` (city_id, zone_id, name, code, jnereg) VALUES (4843, 381, "Wara Utara", "UPG21023", "36000");
INSERT INTO `oc_zone` (zone_id, country_id, name, status) VALUES (382, 25, "Kota Pare-pare", 1);
INSERT INTO `oc_city` (city_id, zone_id, name, code, jnereg) VALUES (4844, 382, "Bacukiki", "UPG22301", "36000");
INSERT INTO `oc_city` (city_id, zone_id, name, code, jnereg, kgp) VALUES (4845, 382, "Pare-Pare", "UPG22300", "36000", "26000");
INSERT INTO `oc_city` (city_id, zone_id, name, code, jnereg) VALUES (4846, 382, "Soreang", "UPG22302", "36000");
INSERT INTO `oc_city` (city_id, zone_id, name, code, jnereg) VALUES (4847, 382, "Ujung", "UPG22303", "36000");
INSERT INTO `oc_country` (country_id, name, iso_code_2, iso_code_3, postcode_required, status) VALUES (26, "Sulawesi Tenggara", "ID", "IDN", 1, 1);
INSERT INTO `oc_zone` (zone_id, country_id, name, status) VALUES (383, 26, "Kab. Bombana", 1);
INSERT INTO `oc_city` (city_id, zone_id, name, code, jnereg) VALUES (4848, 383, "Kabaena", "KDI20501", "75600");
INSERT INTO `oc_city` (city_id, zone_id, name, code, jnereg) VALUES (4849, 383, "Kabaena Timur", "KDI20502", "75600");
INSERT INTO `oc_city` (city_id, zone_id, name, code, jnereg) VALUES (4850, 383, "Poleang", "KDI20503", "75600");
INSERT INTO `oc_city` (city_id, zone_id, name, code, jnereg) VALUES (4851, 383, "Poleang Barat", "KDI20504", "75600");
INSERT INTO `oc_city` (city_id, zone_id, name, code, jnereg) VALUES (4852, 383, "Poleang Timur", "KDI20505", "75600");
INSERT INTO `oc_city` (city_id, zone_id, name, code, jnereg) VALUES (4853, 383, "Rarowatu", "KDI20506", "75600");
INSERT INTO `oc_city` (city_id, zone_id, name, code, jnereg) VALUES (4854, 383, "Rumbia", "KDI20500", "60000");
INSERT INTO `oc_zone` (zone_id, country_id, name, status) VALUES (384, 26, "Kab. Buton & Buton Utara", 1);
INSERT INTO `oc_city` (city_id, zone_id, name, code, jnereg) VALUES (4855, 384, "Batauga", "KDI20601", "75600");
INSERT INTO `oc_city` (city_id, zone_id, name, code, jnereg) VALUES (4856, 384, "Batu Atas", "KDI20602", "114000");
INSERT INTO `oc_city` (city_id, zone_id, name, code, jnereg) VALUES (4857, 384, "Buranga", "KDI20614", "75600");
INSERT INTO `oc_city` (city_id, zone_id, name, code, jnereg) VALUES (4858, 384, "Gu", "KDI20603", "114000");
INSERT INTO `oc_city` (city_id, zone_id, name, code, jnereg) VALUES (4859, 384, "Kadatua", "KDI20604", "114000");
INSERT INTO `oc_city` (city_id, zone_id, name, code, jnereg) VALUES (4860, 384, "Kapontori", "KDI20605", "75600");
INSERT INTO `oc_city` (city_id, zone_id, name, code, jnereg) VALUES (4861, 384, "Lakudo", "KDI20606", "75600");
INSERT INTO `oc_city` (city_id, zone_id, name, code, jnereg) VALUES (4862, 384, "Lasalimu", "KDI20607", "114000");
INSERT INTO `oc_city` (city_id, zone_id, name, code, jnereg) VALUES (4863, 384, "Lasalimu Selatan", "KDI20608", "114000");
INSERT INTO `oc_city` (city_id, zone_id, name, code, jnereg) VALUES (4864, 384, "Mawasangka", "KDI20609", "114000");
INSERT INTO `oc_city` (city_id, zone_id, name, code, jnereg) VALUES (4865, 384, "Mawasangka Timur", "KDI20610", "75600");
INSERT INTO `oc_city` (city_id, zone_id, name, code, jnereg) VALUES (4866, 384, "Pasar Wajo", "KDI20600", "60000");
INSERT INTO `oc_city` (city_id, zone_id, name, code, jnereg) VALUES (4867, 384, "Sampolawa", "KDI20611", "75600");
INSERT INTO `oc_city` (city_id, zone_id, name, code, jnereg) VALUES (4868, 384, "Siompu", "KDI20612", "75600");
INSERT INTO `oc_city` (city_id, zone_id, name, code, jnereg) VALUES (4869, 384, "Talaga Raya", "KDI20613", "114000");
INSERT INTO `oc_zone` (zone_id, country_id, name, status) VALUES (385, 26, "Kab. Kolaka", 1);
INSERT INTO `oc_city` (city_id, zone_id, name, code, jnereg) VALUES (4870, 385, "Baula", "KDI20213", "75600");
INSERT INTO `oc_city` (city_id, zone_id, name, code, jnereg, kgp) VALUES (4871, 385, "Kolaka", "KDI20200", "60000", "36000");
INSERT INTO `oc_city` (city_id, zone_id, name, code, jnereg) VALUES (4872, 385, "Ladongi", "KDI20202", "75600");
INSERT INTO `oc_city` (city_id, zone_id, name, code, jnereg) VALUES (4873, 385, "Lambadia", "KDI20214", "75600");
INSERT INTO `oc_city` (city_id, zone_id, name, code, jnereg) VALUES (4874, 385, "Latambaga", "KDI20215", "75600");
INSERT INTO `oc_city` (city_id, zone_id, name, code, jnereg) VALUES (4875, 385, "Mowewe", "KDI20204", "75600");
INSERT INTO `oc_city` (city_id, zone_id, name, code, jnereg) VALUES (4876, 385, "Pomalaa", "KDI20206", "75600");
INSERT INTO `oc_city` (city_id, zone_id, name, code, jnereg) VALUES (4877, 385, "Samaturu", "KDI20216", "75600");
INSERT INTO `oc_city` (city_id, zone_id, name, code, jnereg) VALUES (4878, 385, "Tanggetada", "KDI20217", "75600");
INSERT INTO `oc_city` (city_id, zone_id, name, code, jnereg) VALUES (4879, 385, "Tirawuta", "KDI20209", "75600");
INSERT INTO `oc_city` (city_id, zone_id, name, code, jnereg) VALUES (4880, 385, "Uluiwoi", "KDI20218", "114000");
INSERT INTO `oc_city` (city_id, zone_id, name, code, jnereg) VALUES (4881, 385, "Watubangga", "KDI20210", "75600");
INSERT INTO `oc_city` (city_id, zone_id, name, code, jnereg) VALUES (4882, 385, "Wolo", "KDI20211", "75600");
INSERT INTO `oc_city` (city_id, zone_id, name, code, jnereg) VALUES (4883, 385, "Wundulako", "KDI20212", "75600");
INSERT INTO `oc_zone` (zone_id, country_id, name, status) VALUES (386, 26, "Kab. Kolaka Utara", 1);
INSERT INTO `oc_city` (city_id, zone_id, name, code, jnereg) VALUES (4884, 386, "Batu Putih", "KDI20701", "114000");
INSERT INTO `oc_city` (city_id, zone_id, name, code, jnereg) VALUES (4885, 386, "Kodeoha", "KDI20702", "75600");
INSERT INTO `oc_city` (city_id, zone_id, name, code, jnereg) VALUES (4886, 386, "Lasusua", "KDI20700", "60000");
INSERT INTO `oc_city` (city_id, zone_id, name, code, jnereg) VALUES (4887, 386, "Ngapa", "KDI20703", "75600");
INSERT INTO `oc_city` (city_id, zone_id, name, code, jnereg) VALUES (4888, 386, "Pakue", "KDI20704", "75600");
INSERT INTO `oc_city` (city_id, zone_id, name, code, jnereg) VALUES (4889, 386, "Ranteangin", "KDI20705", "75600");
INSERT INTO `oc_zone` (zone_id, country_id, name, status) VALUES (387, 26, "Kab. Konawe", 1);
INSERT INTO `oc_city` (city_id, zone_id, name, code, jnereg) VALUES (4890, 387, "Abuki", "KDI20401", "75600");
INSERT INTO `oc_city` (city_id, zone_id, name, code, jnereg) VALUES (4891, 387, "Asera", "KDI20405", "75600");
INSERT INTO `oc_city` (city_id, zone_id, name, code, jnereg) VALUES (4892, 387, "Bondoala Sampara", "KDI20410", "75600");
INSERT INTO `oc_city` (city_id, zone_id, name, code, jnereg) VALUES (4893, 387, "Lambuya", "KDI20402", "75600");
INSERT INTO `oc_city` (city_id, zone_id, name, code, jnereg) VALUES (4894, 387, "Lasolo", "KDI20406", "75600");
INSERT INTO `oc_city` (city_id, zone_id, name, code, jnereg) VALUES (4895, 387, "Latoma", "KDI20411", "75600");
INSERT INTO `oc_city` (city_id, zone_id, name, code, jnereg) VALUES (4896, 387, "Pondidaha", "KDI20403", "75600");
INSERT INTO `oc_city` (city_id, zone_id, name, code, jnereg) VALUES (4897, 387, "Sawa", "KDI20412", "75600");
INSERT INTO `oc_city` (city_id, zone_id, name, code, jnereg) VALUES (4898, 387, "Soropia", "KDI20407", "75600");
INSERT INTO `oc_city` (city_id, zone_id, name, code, jnereg) VALUES (4899, 387, "Tongauna", "KDI20413", "75600");
INSERT INTO `oc_city` (city_id, zone_id, name, code, jnereg) VALUES (4900, 387, "Uepai", "KDI20414", "75600");
INSERT INTO `oc_city` (city_id, zone_id, name, code, jnereg, kgp) VALUES (4901, 387, "Unaaha", "KDI20400", "60000", "36000");
INSERT INTO `oc_city` (city_id, zone_id, name, code, jnereg) VALUES (4902, 387, "Wawonii", "KDI20408", "114000");
INSERT INTO `oc_city` (city_id, zone_id, name, code, jnereg) VALUES (4903, 387, "Waworete", "KDI20409", "75600");
INSERT INTO `oc_city` (city_id, zone_id, name, code, jnereg) VALUES (4904, 387, "Wawotobi", "KDI20404", "75600");
INSERT INTO `oc_city` (city_id, zone_id, name, code, jnereg) VALUES (4905, 387, "Wonggeduku", "KDI20415", "75600");
INSERT INTO `oc_zone` (zone_id, country_id, name, status) VALUES (388, 26, "Kab. Konawe Utara/ Selatan", 1);
INSERT INTO `oc_city` (city_id, zone_id, name, code, jnereg) VALUES (4906, 388, "Andolo/Wanggodo", "KDI20800", "60000");
INSERT INTO `oc_city` (city_id, zone_id, name, code, jnereg) VALUES (4907, 388, "Angata", "KDI20801", "75600");
INSERT INTO `oc_city` (city_id, zone_id, name, code, jnereg) VALUES (4908, 388, "Kolono", "KDI20802", "75600");
INSERT INTO `oc_city` (city_id, zone_id, name, code, jnereg) VALUES (4909, 388, "Konda", "KDI20803", "75600");
INSERT INTO `oc_city` (city_id, zone_id, name, code, jnereg) VALUES (4910, 388, "Lainea", "KDI20804", "75600");
INSERT INTO `oc_city` (city_id, zone_id, name, code, jnereg) VALUES (4911, 388, "Landono", "KDI20805", "75600");
INSERT INTO `oc_city` (city_id, zone_id, name, code, jnereg) VALUES (4912, 388, "Laonti", "KDI20806", "75600");
INSERT INTO `oc_city` (city_id, zone_id, name, code, jnereg) VALUES (4913, 388, "Moramo", "KDI20807", "75600");
INSERT INTO `oc_city` (city_id, zone_id, name, code, jnereg) VALUES (4914, 388, "Palangga", "KDI20808", "75600");
INSERT INTO `oc_city` (city_id, zone_id, name, code, jnereg) VALUES (4915, 388, "Ranomeeto", "KDI20809", "75600");
INSERT INTO `oc_city` (city_id, zone_id, name, code, jnereg) VALUES (4916, 388, "Tinanggea", "KDI20810", "75600");
INSERT INTO `oc_zone` (zone_id, country_id, name, status) VALUES (389, 26, "Kab. Kota Bau-bau", 1);
INSERT INTO `oc_city` (city_id, zone_id, name, code, jnereg, kgp) VALUES (4917, 389, "Bau - Bau", "KDI20100", "60000", "38000");
INSERT INTO `oc_city` (city_id, zone_id, name, code, jnereg) VALUES (4918, 389, "Betoambari", "KDI20120", "60000");
INSERT INTO `oc_city` (city_id, zone_id, name, code, jnereg) VALUES (4919, 389, "Bungi", "KDI20103", "60000");
INSERT INTO `oc_city` (city_id, zone_id, name, code, jnereg) VALUES (4920, 389, "Kokalukuna", "KDI20121", "60000");
INSERT INTO `oc_city` (city_id, zone_id, name, code, jnereg) VALUES (4921, 389, "Murhum", "KDI20122", "60000");
INSERT INTO `oc_city` (city_id, zone_id, name, code, jnereg) VALUES (4922, 389, "Sorowalio", "KDI20123", "60000");
INSERT INTO `oc_city` (city_id, zone_id, name, code, jnereg) VALUES (4923, 389, "Wolio", "KDI20124", "60000");
INSERT INTO `oc_zone` (zone_id, country_id, name, status) VALUES (390, 26, "Kab. Muna", 1);
INSERT INTO `oc_city` (city_id, zone_id, name, code, jnereg) VALUES (4924, 390, "Barangka", "KDI20332", "75600");
INSERT INTO `oc_city` (city_id, zone_id, name, code, jnereg) VALUES (4925, 390, "Batalaiworu", "KDI20318", "75600");
INSERT INTO `oc_city` (city_id, zone_id, name, code, jnereg) VALUES (4926, 390, "Bonegunu", "KDI20301", "75600");
INSERT INTO `oc_city` (city_id, zone_id, name, code, jnereg) VALUES (4927, 390, "Duruka Bone", "KDI20302", "75600");
INSERT INTO `oc_city` (city_id, zone_id, name, code, jnereg) VALUES (4928, 390, "Kabangka", "KDI20304", "75600");
INSERT INTO `oc_city` (city_id, zone_id, name, code, jnereg) VALUES (4929, 390, "Kabawo", "KDI20305", "75600");
INSERT INTO `oc_city` (city_id, zone_id, name, code, jnereg) VALUES (4930, 390, "Kambowa", "KDI20333", "75600");
INSERT INTO `oc_city` (city_id, zone_id, name, code, jnereg) VALUES (4931, 390, "Katobu", "KDI20319", "75600");
INSERT INTO `oc_city` (city_id, zone_id, name, code, jnereg) VALUES (4932, 390, "Kontunaga", "KDI20320", "75600");
INSERT INTO `oc_city` (city_id, zone_id, name, code, jnereg) VALUES (4933, 390, "Kulisusu", "KDI20306", "75600");
INSERT INTO `oc_city` (city_id, zone_id, name, code, jnereg) VALUES (4934, 390, "Kulisusu Barat", "KDI20321", "75600");
INSERT INTO `oc_city` (city_id, zone_id, name, code, jnereg) VALUES (4935, 390, "Kulisusu Utara", "KDI20322", "75600");
INSERT INTO `oc_city` (city_id, zone_id, name, code, jnereg) VALUES (4936, 390, "Kusambi", "KDI20323", "75600");
INSERT INTO `oc_city` (city_id, zone_id, name, code, jnereg) VALUES (4937, 390, "Lasalepa", "KDI20324", "75600");
INSERT INTO `oc_city` (city_id, zone_id, name, code, jnereg) VALUES (4938, 390, "Lawa", "KDI20307", "75600");
INSERT INTO `oc_city` (city_id, zone_id, name, code, jnereg) VALUES (4939, 390, "Lohia", "KDI20308", "75600");
INSERT INTO `oc_city` (city_id, zone_id, name, code, jnereg) VALUES (4940, 390, "Maginti", "KDI20325", "75600");
INSERT INTO `oc_city` (city_id, zone_id, name, code, jnereg) VALUES (4941, 390, "Maligano", "KDI20326", "75600");
INSERT INTO `oc_city` (city_id, zone_id, name, code, jnereg) VALUES (4942, 390, "Napabalano", "KDI20309", "75600");
INSERT INTO `oc_city` (city_id, zone_id, name, code, jnereg) VALUES (4943, 390, "Parigi", "KDI20310", "75600");
INSERT INTO `oc_city` (city_id, zone_id, name, code, jnereg) VALUES (4944, 390, "Pasir Putih", "KDI20327", "75600");
INSERT INTO `oc_city` (city_id, zone_id, name, code, jnereg, kgp) VALUES (4945, 390, "Raha", "KDI20300", "60000", "36000");
INSERT INTO `oc_city` (city_id, zone_id, name, code, jnereg) VALUES (4946, 390, "Sawerigadi", "KDI20312", "75600");
INSERT INTO `oc_city` (city_id, zone_id, name, code, jnereg) VALUES (4947, 390, "Tikep", "KDI20328", "75600");
INSERT INTO `oc_city` (city_id, zone_id, name, code, jnereg) VALUES (4948, 390, "Tiworo Tengah", "KDI20329", "75600");
INSERT INTO `oc_city` (city_id, zone_id, name, code, jnereg) VALUES (4949, 390, "Tongkuno", "KDI20314", "75600");
INSERT INTO `oc_city` (city_id, zone_id, name, code, jnereg) VALUES (4950, 390, "Wakorumba", "KDI20330", "75600");
INSERT INTO `oc_city` (city_id, zone_id, name, code, jnereg) VALUES (4951, 390, "Wakorumba Selatan", "KDI20316", "114000");
INSERT INTO `oc_city` (city_id, zone_id, name, code, jnereg) VALUES (4952, 390, "Watopute", "KDI20334", "75600");
INSERT INTO `oc_zone` (zone_id, country_id, name, status) VALUES (391, 26, "Kab. Wakatobi", 1);
INSERT INTO `oc_city` (city_id, zone_id, name, code, jnereg) VALUES (4953, 391, "Binongko", "KDI20904", "114000");
INSERT INTO `oc_city` (city_id, zone_id, name, code, jnereg) VALUES (4954, 391, "Kaledupa", "KDI20902", "75600");
INSERT INTO `oc_city` (city_id, zone_id, name, code, jnereg) VALUES (4955, 391, "Tomia", "KDI20903", "114000");
INSERT INTO `oc_city` (city_id, zone_id, name, code, jnereg) VALUES (4956, 391, "Wangi-Wangi", "KDI20900", "60000");
INSERT INTO `oc_city` (city_id, zone_id, name, code, jnereg) VALUES (4957, 391, "Wangi-Wangi Selatan", "KDI20901", "75600");
INSERT INTO `oc_zone` (zone_id, country_id, name, status) VALUES (392, 26, "Kota Kendari", 1);
INSERT INTO `oc_city` (city_id, zone_id, name, code, jnereg) VALUES (4958, 392, "Abeli", "KDI10014", "51600");
INSERT INTO `oc_city` (city_id, zone_id, name, code, jnereg) VALUES (4959, 392, "Barat", "KDI10017", "51600");
INSERT INTO `oc_city` (city_id, zone_id, name, code, jnereg) VALUES (4960, 392, "Baruga", "KDI10015", "51600");
INSERT INTO `oc_city` (city_id, zone_id, name, code, jnereg) VALUES (4961, 392, "Kendar", "KDI10016", "51600");
INSERT INTO `oc_city` (city_id, zone_id, name, code, jnereg, kgp) VALUES (4962, 392, "Kendari", "KDI10000", "51600", "31000");
INSERT INTO `oc_city` (city_id, zone_id, name, code, jnereg) VALUES (4963, 392, "Mandonga", "KDI10018", "51600");
INSERT INTO `oc_city` (city_id, zone_id, name, code, jnereg) VALUES (4964, 392, "Poasia", "KDI10019", "51600");
INSERT INTO `oc_country` (country_id, name, iso_code_2, iso_code_3, postcode_required, status) VALUES (27, "Sulawesi Tengah", "ID", "IDN", 1, 1);
INSERT INTO `oc_zone` (zone_id, country_id, name, status) VALUES (393, 27, "Kab. Banggai", 1);
INSERT INTO `oc_city` (city_id, zone_id, name, code, jnereg) VALUES (4965, 393, "Balantak", "PLW20101", "72000");
INSERT INTO `oc_city` (city_id, zone_id, name, code, jnereg) VALUES (4966, 393, "Batui", "PLW20103", "72000");
INSERT INTO `oc_city` (city_id, zone_id, name, code, jnereg) VALUES (4967, 393, "Boalemo", "PLW20116", "72000");
INSERT INTO `oc_city` (city_id, zone_id, name, code, jnereg) VALUES (4968, 393, "Bunta", "PLW20106", "72000");
INSERT INTO `oc_city` (city_id, zone_id, name, code, jnereg) VALUES (4969, 393, "Kintom", "PLW20107", "72000");
INSERT INTO `oc_city` (city_id, zone_id, name, code, jnereg) VALUES (4970, 393, "Lamala", "PLW20109", "72000");
INSERT INTO `oc_city` (city_id, zone_id, name, code, jnereg, kgp) VALUES (4971, 393, "Luwuk", "PLW20100", "57600", "38000");
INSERT INTO `oc_city` (city_id, zone_id, name, code, jnereg) VALUES (4972, 393, "Pagimana", "PLW20111", "72000");
INSERT INTO `oc_city` (city_id, zone_id, name, code, jnereg) VALUES (4973, 393, "Toili", "PLW20117", "72000");
INSERT INTO `oc_zone` (zone_id, country_id, name, status) VALUES (394, 27, "Kab. Banggai Kepulauan", 1);
INSERT INTO `oc_city` (city_id, zone_id, name, code, jnereg, kgp) VALUES (4974, 394, "Banggai", "PLW20500", "57600", "46000");
INSERT INTO `oc_city` (city_id, zone_id, name, code, jnereg) VALUES (4975, 394, "Bokan Kepulauan", "PLW20501", "72000");
INSERT INTO `oc_city` (city_id, zone_id, name, code, jnereg) VALUES (4976, 394, "Buko", "PLW20502", "72000");
INSERT INTO `oc_city` (city_id, zone_id, name, code, jnereg) VALUES (4977, 394, "Bulagi", "PLW20503", "72000");
INSERT INTO `oc_city` (city_id, zone_id, name, code, jnereg) VALUES (4978, 394, "Bulagi Selatan", "PLW20504", "72000");
INSERT INTO `oc_city` (city_id, zone_id, name, code, jnereg) VALUES (4979, 394, "Liang", "PLW20505", "72000");
INSERT INTO `oc_city` (city_id, zone_id, name, code, jnereg) VALUES (4980, 394, "Lo Bangkurung", "PLW20506", "72000");
INSERT INTO `oc_city` (city_id, zone_id, name, code, jnereg) VALUES (4981, 394, "Tinangkung", "PLW20507", "72000");
INSERT INTO `oc_city` (city_id, zone_id, name, code, jnereg) VALUES (4982, 394, "Totikum", "PLW20508", "72000");
INSERT INTO `oc_zone` (zone_id, country_id, name, status) VALUES (395, 27, "Kab. Buol", 1);
INSERT INTO `oc_city` (city_id, zone_id, name, code, jnereg) VALUES (4983, 395, "Biau", "PLW20601", "72000");
INSERT INTO `oc_city` (city_id, zone_id, name, code, jnereg) VALUES (4984, 395, "Bokat", "PLW20602", "72000");
INSERT INTO `oc_city` (city_id, zone_id, name, code, jnereg) VALUES (4985, 395, "Bukal", "PLW20603", "72000");
INSERT INTO `oc_city` (city_id, zone_id, name, code, jnereg) VALUES (4986, 395, "Bunobogu", "PLW20604", "72000");
INSERT INTO `oc_city` (city_id, zone_id, name, code, jnereg, kgp) VALUES (4987, 395, "Buol", "PLW20600", "57600", "41000");
INSERT INTO `oc_city` (city_id, zone_id, name, code, jnereg) VALUES (4988, 395, "Gadung", "PLW20605", "72000");
INSERT INTO `oc_city` (city_id, zone_id, name, code, jnereg) VALUES (4989, 395, "Lipunoto", "PLW20606", "72000");
INSERT INTO `oc_city` (city_id, zone_id, name, code, jnereg) VALUES (4990, 395, "Momunu", "PLW20607", "72000");
INSERT INTO `oc_city` (city_id, zone_id, name, code, jnereg) VALUES (4991, 395, "Paleleh", "PLW20608", "72000");
INSERT INTO `oc_city` (city_id, zone_id, name, code, jnereg) VALUES (4992, 395, "Tiolan", "PLW20609", "72000");
INSERT INTO `oc_zone` (zone_id, country_id, name, status) VALUES (396, 27, "Kab. Donggala", 1);
INSERT INTO `oc_city` (city_id, zone_id, name, code, jnereg) VALUES (4993, 396, "Balaesang", "PLW20701", "72000");
INSERT INTO `oc_city` (city_id, zone_id, name, code, jnereg) VALUES (4994, 396, "Banawa", "PLW20700", "40800");
INSERT INTO `oc_city` (city_id, zone_id, name, code, jnereg) VALUES (4995, 396, "Damsol", "PLW20702", "72000");
INSERT INTO `oc_city` (city_id, zone_id, name, code, jnereg) VALUES (4996, 396, "Dolo", "PLW20703", "72000");
INSERT INTO `oc_city` (city_id, zone_id, name, code, jnereg) VALUES (4997, 396, "Kulawi", "PLW20704", "72000");
INSERT INTO `oc_city` (city_id, zone_id, name, code, jnereg) VALUES (4998, 396, "Marawola", "PLW20705", "72000");
INSERT INTO `oc_city` (city_id, zone_id, name, code, jnereg) VALUES (4999, 396, "Palolo", "PLW20706", "72000");
INSERT INTO `oc_city` (city_id, zone_id, name, code, jnereg) VALUES (5000, 396, "Pipikoro", "PLW20707", "72000");
INSERT INTO `oc_city` (city_id, zone_id, name, code, jnereg) VALUES (5001, 396, "Riopakawa", "PLW20708", "72000");
INSERT INTO `oc_city` (city_id, zone_id, name, code, jnereg) VALUES (5002, 396, "Sigi Biromaru", "PLW20709", "72000");
INSERT INTO `oc_city` (city_id, zone_id, name, code, jnereg) VALUES (5003, 396, "Sindue", "PLW20710", "72000");
INSERT INTO `oc_city` (city_id, zone_id, name, code, jnereg) VALUES (5004, 396, "Sirenja", "PLW20711", "72000");
INSERT INTO `oc_city` (city_id, zone_id, name, code, jnereg) VALUES (5005, 396, "Sojol", "PLW20712", "72000");
INSERT INTO `oc_city` (city_id, zone_id, name, code, jnereg) VALUES (5006, 396, "Tawaeli", "PLW20713", "72000");
INSERT INTO `oc_zone` (zone_id, country_id, name, status) VALUES (397, 27, "Kab. Morowali", 1);
INSERT INTO `oc_city` (city_id, zone_id, name, code, jnereg) VALUES (5007, 397, "Bahodopi", "PLW20805", "72000");
INSERT INTO `oc_city` (city_id, zone_id, name, code, jnereg) VALUES (5008, 397, "Bumi Raya", "PLW20806", "72000");
INSERT INTO `oc_city` (city_id, zone_id, name, code, jnereg) VALUES (5009, 397, "Bungku", "PLW20800", "57600");
INSERT INTO `oc_city` (city_id, zone_id, name, code, jnereg) VALUES (5010, 397, "Bungku Barat", "PLW20801", "72000");
INSERT INTO `oc_city` (city_id, zone_id, name, code, jnereg) VALUES (5011, 397, "Bungku Selatan", "PLW20802", "72000");
INSERT INTO `oc_city` (city_id, zone_id, name, code, jnereg) VALUES (5012, 397, "Bungku Tengah", "PLW20803", "72000");
INSERT INTO `oc_city` (city_id, zone_id, name, code, jnereg) VALUES (5013, 397, "Bungku Utara", "PLW20804", "72000");
INSERT INTO `oc_city` (city_id, zone_id, name, code, jnereg) VALUES (5014, 397, "Lembo", "PLW20807", "72000");
INSERT INTO `oc_city` (city_id, zone_id, name, code, jnereg) VALUES (5015, 397, "Mamosalato", "PLW20808", "72000");
INSERT INTO `oc_city` (city_id, zone_id, name, code, jnereg) VALUES (5016, 397, "Menui Kepulauan", "PLW20809", "72000");
INSERT INTO `oc_city` (city_id, zone_id, name, code, jnereg) VALUES (5017, 397, "Mori Atas", "PLW20810", "72000");
INSERT INTO `oc_city` (city_id, zone_id, name, code, jnereg) VALUES (5018, 397, "Petasia", "PLW20811", "72000");
INSERT INTO `oc_city` (city_id, zone_id, name, code, jnereg) VALUES (5019, 397, "Soyo Jaya", "PLW20812", "72000");
INSERT INTO `oc_city` (city_id, zone_id, name, code, jnereg) VALUES (5020, 397, "Wita Ponda", "PLW20813", "72000");
INSERT INTO `oc_zone` (zone_id, country_id, name, status) VALUES (398, 27, "Kab. Parigi Moutong", 1);
INSERT INTO `oc_city` (city_id, zone_id, name, code, jnereg) VALUES (5021, 398, "Ampibabo", "PLW20901", "72000");
INSERT INTO `oc_city` (city_id, zone_id, name, code, jnereg) VALUES (5022, 398, "Bolano Lambunu", "PLW20902", "72000");
INSERT INTO `oc_city` (city_id, zone_id, name, code, jnereg) VALUES (5023, 398, "Kasimbar", "PLW20903", "72000");
INSERT INTO `oc_city` (city_id, zone_id, name, code, jnereg) VALUES (5024, 398, "Moutong", "PLW20904", "72000");
INSERT INTO `oc_city` (city_id, zone_id, name, code, jnereg, kgp) VALUES (5025, 398, "Parigi", "PLW20900", "57600", "37000");
INSERT INTO `oc_city` (city_id, zone_id, name, code, jnereg) VALUES (5026, 398, "Sausu", "PLW20905", "72000");
INSERT INTO `oc_city` (city_id, zone_id, name, code, jnereg) VALUES (5027, 398, "Tinombo", "PLW20906", "72000");
INSERT INTO `oc_city` (city_id, zone_id, name, code, jnereg) VALUES (5028, 398, "Tinombo Selatan", "PLW20907", "72000");
INSERT INTO `oc_city` (city_id, zone_id, name, code, jnereg) VALUES (5029, 398, "Tomini", "PLW20908", "72000");
INSERT INTO `oc_city` (city_id, zone_id, name, code, jnereg) VALUES (5030, 398, "Torue", "PLW20909", "72000");
INSERT INTO `oc_zone` (zone_id, country_id, name, status) VALUES (399, 27, "Kab. Poso", 1);
INSERT INTO `oc_city` (city_id, zone_id, name, code, jnereg) VALUES (5031, 399, "Lage", "PLW20206", "72000");
INSERT INTO `oc_city` (city_id, zone_id, name, code, jnereg) VALUES (5032, 399, "Lore Selatan", "PLW20209", "72000");
INSERT INTO `oc_city` (city_id, zone_id, name, code, jnereg) VALUES (5033, 399, "Lore Tengah", "PLW20221", "72000");
INSERT INTO `oc_city` (city_id, zone_id, name, code, jnereg) VALUES (5034, 399, "Lore Utara", "PLW20208", "72000");
INSERT INTO `oc_city` (city_id, zone_id, name, code, jnereg) VALUES (5035, 399, "Pamona Selatan", "PLW20212", "72000");
INSERT INTO `oc_city` (city_id, zone_id, name, code, jnereg) VALUES (5036, 399, "Pamona Timur", "PLW20222", "72000");
INSERT INTO `oc_city` (city_id, zone_id, name, code, jnereg) VALUES (5037, 399, "Pamona Utara", "PLW20213", "72000");
INSERT INTO `oc_city` (city_id, zone_id, name, code, jnereg, kgp) VALUES (5038, 399, "Poso Kota", "PLW20200", "57600", "38000");
INSERT INTO `oc_city` (city_id, zone_id, name, code, jnereg) VALUES (5039, 399, "Poso Pesisir", "PLW20215", "72000");
INSERT INTO `oc_zone` (zone_id, country_id, name, status) VALUES (400, 27, "Kab. Tojo Una-una", 1);
INSERT INTO `oc_city` (city_id, zone_id, name, code, jnereg, kgp) VALUES (5040, 400, "Ampana Kota", "PLW21000", "57600", "37000");
INSERT INTO `oc_city` (city_id, zone_id, name, code, jnereg) VALUES (5041, 400, "Ampana Tete", "PLW21001", "72000");
INSERT INTO `oc_city` (city_id, zone_id, name, code, jnereg) VALUES (5042, 400, "Togean", "PLW21002", "72000");
INSERT INTO `oc_city` (city_id, zone_id, name, code, jnereg) VALUES (5043, 400, "Tojo", "PLW21003", "72000");
INSERT INTO `oc_city` (city_id, zone_id, name, code, jnereg) VALUES (5044, 400, "Tojo Barat", "PLW21004", "72000");
INSERT INTO `oc_city` (city_id, zone_id, name, code, jnereg) VALUES (5045, 400, "Ulu Bongka", "PLW21005", "72000");
INSERT INTO `oc_city` (city_id, zone_id, name, code, jnereg) VALUES (5046, 400, "Una-Una", "PLW21006", "72000");
INSERT INTO `oc_city` (city_id, zone_id, name, code, jnereg) VALUES (5047, 400, "Walea Kepulauan", "PLW21007", "72000");
INSERT INTO `oc_zone` (zone_id, country_id, name, status) VALUES (401, 27, "Kab. Toli-toli", 1);
INSERT INTO `oc_city` (city_id, zone_id, name, code, jnereg) VALUES (5048, 401, "Baolan", "PLW20311", "72000");
INSERT INTO `oc_city` (city_id, zone_id, name, code, jnereg) VALUES (5049, 401, "Basidondo", "PLW20313", "72000");
INSERT INTO `oc_city` (city_id, zone_id, name, code, jnereg) VALUES (5050, 401, "Dampal Selatan", "PLW20305", "72000");
INSERT INTO `oc_city` (city_id, zone_id, name, code, jnereg) VALUES (5051, 401, "Dampal Utara", "PLW20304", "72000");
INSERT INTO `oc_city` (city_id, zone_id, name, code, jnereg) VALUES (5052, 401, "Dondo", "PLW20306", "72000");
INSERT INTO `oc_city` (city_id, zone_id, name, code, jnereg) VALUES (5053, 401, "Galang", "PLW20307", "72000");
INSERT INTO `oc_city` (city_id, zone_id, name, code, jnereg) VALUES (5054, 401, "Lampasio", "PLW20314", "72000");
INSERT INTO `oc_city` (city_id, zone_id, name, code, jnereg) VALUES (5055, 401, "Ogo Deide", "PLW20315", "72000");
INSERT INTO `oc_city` (city_id, zone_id, name, code, jnereg, kgp) VALUES (5056, 401, "Toli-Toli", "PLW20300", "57600", "37000");
INSERT INTO `oc_city` (city_id, zone_id, name, code, jnereg) VALUES (5057, 401, "Utara Toli Toli", "PLW20310", "72000");
INSERT INTO `oc_zone` (zone_id, country_id, name, status) VALUES (402, 27, "Kota Palu", 1);
INSERT INTO `oc_city` (city_id, zone_id, name, code, jnereg, kgp) VALUES (5058, 402, "Palu", "PLW10000", "40800", "31000");
INSERT INTO `oc_city` (city_id, zone_id, name, code, jnereg) VALUES (5059, 402, "Palu Barat", "PLW10017", "40800");
INSERT INTO `oc_city` (city_id, zone_id, name, code, jnereg) VALUES (5060, 402, "Palu Selatan", "PLW10018", "40800");
INSERT INTO `oc_city` (city_id, zone_id, name, code, jnereg) VALUES (5061, 402, "Palu Timur", "PLW10019", "40800");
INSERT INTO `oc_city` (city_id, zone_id, name, code, jnereg) VALUES (5062, 402, "Palu Utara", "PLW10020", "40800");
INSERT INTO `oc_country` (country_id, name, iso_code_2, iso_code_3, postcode_required, status) VALUES (28, "Sulawesi Utara", "ID", "IDN", 1, 1);
INSERT INTO `oc_zone` (zone_id, country_id, name, status) VALUES (403, 28, "Kab. Bolaang Mongondow", 1);
INSERT INTO `oc_city` (city_id, zone_id, name, code, jnereg) VALUES (5063, 403, "Bintauna", "MDC20101", "84000");
INSERT INTO `oc_city` (city_id, zone_id, name, code, jnereg) VALUES (5064, 403, "Bolaang", "MDC20102", "84000");
INSERT INTO `oc_city` (city_id, zone_id, name, code, jnereg) VALUES (5065, 403, "BOLAANG ITANG", "MDC20103", "84000");
INSERT INTO `oc_city` (city_id, zone_id, name, code, jnereg) VALUES (5066, 403, "BOLAANG UKI", "MDC20104", "84000");
INSERT INTO `oc_city` (city_id, zone_id, name, code, jnereg) VALUES (5067, 403, "Dumoga Barat", "MDC20115", "84000");
INSERT INTO `oc_city` (city_id, zone_id, name, code, jnereg) VALUES (5068, 403, "Dumoga Timur", "MDC20116", "84000");
INSERT INTO `oc_city` (city_id, zone_id, name, code, jnereg) VALUES (5069, 403, "Dumoga Utara", "MDC20117", "84000");
INSERT INTO `oc_city` (city_id, zone_id, name, code, jnereg) VALUES (5070, 403, "Kaidipang", "MDC20106", "84000");
INSERT INTO `oc_city` (city_id, zone_id, name, code, jnereg) VALUES (5071, 403, "Kotabunan", "MDC20107", "84000");
INSERT INTO `oc_city` (city_id, zone_id, name, code, jnereg, kgp) VALUES (5072, 403, "Kotamobagu", "MDC20100", "67200", "41000");
INSERT INTO `oc_city` (city_id, zone_id, name, code, jnereg) VALUES (5073, 403, "Lolak", "MDC20109", "84000");
INSERT INTO `oc_city` (city_id, zone_id, name, code, jnereg) VALUES (5074, 403, "Lolayan", "MDC20108", "84000");
INSERT INTO `oc_city` (city_id, zone_id, name, code, jnereg) VALUES (5075, 403, "Modayag", "MDC20110", "84000");
INSERT INTO `oc_city` (city_id, zone_id, name, code, jnereg) VALUES (5076, 403, "Nuangan", "MDC20118", "84000");
INSERT INTO `oc_city` (city_id, zone_id, name, code, jnereg) VALUES (5077, 403, "Passi", "MDC20111", "84000");
INSERT INTO `oc_city` (city_id, zone_id, name, code, jnereg) VALUES (5078, 403, "Pinogaluman", "MDC20119", "84000");
INSERT INTO `oc_city` (city_id, zone_id, name, code, jnereg) VALUES (5079, 403, "Pinolosian", "MDC20112", "84000");
INSERT INTO `oc_city` (city_id, zone_id, name, code, jnereg) VALUES (5080, 403, "Poigar", "MDC20113", "84000");
INSERT INTO `oc_city` (city_id, zone_id, name, code, jnereg) VALUES (5081, 403, "Posigadan", "MDC20120", "84000");
INSERT INTO `oc_city` (city_id, zone_id, name, code, jnereg) VALUES (5082, 403, "Sangtombolang", "MDC20114", "84000");
INSERT INTO `oc_zone` (zone_id, country_id, name, status) VALUES (404, 28, "Kab. Bolaang Mongondow Utara", 1);
INSERT INTO `oc_city` (city_id, zone_id, name, code, jnereg) VALUES (5083, 404, "Bintauna", "MDC20601", "84000");
INSERT INTO `oc_city` (city_id, zone_id, name, code, jnereg) VALUES (5084, 404, "Bolaang Itang Barat", "MDC20602", "84000");
INSERT INTO `oc_city` (city_id, zone_id, name, code, jnereg) VALUES (5085, 404, "Bolaang Itang Timur", "MDC20603", "84000");
INSERT INTO `oc_city` (city_id, zone_id, name, code, jnereg) VALUES (5086, 404, "Boroko", "MDC20600", "84000");
INSERT INTO `oc_city` (city_id, zone_id, name, code, jnereg) VALUES (5087, 404, "Kaidipang", "MDC20604", "84000");
INSERT INTO `oc_city` (city_id, zone_id, name, code, jnereg) VALUES (5088, 404, "Pinogaluman", "MDC20605", "84000");
INSERT INTO `oc_city` (city_id, zone_id, name, code, jnereg) VALUES (5089, 404, "Sangkub", "MDC20606", "84000");
INSERT INTO `oc_zone` (zone_id, country_id, name, status) VALUES (405, 28, "Kab. Kepulauan Sangihe", 1);
INSERT INTO `oc_city` (city_id, zone_id, name, code, jnereg) VALUES (5090, 405, "Biaro", "MDC20216", "84000");
INSERT INTO `oc_city` (city_id, zone_id, name, code, jnereg) VALUES (5091, 405, "Kendahe", "MDC20204", "84000");
INSERT INTO `oc_city` (city_id, zone_id, name, code, jnereg) VALUES (5092, 405, "Manganitu", "MDC20206", "84000");
INSERT INTO `oc_city` (city_id, zone_id, name, code, jnereg) VALUES (5093, 405, "Manganitu Selatan", "MDC20217", "84000");
INSERT INTO `oc_city` (city_id, zone_id, name, code, jnereg) VALUES (5094, 405, "Nusa Tabukan", "MDC20218", "84000");
INSERT INTO `oc_city` (city_id, zone_id, name, code, jnereg) VALUES (5095, 405, "Siau Barat", "MDC20210", "84000");
INSERT INTO `oc_city` (city_id, zone_id, name, code, jnereg) VALUES (5096, 405, "Siau Barat Selatan", "MDC20219", "84000");
INSERT INTO `oc_city` (city_id, zone_id, name, code, jnereg) VALUES (5097, 405, "Siau Timur", "MDC20209", "84000");
INSERT INTO `oc_city` (city_id, zone_id, name, code, jnereg) VALUES (5098, 405, "Siau Timur Selatan", "MDC20220", "84000");
INSERT INTO `oc_city` (city_id, zone_id, name, code, jnereg) VALUES (5099, 405, "Tabukan Selatan", "MDC20212", "84000");
INSERT INTO `oc_city` (city_id, zone_id, name, code, jnereg) VALUES (5100, 405, "Tabukan Tengah", "MDC20213", "84000");
INSERT INTO `oc_city` (city_id, zone_id, name, code, jnereg) VALUES (5101, 405, "Tabukan Utara", "MDC20211", "84000");
INSERT INTO `oc_city` (city_id, zone_id, name, code, jnereg) VALUES (5102, 405, "Tagulandang", "MDC20214", "84000");
INSERT INTO `oc_city` (city_id, zone_id, name, code, jnereg) VALUES (5103, 405, "Tagulandang Utara", "MDC20221", "84000");
INSERT INTO `oc_city` (city_id, zone_id, name, code, jnereg, kgp) VALUES (5104, 405, "Tahuna", "MDC20200", "67200", "44000");
INSERT INTO `oc_city` (city_id, zone_id, name, code, jnereg) VALUES (5105, 405, "Tamako", "MDC20215", "84000");
INSERT INTO `oc_city` (city_id, zone_id, name, code, jnereg) VALUES (5106, 405, "Tatoareng", "MDC20222", "84000");
INSERT INTO `oc_zone` (zone_id, country_id, name, status) VALUES (406, 28, "Kab. Kepulauan Talaud", 1);
INSERT INTO `oc_city` (city_id, zone_id, name, code, jnereg) VALUES (5107, 406, "Beo", "MDC20701", "84000");
INSERT INTO `oc_city` (city_id, zone_id, name, code, jnereg) VALUES (5108, 406, "Essang", "MDC20702", "84000");
INSERT INTO `oc_city` (city_id, zone_id, name, code, jnereg) VALUES (5109, 406, "Gemeh", "MDC20703", "84000");
INSERT INTO `oc_city` (city_id, zone_id, name, code, jnereg) VALUES (5110, 406, "Kabaruan", "MDC20704", "84000");
INSERT INTO `oc_city` (city_id, zone_id, name, code, jnereg) VALUES (5111, 406, "Lirung", "MDC20705", "84000");
INSERT INTO `oc_city` (city_id, zone_id, name, code, jnereg) VALUES (5112, 406, "Melonguane", "MDC20700", "84000");
INSERT INTO `oc_city` (city_id, zone_id, name, code, jnereg) VALUES (5113, 406, "Nanusa", "MDC20707", "84000");
INSERT INTO `oc_city` (city_id, zone_id, name, code, jnereg) VALUES (5114, 406, "Rainis", "MDC20708", "84000");
INSERT INTO `oc_zone` (zone_id, country_id, name, status) VALUES (407, 28, "Kab. Minahasa", 1);
INSERT INTO `oc_city` (city_id, zone_id, name, code, jnereg) VALUES (5115, 407, "Eris", "MDC20302", "84000");
INSERT INTO `oc_city` (city_id, zone_id, name, code, jnereg) VALUES (5116, 407, "Kakas", "MDC20303", "84000");
INSERT INTO `oc_city` (city_id, zone_id, name, code, jnereg) VALUES (5117, 407, "Kawangkoan", "MDC20304", "84000");
INSERT INTO `oc_city` (city_id, zone_id, name, code, jnereg) VALUES (5118, 407, "Kombi", "MDC20305", "84000");
INSERT INTO `oc_city` (city_id, zone_id, name, code, jnereg) VALUES (5119, 407, "Langowan Barat", "MDC20313", "84000");
INSERT INTO `oc_city` (city_id, zone_id, name, code, jnereg) VALUES (5120, 407, "Langowan Selatan", "MDC20314", "84000");
INSERT INTO `oc_city` (city_id, zone_id, name, code, jnereg) VALUES (5121, 407, "Langowan Timur", "MDC20315", "84000");
INSERT INTO `oc_city` (city_id, zone_id, name, code, jnereg) VALUES (5122, 407, "Lembean Timur", "MDC20316", "84000");
INSERT INTO `oc_city` (city_id, zone_id, name, code, jnereg) VALUES (5123, 407, "Pineleng", "MDC20317", "84000");
INSERT INTO `oc_city` (city_id, zone_id, name, code, jnereg) VALUES (5124, 407, "Remboken", "MDC20308", "84000");
INSERT INTO `oc_city` (city_id, zone_id, name, code, jnereg) VALUES (5125, 407, "Sonder", "MDC20309", "84000");
INSERT INTO `oc_city` (city_id, zone_id, name, code, jnereg) VALUES (5126, 407, "Tombariri", "MDC20318", "84000");
INSERT INTO `oc_city` (city_id, zone_id, name, code, jnereg) VALUES (5127, 407, "Tombulu", "MDC20319", "84000");
INSERT INTO `oc_city` (city_id, zone_id, name, code, jnereg) VALUES (5128, 407, "Tompaso", "MDC20311", "84000");
INSERT INTO `oc_city` (city_id, zone_id, name, code, jnereg, kgp) VALUES (5129, 407, "Tondano", "MDC20300", "67200", "41000");
INSERT INTO `oc_city` (city_id, zone_id, name, code, jnereg) VALUES (5130, 407, "Tondano Barat", "MDC20320", "84000");
INSERT INTO `oc_city` (city_id, zone_id, name, code, jnereg) VALUES (5131, 407, "Tondano Selatan", "MDC20321", "84000");
INSERT INTO `oc_city` (city_id, zone_id, name, code, jnereg) VALUES (5132, 407, "Tondano Timur", "MDC20322", "84000");
INSERT INTO `oc_city` (city_id, zone_id, name, code, jnereg) VALUES (5133, 407, "Tondano Utara", "MDC20323", "84000");
INSERT INTO `oc_zone` (zone_id, country_id, name, status) VALUES (408, 28, "Kab. Minahasa Selatan", 1);
INSERT INTO `oc_city` (city_id, zone_id, name, code, jnereg, kgp) VALUES (5134, 408, "Amurang", "MDC20900", "84000", "41000");
INSERT INTO `oc_city` (city_id, zone_id, name, code, jnereg) VALUES (5135, 408, "Modoinding", "MDC20901", "84000");
INSERT INTO `oc_city` (city_id, zone_id, name, code, jnereg) VALUES (5136, 408, "Motoling", "MDC20902", "84000");
INSERT INTO `oc_city` (city_id, zone_id, name, code, jnereg) VALUES (5137, 408, "Ranoyapo", "MDC20903", "84000");
INSERT INTO `oc_city` (city_id, zone_id, name, code, jnereg) VALUES (5138, 408, "Sinon Sayang", "MDC20904", "84000");
INSERT INTO `oc_city` (city_id, zone_id, name, code, jnereg) VALUES (5139, 408, "Tareran", "MDC20905", "84000");
INSERT INTO `oc_city` (city_id, zone_id, name, code, jnereg) VALUES (5140, 408, "Tenga", "MDC20906", "84000");
INSERT INTO `oc_city` (city_id, zone_id, name, code, jnereg) VALUES (5141, 408, "Tombasian", "MDC20907", "84000");
INSERT INTO `oc_city` (city_id, zone_id, name, code, jnereg) VALUES (5142, 408, "Tompaso Baru", "MDC20908", "84000");
INSERT INTO `oc_city` (city_id, zone_id, name, code, jnereg) VALUES (5143, 408, "Tumpaan", "MDC20909", "84000");
INSERT INTO `oc_zone` (zone_id, country_id, name, status) VALUES (409, 28, "Kab. Minahasa Tenggara", 1);
INSERT INTO `oc_city` (city_id, zone_id, name, code, jnereg) VALUES (5144, 409, "Belang", "MDC21001", "84000");
INSERT INTO `oc_city` (city_id, zone_id, name, code, jnereg) VALUES (5145, 409, "Pusomaen", "MDC21005", "84000");
INSERT INTO `oc_city` (city_id, zone_id, name, code, jnereg, kgp) VALUES (5146, 409, "Ratahan", "MDC21000", "67200", "40000");
INSERT INTO `oc_city` (city_id, zone_id, name, code, jnereg) VALUES (5147, 409, "Ratatotok", "MDC21004", "84000");
INSERT INTO `oc_city` (city_id, zone_id, name, code, jnereg) VALUES (5148, 409, "Tombatu", "MDC21002", "84000");
INSERT INTO `oc_city` (city_id, zone_id, name, code, jnereg) VALUES (5149, 409, "Touluaan", "MDC21003", "84000");
INSERT INTO `oc_zone` (zone_id, country_id, name, status) VALUES (410, 28, "Kab. Minahasa Utara", 1);
INSERT INTO `oc_city` (city_id, zone_id, name, code, jnereg, kgp) VALUES (5150, 410, "Airmadidi", "MDC20800", "84000", "40000");
INSERT INTO `oc_city` (city_id, zone_id, name, code, jnereg) VALUES (5151, 410, "Dimembe", "MDC20801", "84000");
INSERT INTO `oc_city` (city_id, zone_id, name, code, jnereg) VALUES (5152, 410, "Kalawat", "MDC20802", "84000");
INSERT INTO `oc_city` (city_id, zone_id, name, code, jnereg) VALUES (5153, 410, "Kauditan", "MDC20803", "84000");
INSERT INTO `oc_city` (city_id, zone_id, name, code, jnereg) VALUES (5154, 410, "Kema", "MDC20804", "84000");
INSERT INTO `oc_city` (city_id, zone_id, name, code, jnereg) VALUES (5155, 410, "Likupang Barat", "MDC20805", "84000");
INSERT INTO `oc_city` (city_id, zone_id, name, code, jnereg) VALUES (5156, 410, "Likupang Timur", "MDC20806", "84000");
INSERT INTO `oc_city` (city_id, zone_id, name, code, jnereg) VALUES (5157, 410, "Wori", "MDC20807", "84000");
INSERT INTO `oc_zone` (zone_id, country_id, name, status) VALUES (411, 28, "Kota Bitung", 1);
INSERT INTO `oc_city` (city_id, zone_id, name, code, jnereg, kgp) VALUES (5158, 411, "Bitung", "MDC20400", "67200", "41000");
INSERT INTO `oc_city` (city_id, zone_id, name, code, jnereg) VALUES (5159, 411, "Bitung Barat", "MDC20401", "67200");
INSERT INTO `oc_city` (city_id, zone_id, name, code, jnereg) VALUES (5160, 411, "Bitung Selatan", "MDC20402", "67200");
INSERT INTO `oc_city` (city_id, zone_id, name, code, jnereg) VALUES (5161, 411, "Bitung Tengah", "MDC20403", "67200");
INSERT INTO `oc_city` (city_id, zone_id, name, code, jnereg) VALUES (5162, 411, "Bitung Timur", "MDC20404", "67200");
INSERT INTO `oc_city` (city_id, zone_id, name, code, jnereg) VALUES (5163, 411, "Bitung Utara", "MDC20405", "67200");
INSERT INTO `oc_zone` (zone_id, country_id, name, status) VALUES (412, 28, "Kota Manado", 1);
INSERT INTO `oc_city` (city_id, zone_id, name, code, jnereg) VALUES (5164, 412, "Bunaken", "MDC10021", "84000");
INSERT INTO `oc_city` (city_id, zone_id, name, code, jnereg) VALUES (5165, 412, "Malalayang", "MDC10022", "45600");
INSERT INTO `oc_city` (city_id, zone_id, name, code, jnereg, kgp) VALUES (5166, 412, "Manado", "MDC10000", "45600", "32000");
INSERT INTO `oc_city` (city_id, zone_id, name, code, jnereg) VALUES (5167, 412, "Mapanget", "MDC10023", "45600");
INSERT INTO `oc_city` (city_id, zone_id, name, code, jnereg) VALUES (5168, 412, "Sario", "MDC10024", "45600");
INSERT INTO `oc_city` (city_id, zone_id, name, code, jnereg) VALUES (5169, 412, "Singkil", "MDC10025", "45600");
INSERT INTO `oc_city` (city_id, zone_id, name, code, jnereg) VALUES (5170, 412, "Tikala", "MDC10026", "45600");
INSERT INTO `oc_city` (city_id, zone_id, name, code, jnereg) VALUES (5171, 412, "Tuminting", "MDC10027", "45600");
INSERT INTO `oc_city` (city_id, zone_id, name, code, jnereg) VALUES (5172, 412, "Wanea", "MDC10028", "45600");
INSERT INTO `oc_city` (city_id, zone_id, name, code, jnereg) VALUES (5173, 412, "Wenang", "MDC10029", "45600");
INSERT INTO `oc_zone` (zone_id, country_id, name, status) VALUES (413, 28, "Kota Tomohon", 1);
INSERT INTO `oc_city` (city_id, zone_id, name, code, jnereg, kgp) VALUES (5174, 413, "Tomohon", "MDC21100", "67200", "41000");
INSERT INTO `oc_city` (city_id, zone_id, name, code, jnereg) VALUES (5175, 413, "Tomohon Barat", "MDC21101", "67200");
INSERT INTO `oc_city` (city_id, zone_id, name, code, jnereg) VALUES (5176, 413, "Tomohon Selatan", "MDC21102", "67200");
INSERT INTO `oc_city` (city_id, zone_id, name, code, jnereg) VALUES (5177, 413, "Tomohon Tengah", "MDC21103", "67200");
INSERT INTO `oc_city` (city_id, zone_id, name, code, jnereg) VALUES (5178, 413, "Tomohon Timur", "MDC21104", "67200");
INSERT INTO `oc_city` (city_id, zone_id, name, code, jnereg) VALUES (5179, 413, "Tomohon Utara", "MDC21105", "67200");
INSERT INTO `oc_country` (country_id, name, iso_code_2, iso_code_3, postcode_required, status) VALUES (29, "Sulawesi Barat", "ID", "IDN", 1, 1);
INSERT INTO `oc_zone` (zone_id, country_id, name, status) VALUES (414, 29, "Kab. Majene", 1);
INSERT INTO `oc_city` (city_id, zone_id, name, code, jnereg) VALUES (5180, 414, "Banggae", "UPG20904", "45600");
INSERT INTO `oc_city` (city_id, zone_id, name, code, jnereg, kgp) VALUES (5181, 414, "Majene", "UPG20900", "36000", "26000");
INSERT INTO `oc_city` (city_id, zone_id, name, code, jnereg) VALUES (5182, 414, "Malunda", "UPG20901", "45600");
INSERT INTO `oc_city` (city_id, zone_id, name, code, jnereg) VALUES (5183, 414, "Pamboang", "UPG20902", "45600");
INSERT INTO `oc_city` (city_id, zone_id, name, code, jnereg) VALUES (5184, 414, "Sendana", "UPG20903", "45600");
INSERT INTO `oc_zone` (zone_id, country_id, name, status) VALUES (415, 29, "Kab. Mamasa", 1);
INSERT INTO `oc_city` (city_id, zone_id, name, code, jnereg) VALUES (5185, 415, "Aralle", "UPG23401", "45600");
INSERT INTO `oc_city` (city_id, zone_id, name, code, jnereg) VALUES (5186, 415, "Mamasa", "UPG23400", "36000");
INSERT INTO `oc_city` (city_id, zone_id, name, code, jnereg) VALUES (5187, 415, "Mambi", "UPG23402", "45600");
INSERT INTO `oc_city` (city_id, zone_id, name, code, jnereg) VALUES (5188, 415, "Messawa", "UPG23403", "45600");
INSERT INTO `oc_city` (city_id, zone_id, name, code, jnereg) VALUES (5189, 415, "Nosu", "UPG23405", "45600");
INSERT INTO `oc_city` (city_id, zone_id, name, code, jnereg) VALUES (5190, 415, "Pana", "UPG23404", "45600");
INSERT INTO `oc_city` (city_id, zone_id, name, code, jnereg) VALUES (5191, 415, "Sesena Padang", "UPG23406", "45600");
INSERT INTO `oc_city` (city_id, zone_id, name, code, jnereg) VALUES (5192, 415, "Sumarorong", "UPG23407", "45600");
INSERT INTO `oc_city` (city_id, zone_id, name, code, jnereg) VALUES (5193, 415, "Tabang", "UPG23408", "45600");
INSERT INTO `oc_city` (city_id, zone_id, name, code, jnereg) VALUES (5194, 415, "Tabulahan", "UPG23409", "45600");
INSERT INTO `oc_city` (city_id, zone_id, name, code, jnereg) VALUES (5195, 415, "Tanduk Kalua", "UPG23410", "45600");
INSERT INTO `oc_zone` (zone_id, country_id, name, status) VALUES (416, 29, "Kab. Mamuju", 1);
INSERT INTO `oc_city` (city_id, zone_id, name, code, jnereg) VALUES (5196, 416, "Bonehau", "UPG20706", "45600");
INSERT INTO `oc_city` (city_id, zone_id, name, code, jnereg) VALUES (5197, 416, "Budong-Budong", "UPG20701", "45600");
INSERT INTO `oc_city` (city_id, zone_id, name, code, jnereg) VALUES (5198, 416, "Kalukku", "UPG20703", "45600");
INSERT INTO `oc_city` (city_id, zone_id, name, code, jnereg) VALUES (5199, 416, "Kalumpang", "UPG20702", "45600");
INSERT INTO `oc_city` (city_id, zone_id, name, code, jnereg) VALUES (5200, 416, "Karossa", "UPG20707", "45600");
INSERT INTO `oc_city` (city_id, zone_id, name, code, jnereg, kgp) VALUES (5201, 416, "Mamuju", "UPG20700", "36000", "27000");
INSERT INTO `oc_city` (city_id, zone_id, name, code, jnereg) VALUES (5202, 416, "Pangale", "UPG20708", "45600");
INSERT INTO `oc_city` (city_id, zone_id, name, code, jnereg) VALUES (5203, 416, "Papalang", "UPG20709", "45600");
INSERT INTO `oc_city` (city_id, zone_id, name, code, jnereg) VALUES (5204, 416, "Sampaga", "UPG20710", "45600");
INSERT INTO `oc_city` (city_id, zone_id, name, code, jnereg) VALUES (5205, 416, "Simboro dan Kepulauan", "UPG20711", "45600");
INSERT INTO `oc_city` (city_id, zone_id, name, code, jnereg) VALUES (5206, 416, "Tapalang Barat", "UPG20712", "45600");
INSERT INTO `oc_city` (city_id, zone_id, name, code, jnereg) VALUES (5207, 416, "Tappalang", "UPG20705", "45600");
INSERT INTO `oc_city` (city_id, zone_id, name, code, jnereg) VALUES (5208, 416, "Tobadak", "UPG20713", "45600");
INSERT INTO `oc_city` (city_id, zone_id, name, code, jnereg) VALUES (5209, 416, "Tommo", "UPG20714", "45600");
INSERT INTO `oc_city` (city_id, zone_id, name, code, jnereg) VALUES (5210, 416, "Topoyo", "UPG20715", "45600");
INSERT INTO `oc_zone` (zone_id, country_id, name, status) VALUES (417, 29, "Kab. Mamuju Utara", 1);
INSERT INTO `oc_city` (city_id, zone_id, name, code, jnereg) VALUES (5211, 417, "Bambalamotu", "UPG23501", "45600");
INSERT INTO `oc_city` (city_id, zone_id, name, code, jnereg) VALUES (5212, 417, "Baras", "UPG23502", "45600");
INSERT INTO `oc_city` (city_id, zone_id, name, code, jnereg) VALUES (5213, 417, "Pasangkayu", "UPG23500", "36000");
INSERT INTO `oc_city` (city_id, zone_id, name, code, jnereg) VALUES (5214, 417, "Sarudu", "UPG23503", "45600");
INSERT INTO `oc_zone` (zone_id, country_id, name, status) VALUES (418, 29, "Kab. Polewali Mandar", 1);
INSERT INTO `oc_city` (city_id, zone_id, name, code, jnereg) VALUES (5215, 418, "Allu", "UPG21209", "45600");
INSERT INTO `oc_city` (city_id, zone_id, name, code, jnereg) VALUES (5216, 418, "Anreapi", "UPG21210", "45600");
INSERT INTO `oc_city` (city_id, zone_id, name, code, jnereg) VALUES (5217, 418, "Balanipa", "UPG21211", "45600");
INSERT INTO `oc_city` (city_id, zone_id, name, code, jnereg) VALUES (5218, 418, "Binuang", "UPG21212", "45600");
INSERT INTO `oc_city` (city_id, zone_id, name, code, jnereg) VALUES (5219, 418, "Campalagian", "UPG21201", "45600");
INSERT INTO `oc_city` (city_id, zone_id, name, code, jnereg) VALUES (5220, 418, "Limboro", "UPG21213", "45600");
INSERT INTO `oc_city` (city_id, zone_id, name, code, jnereg) VALUES (5221, 418, "Luyo", "UPG21214", "45600");
INSERT INTO `oc_city` (city_id, zone_id, name, code, jnereg) VALUES (5222, 418, "Mapilli", "UPG21215", "45600");
INSERT INTO `oc_city` (city_id, zone_id, name, code, jnereg) VALUES (5223, 418, "Matakali", "UPG21216", "45600");
INSERT INTO `oc_city` (city_id, zone_id, name, code, jnereg) VALUES (5224, 418, "Matangnga", "UPG21217", "45600");
INSERT INTO `oc_city` (city_id, zone_id, name, code, jnereg) VALUES (5225, 418, "Polewali", "UPG21200", "36000");
INSERT INTO `oc_city` (city_id, zone_id, name, code, jnereg) VALUES (5226, 418, "Tapango", "UPG21218", "45600");
INSERT INTO `oc_city` (city_id, zone_id, name, code, jnereg) VALUES (5227, 418, "Tinambung", "UPG21206", "45600");
INSERT INTO `oc_city` (city_id, zone_id, name, code, jnereg) VALUES (5228, 418, "Tutallu", "UPG21207", "45600");
INSERT INTO `oc_city` (city_id, zone_id, name, code, jnereg) VALUES (5229, 418, "Wonomulyo", "UPG21208", "45600");
INSERT INTO `oc_country` (country_id, name, iso_code_2, iso_code_3, postcode_required, status) VALUES (30, "Maluku", "ID", "IDN", 1, 1);
INSERT INTO `oc_zone` (zone_id, country_id, name, status) VALUES (419, 30, "Kab. Buru", 1);
INSERT INTO `oc_city` (city_id, zone_id, name, code, jnereg) VALUES (5230, 419, "Air Buaya / Buru Utara Barat", "AMQ20301", "171600");
INSERT INTO `oc_city` (city_id, zone_id, name, code, jnereg) VALUES (5231, 419, "Leksula / Buru Selatan", "AMQ20302", "171600");
INSERT INTO `oc_city` (city_id, zone_id, name, code, jnereg) VALUES (5232, 419, "Namlea", "AMQ20300", "91200");
INSERT INTO `oc_city` (city_id, zone_id, name, code, jnereg) VALUES (5233, 419, "Waesama", "AMQ20303", "171600");
INSERT INTO `oc_city` (city_id, zone_id, name, code, jnereg) VALUES (5234, 419, "Wayapo / Buru Utara Timur", "AMQ20304", "171600");
INSERT INTO `oc_zone` (zone_id, country_id, name, status) VALUES (420, 30, "Kab. Kepulauan Aru", 1);
INSERT INTO `oc_city` (city_id, zone_id, name, code, jnereg, kgp) VALUES (5235, 420, "Dobo", "AMQ20400", "171600", "50500");
INSERT INTO `oc_city` (city_id, zone_id, name, code, jnereg) VALUES (5236, 420, "Pulau-Pulau Aru", "AMQ20401", "171600");
INSERT INTO `oc_city` (city_id, zone_id, name, code, jnereg) VALUES (5237, 420, "Pulau-Pulau Aru Selatan", "AMQ20402", "171600");
INSERT INTO `oc_city` (city_id, zone_id, name, code, jnereg) VALUES (5238, 420, "Pulau-Pulau Aru Tengah", "AMQ20403", "171600");
INSERT INTO `oc_zone` (zone_id, country_id, name, status) VALUES (421, 30, "Kab. Maluku Tengah", 1);
INSERT INTO `oc_city` (city_id, zone_id, name, code, jnereg, kgp) VALUES (5239, 421, "Amahai", "AMQ20118", "171600", "48500");
INSERT INTO `oc_city` (city_id, zone_id, name, code, jnereg, kgp) VALUES (5240, 421, "Banda", "AMQ20101", "171600", "50500");
INSERT INTO `oc_city` (city_id, zone_id, name, code, jnereg, kgp) VALUES (5241, 421, "Kota Masohi", "AMQ20100", "91200", "48500");
INSERT INTO `oc_city` (city_id, zone_id, name, code, jnereg) VALUES (5242, 421, "Leihitu", "AMQ20107", "171600");
INSERT INTO `oc_city` (city_id, zone_id, name, code, jnereg) VALUES (5243, 421, "Nusa Laut", "AMQ20119", "171600");
INSERT INTO `oc_city` (city_id, zone_id, name, code, jnereg, kgp) VALUES (5244, 421, "Pulau Haruku", "AMQ20108", "171600", "48500");
INSERT INTO `oc_city` (city_id, zone_id, name, code, jnereg) VALUES (5245, 421, "Sala Hutu", "AMQ20110", "114000");
INSERT INTO `oc_city` (city_id, zone_id, name, code, jnereg, kgp) VALUES (5246, 421, "Saparua", "AMQ20121", "171600", "48500");
INSERT INTO `oc_city` (city_id, zone_id, name, code, jnereg) VALUES (5247, 421, "Seram Utara", "AMQ20113", "171600");
INSERT INTO `oc_city` (city_id, zone_id, name, code, jnereg) VALUES (5248, 421, "Tehoru", "AMQ20115", "171600");
INSERT INTO `oc_city` (city_id, zone_id, name, code, jnereg) VALUES (5249, 421, "Teon Nila Serua", "AMQ20116", "171600");
INSERT INTO `oc_zone` (zone_id, country_id, name, status) VALUES (422, 30, "Kab. Maluku Tenggara", 1);
INSERT INTO `oc_city` (city_id, zone_id, name, code, jnereg) VALUES (5250, 422, "Kei Besar", "AMQ20201", "171600");
INSERT INTO `oc_city` (city_id, zone_id, name, code, jnereg) VALUES (5251, 422, "Kei Besar Selatan", "AMQ20208", "171600");
INSERT INTO `oc_city` (city_id, zone_id, name, code, jnereg) VALUES (5252, 422, "Kei Besar Utara Timur", "AMQ20209", "171600");
INSERT INTO `oc_city` (city_id, zone_id, name, code, jnereg) VALUES (5253, 422, "Kei Kecil", "AMQ20210", "171600");
INSERT INTO `oc_city` (city_id, zone_id, name, code, jnereg) VALUES (5254, 422, "Pulau-Pulau Kur", "AMQ20211", "171600");
INSERT INTO `oc_city` (city_id, zone_id, name, code, jnereg, kgp) VALUES (5255, 422, "Tual", "AMQ20200", "91200", "51500");
INSERT INTO `oc_zone` (zone_id, country_id, name, status) VALUES (423, 30, "Kab. Maluku Tenggara Barat", 1);
INSERT INTO `oc_city` (city_id, zone_id, name, code, jnereg) VALUES (5256, 423, "Damer", "AMQ20801", "171600");
INSERT INTO `oc_city` (city_id, zone_id, name, code, jnereg) VALUES (5257, 423, "Kormomolin", "AMQ20802", "171600");
INSERT INTO `oc_city` (city_id, zone_id, name, code, jnereg) VALUES (5258, 423, "Luser", "AMQ20803", "171600");
INSERT INTO `oc_city` (city_id, zone_id, name, code, jnereg) VALUES (5259, 423, "Mola", "AMQ20804", "171600");
INSERT INTO `oc_city` (city_id, zone_id, name, code, jnereg) VALUES (5260, 423, "Nirunmas", "AMQ20805", "171600");
INSERT INTO `oc_city` (city_id, zone_id, name, code, jnereg) VALUES (5261, 423, "Pulau-Pulau Babar", "AMQ20806", "171600");
INSERT INTO `oc_city` (city_id, zone_id, name, code, jnereg) VALUES (5262, 423, "Pulau-Pulau Babar Timur", "AMQ20807", "171600");
INSERT INTO `oc_city` (city_id, zone_id, name, code, jnereg) VALUES (5263, 423, "Pulau-Pulau Letimoa Lakor", "AMQ20808", "171600");
INSERT INTO `oc_city` (city_id, zone_id, name, code, jnereg) VALUES (5264, 423, "Pulau-Pulau Terselatan", "AMQ20809", "171600");
INSERT INTO `oc_city` (city_id, zone_id, name, code, jnereg) VALUES (5265, 423, "Pulau-Pulau Wetar", "AMQ20810", "171600");
INSERT INTO `oc_city` (city_id, zone_id, name, code, jnereg, kgp) VALUES (5266, 423, "Saumlaki", "AMQ20800", "91200", "50500");
INSERT INTO `oc_city` (city_id, zone_id, name, code, jnereg) VALUES (5267, 423, "Selaru", "AMQ20811", "171600");
INSERT INTO `oc_city` (city_id, zone_id, name, code, jnereg) VALUES (5268, 423, "Serwaru", "AMQ20818", "171600");
INSERT INTO `oc_city` (city_id, zone_id, name, code, jnereg) VALUES (5269, 423, "Tanimbar Selatan", "AMQ20812", "171600");
INSERT INTO `oc_city` (city_id, zone_id, name, code, jnereg) VALUES (5270, 423, "Tanimbar Utara", "AMQ20813", "171600");
INSERT INTO `oc_city` (city_id, zone_id, name, code, jnereg) VALUES (5271, 423, "Wer Makatian", "AMQ20814", "171600");
INSERT INTO `oc_city` (city_id, zone_id, name, code, jnereg) VALUES (5272, 423, "Wertamrian", "AMQ20815", "171600");
INSERT INTO `oc_city` (city_id, zone_id, name, code, jnereg) VALUES (5273, 423, "Wuarlabobar", "AMQ20816", "171600");
INSERT INTO `oc_city` (city_id, zone_id, name, code, jnereg) VALUES (5274, 423, "Yaru", "AMQ20817", "171600");
INSERT INTO `oc_zone` (zone_id, country_id, name, status) VALUES (424, 30, "Kab. Seram Bagian Barat", 1);
INSERT INTO `oc_city` (city_id, zone_id, name, code, jnereg) VALUES (5275, 424, "Kairatu", "AMQ20601", "171600");
INSERT INTO `oc_city` (city_id, zone_id, name, code, jnereg, kgp) VALUES (5276, 424, "Piru", "AMQ20600", "171600", "48500");
INSERT INTO `oc_city` (city_id, zone_id, name, code, jnereg) VALUES (5277, 424, "Seram Barat", "AMQ20602", "171600");
INSERT INTO `oc_city` (city_id, zone_id, name, code, jnereg) VALUES (5278, 424, "Taniwel", "AMQ20603", "171600");
INSERT INTO `oc_city` (city_id, zone_id, name, code, jnereg) VALUES (5279, 424, "Waisala", "AMQ20604", "171600");
INSERT INTO `oc_zone` (zone_id, country_id, name, status) VALUES (425, 30, "Kab. Seram Bagian Timur", 1);
INSERT INTO `oc_city` (city_id, zone_id, name, code, jnereg) VALUES (5280, 425, "Bula", "AMQ20701", "171600");
INSERT INTO `oc_city` (city_id, zone_id, name, code, jnereg) VALUES (5281, 425, "Dataran Hunimoa", "AMQ20700", "171600");
INSERT INTO `oc_city` (city_id, zone_id, name, code, jnereg) VALUES (5282, 425, "Pulau-Pulau Gorong", "AMQ20702", "171600");
INSERT INTO `oc_city` (city_id, zone_id, name, code, jnereg) VALUES (5283, 425, "Seram Timur", "AMQ20703", "171600");
INSERT INTO `oc_city` (city_id, zone_id, name, code, jnereg) VALUES (5284, 425, "Werinama", "AMQ20704", "171600");
INSERT INTO `oc_zone` (zone_id, country_id, name, status) VALUES (426, 30, "Kota Ambon", 1);
INSERT INTO `oc_city` (city_id, zone_id, name, code, jnereg, kgp) VALUES (5285, 426, "Ambon", "AMQ10000", "51600", "41500");
INSERT INTO `oc_city` (city_id, zone_id, name, code, jnereg) VALUES (5286, 426, "Leitimur Selatan", "AMQ10009", "51600");
INSERT INTO `oc_city` (city_id, zone_id, name, code, jnereg) VALUES (5287, 426, "Nusaniwe", "AMQ10005", "51600");
INSERT INTO `oc_city` (city_id, zone_id, name, code, jnereg) VALUES (5288, 426, "Sirimau", "AMQ10006", "51600");
INSERT INTO `oc_city` (city_id, zone_id, name, code, jnereg) VALUES (5289, 426, "Teluk Ambon", "AMQ10008", "51600");
INSERT INTO `oc_city` (city_id, zone_id, name, code, jnereg) VALUES (5290, 426, "Teluk Ambon Baguala", "AMQ10007", "51600");
INSERT INTO `oc_country` (country_id, name, iso_code_2, iso_code_3, postcode_required, status) VALUES (31, "Maluku Utara", "ID", "IDN", 1, 1);
INSERT INTO `oc_zone` (zone_id, country_id, name, status) VALUES (427, 31, "Kab. Halmahera Barat", 1);
INSERT INTO `oc_city` (city_id, zone_id, name, code, jnereg) VALUES (5291, 427, "Ibu", "TTE20202", "196800");
INSERT INTO `oc_city` (city_id, zone_id, name, code, jnereg) VALUES (5292, 427, "Jailolo", "TTE20200", "104400");
INSERT INTO `oc_city` (city_id, zone_id, name, code, jnereg) VALUES (5293, 427, "Jailolo Selatan", "TTE20201", "130800");
INSERT INTO `oc_city` (city_id, zone_id, name, code, jnereg) VALUES (5294, 427, "Loloda", "TTE20203", "196800");
INSERT INTO `oc_city` (city_id, zone_id, name, code, jnereg) VALUES (5295, 427, "Sahu", "TTE20204", "130800");
INSERT INTO `oc_zone` (zone_id, country_id, name, status) VALUES (428, 31, "Kab. Halmahera Selatan", 1);
INSERT INTO `oc_city` (city_id, zone_id, name, code, jnereg) VALUES (5296, 428, "Bacan", "TTE20301", "130800");
INSERT INTO `oc_city` (city_id, zone_id, name, code, jnereg) VALUES (5297, 428, "Bacan Selatan", "TTE20302", "130800");
INSERT INTO `oc_city` (city_id, zone_id, name, code, jnereg) VALUES (5298, 428, "Bacan Timur", "TTE20303", "130800");
INSERT INTO `oc_city` (city_id, zone_id, name, code, jnereg) VALUES (5299, 428, "Gane Barat", "TTE20304", "196800");
INSERT INTO `oc_city` (city_id, zone_id, name, code, jnereg) VALUES (5300, 428, "Gane Timur", "TTE20305", "196800");
INSERT INTO `oc_city` (city_id, zone_id, name, code, jnereg) VALUES (5301, 428, "Kayoa", "TTE20306", "196800");
INSERT INTO `oc_city` (city_id, zone_id, name, code, jnereg) VALUES (5302, 428, "Labuha", "TTE20300", "104400");
INSERT INTO `oc_city` (city_id, zone_id, name, code, jnereg) VALUES (5303, 428, "Obi", "TTE20307", "196800");
INSERT INTO `oc_city` (city_id, zone_id, name, code, jnereg) VALUES (5304, 428, "Obi Selatan", "TTE20308", "196800");
INSERT INTO `oc_city` (city_id, zone_id, name, code, jnereg) VALUES (5305, 428, "Pulau Makian", "TTE20309", "196800");
INSERT INTO `oc_zone` (zone_id, country_id, name, status) VALUES (429, 31, "Kab. Halmahera Tengah", 1);
INSERT INTO `oc_city` (city_id, zone_id, name, code, jnereg) VALUES (5306, 429, "Gebe", "TTE20401", "130800");
INSERT INTO `oc_city` (city_id, zone_id, name, code, jnereg) VALUES (5307, 429, "Patani", "TTE20402", "196800");
INSERT INTO `oc_city` (city_id, zone_id, name, code, jnereg) VALUES (5308, 429, "Weda", "TTE20400", "104400");
INSERT INTO `oc_zone` (zone_id, country_id, name, status) VALUES (430, 31, "Kab. Halmahera Timur", 1);
INSERT INTO `oc_city` (city_id, zone_id, name, code, jnereg) VALUES (5309, 430, "Maba", "TTE20500", "104400");
INSERT INTO `oc_city` (city_id, zone_id, name, code, jnereg) VALUES (5310, 430, "Maba Selatan", "TTE20501", "130800");
INSERT INTO `oc_city` (city_id, zone_id, name, code, jnereg) VALUES (5311, 430, "Wasile", "TTE20502", "196800");
INSERT INTO `oc_city` (city_id, zone_id, name, code, jnereg) VALUES (5312, 430, "Wasile Selatan", "TTE20503", "196800");
INSERT INTO `oc_zone` (zone_id, country_id, name, status) VALUES (431, 31, "Kab. Halmahera Utara", 1);
INSERT INTO `oc_city` (city_id, zone_id, name, code, jnereg) VALUES (5313, 431, "Galela", "TTE20602", "130800");
INSERT INTO `oc_city` (city_id, zone_id, name, code, jnereg) VALUES (5314, 431, "Kao", "TTE20603", "130800");
INSERT INTO `oc_city` (city_id, zone_id, name, code, jnereg) VALUES (5315, 431, "Loloda Utara", "TTE20604", "196800");
INSERT INTO `oc_city` (city_id, zone_id, name, code, jnereg) VALUES (5316, 431, "Malifut", "TTE20605", "196800");
INSERT INTO `oc_city` (city_id, zone_id, name, code, jnereg) VALUES (5317, 431, "Morotai Selatan", "TTE20606", "196800");
INSERT INTO `oc_city` (city_id, zone_id, name, code, jnereg) VALUES (5318, 431, "Morotai Selatan Barat", "TTE20607", "196800");
INSERT INTO `oc_city` (city_id, zone_id, name, code, jnereg) VALUES (5319, 431, "Morotai Utara", "TTE20608", "196800");
INSERT INTO `oc_city` (city_id, zone_id, name, code, jnereg) VALUES (5320, 431, "Tobelo", "TTE20600", "104400");
INSERT INTO `oc_city` (city_id, zone_id, name, code, jnereg) VALUES (5321, 431, "Tobelo Selatan", "TTE20601", "130800");
INSERT INTO `oc_zone` (zone_id, country_id, name, status) VALUES (432, 31, "Kab. Kepulauan Sula", 1);
INSERT INTO `oc_city` (city_id, zone_id, name, code, jnereg) VALUES (5322, 432, "Mangoli Barat", "TTE20701", "130800");
INSERT INTO `oc_city` (city_id, zone_id, name, code, jnereg) VALUES (5323, 432, "Mangoli Timur", "TTE20702", "130800");
INSERT INTO `oc_city` (city_id, zone_id, name, code, jnereg) VALUES (5324, 432, "Nggele", "TTE20703", "196800");
INSERT INTO `oc_city` (city_id, zone_id, name, code, jnereg) VALUES (5325, 432, "Sanana", "TTE20700", "104400");
INSERT INTO `oc_city` (city_id, zone_id, name, code, jnereg) VALUES (5326, 432, "Sula Besi Barat", "TTE20704", "196800");
INSERT INTO `oc_city` (city_id, zone_id, name, code, jnereg) VALUES (5327, 432, "Taliabu Barat", "TTE20705", "196800");
INSERT INTO `oc_city` (city_id, zone_id, name, code, jnereg) VALUES (5328, 432, "Taliabu Timur", "TTE20706", "196800");
INSERT INTO `oc_zone` (zone_id, country_id, name, status) VALUES (433, 31, "Kota Ternate", 1);
INSERT INTO `oc_city` (city_id, zone_id, name, code, jnereg) VALUES (5329, 433, "Moti", "TTE10021", "130800");
INSERT INTO `oc_city` (city_id, zone_id, name, code, jnereg, kgp) VALUES (5330, 433, "Ternate", "TTE10000", "54000", "44000");
INSERT INTO `oc_city` (city_id, zone_id, name, code, jnereg) VALUES (5331, 433, "Ternate Selatan", "TTE10022", "130800");
INSERT INTO `oc_city` (city_id, zone_id, name, code, jnereg) VALUES (5332, 433, "Ternate Utara", "TTE10023", "130800");
INSERT INTO `oc_zone` (zone_id, country_id, name, status) VALUES (434, 31, "Kota Tidore", 1);
INSERT INTO `oc_city` (city_id, zone_id, name, code, jnereg) VALUES (5333, 434, "Oba", "TTE20801", "196800");
INSERT INTO `oc_city` (city_id, zone_id, name, code, jnereg) VALUES (5334, 434, "Oba Utara", "TTE20802", "196800");
INSERT INTO `oc_city` (city_id, zone_id, name, code, jnereg) VALUES (5335, 434, "Tidore", "TTE20800", "104400");
INSERT INTO `oc_city` (city_id, zone_id, name, code, jnereg) VALUES (5336, 434, "Tidore Selatan", "TTE20803", "130800");
INSERT INTO `oc_city` (city_id, zone_id, name, code, jnereg) VALUES (5337, 434, "Tidore Utara", "TTE20804", "130800");
INSERT INTO `oc_country` (country_id, name, iso_code_2, iso_code_3, postcode_required, status) VALUES (32, "Papua Barat", "ID", "IDN", 1, 1);
INSERT INTO `oc_zone` (zone_id, country_id, name, status) VALUES (435, 32, "Kab. Fak-fak", 1);
INSERT INTO `oc_city` (city_id, zone_id, name, code, jnereg, kgp) VALUES (5338, 435, "FAK-FAK", "SOQ20000", "180000", "69000");
INSERT INTO `oc_city` (city_id, zone_id, name, code, jnereg) VALUES (5339, 435, "Fakfak Barat", "SOQ20001", "225600");
INSERT INTO `oc_city` (city_id, zone_id, name, code, jnereg) VALUES (5340, 435, "Fakfak Timur", "SOQ20002", "225600");
INSERT INTO `oc_city` (city_id, zone_id, name, code, jnereg) VALUES (5341, 435, "Kokas", "SOQ20003", "225600");
INSERT INTO `oc_zone` (zone_id, country_id, name, status) VALUES (436, 32, "Kab. Kaimana", 1);
INSERT INTO `oc_city` (city_id, zone_id, name, code, jnereg) VALUES (5342, 436, "Buruwai", "SOQ20101", "225600");
INSERT INTO `oc_city` (city_id, zone_id, name, code, jnereg, kgp) VALUES (5343, 436, "Kaimana", "SOQ20100", "180000", "66000");
INSERT INTO `oc_city` (city_id, zone_id, name, code, jnereg) VALUES (5344, 436, "Teluk Arguni", "SOQ20102", "225600");
INSERT INTO `oc_city` (city_id, zone_id, name, code, jnereg) VALUES (5345, 436, "Teluk Etna", "SOQ20103", "225600");
INSERT INTO `oc_zone` (zone_id, country_id, name, status) VALUES (437, 32, "Kab. Raja Ampat", 1);
INSERT INTO `oc_city` (city_id, zone_id, name, code, jnereg) VALUES (5346, 437, "Kepulauan Ayau", "SOQ20301", "225600");
INSERT INTO `oc_city` (city_id, zone_id, name, code, jnereg) VALUES (5347, 437, "Kofiau", "SOQ20302", "225600");
INSERT INTO `oc_city` (city_id, zone_id, name, code, jnereg) VALUES (5348, 437, "Misool", "SOQ20303", "225600");
INSERT INTO `oc_city` (city_id, zone_id, name, code, jnereg) VALUES (5349, 437, "Misool Timur Selatan", "SOQ20304", "225600");
INSERT INTO `oc_city` (city_id, zone_id, name, code, jnereg) VALUES (5350, 437, "Samate", "SOQ20305", "225600");
INSERT INTO `oc_city` (city_id, zone_id, name, code, jnereg) VALUES (5351, 437, "Teluk Mayalibit", "SOQ20306", "225600");
INSERT INTO `oc_city` (city_id, zone_id, name, code, jnereg) VALUES (5352, 437, "Waigeo Barat", "SOQ20307", "225600");
INSERT INTO `oc_city` (city_id, zone_id, name, code, jnereg) VALUES (5353, 437, "Waigeo Selatan", "SOQ20308", "225600");
INSERT INTO `oc_city` (city_id, zone_id, name, code, jnereg) VALUES (5354, 437, "Waigeo Timur", "SOQ20309", "225600");
INSERT INTO `oc_city` (city_id, zone_id, name, code, jnereg) VALUES (5355, 437, "Waigeo Utara", "SOQ20310", "225600");
INSERT INTO `oc_city` (city_id, zone_id, name, code, jnereg) VALUES (5356, 437, "Waisai", "SOQ20300", "180000");
INSERT INTO `oc_zone` (zone_id, country_id, name, status) VALUES (438, 32, "Kab. Sorong", 1);
INSERT INTO `oc_city` (city_id, zone_id, name, code, jnereg) VALUES (5357, 438, "Abun", "SOQ10018", "225600");
INSERT INTO `oc_city` (city_id, zone_id, name, code, jnereg) VALUES (5358, 438, "Aimas", "SOQ10019", "225600");
INSERT INTO `oc_city` (city_id, zone_id, name, code, jnereg) VALUES (5359, 438, "Beraur", "SOQ10020", "225600");
INSERT INTO `oc_city` (city_id, zone_id, name, code, jnereg) VALUES (5360, 438, "Fef", "SOQ10021", "225600");
INSERT INTO `oc_city` (city_id, zone_id, name, code, jnereg) VALUES (5361, 438, "Klamono", "SOQ10022", "225600");
INSERT INTO `oc_city` (city_id, zone_id, name, code, jnereg) VALUES (5362, 438, "Makbon", "SOQ10006", "225600");
INSERT INTO `oc_city` (city_id, zone_id, name, code, jnereg) VALUES (5363, 438, "Moraid", "SOQ10008", "225600");
INSERT INTO `oc_city` (city_id, zone_id, name, code, jnereg) VALUES (5364, 438, "Salawati", "SOQ10009", "225600");
INSERT INTO `oc_city` (city_id, zone_id, name, code, jnereg) VALUES (5365, 438, "Sausapor", "SOQ10010", "225600");
INSERT INTO `oc_city` (city_id, zone_id, name, code, jnereg) VALUES (5366, 438, "Sayosa", "SOQ10023", "225600");
INSERT INTO `oc_city` (city_id, zone_id, name, code, jnereg) VALUES (5367, 438, "Seget", "SOQ10011", "225600");
INSERT INTO `oc_city` (city_id, zone_id, name, code, jnereg) VALUES (5368, 438, "Segun", "SOQ10024", "225600");
INSERT INTO `oc_city` (city_id, zone_id, name, code, jnereg, kgp) VALUES (5369, 438, "Sorong", "SOQ10000", "126000", "59000");
INSERT INTO `oc_zone` (zone_id, country_id, name, status) VALUES (439, 32, "Kab. Sorong Selatan", 1);
INSERT INTO `oc_city` (city_id, zone_id, name, code, jnereg) VALUES (5370, 439, "Aifat", "SOQ20401", "225600");
INSERT INTO `oc_city` (city_id, zone_id, name, code, jnereg) VALUES (5371, 439, "Aifat Timur", "SOQ20402", "225600");
INSERT INTO `oc_city` (city_id, zone_id, name, code, jnereg) VALUES (5372, 439, "Aitinyo", "SOQ20403", "225600");
INSERT INTO `oc_city` (city_id, zone_id, name, code, jnereg) VALUES (5373, 439, "Ayamaru", "SOQ20404", "225600");
INSERT INTO `oc_city` (city_id, zone_id, name, code, jnereg) VALUES (5374, 439, "Ayamaru Utara", "SOQ20405", "225600");
INSERT INTO `oc_city` (city_id, zone_id, name, code, jnereg) VALUES (5375, 439, "Inanwatan", "SOQ20406", "225600");
INSERT INTO `oc_city` (city_id, zone_id, name, code, jnereg) VALUES (5376, 439, "Kais", "SOQ20407", "225600");
INSERT INTO `oc_city` (city_id, zone_id, name, code, jnereg) VALUES (5377, 439, "Kokoda", "SOQ20408", "225600");
INSERT INTO `oc_city` (city_id, zone_id, name, code, jnereg) VALUES (5378, 439, "Mare", "SOQ20409", "225600");
INSERT INTO `oc_city` (city_id, zone_id, name, code, jnereg) VALUES (5379, 439, "Moswaren", "SOQ20410", "225600");
INSERT INTO `oc_city` (city_id, zone_id, name, code, jnereg) VALUES (5380, 439, "Sawiat", "SOQ20411", "225600");
INSERT INTO `oc_city` (city_id, zone_id, name, code, jnereg) VALUES (5381, 439, "Seremuk", "SOQ20412", "225600");
INSERT INTO `oc_city` (city_id, zone_id, name, code, jnereg) VALUES (5382, 439, "Teminabuan", "SOQ20400", "180000");
INSERT INTO `oc_city` (city_id, zone_id, name, code, jnereg) VALUES (5383, 439, "Wayer", "SOQ20413", "225600");
INSERT INTO `oc_zone` (zone_id, country_id, name, status) VALUES (440, 32, "Kab. Teluk Bintuni", 1);
INSERT INTO `oc_city` (city_id, zone_id, name, code, jnereg) VALUES (5384, 440, "Aranday", "SOQ20501", "225600");
INSERT INTO `oc_city` (city_id, zone_id, name, code, jnereg) VALUES (5385, 440, "Babo", "SOQ20502", "225600");
INSERT INTO `oc_city` (city_id, zone_id, name, code, jnereg) VALUES (5386, 440, "Bintuni", "SOQ20500", "180000");
INSERT INTO `oc_city` (city_id, zone_id, name, code, jnereg) VALUES (5387, 440, "Door", "SOQ20504", "225600");
INSERT INTO `oc_city` (city_id, zone_id, name, code, jnereg) VALUES (5388, 440, "Fafuwar", "SOQ20503", "225600");
INSERT INTO `oc_city` (city_id, zone_id, name, code, jnereg) VALUES (5389, 440, "Kuri", "SOQ20505", "225600");
INSERT INTO `oc_city` (city_id, zone_id, name, code, jnereg) VALUES (5390, 440, "Merdey", "SOQ20506", "225600");
INSERT INTO `oc_city` (city_id, zone_id, name, code, jnereg) VALUES (5391, 440, "Moskona Selatan", "SOQ20507", "225600");
INSERT INTO `oc_city` (city_id, zone_id, name, code, jnereg) VALUES (5392, 440, "Moskona Utara", "SOQ20508", "225600");
INSERT INTO `oc_city` (city_id, zone_id, name, code, jnereg) VALUES (5393, 440, "Tembuni", "SOQ20509", "225600");
INSERT INTO `oc_zone` (zone_id, country_id, name, status) VALUES (441, 32, "Kab. Teluk Wondama", 1);
INSERT INTO `oc_city` (city_id, zone_id, name, code, jnereg) VALUES (5394, 441, "Rasei", "SOQ20600", "180000");
INSERT INTO `oc_city` (city_id, zone_id, name, code, jnereg) VALUES (5395, 441, "Rumberpon", "SOQ20601", "225600");
INSERT INTO `oc_city` (city_id, zone_id, name, code, jnereg) VALUES (5396, 441, "Wamesa", "SOQ20602", "225600");
INSERT INTO `oc_city` (city_id, zone_id, name, code, jnereg) VALUES (5397, 441, "Wasior", "SOQ20603", "225600");
INSERT INTO `oc_city` (city_id, zone_id, name, code, jnereg) VALUES (5398, 441, "Wasior Barat", "SOQ20604", "225600");
INSERT INTO `oc_city` (city_id, zone_id, name, code, jnereg) VALUES (5399, 441, "Wasior Selatan", "SOQ20605", "225600");
INSERT INTO `oc_city` (city_id, zone_id, name, code, jnereg) VALUES (5400, 441, "Wasior Utara", "SOQ20606", "225600");
INSERT INTO `oc_city` (city_id, zone_id, name, code, jnereg) VALUES (5401, 441, "Windesi", "SOQ20607", "225600");
INSERT INTO `oc_zone` (zone_id, country_id, name, status) VALUES (442, 32, "Kota Sorong", 1);
INSERT INTO `oc_city` (city_id, zone_id, name, code, jnereg) VALUES (5402, 442, "Sorong Barat", "SOQ10025", "126000");
INSERT INTO `oc_city` (city_id, zone_id, name, code, jnereg) VALUES (5403, 442, "Sorong Timur", "SOQ10026", "126000");
INSERT INTO `oc_country` (country_id, name, iso_code_2, iso_code_3, postcode_required, status) VALUES (33, "Papua", "ID", "IDN", 1, 1);
INSERT INTO `oc_zone` (zone_id, country_id, name, status) VALUES (443, 33, "Kab. Asmat", 1);
INSERT INTO `oc_city` (city_id, zone_id, name, code, jnereg) VALUES (5404, 443, "Agats", "DJJ20800", "139200");
INSERT INTO `oc_city` (city_id, zone_id, name, code, jnereg) VALUES (5405, 443, "Akat", "DJJ20801", "174000");
INSERT INTO `oc_city` (city_id, zone_id, name, code, jnereg) VALUES (5406, 443, "Atsy", "DJJ20802", "174000");
INSERT INTO `oc_city` (city_id, zone_id, name, code, jnereg) VALUES (5407, 443, "Fayit", "DJJ20803", "174000");
INSERT INTO `oc_city` (city_id, zone_id, name, code, jnereg) VALUES (5408, 443, "Pantai Kasuari", "DJJ20804", "174000");
INSERT INTO `oc_city` (city_id, zone_id, name, code, jnereg) VALUES (5409, 443, "Sawaerma", "DJJ20805", "174000");
INSERT INTO `oc_city` (city_id, zone_id, name, code, jnereg) VALUES (5410, 443, "Suator", "DJJ20806", "174000");
INSERT INTO `oc_zone` (zone_id, country_id, name, status) VALUES (444, 33, "Kab. Biak Numfor", 1);
INSERT INTO `oc_city` (city_id, zone_id, name, code, jnereg) VALUES (5411, 444, "Biak Barat", "DJJ20101", "174000");
INSERT INTO `oc_city` (city_id, zone_id, name, code, jnereg, kgp) VALUES (5412, 444, "Biak Kota", "DJJ20100", "139200", "54000");
INSERT INTO `oc_city` (city_id, zone_id, name, code, jnereg) VALUES (5413, 444, "Biak timur", "DJJ20102", "174000");
INSERT INTO `oc_city` (city_id, zone_id, name, code, jnereg) VALUES (5414, 444, "Biak Utara", "DJJ20103", "174000");
INSERT INTO `oc_city` (city_id, zone_id, name, code, jnereg) VALUES (5415, 444, "Kepulauan Padaidio", "DJJ20109", "174000");
INSERT INTO `oc_city` (city_id, zone_id, name, code, jnereg) VALUES (5416, 444, "Numfor Barat", "DJJ20104", "174000");
INSERT INTO `oc_city` (city_id, zone_id, name, code, jnereg) VALUES (5417, 444, "Numfor Timur", "DJJ20105", "174000");
INSERT INTO `oc_city` (city_id, zone_id, name, code, jnereg) VALUES (5418, 444, "Samofa", "DJJ20110", "174000");
INSERT INTO `oc_city` (city_id, zone_id, name, code, jnereg) VALUES (5419, 444, "Warsa", "DJJ20111", "174000");
INSERT INTO `oc_city` (city_id, zone_id, name, code, jnereg) VALUES (5420, 444, "Yendidori", "DJJ20112", "174000");
INSERT INTO `oc_zone` (zone_id, country_id, name, status) VALUES (445, 33, "Kab. Boven Digoel", 1);
INSERT INTO `oc_city` (city_id, zone_id, name, code, jnereg) VALUES (5421, 445, "Distrik Bomakia", "DJJ20901", "174000");
INSERT INTO `oc_city` (city_id, zone_id, name, code, jnereg) VALUES (5422, 445, "Jair", "DJJ20902", "174000");
INSERT INTO `oc_city` (city_id, zone_id, name, code, jnereg) VALUES (5423, 445, "Kouh", "DJJ20903", "174000");
INSERT INTO `oc_city` (city_id, zone_id, name, code, jnereg) VALUES (5424, 445, "Mandobo", "DJJ20904", "174000");
INSERT INTO `oc_city` (city_id, zone_id, name, code, jnereg) VALUES (5425, 445, "Mindiptana", "DJJ20905", "174000");
INSERT INTO `oc_city` (city_id, zone_id, name, code, jnereg) VALUES (5426, 445, "Tanah Merah/ Boven Digoel", "DJJ20900", "139200");
INSERT INTO `oc_city` (city_id, zone_id, name, code, jnereg) VALUES (5427, 445, "Waropko", "DJJ20906", "174000");
INSERT INTO `oc_zone` (zone_id, country_id, name, status) VALUES (446, 33, "Kab. Deiyai", 1);
INSERT INTO `oc_city` (city_id, zone_id, name, code, jnereg) VALUES (5428, 446, "Bowobado", "NBX30601", "214800");
INSERT INTO `oc_city` (city_id, zone_id, name, code, jnereg) VALUES (5429, 446, "Kapiraya", "NBX30602", "214800");
INSERT INTO `oc_city` (city_id, zone_id, name, code, jnereg) VALUES (5430, 446, "Tigi", "NBX30600", "171600");
INSERT INTO `oc_city` (city_id, zone_id, name, code, jnereg) VALUES (5431, 446, "Tigi Barat", "NBX30604", "214800");
INSERT INTO `oc_city` (city_id, zone_id, name, code, jnereg) VALUES (5432, 446, "Tigi Timur", "NBX30603", "214800");
INSERT INTO `oc_zone` (zone_id, country_id, name, status) VALUES (447, 33, "Kab. Dogiyai", 1);
INSERT INTO `oc_city` (city_id, zone_id, name, code, jnereg) VALUES (5433, 447, "Kamu", "NBX30100", "171600");
INSERT INTO `oc_city` (city_id, zone_id, name, code, jnereg) VALUES (5434, 447, "Kamu Selatan", "NBX30101", "214800");
INSERT INTO `oc_city` (city_id, zone_id, name, code, jnereg) VALUES (5435, 447, "Kamu Timur", "NBX30102", "214800");
INSERT INTO `oc_city` (city_id, zone_id, name, code, jnereg) VALUES (5436, 447, "Kamu Utara", "NBX30103", "214800");
INSERT INTO `oc_city` (city_id, zone_id, name, code, jnereg) VALUES (5437, 447, "Sukikai", "NBX30104", "214800");
INSERT INTO `oc_city` (city_id, zone_id, name, code, jnereg) VALUES (5438, 447, "Sukikai Selatan", "NBX30105", "214800");
INSERT INTO `oc_zone` (zone_id, country_id, name, status) VALUES (448, 33, "Kab. Intan Jaya", 1);
INSERT INTO `oc_city` (city_id, zone_id, name, code, jnereg) VALUES (5439, 448, "Agisiga", "NBX30501", "214800");
INSERT INTO `oc_city` (city_id, zone_id, name, code, jnereg) VALUES (5440, 448, "Biandoga", "NBX30502", "214800");
INSERT INTO `oc_city` (city_id, zone_id, name, code, jnereg) VALUES (5441, 448, "Hitadipa", "NBX30503", "214800");
INSERT INTO `oc_city` (city_id, zone_id, name, code, jnereg) VALUES (5442, 448, "Homeyo", "NBX30504", "214800");
INSERT INTO `oc_city` (city_id, zone_id, name, code, jnereg) VALUES (5443, 448, "Intan Jaya", "NBX30505", "214800");
INSERT INTO `oc_city` (city_id, zone_id, name, code, jnereg) VALUES (5444, 448, "Sugapa", "NBX30500", "171600");
INSERT INTO `oc_city` (city_id, zone_id, name, code, jnereg) VALUES (5445, 448, "Wandai", "NBX30506", "214800");
INSERT INTO `oc_zone` (zone_id, country_id, name, status) VALUES (449, 33, "Kab. Jayapura", 1);
INSERT INTO `oc_city` (city_id, zone_id, name, code, jnereg) VALUES (5446, 449, "Demta", "DJJ10004", "79200");
INSERT INTO `oc_city` (city_id, zone_id, name, code, jnereg) VALUES (5447, 449, "Depapre", "DJJ10005", "79200");
INSERT INTO `oc_city` (city_id, zone_id, name, code, jnereg) VALUES (5448, 449, "Kareuh", "DJJ10006", "79200");
INSERT INTO `oc_city` (city_id, zone_id, name, code, jnereg) VALUES (5449, 449, "Kemtuk", "DJJ10025", "174000");
INSERT INTO `oc_city` (city_id, zone_id, name, code, jnereg) VALUES (5450, 449, "Kemtuk Gresie", "DJJ10007", "79200");
INSERT INTO `oc_city` (city_id, zone_id, name, code, jnereg) VALUES (5451, 449, "Nimbokrang", "DJJ10026", "174000");
INSERT INTO `oc_city` (city_id, zone_id, name, code, jnereg) VALUES (5452, 449, "Nimboran", "DJJ10011", "79200");
INSERT INTO `oc_city` (city_id, zone_id, name, code, jnereg) VALUES (5453, 449, "Sentani", "DJJ10015", "139200");
INSERT INTO `oc_city` (city_id, zone_id, name, code, jnereg) VALUES (5454, 449, "Sentani Barat", "DJJ10027", "174000");
INSERT INTO `oc_city` (city_id, zone_id, name, code, jnereg) VALUES (5455, 449, "Sentani Timur", "DJJ10028", "174000");
INSERT INTO `oc_city` (city_id, zone_id, name, code, jnereg) VALUES (5456, 449, "Unurum Guay", "DJJ10018", "174000");
INSERT INTO `oc_zone` (zone_id, country_id, name, status) VALUES (450, 33, "Kab. Jayawijaya", 1);
INSERT INTO `oc_city` (city_id, zone_id, name, code, jnereg) VALUES (5457, 450, "Abenaho", "DJJ20712", "174000");
INSERT INTO `oc_city` (city_id, zone_id, name, code, jnereg) VALUES (5458, 450, "Apalapsili", "DJJ20713", "174000");
INSERT INTO `oc_city` (city_id, zone_id, name, code, jnereg) VALUES (5459, 450, "Asologaima", "DJJ20701", "174000");
INSERT INTO `oc_city` (city_id, zone_id, name, code, jnereg) VALUES (5460, 450, "Bolakma", "DJJ20714", "174000");
INSERT INTO `oc_city` (city_id, zone_id, name, code, jnereg) VALUES (5461, 450, "Gamelia", "DJJ20715", "174000");
INSERT INTO `oc_city` (city_id, zone_id, name, code, jnereg) VALUES (5462, 450, "Hubikosi", "DJJ20716", "174000");
INSERT INTO `oc_city` (city_id, zone_id, name, code, jnereg) VALUES (5463, 450, "Kelila", "DJJ20704", "174000");
INSERT INTO `oc_city` (city_id, zone_id, name, code, jnereg) VALUES (5464, 450, "Kenyam", "DJJ20717", "174000");
INSERT INTO `oc_city` (city_id, zone_id, name, code, jnereg) VALUES (5465, 450, "Kobakma", "DJJ20718", "174000");
INSERT INTO `oc_city` (city_id, zone_id, name, code, jnereg) VALUES (5466, 450, "Kurulu", "DJJ20705", "174000");
INSERT INTO `oc_city` (city_id, zone_id, name, code, jnereg) VALUES (5467, 450, "Maki", "DJJ20708", "174000");
INSERT INTO `oc_city` (city_id, zone_id, name, code, jnereg) VALUES (5468, 450, "Mapenduma", "DJJ20719", "174000");
INSERT INTO `oc_city` (city_id, zone_id, name, code, jnereg) VALUES (5469, 450, "Pirime", "DJJ20720", "174000");
INSERT INTO `oc_city` (city_id, zone_id, name, code, jnereg) VALUES (5470, 450, "Tiom", "DJJ20711", "174000");
INSERT INTO `oc_city` (city_id, zone_id, name, code, jnereg, kgp) VALUES (5471, 450, "Wamena", "DJJ20700", "139200", "61000");
INSERT INTO `oc_zone` (zone_id, country_id, name, status) VALUES (451, 33, "Kab. Keerom", 1);
INSERT INTO `oc_city` (city_id, zone_id, name, code, jnereg) VALUES (5472, 451, "Arso", "DJJ21001", "174000");
INSERT INTO `oc_city` (city_id, zone_id, name, code, jnereg) VALUES (5473, 451, "Senggi", "DJJ21002", "174000");
INSERT INTO `oc_city` (city_id, zone_id, name, code, jnereg) VALUES (5474, 451, "Skanto", "DJJ21003", "174000");
INSERT INTO `oc_city` (city_id, zone_id, name, code, jnereg) VALUES (5475, 451, "Waris", "DJJ21000", "139200");
INSERT INTO `oc_city` (city_id, zone_id, name, code, jnereg) VALUES (5476, 451, "Web", "DJJ21004", "174000");
INSERT INTO `oc_zone` (zone_id, country_id, name, status) VALUES (452, 33, "Kab. Mamberamo Raya", 1);
INSERT INTO `oc_city` (city_id, zone_id, name, code, jnereg) VALUES (5477, 452, "Benuki", "DJJ22007", "261600");
INSERT INTO `oc_city` (city_id, zone_id, name, code, jnereg) VALUES (5478, 452, "Burmeso", "DJJ22000", "261600");
INSERT INTO `oc_city` (city_id, zone_id, name, code, jnereg) VALUES (5479, 452, "Mamberamo Ilir", "DJJ22002", "261600");
INSERT INTO `oc_city` (city_id, zone_id, name, code, jnereg) VALUES (5480, 452, "Mamberamo Tengah", "DJJ22001", "261600");
INSERT INTO `oc_city` (city_id, zone_id, name, code, jnereg) VALUES (5481, 452, "Mamberamo Tengah Timur", "DJJ22004", "261600");
INSERT INTO `oc_city` (city_id, zone_id, name, code, jnereg) VALUES (5482, 452, "Mamberamo Ulu", "DJJ22003", "261600");
INSERT INTO `oc_city` (city_id, zone_id, name, code, jnereg) VALUES (5483, 452, "Rufaer", "DJJ22005", "261600");
INSERT INTO `oc_city` (city_id, zone_id, name, code, jnereg) VALUES (5484, 452, "Sawai", "DJJ22008", "261600");
INSERT INTO `oc_city` (city_id, zone_id, name, code, jnereg) VALUES (5485, 452, "Waropen Atas", "DJJ22006", "261600");
INSERT INTO `oc_zone` (zone_id, country_id, name, status) VALUES (453, 33, "Kab. Manokwari", 1);
INSERT INTO `oc_city` (city_id, zone_id, name, code, jnereg) VALUES (5486, 453, "Amberbaken", "SOQ20609", "225600");
INSERT INTO `oc_city` (city_id, zone_id, name, code, jnereg) VALUES (5487, 453, "Anggi", "SOQ20610", "225600");
INSERT INTO `oc_city` (city_id, zone_id, name, code, jnereg) VALUES (5488, 453, "Kebar", "SOQ20611", "225600");
INSERT INTO `oc_city` (city_id, zone_id, name, code, jnereg, kgp) VALUES (5489, 453, "Manokwari", "SOQ20608", "180000", "74000");
INSERT INTO `oc_city` (city_id, zone_id, name, code, jnereg) VALUES (5490, 453, "Masni", "SOQ20615", "225600");
INSERT INTO `oc_city` (city_id, zone_id, name, code, jnereg) VALUES (5491, 453, "Minyambouw", "SOQ20616", "225600");
INSERT INTO `oc_city` (city_id, zone_id, name, code, jnereg) VALUES (5492, 453, "Oransbari", "SOQ20612", "225600");
INSERT INTO `oc_city` (city_id, zone_id, name, code, jnereg) VALUES (5493, 453, "Prafi", "SOQ20617", "225600");
INSERT INTO `oc_city` (city_id, zone_id, name, code, jnereg) VALUES (5494, 453, "Ransiki", "SOQ20613", "225600");
INSERT INTO `oc_city` (city_id, zone_id, name, code, jnereg) VALUES (5495, 453, "Sugurey", "SOQ20618", "225600");
INSERT INTO `oc_city` (city_id, zone_id, name, code, jnereg) VALUES (5496, 453, "Warmare", "SOQ20614", "225600");
INSERT INTO `oc_zone` (zone_id, country_id, name, status) VALUES (454, 33, "Kab. Mappi", 1);
INSERT INTO `oc_city` (city_id, zone_id, name, code, jnereg) VALUES (5497, 454, "Assue", "NBX30401", "214800");
INSERT INTO `oc_city` (city_id, zone_id, name, code, jnereg) VALUES (5498, 454, "Citak Mitak", "NBX30402", "214800");
INSERT INTO `oc_city` (city_id, zone_id, name, code, jnereg) VALUES (5499, 454, "Edera", "NBX30403", "214800");
INSERT INTO `oc_city` (city_id, zone_id, name, code, jnereg) VALUES (5500, 454, "Haju", "NBX30404", "214800");
INSERT INTO `oc_city` (city_id, zone_id, name, code, jnereg, kgp) VALUES (5501, 454, "Kepi", "NBX30400", "171600", "84000");
INSERT INTO `oc_city` (city_id, zone_id, name, code, jnereg) VALUES (5502, 454, "Nambioman Bapai", "NBX30405", "214800");
INSERT INTO `oc_city` (city_id, zone_id, name, code, jnereg) VALUES (5503, 454, "Obaa", "NBX30406", "214800");
INSERT INTO `oc_zone` (zone_id, country_id, name, status) VALUES (455, 33, "Kab. Merauke", 1);
INSERT INTO `oc_city` (city_id, zone_id, name, code, jnereg) VALUES (5504, 455, "Distrik Ulilin", "DJJ20418", "174000");
INSERT INTO `oc_city` (city_id, zone_id, name, code, jnereg) VALUES (5505, 455, "Eligobel", "DJJ20419", "174000");
INSERT INTO `oc_city` (city_id, zone_id, name, code, jnereg) VALUES (5506, 455, "Jagebob", "DJJ20420", "174000");
INSERT INTO `oc_city` (city_id, zone_id, name, code, jnereg) VALUES (5507, 455, "Kimaam", "DJJ20407", "174000");
INSERT INTO `oc_city` (city_id, zone_id, name, code, jnereg) VALUES (5508, 455, "Kurik", "DJJ20421", "174000");
INSERT INTO `oc_city` (city_id, zone_id, name, code, jnereg, kgp) VALUES (5509, 455, "Merauke", "DJJ20400", "139200", "74000");
INSERT INTO `oc_city` (city_id, zone_id, name, code, jnereg) VALUES (5510, 455, "Muting", "DJJ20411", "174000");
INSERT INTO `oc_city` (city_id, zone_id, name, code, jnereg) VALUES (5511, 455, "Okaba", "DJJ20414", "174000");
INSERT INTO `oc_city` (city_id, zone_id, name, code, jnereg) VALUES (5512, 455, "Semangga", "DJJ20422", "174000");
INSERT INTO `oc_city` (city_id, zone_id, name, code, jnereg) VALUES (5513, 455, "Sota", "DJJ20423", "174000");
INSERT INTO `oc_city` (city_id, zone_id, name, code, jnereg) VALUES (5514, 455, "Tanah Miring", "DJJ20424", "174000");
INSERT INTO `oc_zone` (zone_id, country_id, name, status) VALUES (456, 33, "Kab. Mimika", 1);
INSERT INTO `oc_city` (city_id, zone_id, name, code, jnereg) VALUES (5515, 456, "Agimuga", "TIM10001", "210000");
INSERT INTO `oc_city` (city_id, zone_id, name, code, jnereg) VALUES (5516, 456, "Jila", "TIM10002", "210000");
INSERT INTO `oc_city` (city_id, zone_id, name, code, jnereg) VALUES (5517, 456, "Jita", "TIM10003", "210000");
INSERT INTO `oc_city` (city_id, zone_id, name, code, jnereg) VALUES (5518, 456, "Kuala Kencana", "TIM10004", "210000");
INSERT INTO `oc_city` (city_id, zone_id, name, code, jnereg) VALUES (5519, 456, "Mimika Barat", "TIM10005", "168000");
INSERT INTO `oc_city` (city_id, zone_id, name, code, jnereg) VALUES (5520, 456, "Mimika Barat Jauh", "TIM10006", "168000");
INSERT INTO `oc_city` (city_id, zone_id, name, code, jnereg) VALUES (5521, 456, "Mimika Barat Tengah", "TIM10007", "168000");
INSERT INTO `oc_city` (city_id, zone_id, name, code, jnereg) VALUES (5522, 456, "Mimika Baru", "TIM10008", "168000");
INSERT INTO `oc_city` (city_id, zone_id, name, code, jnereg) VALUES (5523, 456, "Mimika Timur", "TIM10009", "168000");
INSERT INTO `oc_city` (city_id, zone_id, name, code, jnereg) VALUES (5524, 456, "Mimika Timur Jauh", "TIM10010", "168000");
INSERT INTO `oc_city` (city_id, zone_id, name, code, jnereg) VALUES (5525, 456, "Mimika Timur Tengah", "TIM10011", "168000");
INSERT INTO `oc_city` (city_id, zone_id, name, code, jnereg) VALUES (5526, 456, "Tembaga Pura", "TIM10012", "168000");
INSERT INTO `oc_city` (city_id, zone_id, name, code, jnereg, kgp) VALUES (5527, 456, "Timika", "TIM10000", "156000", "66000");
INSERT INTO `oc_zone` (zone_id, country_id, name, status) VALUES (457, 33, "Kab. Nabire", 1);
INSERT INTO `oc_city` (city_id, zone_id, name, code, jnereg) VALUES (5528, 457, "Dipa", "NBX30001", "214800");
INSERT INTO `oc_city` (city_id, zone_id, name, code, jnereg) VALUES (5529, 457, "Makimi", "NBX30002", "214800");
INSERT INTO `oc_city` (city_id, zone_id, name, code, jnereg) VALUES (5530, 457, "Mapia", "NBX30003", "214800");
INSERT INTO `oc_city` (city_id, zone_id, name, code, jnereg) VALUES (5531, 457, "Menou", "NBX30004", "214800");
INSERT INTO `oc_city` (city_id, zone_id, name, code, jnereg, kgp) VALUES (5532, 457, "Nabire", "NBX10000", "126000", "69000");
INSERT INTO `oc_city` (city_id, zone_id, name, code, jnereg) VALUES (5533, 457, "Nabire barat", "NBX30005", "214800");
INSERT INTO `oc_city` (city_id, zone_id, name, code, jnereg) VALUES (5534, 457, "Napan", "NBX30006", "214800");
INSERT INTO `oc_city` (city_id, zone_id, name, code, jnereg) VALUES (5535, 457, "Obano", "NBX30007", "214800");
INSERT INTO `oc_city` (city_id, zone_id, name, code, jnereg) VALUES (5536, 457, "Siriwo", "NBX30008", "214800");
INSERT INTO `oc_city` (city_id, zone_id, name, code, jnereg) VALUES (5537, 457, "Teluk Kimi", "NBX30009", "214800");
INSERT INTO `oc_city` (city_id, zone_id, name, code, jnereg) VALUES (5538, 457, "Teluk Umar", "NBX30010", "214800");
INSERT INTO `oc_city` (city_id, zone_id, name, code, jnereg) VALUES (5539, 457, "Uwapa", "NBX30011", "214800");
INSERT INTO `oc_city` (city_id, zone_id, name, code, jnereg) VALUES (5540, 457, "Wanggar", "NBX30012", "214800");
INSERT INTO `oc_city` (city_id, zone_id, name, code, jnereg) VALUES (5541, 457, "Wapoga", "NBX30013", "214800");
INSERT INTO `oc_city` (city_id, zone_id, name, code, jnereg) VALUES (5542, 457, "Yaro", "NBX30014", "214800");
INSERT INTO `oc_city` (city_id, zone_id, name, code, jnereg) VALUES (5543, 457, "Yaur", "NBX30015", "214800");
INSERT INTO `oc_zone` (zone_id, country_id, name, status) VALUES (458, 33, "Kab. Paniai", 1);
INSERT INTO `oc_city` (city_id, zone_id, name, code, jnereg) VALUES (5544, 458, "Agisiga", "NBX30201", "214800");
INSERT INTO `oc_city` (city_id, zone_id, name, code, jnereg) VALUES (5545, 458, "Aradide", "NBX30202", "214800");
INSERT INTO `oc_city` (city_id, zone_id, name, code, jnereg) VALUES (5546, 458, "Biandoga", "NBX30203", "214800");
INSERT INTO `oc_city` (city_id, zone_id, name, code, jnereg) VALUES (5547, 458, "Bibida", "NBX30204", "214800");
INSERT INTO `oc_city` (city_id, zone_id, name, code, jnereg) VALUES (5548, 458, "Bogoboida", "NBX30205", "214800");
INSERT INTO `oc_city` (city_id, zone_id, name, code, jnereg) VALUES (5549, 458, "Enarotali", "NBX30200", "171600");
INSERT INTO `oc_city` (city_id, zone_id, name, code, jnereg) VALUES (5550, 458, "Homeyo", "NBX30206", "214800");
INSERT INTO `oc_city` (city_id, zone_id, name, code, jnereg) VALUES (5551, 458, "Paniai Barat", "NBX30207", "214800");
INSERT INTO `oc_city` (city_id, zone_id, name, code, jnereg) VALUES (5552, 458, "Paniai Barat", "NBX30208", "214800");
INSERT INTO `oc_zone` (zone_id, country_id, name, status) VALUES (459, 33, "Kab. Pegunungan Bintang", 1);
INSERT INTO `oc_city` (city_id, zone_id, name, code, jnereg) VALUES (5553, 459, "Batom", "DJJ21301", "174000");
INSERT INTO `oc_city` (city_id, zone_id, name, code, jnereg) VALUES (5554, 459, "Borme", "DJJ21302", "174000");
INSERT INTO `oc_city` (city_id, zone_id, name, code, jnereg) VALUES (5555, 459, "Iwur", "DJJ21303", "174000");
INSERT INTO `oc_city` (city_id, zone_id, name, code, jnereg) VALUES (5556, 459, "Kiwirok", "DJJ21304", "174000");
INSERT INTO `oc_city` (city_id, zone_id, name, code, jnereg) VALUES (5557, 459, "Okbibab", "DJJ21305", "174000");
INSERT INTO `oc_city` (city_id, zone_id, name, code, jnereg) VALUES (5558, 459, "Oksibil", "DJJ21300", "139200");
INSERT INTO `oc_zone` (zone_id, country_id, name, status) VALUES (460, 33, "Kab. Puncak Jaya", 1);
INSERT INTO `oc_city` (city_id, zone_id, name, code, jnereg) VALUES (5559, 460, "Beoga", "NBX30301", "214800");
INSERT INTO `oc_city` (city_id, zone_id, name, code, jnereg) VALUES (5560, 460, "Fawi", "NBX30302", "214800");
INSERT INTO `oc_city` (city_id, zone_id, name, code, jnereg) VALUES (5561, 460, "Ilaga", "NBX30303", "214800");
INSERT INTO `oc_city` (city_id, zone_id, name, code, jnereg) VALUES (5562, 460, "Ilu", "NBX30304", "214800");
INSERT INTO `oc_city` (city_id, zone_id, name, code, jnereg) VALUES (5563, 460, "Mulia", "NBX30300", "171600");
INSERT INTO `oc_city` (city_id, zone_id, name, code, jnereg) VALUES (5564, 460, "Sinak", "NBX30305", "214800");
INSERT INTO `oc_zone` (zone_id, country_id, name, status) VALUES (461, 33, "Kab. Sarmi", 1);
INSERT INTO `oc_city` (city_id, zone_id, name, code, jnereg) VALUES (5565, 461, "Bonggo", "DJJ21501", "174000");
INSERT INTO `oc_city` (city_id, zone_id, name, code, jnereg) VALUES (5566, 461, "Pantai Barat", "DJJ21502", "174000");
INSERT INTO `oc_city` (city_id, zone_id, name, code, jnereg) VALUES (5567, 461, "Pantai Timur", "DJJ21503", "174000");
INSERT INTO `oc_city` (city_id, zone_id, name, code, jnereg) VALUES (5568, 461, "Sarmi", "DJJ21500", "139200");
INSERT INTO `oc_city` (city_id, zone_id, name, code, jnereg) VALUES (5569, 461, "Tor Atas", "DJJ21504", "174000");
INSERT INTO `oc_zone` (zone_id, country_id, name, status) VALUES (462, 33, "Kab. Supiori", 1);
INSERT INTO `oc_city` (city_id, zone_id, name, code, jnereg) VALUES (5570, 462, "Sorendiweri", "DJJ21600", "139200");
INSERT INTO `oc_city` (city_id, zone_id, name, code, jnereg) VALUES (5571, 462, "Supiori Selatan", "DJJ21601", "174000");
INSERT INTO `oc_city` (city_id, zone_id, name, code, jnereg) VALUES (5572, 462, "Supiori Timur", "DJJ21602", "174000");
INSERT INTO `oc_city` (city_id, zone_id, name, code, jnereg) VALUES (5573, 462, "Supiori Utara", "DJJ21603", "174000");
INSERT INTO `oc_zone` (zone_id, country_id, name, status) VALUES (463, 33, "Kab. Talikora", 1);
INSERT INTO `oc_city` (city_id, zone_id, name, code, jnereg) VALUES (5574, 463, "Bokondini", "DJJ21701", "174000");
INSERT INTO `oc_city` (city_id, zone_id, name, code, jnereg) VALUES (5575, 463, "Kanggime", "DJJ21702", "261600");
INSERT INTO `oc_city` (city_id, zone_id, name, code, jnereg) VALUES (5576, 463, "Karubaga", "DJJ21700", "139200");
INSERT INTO `oc_city` (city_id, zone_id, name, code, jnereg) VALUES (5577, 463, "Kembu", "DJJ21703", "261600");
INSERT INTO `oc_zone` (zone_id, country_id, name, status) VALUES (464, 33, "Kab. Waropen", 1);
INSERT INTO `oc_city` (city_id, zone_id, name, code, jnereg) VALUES (5578, 464, "Botawa", "DJJ21800", "261600");
INSERT INTO `oc_city` (city_id, zone_id, name, code, jnereg) VALUES (5579, 464, "Masirei", "DJJ21801", "261600");
INSERT INTO `oc_city` (city_id, zone_id, name, code, jnereg) VALUES (5580, 464, "Waropen Bawah", "DJJ21802", "261600");
INSERT INTO `oc_zone` (zone_id, country_id, name, status) VALUES (465, 33, "Kab. Yahukimo", 1);
INSERT INTO `oc_city` (city_id, zone_id, name, code, jnereg) VALUES (5581, 465, "Anggruk", "DJJ21901", "261600");
INSERT INTO `oc_city` (city_id, zone_id, name, code, jnereg) VALUES (5582, 465, "Kurima", "DJJ21902", "261600");
INSERT INTO `oc_city` (city_id, zone_id, name, code, jnereg) VALUES (5583, 465, "Ninia", "DJJ21903", "261600");
INSERT INTO `oc_city` (city_id, zone_id, name, code, jnereg) VALUES (5584, 465, "Sumohai", "DJJ21900", "261600");
INSERT INTO `oc_zone` (zone_id, country_id, name, status) VALUES (466, 33, "Kab. Yapen Waropen", 1);
INSERT INTO `oc_city` (city_id, zone_id, name, code, jnereg) VALUES (5585, 466, "Angkaisera", "DJJ20606", "174000");
INSERT INTO `oc_city` (city_id, zone_id, name, code, jnereg) VALUES (5586, 466, "Poom", "DJJ20607", "174000");
INSERT INTO `oc_city` (city_id, zone_id, name, code, jnereg) VALUES (5587, 466, "Serui", "DJJ20600", "139200");
INSERT INTO `oc_city` (city_id, zone_id, name, code, jnereg) VALUES (5588, 466, "Yapen Barat", "DJJ20603", "174000");
INSERT INTO `oc_city` (city_id, zone_id, name, code, jnereg) VALUES (5589, 466, "Yapen Selatan", "DJJ20609", "174000");
INSERT INTO `oc_city` (city_id, zone_id, name, code, jnereg) VALUES (5590, 466, "Yapen Timur", "DJJ20604", "174000");
INSERT INTO `oc_zone` (zone_id, country_id, name, status) VALUES (467, 33, "Kota Jayapura", 1);
INSERT INTO `oc_city` (city_id, zone_id, name, code, jnereg) VALUES (5591, 467, "Abepura", "DJJ10001", "79200");
INSERT INTO `oc_city` (city_id, zone_id, name, code, jnereg, kgp) VALUES (5592, 467, "Jayapura", "DJJ10000", "79200", "51000");
INSERT INTO `oc_city` (city_id, zone_id, name, code, jnereg) VALUES (5593, 467, "Jayapura Selatan", "DJJ10029", "79200");
INSERT INTO `oc_city` (city_id, zone_id, name, code, jnereg) VALUES (5594, 467, "Jayapura Utara", "DJJ10030", "79200");
INSERT INTO `oc_city` (city_id, zone_id, name, code, jnereg) VALUES (5595, 467, "Muara Tam", "DJJ10031", "79200");
