TRUNCATE `oc_city`;
TRUNCATE `oc_zone`;
TRUNCATE `oc_country`;
INSERT INTO `oc_country` (country_id, name, iso_code_2, iso_code_3, postcode_required, status) VALUES (1, "Nanggroe Aceh Darussalam (NAD)", "ID", "IDN", 1, 1);
INSERT INTO `oc_zone` (zone_id, country_id, name, status) VALUES (1, 1, "Kab. Aceh Barat", 1);
INSERT INTO `oc_city` (city_id, zone_id, name, code, jnereg, jneoke) VALUES (1, 1, "Kec. Kaway XVI", "BTJ20304", "67000", "48000");
INSERT INTO `oc_city` (city_id, zone_id, name, code, jnereg, jneoke) VALUES (2, 1, "Woyla", "BTJ20318", "67000", "48000");
INSERT INTO `oc_city` (city_id, zone_id, name, code, jnereg, jneoke) VALUES (3, 1, "Bubon", "BTJ20319", "67000", "48000");
INSERT INTO `oc_city` (city_id, zone_id, name, code, jnereg, jneoke) VALUES (4, 1, "Arongan Lambalek", "BTJ20320", "67000", "48000");
INSERT INTO `oc_city` (city_id, zone_id, name, code, jnereg, jneoke) VALUES (5, 1, "Johan Pahlawan", "BTJ20321", "67000", "48000");
INSERT INTO `oc_city` (city_id, zone_id, name, code, jnereg, jneoke) VALUES (6, 1, "Meulaboh", "BTJ20300", "60000", "48000");
INSERT INTO `oc_city` (city_id, zone_id, name, code, jnereg, jneoke) VALUES (7, 1, "Sungai Mas", "BTJ20315", "67000", "48000");
INSERT INTO `oc_city` (city_id, zone_id, name, code, jnereg, jneoke) VALUES (8, 1, "Woyla Barat", "BTJ20322", "67000", "48000");
INSERT INTO `oc_city` (city_id, zone_id, name, code, jnereg, jneoke) VALUES (9, 1, "Woyla Timur", "BTJ20323", "67000", "48000");
INSERT INTO `oc_city` (city_id, zone_id, name, code, jnereg, jneoke) VALUES (10, 1, "Pante Ceureumen", "BTJ20324", "67000", "48000");
INSERT INTO `oc_city` (city_id, zone_id, name, code, jnereg, jneoke) VALUES (11, 1, "Samatiga", "BTJ20308", "67000", "48000");
INSERT INTO `oc_zone` (zone_id, country_id, name, status) VALUES (2, 1, "Kab. Aceh Barat Daya", 1);
INSERT INTO `oc_city` (city_id, zone_id, name, code, jnereg, jneoke) VALUES (12, 2, "Babah Rot", "BTJ21001", "80000", "66000");
INSERT INTO `oc_city` (city_id, zone_id, name, code, jnereg, jneoke) VALUES (13, 2, "Blangpidie", "BTJ21000", "70000", "56000");
INSERT INTO `oc_city` (city_id, zone_id, name, code, jnereg, jneoke) VALUES (14, 2, "kuala Batee", "BTJ21002", "80000", "66000");
INSERT INTO `oc_city` (city_id, zone_id, name, code, jnereg, jneoke) VALUES (15, 2, "Manggeng", "BTJ21003", "80000", "66000");
INSERT INTO `oc_city` (city_id, zone_id, name, code, jnereg, jneoke) VALUES (16, 2, "Susoh", "BTJ21004", "80000", "66000");
INSERT INTO `oc_city` (city_id, zone_id, name, code, jnereg, jneoke) VALUES (17, 2, "Tangan Tangan", "BTJ21005", "80000", "66000");
INSERT INTO `oc_zone` (zone_id, country_id, name, status) VALUES (3, 1, "Kab. Aceh Besar", 1);
INSERT INTO `oc_city` (city_id, zone_id, name, code, jnereg, jneoke) VALUES (18, 3, "Baitussalam", "BTJ10313", "71000", "59000");
INSERT INTO `oc_city` (city_id, zone_id, name, code, jnereg, jneoke) VALUES (19, 3, "Darul Imarah", "BTJ10301", "71000", "59000");
INSERT INTO `oc_city` (city_id, zone_id, name, code, jnereg, jneoke) VALUES (20, 3, "Darul Kamal", "BTJ10314", "71000", "59000");
INSERT INTO `oc_city` (city_id, zone_id, name, code, jnereg, jneoke) VALUES (21, 3, "Darussalam", "BTJ10302", "71000", "59000");
INSERT INTO `oc_city` (city_id, zone_id, name, code, jnereg, jneoke) VALUES (22, 3, "Indrapuri", "BTJ10303", "71000", "59000");
INSERT INTO `oc_city` (city_id, zone_id, name, code, jnereg, jneoke) VALUES (23, 3, "Ingin Jaya", "BTJ10304", "71000", "59000");
INSERT INTO `oc_city` (city_id, zone_id, name, code, jnereg, jneoke) VALUES (24, 3, "Krueng Barona Jaya", "BTJ10315", "71000", "59000");
INSERT INTO `oc_city` (city_id, zone_id, name, code, jnereg, jneoke) VALUES (25, 3, "Kuta Baro", "BTJ10305", "71000", "59000");
INSERT INTO `oc_city` (city_id, zone_id, name, code, jnereg, jneoke) VALUES (26, 3, "Kuta Cot Glie", "BTJ10316", "71000", "59000");
INSERT INTO `oc_city` (city_id, zone_id, name, code, jnereg, jneoke) VALUES (27, 3, "Jantho", "BTJ10300", "60000", "48000");
INSERT INTO `oc_city` (city_id, zone_id, name, code, jnereg, jneoke) VALUES (28, 3, "Kuta Malaka", "BTJ10317", "71000", "59000");
INSERT INTO `oc_city` (city_id, zone_id, name, code, jnereg, jneoke) VALUES (29, 3, "Lembah Seulawah", "BTJ10318", "71000", "59000");
INSERT INTO `oc_city` (city_id, zone_id, name, code, jnereg, jneoke) VALUES (30, 3, "Lho'Nga", "BTJ10306", "71000", "59000");
INSERT INTO `oc_city` (city_id, zone_id, name, code, jnereg, jneoke) VALUES (31, 3, "Leupung", "BTJ10319", "71000", "59000");
INSERT INTO `oc_city` (city_id, zone_id, name, code, jnereg, jneoke) VALUES (32, 3, "Lhoong", "BTJ10307", "71000", "59000");
INSERT INTO `oc_city` (city_id, zone_id, name, code, jnereg, jneoke) VALUES (33, 3, "Mesjid Raya", "BTJ10308", "71000", "59000");
INSERT INTO `oc_city` (city_id, zone_id, name, code, jnereg, jneoke) VALUES (34, 3, "Montasik", "BTJ10309", "71000", "59000");
INSERT INTO `oc_city` (city_id, zone_id, name, code, jnereg, jneoke) VALUES (35, 3, "Peukan Bada", "BTJ10310", "71000", "59000");
INSERT INTO `oc_city` (city_id, zone_id, name, code, jnereg, jneoke) VALUES (36, 3, "Puroaceh", "BTJ10320", "71000", "59000");
INSERT INTO `oc_city` (city_id, zone_id, name, code, jnereg, jneoke) VALUES (37, 3, "Seulimeum", "BTJ10321", "71000", "59000");
INSERT INTO `oc_city` (city_id, zone_id, name, code, jnereg, jneoke) VALUES (38, 3, "Simpang tiga", "BTJ10312", "71000", "59000");
INSERT INTO `oc_city` (city_id, zone_id, name, code, jnereg, jneoke) VALUES (39, 3, "Suka Makmur", "BTJ10311", "71000", "59000");
INSERT INTO `oc_zone` (zone_id, country_id, name, status) VALUES (4, 1, "Kab. Aceh Jaya", 1);
INSERT INTO `oc_city` (city_id, zone_id, name, code, jnereg, jneoke) VALUES (40, 4, "Jaya", "BTJ21101", "72000", "72000");
INSERT INTO `oc_city` (city_id, zone_id, name, code, jnereg, jneoke) VALUES (41, 4, "Krueng Sabee/Calang", "BTJ21100", "80000", "64000");
INSERT INTO `oc_city` (city_id, zone_id, name, code, jnereg, jneoke) VALUES (42, 4, "Pangat", "BTJ21102", "72000", "72000");
INSERT INTO `oc_city` (city_id, zone_id, name, code, jnereg, jneoke) VALUES (43, 4, "Sampo Niet", "BTJ21103", "72000", "72000");
INSERT INTO `oc_city` (city_id, zone_id, name, code, jnereg, jneoke) VALUES (44, 4, "Setia Bakti", "BTJ21104", "72000", "72000");
INSERT INTO `oc_city` (city_id, zone_id, name, code, jnereg, jneoke) VALUES (45, 4, "Teunom", "BTJ21105", "72000", "72000");
INSERT INTO `oc_zone` (zone_id, country_id, name, status) VALUES (5, 1, "Kab. Aceh Selatan", 1);
INSERT INTO `oc_city` (city_id, zone_id, name, code, jnereg, jneoke) VALUES (46, 5, "Bakongan", "BTJ20601", "79000", "79000");
INSERT INTO `oc_city` (city_id, zone_id, name, code, jnereg, jneoke) VALUES (47, 5, "Bakongan Timur", "BTJ20619", "79000", "79000");
INSERT INTO `oc_city` (city_id, zone_id, name, code, jnereg, jneoke) VALUES (48, 5, "Kluet Selatan", "BTJ20605", "79000", "79000");
INSERT INTO `oc_city` (city_id, zone_id, name, code, jnereg, jneoke) VALUES (49, 5, "Kluet Tengah", "BTJ20620", "79000", "79000");
INSERT INTO `oc_city` (city_id, zone_id, name, code, jnereg, jneoke) VALUES (50, 5, "Kluet Timur", "BTJ20621", "79000", "79000");
INSERT INTO `oc_city` (city_id, zone_id, name, code, jnereg, jneoke) VALUES (51, 5, "Kluet Utara", "BTJ20603", "79000", "79000");
INSERT INTO `oc_city` (city_id, zone_id, name, code, jnereg, jneoke) VALUES (52, 5, "Labuhan Haji", "BTJ20606", "79000", "79000");
INSERT INTO `oc_city` (city_id, zone_id, name, code, jnereg, jneoke) VALUES (53, 5, "Labuhan Haji Barat", "BTJ20622", "79000", "79000");
INSERT INTO `oc_city` (city_id, zone_id, name, code, jnereg, jneoke) VALUES (54, 5, "Labuhan Haji Timur", "BTJ20623", "79000", "79000");
INSERT INTO `oc_city` (city_id, zone_id, name, code, jnereg, jneoke) VALUES (55, 5, "Meukek", "BTJ20608", "79000", "79000");
INSERT INTO `oc_city` (city_id, zone_id, name, code, jnereg, jneoke) VALUES (56, 5, "Pasie raja", "BTJ20624", "79000", "79000");
INSERT INTO `oc_city` (city_id, zone_id, name, code, jnereg, jneoke) VALUES (57, 5, "Sama Dua", "BTJ20610", "79000", "79000");
INSERT INTO `oc_city` (city_id, zone_id, name, code, jnereg, jneoke) VALUES (58, 5, "Sawang", "BTJ20646", "79000", "79000");
INSERT INTO `oc_city` (city_id, zone_id, name, code, jnereg, jneoke) VALUES (59, 5, "Tapak Tuan", "BTJ20600", "70000", "56000");
INSERT INTO `oc_city` (city_id, zone_id, name, code, jnereg, jneoke) VALUES (60, 5, "Trumon", "BTJ20617", "79000", "79000");
INSERT INTO `oc_city` (city_id, zone_id, name, code, jnereg, jneoke) VALUES (61, 5, "Trumon Timur", "BTJ20625", "79000", "79000");
INSERT INTO `oc_zone` (zone_id, country_id, name, status) VALUES (6, 1, "Kab. Aceh Singkil", 1);
INSERT INTO `oc_city` (city_id, zone_id, name, code, jnereg, jneoke) VALUES (62, 6, "Danau Paris", "BTJ21201", "99000", "80000");
INSERT INTO `oc_city` (city_id, zone_id, name, code, jnereg, jneoke) VALUES (63, 6, "Gunung Meriah", "BTJ21202", "99000", "80000");
INSERT INTO `oc_city` (city_id, zone_id, name, code, jnereg, jneoke) VALUES (64, 6, "Kota Baharu", "BTJ21203", "99000", "80000");
INSERT INTO `oc_city` (city_id, zone_id, name, code, jnereg, jneoke) VALUES (65, 6, "Pulau Banyak", "BTJ21204", "99000", "80000");
INSERT INTO `oc_city` (city_id, zone_id, name, code, jnereg, jneoke) VALUES (66, 6, "Simpang Kanan", "BTJ21205", "99000", "80000");
INSERT INTO `oc_city` (city_id, zone_id, name, code, jnereg, jneoke) VALUES (67, 6, "Singkil", "BTJ21200", "95000", "76000");
INSERT INTO `oc_city` (city_id, zone_id, name, code, jnereg, jneoke) VALUES (68, 6, "Singkil Utara", "BTJ21206", "99000", "80000");
INSERT INTO `oc_city` (city_id, zone_id, name, code, jnereg, jneoke) VALUES (69, 6, "Singkohor", "BTJ21207", "99000", "80000");
INSERT INTO `oc_city` (city_id, zone_id, name, code, jnereg, jneoke) VALUES (70, 6, "Suro Baru", "BTJ21208", "99000", "80000");
INSERT INTO `oc_zone` (zone_id, country_id, name, status) VALUES (7, 1, "Kab. Aceh Tamiang", 1);
INSERT INTO `oc_city` (city_id, zone_id, name, code, jnereg, jneoke) VALUES (71, 7, "Bendahara", "BTJ21301", "70000", "58000");
INSERT INTO `oc_city` (city_id, zone_id, name, code, jnereg, jneoke) VALUES (72, 7, "Karang Baru", "BTJ21302", "70000", "58000");
INSERT INTO `oc_city` (city_id, zone_id, name, code, jnereg, jneoke) VALUES (73, 7, "Kejuruan Muda", "BTJ21303", "70000", "58000");
INSERT INTO `oc_city` (city_id, zone_id, name, code, jnereg, jneoke) VALUES (74, 7, "Kuala Simpang", "BTJ21300", "60000", "48000");
INSERT INTO `oc_city` (city_id, zone_id, name, code, jnereg, jneoke) VALUES (75, 7, "Manyak Payed", "BTJ21304", "70000", "58000");
INSERT INTO `oc_city` (city_id, zone_id, name, code, jnereg, jneoke) VALUES (76, 7, "Rantau", "BTJ21305", "70000", "58000");
INSERT INTO `oc_city` (city_id, zone_id, name, code, jnereg, jneoke) VALUES (77, 7, "Seuruway", "BTJ21306", "70000", "58000");
INSERT INTO `oc_city` (city_id, zone_id, name, code, jnereg, jneoke) VALUES (78, 7, "Tamiang Hulu", "BTJ21307", "70000", "58000");
INSERT INTO `oc_zone` (zone_id, country_id, name, status) VALUES (8, 1, "Kab. Aceh Tengah", 1);
INSERT INTO `oc_city` (city_id, zone_id, name, code, jnereg, jneoke) VALUES (79, 8, "Atu Lintang", "BTJ20509", "76000", "62000");
INSERT INTO `oc_city` (city_id, zone_id, name, code, jnereg, jneoke) VALUES (80, 8, "Bebesen", "BTJ20502", "76000", "62000");
INSERT INTO `oc_city` (city_id, zone_id, name, code, jnereg, jneoke) VALUES (81, 8, "Bies", "BTJ20510", "76000", "62000");
INSERT INTO `oc_city` (city_id, zone_id, name, code, jnereg, jneoke) VALUES (82, 8, "Bintang", "BTJ20503", "76000", "62000");
INSERT INTO `oc_city` (city_id, zone_id, name, code, jnereg, jneoke) VALUES (83, 8, "Celala", "BTJ20511", "76000", "62000");
INSERT INTO `oc_city` (city_id, zone_id, name, code, jnereg, jneoke) VALUES (84, 8, "Jagong Jeget", "BTJ20512", "76000", "62000");
INSERT INTO `oc_city` (city_id, zone_id, name, code, jnereg, jneoke) VALUES (85, 8, "Kebayakan", "BTJ20513", "76000", "62000");
INSERT INTO `oc_city` (city_id, zone_id, name, code, jnereg, jneoke) VALUES (86, 8, "Ketol", "BTJ20514", "76000", "62000");
INSERT INTO `oc_city` (city_id, zone_id, name, code, jnereg, jneoke) VALUES (87, 8, "Kute Panang", "BTJ20515", "76000", "62000");
INSERT INTO `oc_city` (city_id, zone_id, name, code, jnereg, jneoke) VALUES (88, 8, "LautTawar", "BTJ20516", "76000", "62000");
INSERT INTO `oc_city` (city_id, zone_id, name, code, jnereg, jneoke) VALUES (89, 8, "Linge Isak", "BTJ20505", "76000", "62000");
INSERT INTO `oc_city` (city_id, zone_id, name, code, jnereg, jneoke) VALUES (90, 8, "Pegasing", "BTJ20506", "76000", "62000");
INSERT INTO `oc_city` (city_id, zone_id, name, code, jnereg, jneoke) VALUES (91, 8, "Rusip Antara", "BTJ20517", "76000", "62000");
INSERT INTO `oc_city` (city_id, zone_id, name, code, jnereg, jneoke) VALUES (92, 8, "Silih Nara", "BTJ20507", "76000", "62000");
INSERT INTO `oc_city` (city_id, zone_id, name, code, jnereg, jneoke) VALUES (93, 8, "Takengon", "BTJ20500", "70000", "56000");
INSERT INTO `oc_zone` (zone_id, country_id, name, status) VALUES (9, 1, "Kab. Aceh Tenggara", 1);
INSERT INTO `oc_city` (city_id, zone_id, name, code, jnereg, jneoke) VALUES (94, 9, "Babul Makmur", "BTJ20209", "72000", "58000");
INSERT INTO `oc_city` (city_id, zone_id, name, code, jnereg, jneoke) VALUES (95, 9, "Babul Rahmat", "BTJ20210", "72000", "58000");
INSERT INTO `oc_city` (city_id, zone_id, name, code, jnereg, jneoke) VALUES (96, 9, "Babussalam", "BTJ20211", "72000", "58000");
INSERT INTO `oc_city` (city_id, zone_id, name, code, jnereg, jneoke) VALUES (97, 9, "Badar", "BTJ20201", "72000", "58000");
INSERT INTO `oc_city` (city_id, zone_id, name, code, jnereg, jneoke) VALUES (98, 9, "Bambel", "BTJ20202", "72000", "58000");
INSERT INTO `oc_city` (city_id, zone_id, name, code, jnereg, jneoke) VALUES (99, 9, "Bukit Tusam", "BTJ20212", "72000", "58000");
INSERT INTO `oc_city` (city_id, zone_id, name, code, jnereg, jneoke) VALUES (100, 9, "Darul Hasanah", "BTJ20213", "72000", "58000");
INSERT INTO `oc_city` (city_id, zone_id, name, code, jnereg, jneoke) VALUES (101, 9, "Kutacane", "BTJ20200", "70000", "56000");
INSERT INTO `oc_city` (city_id, zone_id, name, code, jnereg, jneoke) VALUES (102, 9, "Lawe Alas", "BTJ20205", "72000", "58000");
INSERT INTO `oc_city` (city_id, zone_id, name, code, jnereg, jneoke) VALUES (103, 9, "Lawe Bulan", "BTJ20214", "72000", "58000");
INSERT INTO `oc_city` (city_id, zone_id, name, code, jnereg, jneoke) VALUES (104, 9, "Lawe Sigala-gala", "BTJ20206", "72000", "58000");
INSERT INTO `oc_city` (city_id, zone_id, name, code, jnereg, jneoke) VALUES (105, 9, "Semadam", "BTJ20215", "72000", "58000");
INSERT INTO `oc_zone` (zone_id, country_id, name, status) VALUES (10, 1, "Kab. Aceh Timur", 1);
INSERT INTO `oc_city` (city_id, zone_id, name, code, jnereg, jneoke) VALUES (106, 10, "Banda Alam", "BTJ21401", "78000", "73000");
INSERT INTO `oc_city` (city_id, zone_id, name, code, jnereg, jneoke) VALUES (107, 10, "Birem Bayeun", "BTJ21402", "78000", "73000");
INSERT INTO `oc_city` (city_id, zone_id, name, code, jnereg, jneoke) VALUES (108, 10, "Darul Aman", "BTJ21403", "78000", "73000");
INSERT INTO `oc_city` (city_id, zone_id, name, code, jnereg, jneoke) VALUES (109, 10, "Darul Iksan", "BTJ21404", "78000", "73000");
INSERT INTO `oc_city` (city_id, zone_id, name, code, jnereg, jneoke) VALUES (110, 10, "Idi Rayeuk", "BTJ21400", "60000", "56000");
INSERT INTO `oc_city` (city_id, zone_id, name, code, jnereg, jneoke) VALUES (111, 10, "Idi Tuning", "BTJ21405", "78000", "73000");
INSERT INTO `oc_city` (city_id, zone_id, name, code, jnereg, jneoke) VALUES (112, 10, "Indra Makmur", "BTJ21406", "78000", "73000");
INSERT INTO `oc_city` (city_id, zone_id, name, code, jnereg, jneoke) VALUES (113, 10, "Julok", "BTJ21407", "78000", "73000");
INSERT INTO `oc_city` (city_id, zone_id, name, code, jnereg, jneoke) VALUES (114, 10, "Madat", "BTJ21408", "78000", "73000");
INSERT INTO `oc_city` (city_id, zone_id, name, code, jnereg, jneoke) VALUES (115, 10, "Nurussalam", "BTJ21409", "78000", "73000");
INSERT INTO `oc_city` (city_id, zone_id, name, code, jnereg, jneoke) VALUES (116, 10, "Pante Beudari", "BTJ21410", "78000", "73000");
INSERT INTO `oc_city` (city_id, zone_id, name, code, jnereg, jneoke) VALUES (117, 10, "Peudawa", "BTJ21411", "78000", "73000");
INSERT INTO `oc_city` (city_id, zone_id, name, code, jnereg, jneoke) VALUES (118, 10, "Peureulak", "BTJ21412", "78000", "73000");
INSERT INTO `oc_city` (city_id, zone_id, name, code, jnereg, jneoke) VALUES (119, 10, "Peureulak Barat", "BTJ21413", "78000", "73000");
INSERT INTO `oc_city` (city_id, zone_id, name, code, jnereg, jneoke) VALUES (120, 10, "Peureulak Timur", "BTJ21414", "78000", "73000");
INSERT INTO `oc_city` (city_id, zone_id, name, code, jnereg, jneoke) VALUES (121, 10, "Rantau Selamat", "BTJ21415", "78000", "73000");
INSERT INTO `oc_city` (city_id, zone_id, name, code, jnereg, jneoke) VALUES (122, 10, "Ranto Peureulak", "BTJ21416", "78000", "73000");
INSERT INTO `oc_city` (city_id, zone_id, name, code, jnereg, jneoke) VALUES (123, 10, "Serba Jadi/Lokop", "BTJ21417", "78000", "73000");
INSERT INTO `oc_city` (city_id, zone_id, name, code, jnereg, jneoke) VALUES (124, 10, "Simpang Jernih", "BTJ21418", "78000", "78000");
INSERT INTO `oc_city` (city_id, zone_id, name, code, jnereg, jneoke) VALUES (125, 10, "Simpang Ulim", "BTJ21419", "78000", "73000");
INSERT INTO `oc_city` (city_id, zone_id, name, code, jnereg, jneoke) VALUES (126, 10, "Sungai Raya", "BTJ21420", "78000", "73000");
INSERT INTO `oc_zone` (zone_id, country_id, name, status) VALUES (11, 1, "Kab. Aceh Utara", 1);
INSERT INTO `oc_city` (city_id, zone_id, name, code, jnereg, jneoke) VALUES (127, 11, "Baktia", "BTJ21501", "82000", "68000");
INSERT INTO `oc_city` (city_id, zone_id, name, code, jnereg, jneoke) VALUES (128, 11, "Baktia Barat", "BTJ21502", "82000", "68000");
INSERT INTO `oc_city` (city_id, zone_id, name, code, jnereg, jneoke) VALUES (129, 11, "Cot Girek", "BTJ21503", "82000", "68000");
INSERT INTO `oc_city` (city_id, zone_id, name, code, jnereg, jneoke) VALUES (130, 11, "Dewantara", "BTJ21504", "82000", "68000");
INSERT INTO `oc_city` (city_id, zone_id, name, code, jnereg, jneoke) VALUES (131, 11, "Kuta Makmur", "BTJ21505", "82000", "68000");
INSERT INTO `oc_city` (city_id, zone_id, name, code, jnereg, jneoke) VALUES (132, 11, "Langkahan", "BTJ21506", "82000", "68000");
INSERT INTO `oc_city` (city_id, zone_id, name, code, jnereg, jneoke) VALUES (133, 11, "Lhoksukon", "BTJ21500", "70000", "56000");
INSERT INTO `oc_city` (city_id, zone_id, name, code, jnereg, jneoke) VALUES (134, 11, "Matang Kuli", "BTJ21507", "82000", "68000");
INSERT INTO `oc_city` (city_id, zone_id, name, code, jnereg, jneoke) VALUES (135, 11, "Meurah Mulia", "BTJ21508", "82000", "68000");
INSERT INTO `oc_city` (city_id, zone_id, name, code, jnereg, jneoke) VALUES (136, 11, "Muara Batu", "BTJ21509", "82000", "68000");
INSERT INTO `oc_city` (city_id, zone_id, name, code, jnereg, jneoke) VALUES (137, 11, "Nibong", "BTJ21510", "82000", "68000");
INSERT INTO `oc_city` (city_id, zone_id, name, code, jnereg, jneoke) VALUES (138, 11, "Nisam", "BTJ21511", "82000", "68000");
INSERT INTO `oc_city` (city_id, zone_id, name, code, jnereg, jneoke) VALUES (139, 11, "Paya Bakong", "BTJ21512", "82000", "68000");
INSERT INTO `oc_city` (city_id, zone_id, name, code, jnereg, jneoke) VALUES (140, 11, "Samudera", "BTJ21513", "82000", "68000");
INSERT INTO `oc_city` (city_id, zone_id, name, code, jnereg, jneoke) VALUES (141, 11, "Sawang", "BTJ21514", "82000", "68000");
INSERT INTO `oc_city` (city_id, zone_id, name, code, jnereg, jneoke) VALUES (142, 11, "Seunuddon", "BTJ21515", "82000", "68000");
INSERT INTO `oc_city` (city_id, zone_id, name, code, jnereg, jneoke) VALUES (143, 11, "Simpang Keuramat", "BTJ21516", "82000", "68000");
INSERT INTO `oc_city` (city_id, zone_id, name, code, jnereg, jneoke) VALUES (144, 11, "Syamtalira Aron", "BTJ21517", "82000", "68000");
INSERT INTO `oc_city` (city_id, zone_id, name, code, jnereg, jneoke) VALUES (145, 11, "Syamtalira Bayu", "BTJ21518", "82000", "68000");
INSERT INTO `oc_city` (city_id, zone_id, name, code, jnereg, jneoke) VALUES (146, 11, "Tanah Luas", "BTJ21519", "82000", "68000");
INSERT INTO `oc_city` (city_id, zone_id, name, code, jnereg, jneoke) VALUES (147, 11, "Tanah Jambo Aye", "BTJ21520", "82000", "68000");
INSERT INTO `oc_city` (city_id, zone_id, name, code, jnereg, jneoke) VALUES (148, 11, "Tanah Pasir", "BTJ21521", "82000", "68000");
INSERT INTO `oc_zone` (zone_id, country_id, name, status) VALUES (12, 1, "Kab. Bener Meriah", 1);
INSERT INTO `oc_city` (city_id, zone_id, name, code, jnereg, jneoke) VALUES (149, 12, "Bandar", "BTJ21601", "63500", "51500");
INSERT INTO `oc_city` (city_id, zone_id, name, code, jnereg, jneoke) VALUES (150, 12, "Bukit", "BTJ21602", "63500", "51500");
INSERT INTO `oc_city` (city_id, zone_id, name, code, jnereg, jneoke) VALUES (151, 12, "Permata", "BTJ21603", "63500", "51500");
INSERT INTO `oc_city` (city_id, zone_id, name, code, jnereg, jneoke) VALUES (152, 12, "Pintu Rime", "BTJ21604", "63500", "51500");
INSERT INTO `oc_city` (city_id, zone_id, name, code, jnereg, jneoke) VALUES (153, 12, "Simpang Tiga Redelon", "BTJ21600", "60000", "48000");
INSERT INTO `oc_city` (city_id, zone_id, name, code) VALUES (154, 12, "Syiah Kuala", "BTJ21605");
INSERT INTO `oc_city` (city_id, zone_id, name, code, jnereg, jneoke) VALUES (155, 12, "Timang Gajah", "BTJ21606", "63500", "51500");
INSERT INTO `oc_city` (city_id, zone_id, name, code, jnereg, jneoke) VALUES (156, 12, "Wih Pesam", "BTJ21607", "63500", "51500");
INSERT INTO `oc_zone` (zone_id, country_id, name, status) VALUES (13, 1, "Kab. Bireuen", 1);
INSERT INTO `oc_city` (city_id, zone_id, name, code, jnereg, jneoke) VALUES (157, 13, "Bireuen", "BTJ20100", "60000", "48000");
INSERT INTO `oc_city` (city_id, zone_id, name, code, jnereg, jneoke) VALUES (158, 13, "Ganda Pura", "BTJ20105", "69000", "57000");
INSERT INTO `oc_city` (city_id, zone_id, name, code, jnereg, jneoke) VALUES (159, 13, "Jangka", "BTJ20108", "69000", "57000");
INSERT INTO `oc_city` (city_id, zone_id, name, code, jnereg, jneoke) VALUES (160, 13, "Jeunieb", "BTJ20101", "69000", "57000");
INSERT INTO `oc_city` (city_id, zone_id, name, code, jnereg, jneoke) VALUES (161, 13, "Jeumpa", "BTJ20109", "69000", "57000");
INSERT INTO `oc_city` (city_id, zone_id, name, code, jnereg, jneoke) VALUES (162, 13, "Juli", "BTJ20110", "69000", "57000");
INSERT INTO `oc_city` (city_id, zone_id, name, code, jnereg, jneoke) VALUES (163, 13, "Kota Juang", "BTJ20111", "69000", "57000");
INSERT INTO `oc_city` (city_id, zone_id, name, code, jnereg, jneoke) VALUES (164, 13, "Kuala", "BTJ20107", "69000", "57000");
INSERT INTO `oc_city` (city_id, zone_id, name, code, jnereg, jneoke) VALUES (165, 13, "Kuta Blang", "BTJ20112", "69000", "57000");
INSERT INTO `oc_city` (city_id, zone_id, name, code, jnereg, jneoke) VALUES (166, 13, "Makmur", "BTJ20106", "69000", "57000");
INSERT INTO `oc_city` (city_id, zone_id, name, code, jnereg, jneoke) VALUES (167, 13, "Pandrah", "BTJ20113", "69000", "57000");
INSERT INTO `oc_city` (city_id, zone_id, name, code, jnereg, jneoke) VALUES (168, 13, "Peudada", "BTJ20103", "69000", "57000");
INSERT INTO `oc_city` (city_id, zone_id, name, code, jnereg, jneoke) VALUES (169, 13, "Peusangan", "BTJ20102", "69000", "57000");
INSERT INTO `oc_city` (city_id, zone_id, name, code, jnereg, jneoke) VALUES (170, 13, "Peusangan Selatan", "BTJ20114", "69000", "57000");
INSERT INTO `oc_city` (city_id, zone_id, name, code, jnereg, jneoke) VALUES (171, 13, "Peusangan Siblah Krueng", "BTJ20115", "69000", "57000");
INSERT INTO `oc_city` (city_id, zone_id, name, code, jnereg, jneoke) VALUES (172, 13, "Primbang", "BTJ20116", "69000", "57000");
INSERT INTO `oc_city` (city_id, zone_id, name, code, jnereg, jneoke) VALUES (173, 13, "Samalanga", "BTJ20104", "69000", "57000");
INSERT INTO `oc_city` (city_id, zone_id, name, code, jnereg, jneoke) VALUES (174, 13, "Simpang Mamplam", "BTJ20117", "69000", "57000");
INSERT INTO `oc_zone` (zone_id, country_id, name, status) VALUES (14, 1, "Kab. Gayo Lues", 1);
INSERT INTO `oc_city` (city_id, zone_id, name, code, jnereg, jneoke) VALUES (175, 14, "Blang Kejeren", "BTJ21700", "80000", "64000");
INSERT INTO `oc_city` (city_id, zone_id, name, code, jnereg, jneoke) VALUES (176, 14, "Kuta Panjang", "BTJ21701", "80000", "72000");
INSERT INTO `oc_city` (city_id, zone_id, name, code, jnereg, jneoke) VALUES (177, 14, "Pining", "BTJ21702", "80000", "72000");
INSERT INTO `oc_city` (city_id, zone_id, name, code, jnereg, jneoke) VALUES (178, 14, "Rikit Gaib", "BTJ21703", "80000", "72000");
INSERT INTO `oc_city` (city_id, zone_id, name, code, jnereg, jneoke) VALUES (179, 14, "Terangon", "BTJ21704", "80000", "72000");
INSERT INTO `oc_city` (city_id, zone_id, name, code, jnereg, jneoke) VALUES (180, 14, "Putri Betung", "BTJ21705", "80000", "72000");
INSERT INTO `oc_city` (city_id, zone_id, name, code, jnereg, jneoke) VALUES (181, 14, "Blang Pegayon", "BTJ21706", "80000", "72000");
INSERT INTO `oc_city` (city_id, zone_id, name, code, jnereg, jneoke) VALUES (182, 14, "Dabung Gelang", "BTJ21707", "80000", "72000");
INSERT INTO `oc_city` (city_id, zone_id, name, code, jnereg, jneoke) VALUES (183, 14, "Blang Jerango", "BTJ21708", "80000", "72000");
INSERT INTO `oc_city` (city_id, zone_id, name, code, jnereg, jneoke) VALUES (184, 14, "Teripe Jaya", "BTJ21709", "80000", "72000");
INSERT INTO `oc_city` (city_id, zone_id, name, code, jnereg, jneoke) VALUES (185, 14, "Pantan Jaya", "BTJ21713", "80000", "72000");
INSERT INTO `oc_zone` (zone_id, country_id, name, status) VALUES (15, 1, "Kab. Nagan Raya", 1);
INSERT INTO `oc_city` (city_id, zone_id, name, code, jnereg, jneoke) VALUES (186, 15, "Beutong", "BTJ21801", "79000", "65000");
INSERT INTO `oc_city` (city_id, zone_id, name, code, jnereg, jneoke) VALUES (187, 15, "Darul Makmur", "BTJ21802", "79000", "65000");
INSERT INTO `oc_city` (city_id, zone_id, name, code, jnereg, jneoke) VALUES (188, 15, "Kuala", "BTJ21803", "79000", "65000");
INSERT INTO `oc_city` (city_id, zone_id, name, code, jnereg, jneoke) VALUES (189, 15, "Seunagan", "BTJ21804", "79000", "65000");
INSERT INTO `oc_city` (city_id, zone_id, name, code, jnereg, jneoke) VALUES (190, 15, "Seunagan Timur", "BTJ21805", "79000", "65000");
INSERT INTO `oc_city` (city_id, zone_id, name, code, jnereg, jneoke) VALUES (191, 15, "Suka Makmue", "BTJ21800", "70000", "56000");
INSERT INTO `oc_zone` (zone_id, country_id, name, status) VALUES (16, 1, "Kab. Pidie", 1);
INSERT INTO `oc_city` (city_id, zone_id, name, code, jnereg, jneoke) VALUES (192, 16, "Batee", "BTJ20403", "71000", "59000");
INSERT INTO `oc_city` (city_id, zone_id, name, code, jnereg, jneoke) VALUES (193, 16, "Delima", "BTJ20404", "71000", "59000");
INSERT INTO `oc_city` (city_id, zone_id, name, code, jnereg, jneoke) VALUES (194, 16, "Geumpang", "BTJ20405", "71000", "59000");
INSERT INTO `oc_city` (city_id, zone_id, name, code, jnereg, jneoke) VALUES (195, 16, "Gleumpang Baro", "BTJ20423", "71000", "59000");
INSERT INTO `oc_city` (city_id, zone_id, name, code, jnereg, jneoke) VALUES (196, 16, "Glumpang Tiga", "BTJ20406", "71000", "59000");
INSERT INTO `oc_city` (city_id, zone_id, name, code, jnereg, jneoke) VALUES (197, 16, "Grong-Grong", "BTJ20424", "71000", "59000");
INSERT INTO `oc_city` (city_id, zone_id, name, code, jnereg, jneoke) VALUES (198, 16, "Indrajaya", "BTJ20407", "71000", "59000");
INSERT INTO `oc_city` (city_id, zone_id, name, code, jnereg, jneoke) VALUES (199, 16, "Kembang Tanjung", "BTJ20408", "71000", "59000");
INSERT INTO `oc_city` (city_id, zone_id, name, code, jnereg, jneoke) VALUES (200, 16, "Sigli", "BTJ20400", "60000", "48000");
INSERT INTO `oc_city` (city_id, zone_id, name, code, jnereg, jneoke) VALUES (201, 16, "Mane", "BTJ20425", "71000", "59000");
INSERT INTO `oc_city` (city_id, zone_id, name, code, jnereg, jneoke) VALUES (202, 16, "Mila", "BTJ20410", "71000", "59000");
INSERT INTO `oc_city` (city_id, zone_id, name, code, jnereg, jneoke) VALUES (203, 16, "Muara Tiga", "BTJ20411", "71000", "59000");
INSERT INTO `oc_city` (city_id, zone_id, name, code, jnereg, jneoke) VALUES (204, 16, "Mutiara", "BTJ20412", "71000", "59000");
INSERT INTO `oc_city` (city_id, zone_id, name, code, jnereg, jneoke) VALUES (205, 16, "Mutiara Timur", "BTJ20426", "71000", "59000");
INSERT INTO `oc_city` (city_id, zone_id, name, code, jnereg, jneoke) VALUES (206, 16, "Padang Tiji", "BTJ20413", "71000", "59000");
INSERT INTO `oc_city` (city_id, zone_id, name, code, jnereg, jneoke) VALUES (207, 16, "Peukan Baro", "BTJ20414", "71000", "59000");
INSERT INTO `oc_city` (city_id, zone_id, name, code, jnereg, jneoke) VALUES (208, 16, "Pidie", "BTJ20415", "71000", "59000");
INSERT INTO `oc_city` (city_id, zone_id, name, code, jnereg, jneoke) VALUES (209, 16, "Sakti", "BTJ20416", "71000", "59000");
INSERT INTO `oc_city` (city_id, zone_id, name, code, jnereg, jneoke) VALUES (210, 16, "Simpang Tiga", "BTJ20417", "71000", "59000");
INSERT INTO `oc_city` (city_id, zone_id, name, code, jnereg, jneoke) VALUES (211, 16, "Tangse", "BTJ20418", "71000", "59000");
INSERT INTO `oc_city` (city_id, zone_id, name, code, jnereg, jneoke) VALUES (212, 16, "Tiro/Truseb", "BTJ20419", "71000", "59000");
INSERT INTO `oc_city` (city_id, zone_id, name, code, jnereg, jneoke) VALUES (213, 16, "Titeua/Keumala", "BTJ20420", "71000", "59000");
INSERT INTO `oc_zone` (zone_id, country_id, name, status) VALUES (17, 1, "Kab. Pidie Jaya", 1);
INSERT INTO `oc_city` (city_id, zone_id, name, code, jnereg, jneoke) VALUES (214, 17, "Meureudu", "BTJ21900", "60000", "48000");
INSERT INTO `oc_city` (city_id, zone_id, name, code, jnereg, jneoke) VALUES (215, 17, "Ulim", "BTJ21901", "72000", "60000");
INSERT INTO `oc_city` (city_id, zone_id, name, code, jnereg, jneoke) VALUES (216, 17, "Jangka Buya", "BTJ21902", "72000", "60000");
INSERT INTO `oc_city` (city_id, zone_id, name, code, jnereg, jneoke) VALUES (217, 17, "Bandar Dua", "BTJ21903", "72000", "60000");
INSERT INTO `oc_city` (city_id, zone_id, name, code, jnereg, jneoke) VALUES (218, 17, "Meurah Dua", "BTJ21904", "72000", "60000");
INSERT INTO `oc_city` (city_id, zone_id, name, code, jnereg, jneoke) VALUES (219, 17, "Bandar Baru", "BTJ21905", "72000", "60000");
INSERT INTO `oc_city` (city_id, zone_id, name, code, jnereg, jneoke) VALUES (220, 17, "Panteraja", "BTJ21906", "72000", "60000");
INSERT INTO `oc_city` (city_id, zone_id, name, code, jnereg, jneoke) VALUES (221, 17, "Trienggading", "BTJ21907", "72000", "60000");
INSERT INTO `oc_zone` (zone_id, country_id, name, status) VALUES (18, 1, "Kab. Simeuleu", 1);
INSERT INTO `oc_city` (city_id, zone_id, name, code, jnereg, jneoke) VALUES (222, 18, "Alafan", "BTJ22101", "96000", "77000");
INSERT INTO `oc_city` (city_id, zone_id, name, code, jnereg, jneoke) VALUES (223, 18, "Salang", "BTJ22102", "96000", "77000");
INSERT INTO `oc_city` (city_id, zone_id, name, code, jnereg, jneoke) VALUES (224, 18, "Simeulue Tengah", "BTJ22103", "96000", "77000");
INSERT INTO `oc_city` (city_id, zone_id, name, code, jnereg, jneoke) VALUES (225, 18, "Simeulue Timur", "BTJ22104", "96000", "77000");
INSERT INTO `oc_city` (city_id, zone_id, name, code, jnereg, jneoke) VALUES (226, 18, "Simuelue Barat", "BTJ22105", "96000", "77000");
INSERT INTO `oc_city` (city_id, zone_id, name, code, jnereg, jneoke) VALUES (227, 18, "Sinabang", "BTJ22100", "95000", "76000");
INSERT INTO `oc_city` (city_id, zone_id, name, code, jnereg, jneoke) VALUES (228, 18, "Teluk Dalam", "BTJ22106", "96000", "77000");
INSERT INTO `oc_city` (city_id, zone_id, name, code, jnereg, jneoke) VALUES (229, 18, "Teupah Selatan", "BTJ22107", "96000", "77000");
INSERT INTO `oc_city` (city_id, zone_id, name, code, jnereg, jneoke) VALUES (230, 18, "Teupah Barat", "BTJ22108", "96000", "77000");
INSERT INTO `oc_zone` (zone_id, country_id, name, status) VALUES (19, 1, "Kota Banda Aceh", 1);
INSERT INTO `oc_city` (city_id, zone_id, name, code, jnereg, jneoke) VALUES (231, 19, "Banda Aceh", "BTJ10000", "32500", "25000");
INSERT INTO `oc_city` (city_id, zone_id, name, code, jnereg, jneoke) VALUES (232, 19, "Meuraksa", "BTJ10015", "32500", "25000");
INSERT INTO `oc_city` (city_id, zone_id, name, code, jnereg, jneoke) VALUES (233, 19, "Jaya Baru", "BTJ10016", "32500", "25000");
INSERT INTO `oc_city` (city_id, zone_id, name, code, jnereg, jneoke) VALUES (234, 19, "Banda Raya", "BTJ10017", "32500", "25000");
INSERT INTO `oc_city` (city_id, zone_id, name, code, jnereg, jneoke) VALUES (235, 19, "Baiturrahman", "BTJ10018", "32500", "25000");
INSERT INTO `oc_city` (city_id, zone_id, name, code, jnereg, jneoke) VALUES (236, 19, "Lueng Bata", "BTJ10019", "32500", "25000");
INSERT INTO `oc_city` (city_id, zone_id, name, code, jnereg, jneoke) VALUES (237, 19, "Kuta Alam", "BTJ10020", "32500", "25000");
INSERT INTO `oc_city` (city_id, zone_id, name, code, jnereg, jneoke) VALUES (238, 19, "Kuta Raja", "BTJ10021", "32500", "25000");
INSERT INTO `oc_city` (city_id, zone_id, name, code, jnereg, jneoke) VALUES (239, 19, "Syiah Kuala", "BTJ10022", "32500", "25000");
INSERT INTO `oc_city` (city_id, zone_id, name, code, jnereg, jneoke) VALUES (240, 19, "Ulee Kareng", "BTJ10023", "32500", "25000");
INSERT INTO `oc_zone` (zone_id, country_id, name, status) VALUES (20, 1, "Kota Langsa", 1);
INSERT INTO `oc_city` (city_id, zone_id, name, code, jnereg, jneoke) VALUES (241, 20, "Langsa", "BTJ10100", "60000", "48000");
INSERT INTO `oc_city` (city_id, zone_id, name, code, jnereg, jneoke) VALUES (242, 20, "Langsa Barat", "BTJ10118", "60000", "48000");
INSERT INTO `oc_city` (city_id, zone_id, name, code, jnereg, jneoke) VALUES (243, 20, "Langsa Kota", "BTJ10119", "60000", "48000");
INSERT INTO `oc_city` (city_id, zone_id, name, code, jnereg, jneoke) VALUES (244, 20, "Langsa Lama", "BTJ10120", "60000", "48000");
INSERT INTO `oc_city` (city_id, zone_id, name, code, jnereg, jneoke) VALUES (245, 20, "Langsa Teungoh", "BTJ10121", "60000", "48000");
INSERT INTO `oc_city` (city_id, zone_id, name, code, jnereg, jneoke) VALUES (246, 20, "Langsa Timur", "BTJ10122", "60000", "48000");
INSERT INTO `oc_zone` (zone_id, country_id, name, status) VALUES (21, 1, "Kota Lhokseumawe", 1);
INSERT INTO `oc_city` (city_id, zone_id, name, code, jnereg, jneoke) VALUES (247, 21, "Banda Sakti", "BTJ10226", "60000", "48000");
INSERT INTO `oc_city` (city_id, zone_id, name, code, jnereg, jneoke) VALUES (248, 21, "Blang Mangat", "BTJ10227", "60000", "48000");
INSERT INTO `oc_city` (city_id, zone_id, name, code, jnereg, jneoke) VALUES (249, 21, "Lhokseumawe", "BTJ10200", "60000", "48000");
INSERT INTO `oc_city` (city_id, zone_id, name, code, jnereg, jneoke) VALUES (250, 21, "Muara Dua", "BTJ10209", "60000", "48000");
INSERT INTO `oc_zone` (zone_id, country_id, name, status) VALUES (22, 1, "Kota Sabang", 1);
INSERT INTO `oc_city` (city_id, zone_id, name, code, jnereg, jneoke) VALUES (251, 22, "Sabang", "BTJ20700", "60000", "48000");
INSERT INTO `oc_city` (city_id, zone_id, name, code, jnereg, jneoke) VALUES (252, 22, "Sukakarya", "BTJ20702", "60000", "48000");
INSERT INTO `oc_city` (city_id, zone_id, name, code, jnereg, jneoke) VALUES (253, 22, "Sukajaya", "BTJ20703", "60000", "48000");
INSERT INTO `oc_zone` (zone_id, country_id, name, status) VALUES (23, 1, "Kota Subulussalam", 1);
INSERT INTO `oc_city` (city_id, zone_id, name, code, jnereg, jneoke) VALUES (254, 23, "Subulussalam", "BTJ22200", "60000", "48000");
INSERT INTO `oc_city` (city_id, zone_id, name, code, jnereg, jneoke) VALUES (255, 23, "Simpang Kiri", "BTJ22201", "60000", "48000");
INSERT INTO `oc_city` (city_id, zone_id, name, code, jnereg, jneoke) VALUES (256, 23, "Penanggalan", "BTJ22202", "60000", "48000");
INSERT INTO `oc_city` (city_id, zone_id, name, code, jnereg, jneoke) VALUES (257, 23, "Rundeng", "BTJ22203", "60000", "48000");
INSERT INTO `oc_city` (city_id, zone_id, name, code, jnereg, jneoke) VALUES (258, 23, "Sultan Daulat", "BTJ22204", "60000", "48000");
INSERT INTO `oc_city` (city_id, zone_id, name, code, jnereg, jneoke) VALUES (259, 23, "Longkip", "BTJ22205", "60000", "48000");
INSERT INTO `oc_country` (country_id, name, iso_code_2, iso_code_3, postcode_required, status) VALUES (2, "Sumatera Utara", "ID", "IDN", 1, 1);
INSERT INTO `oc_zone` (zone_id, country_id, name, status) VALUES (24, 2, "Kab. Asahan", 1);
INSERT INTO `oc_city` (city_id, zone_id, name, code, jnereg, jneoke) VALUES (260, 24, "Aek Kuasan", "MES10117", "42000", "35000");
INSERT INTO `oc_city` (city_id, zone_id, name, code, jnereg, jneoke) VALUES (261, 24, "Air Batu", "MES10103", "42000", "35000");
INSERT INTO `oc_city` (city_id, zone_id, name, code, jnereg, jneoke) VALUES (262, 24, "Air Joman", "MES10102", "42000", "35000");
INSERT INTO `oc_city` (city_id, zone_id, name, code, jnereg, jneoke) VALUES (263, 24, "Bandar Pasir Mandoge", "MES10104", "42000", "35000");
INSERT INTO `oc_city` (city_id, zone_id, name, code, jnereg, jneoke) VALUES (264, 24, "Bandar Pulau", "MES10105", "42000", "35000");
INSERT INTO `oc_city` (city_id, zone_id, name, code, jnereg, jneoke) VALUES (265, 24, "Buntu Pane", "MES10106", "42000", "35000");
INSERT INTO `oc_city` (city_id, zone_id, name, code, jnereg, jneoke) VALUES (266, 24, "Kisaran", "MES10100", "35000", "28000");
INSERT INTO `oc_city` (city_id, zone_id, name, code, jnereg, jneoke) VALUES (267, 24, "Kisaran Barat", "MES10126", "42000", "28000");
INSERT INTO `oc_city` (city_id, zone_id, name, code, jnereg, jneoke) VALUES (268, 24, "Kisaran Timur", "MES10127", "42000", "28000");
INSERT INTO `oc_city` (city_id, zone_id, name, code, jnereg, jneoke) VALUES (269, 24, "Meranti", "MES10110", "42000", "35000");
INSERT INTO `oc_city` (city_id, zone_id, name, code, jnereg, jneoke) VALUES (270, 24, "Pulau Rakyat", "MES10111", "42000", "35000");
INSERT INTO `oc_city` (city_id, zone_id, name, code, jnereg, jneoke) VALUES (271, 24, "Sei Kepayang", "MES10118", "42000", "35000");
INSERT INTO `oc_city` (city_id, zone_id, name, code, jnereg, jneoke) VALUES (272, 24, "Simpang Empat", "MES10112", "42000", "35000");
INSERT INTO `oc_city` (city_id, zone_id, name, code, jnereg, jneoke) VALUES (273, 24, "Tanjung Balai Asahan", "MES10115", "42000", "35000");
INSERT INTO `oc_zone` (zone_id, country_id, name, status) VALUES (25, 2, "Kab. Batubara", 1);
INSERT INTO `oc_city` (city_id, zone_id, name, code, jnereg, jneoke) VALUES (274, 25, "Limapuluh", "MES21500", "40000", "32000");
INSERT INTO `oc_city` (city_id, zone_id, name, code, jnereg, jneoke) VALUES (275, 25, "Medang Deras", "MES21501", "40000", "32000");
INSERT INTO `oc_city` (city_id, zone_id, name, code, jnereg, jneoke) VALUES (276, 25, "Sei Suka", "MES21508", "40000", "32000");
INSERT INTO `oc_city` (city_id, zone_id, name, code, jnereg, jneoke) VALUES (277, 25, "Air Putih", "MES21503", "40000", "32000");
INSERT INTO `oc_city` (city_id, zone_id, name, code, jnereg, jneoke) VALUES (278, 25, "Talawi", "MES21504", "40000", "32000");
INSERT INTO `oc_city` (city_id, zone_id, name, code, jnereg, jneoke) VALUES (279, 25, "Tanjung Tiram", "MES21505", "40000", "32000");
INSERT INTO `oc_city` (city_id, zone_id, name, code, jnereg, jneoke) VALUES (280, 25, "Sei Balai", "MES21506", "40000", "32000");
INSERT INTO `oc_zone` (zone_id, country_id, name, status) VALUES (26, 2, "Kab. Dairi", 1);
INSERT INTO `oc_city` (city_id, zone_id, name, code, jnereg, jneoke) VALUES (281, 26, "Berampu", "MES10312", "55000", "46000");
INSERT INTO `oc_city` (city_id, zone_id, name, code, jnereg, jneoke) VALUES (282, 26, "Gunung Sitember", "MES10313", "55000", "46000");
INSERT INTO `oc_city` (city_id, zone_id, name, code, jnereg, jneoke) VALUES (283, 26, "Lae Parira", "MES10314", "55000", "46000");
INSERT INTO `oc_city` (city_id, zone_id, name, code, jnereg, jneoke) VALUES (284, 26, "Parbuluan", "MES10302", "55000", "46000");
INSERT INTO `oc_city` (city_id, zone_id, name, code, jnereg, jneoke) VALUES (285, 26, "Pegagan Hilir", "MES10310", "55000", "46000");
INSERT INTO `oc_city` (city_id, zone_id, name, code, jnereg, jneoke) VALUES (286, 26, "Sidikalang", "MES10300", "45000", "36000");
INSERT INTO `oc_city` (city_id, zone_id, name, code, jnereg, jneoke) VALUES (287, 26, "Siempat Nempu", "MES10304", "55000", "46000");
INSERT INTO `oc_city` (city_id, zone_id, name, code, jnereg, jneoke) VALUES (288, 26, "Siempat Nempu Hilir", "MES10305", "55000", "46000");
INSERT INTO `oc_city` (city_id, zone_id, name, code, jnereg, jneoke) VALUES (289, 26, "Siempat Nempu Hulu", "MES10311", "55000", "46000");
INSERT INTO `oc_city` (city_id, zone_id, name, code, jnereg, jneoke) VALUES (290, 26, "Silima Pungga-Pungga", "MES10306", "55000", "46000");
INSERT INTO `oc_city` (city_id, zone_id, name, code, jnereg, jneoke) VALUES (291, 26, "Sumbul", "MES10307", "55000", "46000");
INSERT INTO `oc_city` (city_id, zone_id, name, code, jnereg, jneoke) VALUES (292, 26, "Tanah Pinem", "MES10308", "55000", "46000");
INSERT INTO `oc_city` (city_id, zone_id, name, code, jnereg, jneoke) VALUES (293, 26, "Tiga Lingga", "MES10309", "55000", "46000");
INSERT INTO `oc_zone` (zone_id, country_id, name, status) VALUES (27, 2, "Kab. Deli Serdang", 1);
INSERT INTO `oc_city` (city_id, zone_id, name, code, jnereg, jneoke) VALUES (294, 27, "Bangun Purba", "MES10615", "41000", "34000");
INSERT INTO `oc_city` (city_id, zone_id, name, code, jnereg, jneoke) VALUES (295, 27, "Batang Kuis", "MES10605", "41000", "34000");
INSERT INTO `oc_city` (city_id, zone_id, name, code, jnereg, jneoke) VALUES (296, 27, "Beringin", "MES10616", "41000", "34000");
INSERT INTO `oc_city` (city_id, zone_id, name, code, jnereg, jneoke) VALUES (297, 27, "Biru-Biru", "MES10610", "41000", "34000");
INSERT INTO `oc_city` (city_id, zone_id, name, code, jnereg, jneoke) VALUES (298, 27, "Deli Tua", "MES10601", "41000", "34000");
INSERT INTO `oc_city` (city_id, zone_id, name, code, jnereg, jneoke) VALUES (299, 27, "Galang", "MES10617", "41000", "34000");
INSERT INTO `oc_city` (city_id, zone_id, name, code, jnereg, jneoke) VALUES (300, 27, "Gunung Meriah", "MES10619", "41000", "34000");
INSERT INTO `oc_city` (city_id, zone_id, name, code, jnereg, jneoke) VALUES (301, 27, "Hamparan Perak", "MES10602", "41000", "34000");
INSERT INTO `oc_city` (city_id, zone_id, name, code, jnereg, jneoke) VALUES (302, 27, "Kutalimbaru", "MES10603", "41000", "34000");
INSERT INTO `oc_city` (city_id, zone_id, name, code, jnereg, jneoke) VALUES (303, 27, "Labuhan Deli", "MES10604", "41000", "34000");
INSERT INTO `oc_city` (city_id, zone_id, name, code, jnereg, jneoke) VALUES (304, 27, "Lubuk Pakam", "MES10600", "35000", "28000");
INSERT INTO `oc_city` (city_id, zone_id, name, code, jnereg, jneoke) VALUES (305, 27, "Namo Rambe", "MES10620", "41000", "34000");
INSERT INTO `oc_city` (city_id, zone_id, name, code, jnereg, jneoke) VALUES (306, 27, "Pagar Marbau", "MES10621", "41000", "34000");
INSERT INTO `oc_city` (city_id, zone_id, name, code, jnereg, jneoke) VALUES (307, 27, "Pancur Batu", "MES10606", "41000", "34000");
INSERT INTO `oc_city` (city_id, zone_id, name, code, jnereg, jneoke) VALUES (308, 27, "Pantai Labu", "MES10614", "41000", "34000");
INSERT INTO `oc_city` (city_id, zone_id, name, code, jnereg, jneoke) VALUES (309, 27, "Percut Sei Tuan", "MES10607", "41000", "34000");
INSERT INTO `oc_city` (city_id, zone_id, name, code, jnereg, jneoke) VALUES (310, 27, "Petumbak", "MES10608", "41000", "34000");
INSERT INTO `oc_city` (city_id, zone_id, name, code, jnereg, jneoke) VALUES (311, 27, "Sibolangit", "MES10609", "41000", "34000");
INSERT INTO `oc_city` (city_id, zone_id, name, code, jnereg, jneoke) VALUES (312, 27, "Sinembah Tanjungmuda Hulu", "MES10622", "41000", "34000");
INSERT INTO `oc_city` (city_id, zone_id, name, code, jnereg, jneoke) VALUES (313, 27, "Sinembah Tanjungmuda Hilir", "MES10611", "41000", "34000");
INSERT INTO `oc_city` (city_id, zone_id, name, code, jnereg, jneoke) VALUES (314, 27, "Sunggal", "MES10612", "41000", "34000");
INSERT INTO `oc_city` (city_id, zone_id, name, code, jnereg, jneoke) VALUES (315, 27, "Tanjung Morawa", "MES10613", "35000", "28000");
INSERT INTO `oc_zone` (zone_id, country_id, name, status) VALUES (28, 2, "Kab. Humbang Hasudutan", 1);
INSERT INTO `oc_city` (city_id, zone_id, name, code, jnereg, jneoke) VALUES (316, 28, "Baktiraja", "MES21601", "64000", "53000");
INSERT INTO `oc_city` (city_id, zone_id, name, code, jnereg, jneoke) VALUES (317, 28, "Dolok Sanggul", "MES21600", "55000", "44000");
INSERT INTO `oc_city` (city_id, zone_id, name, code, jnereg, jneoke) VALUES (318, 28, "Lintong Nihuta", "MES21602", "64000", "53000");
INSERT INTO `oc_city` (city_id, zone_id, name, code, jnereg, jneoke) VALUES (319, 28, "Onan Ganjang", "MES21603", "64000", "53000");
INSERT INTO `oc_city` (city_id, zone_id, name, code, jnereg, jneoke) VALUES (320, 28, "Pakkat", "MES21604", "64000", "53000");
INSERT INTO `oc_city` (city_id, zone_id, name, code, jnereg, jneoke) VALUES (321, 28, "Paranginan", "MES21605", "64000", "53000");
INSERT INTO `oc_city` (city_id, zone_id, name, code, jnereg, jneoke) VALUES (322, 28, "Parlilitan", "MES21606", "64000", "53000");
INSERT INTO `oc_city` (city_id, zone_id, name, code, jnereg, jneoke) VALUES (323, 28, "Pollung", "MES21607", "64000", "53000");
INSERT INTO `oc_city` (city_id, zone_id, name, code, jnereg, jneoke) VALUES (324, 28, "Sijama Polang", "MES21608", "64000", "53000");
INSERT INTO `oc_city` (city_id, zone_id, name, code, jnereg, jneoke) VALUES (325, 28, "Tarabintang", "MES21609", "64000", "53000");
INSERT INTO `oc_zone` (zone_id, country_id, name, status) VALUES (29, 2, "Kab. Karo", 1);
INSERT INTO `oc_city` (city_id, zone_id, name, code, jnereg, jneoke) VALUES (326, 29, "Barusjahe", "MES20801", "41000", "34000");
INSERT INTO `oc_city` (city_id, zone_id, name, code, jnereg, jneoke) VALUES (327, 29, "Berastagi", "MES20802", "41000", "34000");
INSERT INTO `oc_city` (city_id, zone_id, name, code, jnereg, jneoke) VALUES (328, 29, "Juhar", "MES20803", "41000", "34000");
INSERT INTO `oc_city` (city_id, zone_id, name, code, jnereg, jneoke) VALUES (329, 29, "Kabanjahe", "MES20800", "35000", "28000");
INSERT INTO `oc_city` (city_id, zone_id, name, code, jnereg, jneoke) VALUES (330, 29, "Kuta Buluh", "MES20804", "41000", "34000");
INSERT INTO `oc_city` (city_id, zone_id, name, code, jnereg, jneoke) VALUES (331, 29, "Laubaleng", "MES20805", "41000", "34000");
INSERT INTO `oc_city` (city_id, zone_id, name, code, jnereg, jneoke) VALUES (332, 29, "Mardinding", "MES20806", "41000", "34000");
INSERT INTO `oc_city` (city_id, zone_id, name, code, jnereg, jneoke) VALUES (333, 29, "Merek", "MES20807", "41000", "34000");
INSERT INTO `oc_city` (city_id, zone_id, name, code, jnereg, jneoke) VALUES (334, 29, "Munte", "MES20808", "41000", "34000");
INSERT INTO `oc_city` (city_id, zone_id, name, code, jnereg, jneoke) VALUES (335, 29, "Payung", "MES20809", "41000", "34000");
INSERT INTO `oc_city` (city_id, zone_id, name, code, jnereg, jneoke) VALUES (336, 29, "Simpang Empat", "MES20810", "41000", "34000");
INSERT INTO `oc_city` (city_id, zone_id, name, code, jnereg, jneoke) VALUES (337, 29, "Tiga Binanga", "MES20811", "41000", "34000");
INSERT INTO `oc_city` (city_id, zone_id, name, code, jnereg, jneoke) VALUES (338, 29, "Tiga Panah", "MES20812", "41000", "34000");
INSERT INTO `oc_zone` (zone_id, country_id, name, status) VALUES (30, 2, "Kab. Labuhan Batu", 1);
INSERT INTO `oc_city` (city_id, zone_id, name, code, jnereg, jneoke) VALUES (339, 30, "Aek Kuo", "MES20713", "41000", "37000");
INSERT INTO `oc_city` (city_id, zone_id, name, code, jnereg, jneoke) VALUES (340, 30, "Aek Natas", "MES20701", "41000", "37000");
INSERT INTO `oc_city` (city_id, zone_id, name, code, jnereg, jneoke) VALUES (341, 30, "Bilah Barat", "MES20714", "41000", "37000");
INSERT INTO `oc_city` (city_id, zone_id, name, code, jnereg, jneoke) VALUES (342, 30, "Bilah Hilir", "MES20702", "41000", "37000");
INSERT INTO `oc_city` (city_id, zone_id, name, code) VALUES (343, 30, "Bilah Hulu", "MES20715");
INSERT INTO `oc_city` (city_id, zone_id, name, code, jnereg, jneoke) VALUES (344, 30, "Kampung Rakyat", "MES20703", "41000", "37000");
INSERT INTO `oc_city` (city_id, zone_id, name, code, jnereg, jneoke) VALUES (345, 30, "Kota Pinang", "MES20704", "41000", "37000");
INSERT INTO `oc_city` (city_id, zone_id, name, code, jnereg, jneoke) VALUES (346, 30, "Kualuh Hilir", "MES20706", "41000", "37000");
INSERT INTO `oc_city` (city_id, zone_id, name, code, jnereg, jneoke) VALUES (347, 30, "Kualuh Hulu", "MES20705", "41000", "37000");
INSERT INTO `oc_city` (city_id, zone_id, name, code, jnereg, jneoke) VALUES (348, 30, "Kualuh Leidong", "MES20716", "41000", "37000");
INSERT INTO `oc_city` (city_id, zone_id, name, code, jnereg, jneoke) VALUES (349, 30, "Kualuh Selatan", "MES20717", "41000", "37000");
INSERT INTO `oc_city` (city_id, zone_id, name, code, jnereg, jneoke) VALUES (350, 30, "Marbau", "MES20707", "41000", "37000");
INSERT INTO `oc_city` (city_id, zone_id, name, code, jnereg, jneoke) VALUES (351, 30, "Na IX-X", "MES20708", "41000", "37000");
INSERT INTO `oc_city` (city_id, zone_id, name, code, jnereg, jneoke) VALUES (352, 30, "Panai Hilir", "MES20709", "41000", "37000");
INSERT INTO `oc_city` (city_id, zone_id, name, code, jnereg, jneoke) VALUES (353, 30, "Panai Hulu", "MES20718", "41000", "37000");
INSERT INTO `oc_city` (city_id, zone_id, name, code, jnereg, jneoke) VALUES (354, 30, "Panai Tengah", "MES20710", "41000", "37000");
INSERT INTO `oc_city` (city_id, zone_id, name, code, jnereg, jneoke) VALUES (355, 30, "Pangkatan", "MES20719", "41000", "37000");
INSERT INTO `oc_city` (city_id, zone_id, name, code, jnereg, jneoke) VALUES (356, 30, "Rantau Prapat", "MES20700", "35000", "28000");
INSERT INTO `oc_city` (city_id, zone_id, name, code, jnereg, jneoke) VALUES (357, 30, "Rantau Selatan", "MES20720", "41000", "37000");
INSERT INTO `oc_city` (city_id, zone_id, name, code, jnereg, jneoke) VALUES (358, 30, "Rantau Utara", "MES20721", "41000", "37000");
INSERT INTO `oc_city` (city_id, zone_id, name, code, jnereg, jneoke) VALUES (359, 30, "Silangkitang", "MES20722", "41000", "37000");
INSERT INTO `oc_city` (city_id, zone_id, name, code, jnereg, jneoke) VALUES (360, 30, "Sungai Kanan", "MES20723", "41000", "37000");
INSERT INTO `oc_city` (city_id, zone_id, name, code, jnereg, jneoke) VALUES (361, 30, "Torgamba", "MES20724", "41000", "37000");
INSERT INTO `oc_zone` (zone_id, country_id, name, status) VALUES (31, 2, "Kab. Langkat", 1);
INSERT INTO `oc_city` (city_id, zone_id, name, code, jnereg, jneoke) VALUES (362, 31, "Babalan/Pangkaln Brandan", "MES20901", "45000", "36000");
INSERT INTO `oc_city` (city_id, zone_id, name, code, jnereg, jneoke) VALUES (363, 31, "Batang Serangan", "MES20909", "41000", "34000");
INSERT INTO `oc_city` (city_id, zone_id, name, code, jnereg, jneoke) VALUES (364, 31, "Besitang", "MES20902", "41000", "34000");
INSERT INTO `oc_city` (city_id, zone_id, name, code, jnereg, jneoke) VALUES (365, 31, "Binjai", "MES20200", "35000", "28000");
INSERT INTO `oc_city` (city_id, zone_id, name, code, jnereg, jneoke) VALUES (366, 31, "Bohorok", "MES20916", "41000", "34000");
INSERT INTO `oc_city` (city_id, zone_id, name, code, jnereg, jneoke) VALUES (367, 31, "Brandan Barat", "MES20910", "41000", "34000");
INSERT INTO `oc_city` (city_id, zone_id, name, code, jnereg, jneoke) VALUES (368, 31, "Gebang", "MES20903", "41000", "34000");
INSERT INTO `oc_city` (city_id, zone_id, name, code, jnereg, jneoke) VALUES (369, 31, "Hinai", "MES20904", "41000", "34000");
INSERT INTO `oc_city` (city_id, zone_id, name, code, jnereg, jneoke) VALUES (370, 31, "Kuala", "MES20917", "41000", "34000");
INSERT INTO `oc_city` (city_id, zone_id, name, code, jnereg, jneoke) VALUES (371, 31, "Padang Tualang", "MES20905", "41000", "34000");
INSERT INTO `oc_city` (city_id, zone_id, name, code, jnereg, jneoke) VALUES (372, 31, "Pangkalan Susu", "MES20906", "41000", "34000");
INSERT INTO `oc_city` (city_id, zone_id, name, code, jnereg, jneoke) VALUES (373, 31, "Salapian", "MES20911", "41000", "34000");
INSERT INTO `oc_city` (city_id, zone_id, name, code, jnereg, jneoke) VALUES (374, 31, "Sawit Seberang", "MES20912", "41000", "34000");
INSERT INTO `oc_city` (city_id, zone_id, name, code, jnereg, jneoke) VALUES (375, 31, "Secanggang", "MES20907", "41000", "34000");
INSERT INTO `oc_city` (city_id, zone_id, name, code, jnereg, jneoke) VALUES (376, 31, "Sei Bingai", "MES20918", "41000", "34000");
INSERT INTO `oc_city` (city_id, zone_id, name, code, jnereg, jneoke) VALUES (377, 31, "Sei Lepan", "MES20913", "41000", "34000");
INSERT INTO `oc_city` (city_id, zone_id, name, code, jnereg, jneoke) VALUES (378, 31, "Selesai", "MES20919", "41000", "34000");
INSERT INTO `oc_city` (city_id, zone_id, name, code, jnereg, jneoke) VALUES (379, 31, "Stabat", "MES20900", "35000", "28000");
INSERT INTO `oc_city` (city_id, zone_id, name, code, jnereg, jneoke) VALUES (380, 31, "Tanjung Pura", "MES20908", "41000", "34000");
INSERT INTO `oc_city` (city_id, zone_id, name, code, jnereg, jneoke) VALUES (381, 31, "Wampu", "MES20914", "41000", "34000");
INSERT INTO `oc_zone` (zone_id, country_id, name, status) VALUES (32, 2, "Kab. Mandailing Natal", 1);
INSERT INTO `oc_city` (city_id, zone_id, name, code, jnereg, jneoke) VALUES (382, 32, "Batahan", "MES21701", "69000", "57000");
INSERT INTO `oc_city` (city_id, zone_id, name, code, jnereg, jneoke) VALUES (383, 32, "Batang Natal", "MES21702", "69000", "57000");
INSERT INTO `oc_city` (city_id, zone_id, name, code, jnereg, jneoke) VALUES (384, 32, "Bukit Malintang", "MES21703", "69000", "57000");
INSERT INTO `oc_city` (city_id, zone_id, name, code, jnereg, jneoke) VALUES (385, 32, "Kotanopan", "MES21704", "69000", "57000");
INSERT INTO `oc_city` (city_id, zone_id, name, code, jnereg, jneoke) VALUES (386, 32, "Lembah Sorik Merapi", "MES21705", "69000", "57000");
INSERT INTO `oc_city` (city_id, zone_id, name, code, jnereg, jneoke) VALUES (387, 32, "Lingga Bayu", "MES21706", "69000", "57000");
INSERT INTO `oc_city` (city_id, zone_id, name, code, jnereg, jneoke) VALUES (388, 32, "Muara Batang Gadis", "MES21707", "69000", "57000");
INSERT INTO `oc_city` (city_id, zone_id, name, code, jnereg, jneoke) VALUES (389, 32, "Muara Sipongi", "MES21708", "69000", "57000");
INSERT INTO `oc_city` (city_id, zone_id, name, code, jnereg, jneoke) VALUES (390, 32, "Natal", "MES21709", "69000", "57000");
INSERT INTO `oc_city` (city_id, zone_id, name, code, jnereg, jneoke) VALUES (391, 32, "Panyabungan Barat", "MES21710", "69000", "57000");
INSERT INTO `oc_city` (city_id, zone_id, name, code, jnereg, jneoke) VALUES (392, 32, "Panyabungan Kota", "MES21711", "60000", "57000");
INSERT INTO `oc_city` (city_id, zone_id, name, code, jnereg, jneoke) VALUES (393, 32, "Panyabungan Selatan", "MES21712", "69000", "57000");
INSERT INTO `oc_city` (city_id, zone_id, name, code, jnereg, jneoke) VALUES (394, 32, "Panyabungan Timur", "MES21713", "69000", "57000");
INSERT INTO `oc_city` (city_id, zone_id, name, code, jnereg, jneoke) VALUES (395, 32, "Panyabungan Utara", "MES21714", "69000", "57000");
INSERT INTO `oc_city` (city_id, zone_id, name, code, jnereg, jneoke) VALUES (396, 32, "Siabu", "MES21715", "69000", "57000");
INSERT INTO `oc_city` (city_id, zone_id, name, code, jnereg, jneoke) VALUES (397, 32, "Tambangan", "MES21716", "69000", "57000");
INSERT INTO `oc_city` (city_id, zone_id, name, code, jnereg, jneoke) VALUES (398, 32, "Ulu Pungkut", "MES21717", "69000", "57000");
INSERT INTO `oc_zone` (zone_id, country_id, name, status) VALUES (33, 2, "Kab. Nias", 1);
INSERT INTO `oc_city` (city_id, zone_id, name, code, jnereg, jneoke) VALUES (399, 33, "Afulu", "MES20301", "71500", "56000");
INSERT INTO `oc_city` (city_id, zone_id, name, code, jnereg, jneoke) VALUES (400, 33, "Alasa", "MES20302", "71500", "56000");
INSERT INTO `oc_city` (city_id, zone_id, name, code, jnereg, jneoke) VALUES (401, 33, "Bawolato", "MES20303", "71500", "56000");
INSERT INTO `oc_city` (city_id, zone_id, name, code, jnereg, jneoke) VALUES (402, 33, "Gido", "MES20304", "71500", "56000");
INSERT INTO `oc_city` (city_id, zone_id, name, code, jnereg, jneoke) VALUES (403, 33, "Gunungsitoli", "MES20300", "55000", "44000");
INSERT INTO `oc_city` (city_id, zone_id, name, code, jnereg, jneoke) VALUES (404, 33, "Hiliduho", "MES20306", "71500", "56000");
INSERT INTO `oc_city` (city_id, zone_id, name, code, jnereg, jneoke) VALUES (405, 33, "Idano Gawo", "MES20307", "71500", "56000");
INSERT INTO `oc_city` (city_id, zone_id, name, code, jnereg, jneoke) VALUES (406, 33, "Lahewa", "MES20308", "71500", "56000");
INSERT INTO `oc_city` (city_id, zone_id, name, code) VALUES (407, 33, "Lolofitu Moi", "MES20326");
INSERT INTO `oc_city` (city_id, zone_id, name, code, jnereg, jneoke) VALUES (408, 33, "Lotu", "MES20311", "71500", "56000");
INSERT INTO `oc_city` (city_id, zone_id, name, code, jnereg, jneoke) VALUES (409, 33, "Mandrehe", "MES20312", "71500", "56000");
INSERT INTO `oc_city` (city_id, zone_id, name, code, jnereg, jneoke) VALUES (410, 33, "Sirombo", "MES20317", "71500", "56000");
INSERT INTO `oc_city` (city_id, zone_id, name, code, jnereg, jneoke) VALUES (411, 33, "Tuhemberua", "MES20320", "71500", "56000");
INSERT INTO `oc_zone` (zone_id, country_id, name, status) VALUES (34, 2, "Kab. Nias Selatan", 1);
INSERT INTO `oc_city` (city_id, zone_id, name, code, jnereg, jneoke) VALUES (412, 34, "Amandraya", "MES21801", "67000", "56000");
INSERT INTO `oc_city` (city_id, zone_id, name, code, jnereg, jneoke) VALUES (413, 34, "Gomo", "MES21802", "67000", "56000");
INSERT INTO `oc_city` (city_id, zone_id, name, code, jnereg, jneoke) VALUES (414, 34, "Hibala", "MES21803", "67000", "56000");
INSERT INTO `oc_city` (city_id, zone_id, name, code, jnereg, jneoke) VALUES (415, 34, "Lahusa", "MES21804", "67000", "56000");
INSERT INTO `oc_city` (city_id, zone_id, name, code, jnereg, jneoke) VALUES (416, 34, "Lolo Wa'u", "MES21805", "67000", "56000");
INSERT INTO `oc_city` (city_id, zone_id, name, code, jnereg, jneoke) VALUES (417, 34, "Lolomatua", "MES21806", "67000", "56000");
INSERT INTO `oc_city` (city_id, zone_id, name, code, jnereg, jneoke) VALUES (418, 34, "Pulau-Pulau Batu", "MES21807", "67000", "56000");
INSERT INTO `oc_city` (city_id, zone_id, name, code, jnereg, jneoke) VALUES (419, 34, "Teluk Dalam", "MES21800", "55000", "44000");
INSERT INTO `oc_zone` (zone_id, country_id, name, status) VALUES (35, 2, "Kab. Padang Lawas", 1);
INSERT INTO `oc_city` (city_id, zone_id, name, code, jnereg, jneoke) VALUES (420, 35, "Barumun", "MES21901", "48000", "40000");
INSERT INTO `oc_city` (city_id, zone_id, name, code, jnereg, jneoke) VALUES (421, 35, "Barumun Tengah", "MES21902", "48000", "40000");
INSERT INTO `oc_city` (city_id, zone_id, name, code, jnereg, jneoke) VALUES (422, 35, "Batang Bulu Sutam", "MES21903", "48000", "40000");
INSERT INTO `oc_city` (city_id, zone_id, name, code, jnereg, jneoke) VALUES (423, 35, "Huristak", "MES21904", "48000", "40000");
INSERT INTO `oc_city` (city_id, zone_id, name, code, jnereg, jneoke) VALUES (424, 35, "Huta Raja Tinggi", "MES21905", "48000", "40000");
INSERT INTO `oc_city` (city_id, zone_id, name, code, jnereg, jneoke) VALUES (425, 35, "Lubuk Barumun", "MES21906", "48000", "40000");
INSERT INTO `oc_city` (city_id, zone_id, name, code, jnereg, jneoke) VALUES (426, 35, "Sibuhuan", "MES21900", "40000", "32000");
INSERT INTO `oc_city` (city_id, zone_id, name, code, jnereg, jneoke) VALUES (427, 35, "Sosa", "MES21907", "48000", "40000");
INSERT INTO `oc_city` (city_id, zone_id, name, code, jnereg, jneoke) VALUES (428, 35, "Sosopan", "MES21908", "48000", "40000");
INSERT INTO `oc_city` (city_id, zone_id, name, code, jnereg, jneoke) VALUES (429, 35, "Ulu Barumun", "MES21909", "48000", "40000");
INSERT INTO `oc_zone` (zone_id, country_id, name, status) VALUES (36, 2, "Kab. Padang Lawas Utara", 1);
INSERT INTO `oc_city` (city_id, zone_id, name, code, jnereg, jneoke) VALUES (430, 36, "Batang Onang", "MES21401", "48000", "40000");
INSERT INTO `oc_city` (city_id, zone_id, name, code, jnereg, jneoke) VALUES (431, 36, "Dolok", "MES21402", "48000", "40000");
INSERT INTO `oc_city` (city_id, zone_id, name, code, jnereg, jneoke) VALUES (432, 36, "Dolok Sigompulon", "MES21403", "48000", "40000");
INSERT INTO `oc_city` (city_id, zone_id, name, code, jnereg, jneoke) VALUES (433, 36, "Gunung Tua", "MES21400", "40000", "32000");
INSERT INTO `oc_city` (city_id, zone_id, name, code, jnereg, jneoke) VALUES (434, 36, "Halongonan", "MES21404", "48000", "40000");
INSERT INTO `oc_city` (city_id, zone_id, name, code, jnereg, jneoke) VALUES (435, 36, "Padang Bolak", "MES21405", "48000", "40000");
INSERT INTO `oc_city` (city_id, zone_id, name, code, jnereg, jneoke) VALUES (436, 36, "Padang Bolak Julu", "MES21406", "48000", "40000");
INSERT INTO `oc_city` (city_id, zone_id, name, code, jnereg, jneoke) VALUES (437, 36, "Poribi", "MES21407", "48000", "40000");
INSERT INTO `oc_city` (city_id, zone_id, name, code, jnereg, jneoke) VALUES (438, 36, "Simangambat", "MES21408", "48000", "40000");
INSERT INTO `oc_zone` (zone_id, country_id, name, status) VALUES (37, 2, "Kab. Pakpak Barat", 1);
INSERT INTO `oc_city` (city_id, zone_id, name, code, jnereg, jneoke) VALUES (439, 37, "Kerajaan", "MES22101", "69000", "57000");
INSERT INTO `oc_city` (city_id, zone_id, name, code, jnereg, jneoke) VALUES (440, 37, "Salak", "MES22100", "60000", "48000");
INSERT INTO `oc_city` (city_id, zone_id, name, code, jnereg, jneoke) VALUES (441, 37, "Sitellu Tai Urang Jehe", "MES22102", "69000", "57000");
INSERT INTO `oc_city` (city_id, zone_id, name, code, jnereg, jneoke) VALUES (442, 37, "Sitellu Tai Urang Julu", "MES22103", "69000", "57000");
INSERT INTO `oc_city` (city_id, zone_id, name, code, jnereg, jneoke) VALUES (443, 37, "Pergetteng-getteng Sengkut", "MES22104", "69000", "57000");
INSERT INTO `oc_city` (city_id, zone_id, name, code, jnereg, jneoke) VALUES (444, 37, "Pagindar", "MES22105", "69000", "57000");
INSERT INTO `oc_city` (city_id, zone_id, name, code, jnereg, jneoke) VALUES (445, 37, "Siempat Rube", "MES22106", "69000", "57000");
INSERT INTO `oc_city` (city_id, zone_id, name, code, jnereg, jneoke) VALUES (446, 37, "Tinada", "MES22107", "69000", "57000");
INSERT INTO `oc_zone` (zone_id, country_id, name, status) VALUES (38, 2, "Kab. Samosir", 1);
INSERT INTO `oc_city` (city_id, zone_id, name, code, jnereg, jneoke) VALUES (447, 38, "Harian", "MES22201", "54000", "45000");
INSERT INTO `oc_city` (city_id, zone_id, name, code, jnereg, jneoke) VALUES (448, 38, "Nainggolan", "MES22202", "54000", "45000");
INSERT INTO `oc_city` (city_id, zone_id, name, code, jnereg, jneoke) VALUES (449, 38, "Onan Runggu", "MES22203", "54000", "45000");
INSERT INTO `oc_city` (city_id, zone_id, name, code, jnereg, jneoke) VALUES (450, 38, "Palipi", "MES22204", "54000", "45000");
INSERT INTO `oc_city` (city_id, zone_id, name, code, jnereg, jneoke) VALUES (451, 38, "Pangururan", "MES22200", "45000", "36000");
INSERT INTO `oc_city` (city_id, zone_id, name, code, jnereg, jneoke) VALUES (452, 38, "Ronggur Nihuta", "MES22205", "54000", "45000");
INSERT INTO `oc_city` (city_id, zone_id, name, code, jnereg, jneoke) VALUES (453, 38, "Sianjur Mula Mula", "MES22206", "54000", "45000");
INSERT INTO `oc_city` (city_id, zone_id, name, code, jnereg, jneoke) VALUES (454, 38, "Simanindo", "MES22207", "54000", "45000");
INSERT INTO `oc_city` (city_id, zone_id, name, code, jnereg, jneoke) VALUES (455, 38, "Sitiotio", "MES22208", "54000", "45000");
INSERT INTO `oc_zone` (zone_id, country_id, name, status) VALUES (39, 2, "Kab. Serdang Bedagai", 1);
INSERT INTO `oc_city` (city_id, zone_id, name, code, jnereg, jneoke) VALUES (456, 39, "Bandar Khalipah", "MES22301", "40000", "32000");
INSERT INTO `oc_city` (city_id, zone_id, name, code, jnereg, jneoke) VALUES (457, 39, "Dolok Masihul", "MES22302", "40000", "32000");
INSERT INTO `oc_city` (city_id, zone_id, name, code, jnereg, jneoke) VALUES (458, 39, "Dolok Merawan", "MES22303", "40000", "32000");
INSERT INTO `oc_city` (city_id, zone_id, name, code, jnereg, jneoke) VALUES (459, 39, "Kotarih", "MES22304", "40000", "32000");
INSERT INTO `oc_city` (city_id, zone_id, name, code, jnereg, jneoke) VALUES (460, 39, "Pantai Cermin", "MES22305", "40000", "32000");
INSERT INTO `oc_city` (city_id, zone_id, name, code, jnereg, jneoke) VALUES (461, 39, "Perbaungan", "MES22306", "40000", "32000");
INSERT INTO `oc_city` (city_id, zone_id, name, code, jnereg, jneoke) VALUES (462, 39, "Sei Rampah", "MES22300", "40000", "32000");
INSERT INTO `oc_city` (city_id, zone_id, name, code, jnereg, jneoke) VALUES (463, 39, "Sipispis", "MES22307", "40000", "32000");
INSERT INTO `oc_city` (city_id, zone_id, name, code, jnereg, jneoke) VALUES (464, 39, "Tanjung Beringin", "MES22308", "40000", "32000");
INSERT INTO `oc_city` (city_id, zone_id, name, code, jnereg, jneoke) VALUES (465, 39, "Tebingtinggi", "MES22309", "40000", "32000");
INSERT INTO `oc_city` (city_id, zone_id, name, code, jnereg, jneoke) VALUES (466, 39, "Teluk Mengkudu", "MES22310", "40000", "28000");
INSERT INTO `oc_zone` (zone_id, country_id, name, status) VALUES (40, 2, "Kab. Simalungun", 1);
INSERT INTO `oc_city` (city_id, zone_id, name, code, jnereg, jneoke) VALUES (467, 40, "Bandar", "MES20601", "41000", "34000");
INSERT INTO `oc_city` (city_id, zone_id, name, code, jnereg, jneoke) VALUES (468, 40, "Bandar Huluan", "MES20622", "41000", "34000");
INSERT INTO `oc_city` (city_id, zone_id, name, code, jnereg, jneoke) VALUES (469, 40, "Bandar Masilam", "MES20623", "41000", "34000");
INSERT INTO `oc_city` (city_id, zone_id, name, code, jnereg, jneoke) VALUES (470, 40, "Bosar Maligas", "MES20602", "41000", "34000");
INSERT INTO `oc_city` (city_id, zone_id, name, code, jnereg, jneoke) VALUES (471, 40, "Dolok Batunanggar", "MES20606", "41000", "34000");
INSERT INTO `oc_city` (city_id, zone_id, name, code, jnereg, jneoke) VALUES (472, 40, "Dolok Panribuan", "MES20605", "41000", "34000");
INSERT INTO `oc_city` (city_id, zone_id, name, code, jnereg, jneoke) VALUES (473, 40, "Dolok Pardamean", "MES20604", "41000", "34000");
INSERT INTO `oc_city` (city_id, zone_id, name, code, jnereg, jneoke) VALUES (474, 40, "Dolok Silau", "MES20603", "41000", "34000");
INSERT INTO `oc_city` (city_id, zone_id, name, code, jnereg, jneoke) VALUES (475, 40, "Girsang Sipangan Bolon", "MES20607", "41000", "34000");
INSERT INTO `oc_city` (city_id, zone_id, name, code, jnereg, jneoke) VALUES (476, 40, "Gunung Malela", "MES20624", "41000", "34000");
INSERT INTO `oc_city` (city_id, zone_id, name, code, jnereg, jneoke) VALUES (477, 40, "Gunung Maligas", "MES20625", "41000", "34000");
INSERT INTO `oc_city` (city_id, zone_id, name, code, jnereg, jneoke) VALUES (478, 40, "Haranggaol Horisanz", "MES20626", "41000", "34000");
INSERT INTO `oc_city` (city_id, zone_id, name, code, jnereg, jneoke) VALUES (479, 40, "Hatonduhan", "MES20627", "41000", "34000");
INSERT INTO `oc_city` (city_id, zone_id, name, code, jnereg, jneoke) VALUES (480, 40, "Hutabayu Raja", "MES20608", "41000", "34000");
INSERT INTO `oc_city` (city_id, zone_id, name, code, jnereg, jneoke) VALUES (481, 40, "Jawa Maraja Bah Jambi", "MES20628", "41000", "34000");
INSERT INTO `oc_city` (city_id, zone_id, name, code, jnereg, jneoke) VALUES (482, 40, "Jorlang Hataran", "MES20609", "41000", "34000");
INSERT INTO `oc_city` (city_id, zone_id, name, code, jnereg, jneoke) VALUES (483, 40, "Panei", "MES20610", "41000", "34000");
INSERT INTO `oc_city` (city_id, zone_id, name, code, jnereg, jneoke) VALUES (484, 40, "Panombeian Pane", "MES20629", "41000", "34000");
INSERT INTO `oc_city` (city_id, zone_id, name, code, jnereg, jneoke) VALUES (485, 40, "Pematang Raya", "MES20600", "35000", "28000");
INSERT INTO `oc_city` (city_id, zone_id, name, code, jnereg, jneoke) VALUES (486, 40, "Pematang Bandar", "MES20611", "41000", "34000");
INSERT INTO `oc_city` (city_id, zone_id, name, code, jnereg, jneoke) VALUES (487, 40, "Pematang Sidamanik", "MES20630", "41000", "34000");
INSERT INTO `oc_city` (city_id, zone_id, name, code, jnereg, jneoke) VALUES (488, 40, "Purba", "MES20612", "41000", "34000");
INSERT INTO `oc_city` (city_id, zone_id, name, code, jnereg, jneoke) VALUES (489, 40, "Raya", "MES20613", "41000", "34000");
INSERT INTO `oc_city` (city_id, zone_id, name, code, jnereg, jneoke) VALUES (490, 40, "Raya Kahean", "MES20614", "41000", "34000");
INSERT INTO `oc_city` (city_id, zone_id, name, code, jnereg, jneoke) VALUES (491, 40, "Siantar", "MES20615", "41000", "34000");
INSERT INTO `oc_city` (city_id, zone_id, name, code, jnereg, jneoke) VALUES (492, 40, "Sidamanik", "MES20616", "41000", "34000");
INSERT INTO `oc_city` (city_id, zone_id, name, code, jnereg, jneoke) VALUES (493, 40, "Silau Kahean", "MES20617", "41000", "34000");
INSERT INTO `oc_city` (city_id, zone_id, name, code, jnereg, jneoke) VALUES (494, 40, "Silimakuta", "MES20618", "41000", "34000");
INSERT INTO `oc_city` (city_id, zone_id, name, code, jnereg, jneoke) VALUES (495, 40, "Tanah Jawa", "MES20619", "41000", "34000");
INSERT INTO `oc_city` (city_id, zone_id, name, code, jnereg, jneoke) VALUES (496, 40, "Tapian Dolok", "MES20620", "41000", "34000");
INSERT INTO `oc_city` (city_id, zone_id, name, code, jnereg, jneoke) VALUES (497, 40, "Ujung Padang", "MES20621", "41000", "34000");
INSERT INTO `oc_zone` (zone_id, country_id, name, status) VALUES (41, 2, "Kab. Tapanuli Selatan", 1);
INSERT INTO `oc_city` (city_id, zone_id, name, code, jnereg, jneoke) VALUES (498, 41, "Aek Bilah", "MES22401", "53000", "44000");
INSERT INTO `oc_city` (city_id, zone_id, name, code, jnereg, jneoke) VALUES (499, 41, "Arse", "MES22402", "53000", "44000");
INSERT INTO `oc_city` (city_id, zone_id, name, code, jnereg, jneoke) VALUES (500, 41, "Barumun", "MES22403", "53000", "44000");
INSERT INTO `oc_city` (city_id, zone_id, name, code, jnereg, jneoke) VALUES (501, 41, "Barumun Tengah", "MES22404", "53000", "44000");
INSERT INTO `oc_city` (city_id, zone_id, name, code) VALUES (502, 41, "Batang Angkola", "MES22405");
INSERT INTO `oc_city` (city_id, zone_id, name, code, jnereg, jneoke) VALUES (503, 41, "Batang Lubu Sutam", "MES22406", "53000", "44000");
INSERT INTO `oc_city` (city_id, zone_id, name, code, jnereg, jneoke) VALUES (504, 41, "Batang Onang", "MES22407", "53000", "44000");
INSERT INTO `oc_city` (city_id, zone_id, name, code, jnereg, jneoke) VALUES (505, 41, "Batang Toru", "MES22408", "53000", "44000");
INSERT INTO `oc_city` (city_id, zone_id, name, code, jnereg, jneoke) VALUES (506, 41, "Dolok", "MES22409", "53000", "44000");
INSERT INTO `oc_city` (city_id, zone_id, name, code, jnereg, jneoke) VALUES (507, 41, "Dolok Sigompulon", "MES22410", "53000", "44000");
INSERT INTO `oc_city` (city_id, zone_id, name, code, jnereg, jneoke) VALUES (508, 41, "Halongonan", "MES22411", "53000", "44000");
INSERT INTO `oc_city` (city_id, zone_id, name, code, jnereg, jneoke) VALUES (509, 41, "Huristak", "MES22412", "53000", "44000");
INSERT INTO `oc_city` (city_id, zone_id, name, code, jnereg, jneoke) VALUES (510, 41, "Huta Raja Tinggi", "MES22413", "53000", "44000");
INSERT INTO `oc_city` (city_id, zone_id, name, code, jnereg, jneoke) VALUES (511, 41, "Lubuk Barumun", "MES22414", "53000", "44000");
INSERT INTO `oc_city` (city_id, zone_id, name, code, jnereg, jneoke) VALUES (512, 41, "Marancar", "MES22415", "53000", "44000");
INSERT INTO `oc_city` (city_id, zone_id, name, code, jnereg, jneoke) VALUES (513, 41, "Padang Bolak", "MES22416", "53000", "44000");
INSERT INTO `oc_city` (city_id, zone_id, name, code, jnereg, jneoke) VALUES (514, 41, "Padang Bolak Julu", "MES22417", "53000", "44000");
INSERT INTO `oc_city` (city_id, zone_id, name, code, jnereg, jneoke) VALUES (515, 41, "Padang Sidempuan Barat", "MES22418", "53000", "44000");
INSERT INTO `oc_city` (city_id, zone_id, name, code, jnereg, jneoke) VALUES (516, 41, "Padang Sidempuan Timur", "MES22419", "53000", "44000");
INSERT INTO `oc_city` (city_id, zone_id, name, code, jnereg, jneoke) VALUES (517, 41, "Portibi", "MES22420", "53000", "44000");
INSERT INTO `oc_city` (city_id, zone_id, name, code, jnereg, jneoke) VALUES (518, 41, "Saipar Dolok Hole", "MES22421", "53000", "44000");
INSERT INTO `oc_city` (city_id, zone_id, name, code, jnereg, jneoke) VALUES (519, 41, "Sayur Matinggi", "MES22422", "53000", "44000");
INSERT INTO `oc_city` (city_id, zone_id, name, code, jnereg, jneoke) VALUES (520, 41, "Siais", "MES22423", "53000", "44000");
INSERT INTO `oc_city` (city_id, zone_id, name, code, jnereg, jneoke) VALUES (521, 41, "Simangambat", "MES22424", "53000", "44000");
INSERT INTO `oc_city` (city_id, zone_id, name, code, jnereg, jneoke) VALUES (522, 41, "Sipirok", "MES22400", "45000", "36000");
INSERT INTO `oc_city` (city_id, zone_id, name, code, jnereg, jneoke) VALUES (523, 41, "Sosa", "MES22425", "53000", "44000");
INSERT INTO `oc_city` (city_id, zone_id, name, code, jnereg, jneoke) VALUES (524, 41, "Sosopan", "MES22426", "53000", "44000");
INSERT INTO `oc_city` (city_id, zone_id, name, code, jnereg, jneoke) VALUES (525, 41, "Ulu Barumun", "MES22427", "53000", "44000");
INSERT INTO `oc_zone` (zone_id, country_id, name, status) VALUES (42, 2, "Kab. Tapanuli Tengah", 1);
INSERT INTO `oc_city` (city_id, zone_id, name, code, jnereg, jneoke) VALUES (526, 42, "Adman Dewi", "MES10205", "42000", "35000");
INSERT INTO `oc_city` (city_id, zone_id, name, code, jnereg, jneoke) VALUES (527, 42, "Badiri", "MES10206", "42000", "35000");
INSERT INTO `oc_city` (city_id, zone_id, name, code, jnereg, jneoke) VALUES (528, 42, "Barus", "MES10201", "42000", "35000");
INSERT INTO `oc_city` (city_id, zone_id, name, code, jnereg, jneoke) VALUES (529, 42, "Kolang", "MES10202", "42000", "35000");
INSERT INTO `oc_city` (city_id, zone_id, name, code, jnereg, jneoke) VALUES (530, 42, "Lumut", "MES10207", "42000", "35000");
INSERT INTO `oc_city` (city_id, zone_id, name, code, jnereg, jneoke) VALUES (531, 42, "Manduamas", "MES10203", "42000", "35000");
INSERT INTO `oc_city` (city_id, zone_id, name, code, jnereg, jneoke) VALUES (532, 42, "Sibabangun", "MES10208", "42000", "35000");
INSERT INTO `oc_city` (city_id, zone_id, name, code, jnereg, jneoke) VALUES (533, 42, "Sibolga", "MES10200", "35000", "35000");
INSERT INTO `oc_city` (city_id, zone_id, name, code, jnereg, jneoke) VALUES (534, 42, "Sirandorung", "MES10209", "42000", "35000");
INSERT INTO `oc_city` (city_id, zone_id, name, code, jnereg, jneoke) VALUES (535, 42, "Sitahuis", "MES10210", "42000", "35000");
INSERT INTO `oc_city` (city_id, zone_id, name, code, jnereg, jneoke) VALUES (536, 42, "Sorkam", "MES10204", "42000", "35000");
INSERT INTO `oc_city` (city_id, zone_id, name, code, jnereg, jneoke) VALUES (537, 42, "Sorkam Barat", "MES10211", "42000", "35000");
INSERT INTO `oc_city` (city_id, zone_id, name, code, jnereg, jneoke) VALUES (538, 42, "Sosor Gadong", "MES10212", "42000", "35000");
INSERT INTO `oc_city` (city_id, zone_id, name, code, jnereg, jneoke) VALUES (539, 42, "Tapian Nauli", "MES10213", "42000", "35000");
INSERT INTO `oc_city` (city_id, zone_id, name, code, jnereg, jneoke) VALUES (540, 42, "Tukka", "MES10214", "42000", "35000");
INSERT INTO `oc_zone` (zone_id, country_id, name, status) VALUES (43, 2, "Kab. Tapanuli Utara", 1);
INSERT INTO `oc_city` (city_id, zone_id, name, code, jnereg, jneoke) VALUES (541, 43, "Adiankoting", "MES21001", "49000", "41000");
INSERT INTO `oc_city` (city_id, zone_id, name, code) VALUES (542, 43, "Garoga", "MES21003");
INSERT INTO `oc_city` (city_id, zone_id, name, code, jnereg, jneoke) VALUES (543, 43, "Muara", "MES21021", "49000", "41000");
INSERT INTO `oc_city` (city_id, zone_id, name, code, jnereg, jneoke) VALUES (544, 43, "Pagaran", "MES21006", "49000", "41000");
INSERT INTO `oc_city` (city_id, zone_id, name, code, jnereg, jneoke) VALUES (545, 43, "Pahae Jae", "MES21008", "49000", "41000");
INSERT INTO `oc_city` (city_id, zone_id, name, code, jnereg, jneoke) VALUES (546, 43, "Pahae Julu", "MES21007", "49000", "41000");
INSERT INTO `oc_city` (city_id, zone_id, name, code, jnereg, jneoke) VALUES (547, 43, "Pangaribuan", "MES21010", "49000", "41000");
INSERT INTO `oc_city` (city_id, zone_id, name, code, jnereg, jneoke) VALUES (548, 43, "Parmonangan", "MES21011", "49000", "41000");
INSERT INTO `oc_city` (city_id, zone_id, name, code, jnereg, jneoke) VALUES (549, 43, "Purbatua", "MES21022", "49000", "41000");
INSERT INTO `oc_city` (city_id, zone_id, name, code, jnereg, jneoke) VALUES (550, 43, "Siatas Barita", "MES21023", "49000", "41000");
INSERT INTO `oc_city` (city_id, zone_id, name, code, jnereg, jneoke) VALUES (551, 43, "Siborong-Borong", "MES21013", "55000", "44000");
INSERT INTO `oc_city` (city_id, zone_id, name, code, jnereg, jneoke) VALUES (552, 43, "Simangumban", "MES21024", "49000", "41000");
INSERT INTO `oc_city` (city_id, zone_id, name, code, jnereg, jneoke) VALUES (553, 43, "Sipahutar", "MES21015", "49000", "41000");
INSERT INTO `oc_city` (city_id, zone_id, name, code, jnereg, jneoke) VALUES (554, 43, "Sipoholon", "MES21014", "49000", "41000");
INSERT INTO `oc_city` (city_id, zone_id, name, code, jnereg, jneoke) VALUES (555, 43, "Tarutung", "MES21000", "40000", "32000");
INSERT INTO `oc_zone` (zone_id, country_id, name, status) VALUES (44, 2, "Kab. Toba Samosir", 1);
INSERT INTO `oc_city` (city_id, zone_id, name, code, jnereg, jneoke) VALUES (556, 44, "Ajibata", "MES20116", "55000", "55000");
INSERT INTO `oc_city` (city_id, zone_id, name, code, jnereg, jneoke) VALUES (557, 44, "Balige", "MES20100", "45000", "36000");
INSERT INTO `oc_city` (city_id, zone_id, name, code, jnereg, jneoke) VALUES (558, 44, "Bor Bor", "MES20117", "55000", "55000");
INSERT INTO `oc_city` (city_id, zone_id, name, code, jnereg, jneoke) VALUES (559, 44, "Habinsaran", "MES20101", "55000", "55000");
INSERT INTO `oc_city` (city_id, zone_id, name, code, jnereg, jneoke) VALUES (560, 44, "Lagu Boti", "MES20103", "50000", "40000");
INSERT INTO `oc_city` (city_id, zone_id, name, code, jnereg, jneoke) VALUES (561, 44, "Lumban Julu", "MES20104", "55000", "55000");
INSERT INTO `oc_city` (city_id, zone_id, name, code, jnereg, jneoke) VALUES (562, 44, "Nassau", "MES20118", "55000", "55000");
INSERT INTO `oc_city` (city_id, zone_id, name, code, jnereg, jneoke) VALUES (563, 44, "Pintu Pohan Meranti", "MES20119", "55000", "55000");
INSERT INTO `oc_city` (city_id, zone_id, name, code, jnereg, jneoke) VALUES (564, 44, "Porsea", "MES20109", "55000", "55000");
INSERT INTO `oc_city` (city_id, zone_id, name, code, jnereg, jneoke) VALUES (565, 44, "Siantar Narumonda", "MES20120", "55000", "55000");
INSERT INTO `oc_city` (city_id, zone_id, name, code, jnereg, jneoke) VALUES (566, 44, "Sigumpar", "MES20121", "55000", "55000");
INSERT INTO `oc_city` (city_id, zone_id, name, code, jnereg, jneoke) VALUES (567, 44, "Silaen", "MES20111", "55000", "55000");
INSERT INTO `oc_city` (city_id, zone_id, name, code, jnereg, jneoke) VALUES (568, 44, "Tampahan", "MES20122", "55000", "55000");
INSERT INTO `oc_city` (city_id, zone_id, name, code, jnereg, jneoke) VALUES (569, 44, "Uluan", "MES20123", "55000", "55000");
INSERT INTO `oc_zone` (zone_id, country_id, name, status) VALUES (45, 2, "Kota Binjai", 1);
INSERT INTO `oc_city` (city_id, zone_id, name, code, jnereg, jneoke) VALUES (570, 45, "Binjai Kota", "MES20200", "35000", "28000");
INSERT INTO `oc_city` (city_id, zone_id, name, code, jnereg, jneoke) VALUES (571, 45, "Binjai Barat", "MES20207", "35000", "28000");
INSERT INTO `oc_city` (city_id, zone_id, name, code, jnereg, jneoke) VALUES (572, 45, "Binjai", "MES20201", "35000", "28000");
INSERT INTO `oc_city` (city_id, zone_id, name, code, jnereg, jneoke) VALUES (573, 45, "Binjai Selatan", "MES20208", "35000", "28000");
INSERT INTO `oc_city` (city_id, zone_id, name, code, jnereg, jneoke) VALUES (574, 45, "Binjai Timur", "MES20209", "35000", "28000");
INSERT INTO `oc_city` (city_id, zone_id, name, code, jnereg, jneoke) VALUES (575, 45, "Binjai Utara", "MES20210", "35000", "28000");
INSERT INTO `oc_zone` (zone_id, country_id, name, status) VALUES (46, 2, "Kota Medan", 1);
INSERT INTO `oc_city` (city_id, zone_id, name, code, jnereg, jneoke, jneyes) VALUES (576, 46, "Medan", "MES10000", "28500", "21500", "38000");
INSERT INTO `oc_city` (city_id, zone_id, name, code, jnereg, jneoke) VALUES (577, 46, "Medan Amplas", "MES10017", "28500", "21500");
INSERT INTO `oc_city` (city_id, zone_id, name, code, jnereg, jneoke) VALUES (578, 46, "Medan Area", "MES10018", "28500", "21500");
INSERT INTO `oc_city` (city_id, zone_id, name, code, jnereg, jneoke) VALUES (579, 46, "Medan Barat", "MES10019", "28500", "21500");
INSERT INTO `oc_city` (city_id, zone_id, name, code, jnereg, jneoke) VALUES (580, 46, "Medan Baru", "MES10020", "28500", "21500");
INSERT INTO `oc_city` (city_id, zone_id, name, code, jnereg, jneoke) VALUES (581, 46, "Medan Belawan", "MES10045", "35000", "28000");
INSERT INTO `oc_city` (city_id, zone_id, name, code, jnereg, jneoke) VALUES (582, 46, "Medan Deli", "MES10021", "28500", "21500");
INSERT INTO `oc_city` (city_id, zone_id, name, code, jnereg, jneoke) VALUES (583, 46, "Medan Denai", "MES10022", "28500", "21500");
INSERT INTO `oc_city` (city_id, zone_id, name, code, jnereg, jneoke) VALUES (584, 46, "Medan Helvetia", "MES10023", "28500", "21500");
INSERT INTO `oc_city` (city_id, zone_id, name, code, jnereg, jneoke) VALUES (585, 46, "Medan Johor", "MES10024", "28500", "21500");
INSERT INTO `oc_city` (city_id, zone_id, name, code, jnereg, jneoke) VALUES (586, 46, "Medan Kota", "MES10025", "28500", "21500");
INSERT INTO `oc_city` (city_id, zone_id, name, code, jnereg, jneoke) VALUES (587, 46, "Medan Labuhan", "MES10026", "28500", "21500");
INSERT INTO `oc_city` (city_id, zone_id, name, code, jnereg, jneoke) VALUES (588, 46, "Medan Maimun", "MES10027", "28500", "21500");
INSERT INTO `oc_city` (city_id, zone_id, name, code, jnereg, jneoke) VALUES (589, 46, "Medan Marelan", "MES10028", "28500", "21500");
INSERT INTO `oc_city` (city_id, zone_id, name, code, jnereg, jneoke) VALUES (590, 46, "Medan Perjuangan", "MES10029", "28500", "21500");
INSERT INTO `oc_city` (city_id, zone_id, name, code, jnereg, jneoke) VALUES (591, 46, "Medan Petisah", "MES10030", "28500", "21500");
INSERT INTO `oc_city` (city_id, zone_id, name, code, jnereg, jneoke) VALUES (592, 46, "Medan Polonia", "MES10031", "28500", "21500");
INSERT INTO `oc_city` (city_id, zone_id, name, code, jnereg, jneoke) VALUES (593, 46, "Medan Selayang", "MES10032", "28500", "21500");
INSERT INTO `oc_city` (city_id, zone_id, name, code, jnereg, jneoke) VALUES (594, 46, "Medan Sunggal", "MES10046", "28500", "28000");
INSERT INTO `oc_city` (city_id, zone_id, name, code, jnereg, jneoke) VALUES (595, 46, "Medan Tembung", "MES10033", "28500", "21500");
INSERT INTO `oc_city` (city_id, zone_id, name, code, jnereg, jneoke) VALUES (596, 46, "Medan Timur", "MES10034", "28500", "21500");
INSERT INTO `oc_city` (city_id, zone_id, name, code, jnereg, jneoke) VALUES (597, 46, "Medan Tuntungan", "MES10035", "28500", "21500");
INSERT INTO `oc_zone` (zone_id, country_id, name, status) VALUES (47, 2, "Kota Padang Sidempuan", 1);
INSERT INTO `oc_city` (city_id, zone_id, name, code, jnereg, jneoke) VALUES (598, 47, "Padang Sidempuan Batu Nadua", "MES20536", "35000", "28000");
INSERT INTO `oc_city` (city_id, zone_id, name, code, jnereg, jneoke) VALUES (599, 47, "Padang Sidempuan Hutaimbaru", "MES20537", "35000", "28000");
INSERT INTO `oc_city` (city_id, zone_id, name, code, jnereg, jneoke) VALUES (600, 47, "Padang Sidempuan Selatan", "MES20538", "35000", "28000");
INSERT INTO `oc_city` (city_id, zone_id, name, code, jnereg, jneoke) VALUES (601, 47, "Padang Sidempuan Tenggara", "MES20539", "35000", "28000");
INSERT INTO `oc_city` (city_id, zone_id, name, code, jnereg, jneoke) VALUES (602, 47, "Padang Sidempuan Utara", "MES20540", "35000", "28000");
INSERT INTO `oc_zone` (zone_id, country_id, name, status) VALUES (48, 2, "Kota Pematangsiantar", 1);
INSERT INTO `oc_city` (city_id, zone_id, name, code) VALUES (603, 48, "Pematang Siantar", "MES22600");
INSERT INTO `oc_city` (city_id, zone_id, name, code) VALUES (604, 48, "Siantar Barat", "MES22601");
INSERT INTO `oc_city` (city_id, zone_id, name, code) VALUES (605, 48, "Siantar Marihat", "MES22602");
INSERT INTO `oc_city` (city_id, zone_id, name, code) VALUES (606, 48, "Siantar Martoba", "MES22603");
INSERT INTO `oc_city` (city_id, zone_id, name, code) VALUES (607, 48, "Siantar Selatan", "MES22604");
INSERT INTO `oc_city` (city_id, zone_id, name, code) VALUES (608, 48, "Siantar Timur", "MES22605");
INSERT INTO `oc_city` (city_id, zone_id, name, code) VALUES (609, 48, "Siantar Utara", "MES22606");
INSERT INTO `oc_zone` (zone_id, country_id, name, status) VALUES (49, 2, "Kota Sibolga", 1);
INSERT INTO `oc_city` (city_id, zone_id, name, code, jnereg, jneoke) VALUES (610, 49, "Sibolga Kota", "MES10215", "42000", "28000");
INSERT INTO `oc_city` (city_id, zone_id, name, code, jnereg, jneoke) VALUES (611, 49, "Sibolga Sambas", "MES10216", "42000", "28000");
INSERT INTO `oc_city` (city_id, zone_id, name, code, jnereg, jneoke) VALUES (612, 49, "Sibolga Selatan", "MES10217", "42000", "28000");
INSERT INTO `oc_city` (city_id, zone_id, name, code, jnereg, jneoke) VALUES (613, 49, "Sibolga Utara", "MES10218", "42000", "28000");
INSERT INTO `oc_zone` (zone_id, country_id, name, status) VALUES (50, 2, "Kota Tanjung Balai", 1);
INSERT INTO `oc_city` (city_id, zone_id, name, code, jnereg, jneoke) VALUES (614, 50, "Datuk Bandar", "MES22501", "35000", "28000");
INSERT INTO `oc_city` (city_id, zone_id, name, code, jnereg, jneoke) VALUES (615, 50, "S. Tualang Raso", "MES22502", "35000", "28000");
INSERT INTO `oc_city` (city_id, zone_id, name, code, jnereg, jneoke) VALUES (616, 50, "Tanjung Balai Selatan", "MES22503", "35000", "28000");
INSERT INTO `oc_city` (city_id, zone_id, name, code, jnereg, jneoke) VALUES (617, 50, "Tanjung Balai Utara", "MES22504", "35000", "28000");
INSERT INTO `oc_city` (city_id, zone_id, name, code, jnereg, jneoke) VALUES (618, 50, "Teluk Nibung", "MES22505", "35000", "28000");
INSERT INTO `oc_zone` (zone_id, country_id, name, status) VALUES (51, 2, "Kota Tebing Tinggi", 1);
INSERT INTO `oc_city` (city_id, zone_id, name, code, jnereg, jneoke) VALUES (619, 51, "Padang Hilir", "MES21119", "35000", "28000");
INSERT INTO `oc_city` (city_id, zone_id, name, code, jnereg, jneoke) VALUES (620, 51, "Padang Hulu", "MES21120", "35000", "28000");
INSERT INTO `oc_city` (city_id, zone_id, name, code, jnereg, jneoke) VALUES (621, 51, "Rambutan", "MES21121", "35000", "28000");
INSERT INTO `oc_city` (city_id, zone_id, name, code, jnereg, jneoke) VALUES (622, 51, "Tebing Tinggi", "MES21100", "35000", "28000");
INSERT INTO `oc_country` (country_id, name, iso_code_2, iso_code_3, postcode_required, status) VALUES (3, "Bengkulu", "ID", "IDN", 1, 1);
INSERT INTO `oc_zone` (zone_id, country_id, name, status) VALUES (52, 3, "Kab. Bengkulu Selatan", 1);
INSERT INTO `oc_city` (city_id, zone_id, name, code, jnereg, jneoke) VALUES (623, 52, "Kedurang", "BKS20308", "45000", "37000");
INSERT INTO `oc_city` (city_id, zone_id, name, code, jnereg, jneoke) VALUES (624, 52, "Kota Manna", "BKS20300", "40000", "32000");
INSERT INTO `oc_city` (city_id, zone_id, name, code, jnereg, jneoke) VALUES (625, 52, "Manna", "BKS20333", "40000", "32000");
INSERT INTO `oc_city` (city_id, zone_id, name, code, jnereg, jneoke) VALUES (626, 52, "Pino", "BKS20313", "45000", "37000");
INSERT INTO `oc_city` (city_id, zone_id, name, code, jnereg, jneoke) VALUES (627, 52, "Pinoraya", "BKS20334", "45000", "37000");
INSERT INTO `oc_city` (city_id, zone_id, name, code, jnereg, jneoke) VALUES (628, 52, "Seginim", "BKS20335", "45000", "37000");
INSERT INTO `oc_zone` (zone_id, country_id, name, status) VALUES (53, 3, "Kab. Bengkulu Utara", 1);
INSERT INTO `oc_city` (city_id, zone_id, name, code, jnereg, jneoke) VALUES (629, 53, "Air Besi", "BKS20105", "41000", "34000");
INSERT INTO `oc_city` (city_id, zone_id, name, code, jnereg, jneoke) VALUES (630, 53, "Air Napal", "BKS20106", "41000", "34000");
INSERT INTO `oc_city` (city_id, zone_id, name, code, jnereg, jneoke) VALUES (631, 53, "Arga Makmur", "BKS20100", "35000", "28000");
INSERT INTO `oc_city` (city_id, zone_id, name, code, jnereg, jneoke) VALUES (632, 53, "Batik Nau", "BKS20101", "41000", "34000");
INSERT INTO `oc_city` (city_id, zone_id, name, code, jnereg, jneoke) VALUES (633, 53, "Enggano", "BKS20107", "41000", "34000");
INSERT INTO `oc_city` (city_id, zone_id, name, code, jnereg, jneoke) VALUES (634, 53, "Giri Mulia", "BKS20102", "41000", "34000");
INSERT INTO `oc_city` (city_id, zone_id, name, code, jnereg, jneoke) VALUES (635, 53, "Karang Tinggi", "BKS20108", "41000", "34000");
INSERT INTO `oc_city` (city_id, zone_id, name, code, jnereg, jneoke) VALUES (636, 53, "Kerkap", "BKS20109", "41000", "34000");
INSERT INTO `oc_city` (city_id, zone_id, name, code, jnereg, jneoke) VALUES (637, 53, "Ketahun", "BKS20110", "41000", "34000");
INSERT INTO `oc_city` (city_id, zone_id, name, code, jnereg, jneoke) VALUES (638, 53, "Lais", "BKS20103", "41000", "34000");
INSERT INTO `oc_city` (city_id, zone_id, name, code, jnereg, jneoke) VALUES (639, 53, "Napal Putih", "BKS20115", "41000", "34000");
INSERT INTO `oc_city` (city_id, zone_id, name, code, jnereg, jneoke) VALUES (640, 53, "Padang Jaya", "BKS20104", "41000", "34000");
INSERT INTO `oc_city` (city_id, zone_id, name, code, jnereg, jneoke) VALUES (641, 53, "Pagar Jati", "BKS20111", "41000", "34000");
INSERT INTO `oc_city` (city_id, zone_id, name, code, jnereg, jneoke) VALUES (642, 53, "Pematang Tiga", "BKS20112", "41000", "34000");
INSERT INTO `oc_city` (city_id, zone_id, name, code, jnereg, jneoke) VALUES (643, 53, "Pondok Kelapa", "BKS20113", "41000", "34000");
INSERT INTO `oc_city` (city_id, zone_id, name, code, jnereg, jneoke) VALUES (644, 53, "Putri Hijau", "BKS20116", "41000", "34000");
INSERT INTO `oc_city` (city_id, zone_id, name, code, jnereg, jneoke) VALUES (645, 53, "Taba Penanjung", "BKS20114", "41000", "34000");
INSERT INTO `oc_city` (city_id, zone_id, name, code, jnereg, jneoke) VALUES (646, 53, "Talang Empat", "BKS20118", "41000", "34000");
INSERT INTO `oc_zone` (zone_id, country_id, name, status) VALUES (54, 3, "Kab. Kaur", 1);
INSERT INTO `oc_city` (city_id, zone_id, name, code, jnereg, jneoke) VALUES (647, 54, "Kaur", "BKS21100", "45000", "36000");
INSERT INTO `oc_city` (city_id, zone_id, name, code, jnereg, jneoke) VALUES (648, 54, "Kaur Selatan", "BKS21101", "53500", "36000");
INSERT INTO `oc_city` (city_id, zone_id, name, code, jnereg, jneoke) VALUES (649, 54, "Kaur Tengah", "BKS21102", "53500", "36000");
INSERT INTO `oc_city` (city_id, zone_id, name, code, jnereg, jneoke) VALUES (650, 54, "Kaur Utara", "BKS21103", "53500", "36000");
INSERT INTO `oc_city` (city_id, zone_id, name, code, jnereg, jneoke) VALUES (651, 54, "Kinal", "BKS21104", "53500", "44500");
INSERT INTO `oc_city` (city_id, zone_id, name, code, jnereg, jneoke) VALUES (652, 54, "Nasal", "BKS21105", "53500", "44500");
INSERT INTO `oc_city` (city_id, zone_id, name, code, jnereg, jneoke) VALUES (653, 54, "Tanjung Kemuning", "BKS21106", "53500", "44500");
INSERT INTO `oc_city` (city_id, zone_id, name, code, jnereg, jneoke) VALUES (654, 54, "Maje", "BKS21107", "53500", "44500");
INSERT INTO `oc_zone` (zone_id, country_id, name, status) VALUES (55, 3, "Kab. Kepahiang", 1);
INSERT INTO `oc_city` (city_id, zone_id, name, code, jnereg, jneoke) VALUES (655, 55, "Bermani Ilir", "BKS21201", "52000", "43000");
INSERT INTO `oc_city` (city_id, zone_id, name, code, jnereg, jneoke) VALUES (656, 55, "Kepahiang", "BKS21200", "45000", "36000");
INSERT INTO `oc_city` (city_id, zone_id, name, code, jnereg, jneoke) VALUES (657, 55, "Tebat Karai", "BKS21202", "52000", "43000");
INSERT INTO `oc_city` (city_id, zone_id, name, code, jnereg, jneoke) VALUES (658, 55, "Ujan Mas", "BKS21203", "52000", "43000");
INSERT INTO `oc_zone` (zone_id, country_id, name, status) VALUES (56, 3, "Kab. Lebong", 1);
INSERT INTO `oc_city` (city_id, zone_id, name, code, jnereg, jneoke) VALUES (659, 56, "Lebong", "BKS21300", "45000", "36000");
INSERT INTO `oc_city` (city_id, zone_id, name, code, jnereg, jneoke) VALUES (660, 56, "Lebong Atas", "BKS21301", "54000", "36000");
INSERT INTO `oc_city` (city_id, zone_id, name, code, jnereg, jneoke) VALUES (661, 56, "Lebong Selatan", "BKS21302", "54000", "36000");
INSERT INTO `oc_city` (city_id, zone_id, name, code, jnereg, jneoke) VALUES (662, 56, "Lebong Tengah", "BKS21303", "54000", "36000");
INSERT INTO `oc_city` (city_id, zone_id, name, code, jnereg, jneoke) VALUES (663, 56, "Lebong Utara", "BKS21304", "54000", "36000");
INSERT INTO `oc_city` (city_id, zone_id, name, code, jnereg, jneoke) VALUES (664, 56, "Rimbo Pengadang", "BKS21305", "54000", "45000");
INSERT INTO `oc_zone` (zone_id, country_id, name, status) VALUES (57, 3, "Kab. Muko-muko", 1);
INSERT INTO `oc_city` (city_id, zone_id, name, code, jnereg, jneoke) VALUES (665, 57, "Muko", "BKS21400", "50000", "40000");
INSERT INTO `oc_city` (city_id, zone_id, name, code, jnereg, jneoke) VALUES (666, 57, "Lubuk Pinang", "BKS21401", "59000", "40000");
INSERT INTO `oc_city` (city_id, zone_id, name, code, jnereg, jneoke) VALUES (667, 57, "Muko-Muko Selatan", "BKS21402", "59000", "40000");
INSERT INTO `oc_city` (city_id, zone_id, name, code, jnereg, jneoke) VALUES (668, 57, "Muko-Muko Utara", "BKS21403", "59000", "40000");
INSERT INTO `oc_city` (city_id, zone_id, name, code, jnereg, jneoke) VALUES (669, 57, "Pondok Suguh", "BKS21404", "59000", "49000");
INSERT INTO `oc_city` (city_id, zone_id, name, code, jnereg, jneoke) VALUES (670, 57, "Teras Terunjam", "BKS21405", "59000", "49000");
INSERT INTO `oc_zone` (zone_id, country_id, name, status) VALUES (58, 3, "Kab. Rejang Lebong", 1);
INSERT INTO `oc_city` (city_id, zone_id, name, code, jnereg, jneoke) VALUES (671, 58, "Bermani Ulu", "BKS20220", "42000", "35000");
INSERT INTO `oc_city` (city_id, zone_id, name, code, jnereg, jneoke) VALUES (672, 58, "Curup", "BKS20200", "35000", "28000");
INSERT INTO `oc_city` (city_id, zone_id, name, code, jnereg, jneoke) VALUES (673, 58, "Kota Padang", "BKS20205", "42000", "35000");
INSERT INTO `oc_city` (city_id, zone_id, name, code, jnereg, jneoke) VALUES (674, 58, "Padang Ulak Tanding", "BKS20208", "42000", "35000");
INSERT INTO `oc_city` (city_id, zone_id, name, code, jnereg, jneoke) VALUES (675, 58, "Selupu Rejang", "BKS20221", "42000", "35000");
INSERT INTO `oc_city` (city_id, zone_id, name, code, jnereg, jneoke) VALUES (676, 58, "Sindang Kelingi", "BKS20222", "42000", "35000");
INSERT INTO `oc_zone` (zone_id, country_id, name, status) VALUES (59, 3, "Kab. Seluma", 1);
INSERT INTO `oc_city` (city_id, zone_id, name, code, jnereg, jneoke) VALUES (677, 59, "Air Periukan", "BKS23001", "52000", "43000");
INSERT INTO `oc_city` (city_id, zone_id, name, code, jnereg, jneoke) VALUES (678, 59, "Ilir Talo", "BKS23002", "52000", "43000");
INSERT INTO `oc_city` (city_id, zone_id, name, code, jnereg, jneoke) VALUES (679, 59, "Lubuk Sandi", "BKS23003", "52000", "43000");
INSERT INTO `oc_city` (city_id, zone_id, name, code, jnereg, jneoke) VALUES (680, 59, "Seluma", "BKS23004", "52000", "43000");
INSERT INTO `oc_city` (city_id, zone_id, name, code, jnereg, jneoke) VALUES (681, 59, "Seluma Barat", "BKS23005", "52000", "43000");
INSERT INTO `oc_city` (city_id, zone_id, name, code, jnereg, jneoke) VALUES (682, 59, "Seluma Selatan", "BKS23006", "52000", "43000");
INSERT INTO `oc_city` (city_id, zone_id, name, code, jnereg, jneoke) VALUES (683, 59, "Seluma Timur", "BKS23007", "52000", "43000");
INSERT INTO `oc_city` (city_id, zone_id, name, code, jnereg, jneoke) VALUES (684, 59, "Seluma Utara", "BKS23008", "52000", "43000");
INSERT INTO `oc_city` (city_id, zone_id, name, code, jnereg, jneoke) VALUES (685, 59, "Semidang Alas", "BKS23009", "52000", "43000");
INSERT INTO `oc_city` (city_id, zone_id, name, code, jnereg, jneoke) VALUES (686, 59, "Semidang Alas Maras", "BKS23010", "52000", "43000");
INSERT INTO `oc_city` (city_id, zone_id, name, code, jnereg, jneoke) VALUES (687, 59, "Sukaraja", "BKS23011", "52000", "43000");
INSERT INTO `oc_city` (city_id, zone_id, name, code, jnereg, jneoke) VALUES (688, 59, "Tais", "BKS23000", "45000", "36000");
INSERT INTO `oc_city` (city_id, zone_id, name, code, jnereg, jneoke) VALUES (689, 59, "Talo", "BKS23012", "52000", "43000");
INSERT INTO `oc_city` (city_id, zone_id, name, code) VALUES (690, 59, "Talo Kecil", "BKS23014");
INSERT INTO `oc_city` (city_id, zone_id, name, code, jnereg, jneoke) VALUES (691, 59, "Ulu Talo", "BKS23013", "52000", "43000");
INSERT INTO `oc_zone` (zone_id, country_id, name, status) VALUES (60, 3, "Kota Bengkulu", 1);
INSERT INTO `oc_city` (city_id, zone_id, name, code, jnereg, jneoke, jneyes) VALUES (692, 60, "Bengkulu", "BKS10000", "27000", "20000", "36000");
INSERT INTO `oc_city` (city_id, zone_id, name, code, jnereg, jneoke) VALUES (693, 60, "Gading Cempaka", "BKS10020", "27000", "20000");
INSERT INTO `oc_city` (city_id, zone_id, name, code, jnereg, jneoke) VALUES (694, 60, "Kampung Melayu", "BKS10021", "27000", "20000");
INSERT INTO `oc_city` (city_id, zone_id, name, code, jnereg, jneoke) VALUES (695, 60, "Muara Bangkahulu", "BKS10022", "27000", "20000");
INSERT INTO `oc_city` (city_id, zone_id, name, code, jnereg, jneoke) VALUES (696, 60, "Ratu Agung", "BKS10023", "27000", "20000");
INSERT INTO `oc_city` (city_id, zone_id, name, code, jnereg, jneoke) VALUES (697, 60, "Ratu Samban", "BKS10024", "27000", "20000");
INSERT INTO `oc_city` (city_id, zone_id, name, code, jnereg, jneoke) VALUES (698, 60, "Selebar", "BKS10025", "27000", "20000");
INSERT INTO `oc_city` (city_id, zone_id, name, code, jnereg, jneoke) VALUES (699, 60, "Sungai Serut", "BKS10026", "27000", "20000");
INSERT INTO `oc_city` (city_id, zone_id, name, code, jnereg, jneoke) VALUES (700, 60, "Teluk Segara", "BKS10027", "27000", "20000");
INSERT INTO `oc_country` (country_id, name, iso_code_2, iso_code_3, postcode_required, status) VALUES (4, "Jambi", "ID", "IDN", 1, 1);
INSERT INTO `oc_zone` (zone_id, country_id, name, status) VALUES (61, 4, "Kab. Batang Hari", 1);
INSERT INTO `oc_city` (city_id, zone_id, name, code, jnereg, jneoke) VALUES (701, 61, "Bajubang", "DJB20206", "41000", "35000");
INSERT INTO `oc_city` (city_id, zone_id, name, code, jnereg, jneoke) VALUES (702, 61, "Batin XXIV", "DJB20201", "41000", "35000");
INSERT INTO `oc_city` (city_id, zone_id, name, code, jnereg, jneoke) VALUES (703, 61, "Maro Sebo Ilir", "DJB20207", "41000", "35000");
INSERT INTO `oc_city` (city_id, zone_id, name, code, jnereg, jneoke) VALUES (704, 61, "Maro Sebo Ulu", "DJB20202", "41000", "35000");
INSERT INTO `oc_city` (city_id, zone_id, name, code, jnereg, jneoke) VALUES (705, 61, "Mersam", "DJB20203", "41000", "35000");
INSERT INTO `oc_city` (city_id, zone_id, name, code, jnereg, jneoke) VALUES (706, 61, "Muara Bulian", "DJB20200", "30000", "24000");
INSERT INTO `oc_city` (city_id, zone_id, name, code, jnereg, jneoke) VALUES (707, 61, "Muara Tembesi", "DJB20204", "41000", "35000");
INSERT INTO `oc_city` (city_id, zone_id, name, code, jnereg, jneoke) VALUES (708, 61, "Pemayung", "DJB20205", "41000", "35000");
INSERT INTO `oc_zone` (zone_id, country_id, name, status) VALUES (62, 4, "Kab. Bungo", 1);
INSERT INTO `oc_city` (city_id, zone_id, name, code, jnereg, jneoke) VALUES (709, 62, "Bathin II Babeko", "DJB20314", "42500", "35500");
INSERT INTO `oc_city` (city_id, zone_id, name, code, jnereg, jneoke) VALUES (710, 62, "Jujuhan", "DJB20301", "42500", "35500");
INSERT INTO `oc_city` (city_id, zone_id, name, code, jnereg, jneoke) VALUES (711, 62, "Limbur Lubuk Mengkuang", "DJB20315", "42500", "35500");
INSERT INTO `oc_city` (city_id, zone_id, name, code, jnereg, jneoke) VALUES (712, 62, "Muara Bungo", "DJB20300", "35000", "28000");
INSERT INTO `oc_city` (city_id, zone_id, name, code, jnereg, jneoke) VALUES (713, 62, "Muko Muko Batin VII", "DJB20316", "42500", "35500");
INSERT INTO `oc_city` (city_id, zone_id, name, code, jnereg, jneoke) VALUES (714, 62, "Pelepat", "DJB20302", "42500", "35500");
INSERT INTO `oc_city` (city_id, zone_id, name, code, jnereg, jneoke) VALUES (715, 62, "Pelepat Ilir", "DJB20317", "42500", "35500");
INSERT INTO `oc_city` (city_id, zone_id, name, code, jnereg, jneoke) VALUES (716, 62, "Rantau Pandan", "DJB20303", "42500", "35500");
INSERT INTO `oc_city` (city_id, zone_id, name, code, jnereg, jneoke) VALUES (717, 62, "Tanah Sepenggal", "DJB20306", "42500", "35500");
INSERT INTO `oc_city` (city_id, zone_id, name, code, jnereg, jneoke) VALUES (718, 62, "Tanah Tumbuh", "DJB20307", "42500", "35500");
INSERT INTO `oc_zone` (zone_id, country_id, name, status) VALUES (63, 4, "Kab. Kerinci", 1);
INSERT INTO `oc_city` (city_id, zone_id, name, code, jnereg, jneoke) VALUES (719, 63, "Air Hangat", "DJB20401", "41500", "34500");
INSERT INTO `oc_city` (city_id, zone_id, name, code, jnereg, jneoke) VALUES (720, 63, "Air Hangat Timur", "DJB20411", "41500", "34500");
INSERT INTO `oc_city` (city_id, zone_id, name, code, jnereg, jneoke) VALUES (721, 63, "Batang Merangin", "DJB20402", "41500", "34500");
INSERT INTO `oc_city` (city_id, zone_id, name, code, jnereg, jneoke) VALUES (722, 63, "Danau Kerinci", "DJB20403", "41500", "34500");
INSERT INTO `oc_city` (city_id, zone_id, name, code, jnereg, jneoke) VALUES (723, 63, "Gunung Kerinci", "DJB20404", "41500", "34500");
INSERT INTO `oc_city` (city_id, zone_id, name, code, jnereg, jneoke) VALUES (724, 63, "Gunung Raya", "DJB20405", "41500", "34500");
INSERT INTO `oc_city` (city_id, zone_id, name, code, jnereg, jneoke) VALUES (725, 63, "Hamparan Rawang", "DJB20406", "41500", "34500");
INSERT INTO `oc_city` (city_id, zone_id, name, code, jnereg, jneoke) VALUES (726, 63, "Kayu Aro", "DJB20407", "41500", "34500");
INSERT INTO `oc_city` (city_id, zone_id, name, code, jnereg, jneoke) VALUES (727, 63, "Keliling Danau", "DJB20408", "41500", "34500");
INSERT INTO `oc_city` (city_id, zone_id, name, code, jnereg, jneoke) VALUES (728, 63, "Sitinjau Laut", "DJB20409", "41500", "34500");
INSERT INTO `oc_city` (city_id, zone_id, name, code, jnereg, jneoke) VALUES (729, 63, "Sungai Penuh", "DJB20400", "35000", "28000");
INSERT INTO `oc_zone` (zone_id, country_id, name, status) VALUES (64, 4, "Kab. Merangin", 1);
INSERT INTO `oc_city` (city_id, zone_id, name, code, jnereg, jneoke) VALUES (730, 64, "Bangko", "DJB20100", "35000", "28000");
INSERT INTO `oc_city` (city_id, zone_id, name, code, jnereg, jneoke) VALUES (731, 64, "Jangkat", "DJB20102", "42000", "33500");
INSERT INTO `oc_city` (city_id, zone_id, name, code, jnereg, jneoke) VALUES (732, 64, "Muara Siau", "DJB20104", "42000", "33500");
INSERT INTO `oc_city` (city_id, zone_id, name, code, jnereg, jneoke) VALUES (733, 64, "Pamenang", "DJB20109", "42000", "33500");
INSERT INTO `oc_city` (city_id, zone_id, name, code, jnereg, jneoke) VALUES (734, 64, "Sungai Manau", "DJB20107", "42000", "33500");
INSERT INTO `oc_city` (city_id, zone_id, name, code, jnereg, jneoke) VALUES (735, 64, "Tabir", "DJB20108", "42000", "33500");
INSERT INTO `oc_city` (city_id, zone_id, name, code, jnereg, jneoke) VALUES (736, 64, "Tabir Ulu", "DJB20110", "42000", "33500");
INSERT INTO `oc_zone` (zone_id, country_id, name, status) VALUES (65, 4, "Kab. Muaro Jambi", 1);
INSERT INTO `oc_city` (city_id, zone_id, name, code, jnereg, jneoke) VALUES (737, 65, "Jambi Luar Kota", "DJB20601", "84000", "69000");
INSERT INTO `oc_city` (city_id, zone_id, name, code, jnereg, jneoke) VALUES (738, 65, "Kumpeh", "DJB20602", "84000", "69000");
INSERT INTO `oc_city` (city_id, zone_id, name, code, jnereg, jneoke) VALUES (739, 65, "Kumpeh Ulu", "DJB20603", "84000", "69000");
INSERT INTO `oc_city` (city_id, zone_id, name, code, jnereg, jneoke) VALUES (740, 65, "Maro Sebo", "DJB20604", "84000", "69000");
INSERT INTO `oc_city` (city_id, zone_id, name, code, jnereg, jneoke) VALUES (741, 65, "Mestong", "DJB20605", "84000", "69000");
INSERT INTO `oc_city` (city_id, zone_id, name, code, jnereg, jneoke) VALUES (742, 65, "Sekernan", "DJB20606", "84000", "69000");
INSERT INTO `oc_city` (city_id, zone_id, name, code, jnereg, jneoke) VALUES (743, 65, "Sengeti", "DJB20600", "75000", "60000");
INSERT INTO `oc_city` (city_id, zone_id, name, code, jnereg, jneoke) VALUES (744, 65, "Sungai Bahar", "DJB20607", "84000", "69000");
INSERT INTO `oc_zone` (zone_id, country_id, name, status) VALUES (66, 4, "Kab. Sarolangun", 1);
INSERT INTO `oc_city` (city_id, zone_id, name, code, jnereg, jneoke) VALUES (745, 66, "Batang Asai", "DJB20701", "41500", "34500");
INSERT INTO `oc_city` (city_id, zone_id, name, code, jnereg, jneoke) VALUES (746, 66, "Muara Limun", "DJB20702", "41500", "34500");
INSERT INTO `oc_city` (city_id, zone_id, name, code, jnereg, jneoke) VALUES (747, 66, "Mandiangin", "DJB20703", "41500", "34500");
INSERT INTO `oc_city` (city_id, zone_id, name, code, jnereg, jneoke) VALUES (748, 66, "Pauh", "DJB20704", "41500", "34500");
INSERT INTO `oc_city` (city_id, zone_id, name, code, jnereg, jneoke) VALUES (749, 66, "Pelawan Singkut", "DJB20705", "41500", "34500");
INSERT INTO `oc_city` (city_id, zone_id, name, code, jnereg, jneoke) VALUES (750, 66, "Sarolangun", "DJB20700", "35000", "28000");
INSERT INTO `oc_zone` (zone_id, country_id, name, status) VALUES (67, 4, "Kab. Tanjung Jabung Timur", 1);
INSERT INTO `oc_city` (city_id, zone_id, name, code, jnereg, jneoke) VALUES (751, 67, "Dendang", "DJB20801", "104000", "85000");
INSERT INTO `oc_city` (city_id, zone_id, name, code, jnereg, jneoke) VALUES (752, 67, "Mendahara", "DJB20802", "104000", "85000");
INSERT INTO `oc_city` (city_id, zone_id, name, code, jnereg, jneoke) VALUES (753, 67, "Muarasabak", "DJB20800", "95000", "76000");
INSERT INTO `oc_city` (city_id, zone_id, name, code, jnereg, jneoke) VALUES (754, 67, "Nipah Panjang", "DJB20803", "104000", "85000");
INSERT INTO `oc_city` (city_id, zone_id, name, code, jnereg, jneoke) VALUES (755, 67, "Rantau Rasau", "DJB20804", "104000", "85000");
INSERT INTO `oc_city` (city_id, zone_id, name, code, jnereg, jneoke) VALUES (756, 67, "Sadu", "DJB20805", "104000", "85000");
INSERT INTO `oc_zone` (zone_id, country_id, name, status) VALUES (68, 4, "Kab. Tanjung Jabung Barat", 1);
INSERT INTO `oc_city` (city_id, zone_id, name, code, jnereg, jneoke) VALUES (757, 68, "Betara", "DJB10101", "40500", "33500");
INSERT INTO `oc_city` (city_id, zone_id, name, code, jnereg, jneoke) VALUES (758, 68, "Kualatungkal", "DJB10100", "35000", "28000");
INSERT INTO `oc_city` (city_id, zone_id, name, code, jnereg, jneoke) VALUES (759, 68, "Merlung", "DJB10104", "40500", "33500");
INSERT INTO `oc_city` (city_id, zone_id, name, code, jnereg, jneoke) VALUES (760, 68, "Pengabuan", "DJB10107", "40500", "33500");
INSERT INTO `oc_city` (city_id, zone_id, name, code, jnereg, jneoke) VALUES (761, 68, "Tungkal Ilir", "DJB10112", "40500", "33500");
INSERT INTO `oc_city` (city_id, zone_id, name, code) VALUES (762, 68, "Tungkal Ulu", "DJB10110");
INSERT INTO `oc_zone` (zone_id, country_id, name, status) VALUES (69, 4, "Kab. Tebo", 1);
INSERT INTO `oc_city` (city_id, zone_id, name, code, jnereg, jneoke) VALUES (763, 69, "Muara Tebo", "DJB20900", "35000", "28000");
INSERT INTO `oc_city` (city_id, zone_id, name, code, jnereg, jneoke) VALUES (764, 69, "Rimbo Bujang", "DJB20901", "42500", "35500");
INSERT INTO `oc_city` (city_id, zone_id, name, code, jnereg, jneoke) VALUES (765, 69, "Rimbo Ilir", "DJB20902", "42500", "35500");
INSERT INTO `oc_city` (city_id, zone_id, name, code, jnereg, jneoke) VALUES (766, 69, "Rimbo Ulu", "DJB20903", "42500", "35500");
INSERT INTO `oc_city` (city_id, zone_id, name, code, jnereg, jneoke) VALUES (767, 69, "Sumay", "DJB20904", "42500", "35500");
INSERT INTO `oc_city` (city_id, zone_id, name, code, jnereg, jneoke) VALUES (768, 69, "Tebo Ilir", "DJB20905", "42500", "35500");
INSERT INTO `oc_city` (city_id, zone_id, name, code, jnereg, jneoke) VALUES (769, 69, "Tebo Tengah", "DJB20906", "42500", "35500");
INSERT INTO `oc_city` (city_id, zone_id, name, code, jnereg, jneoke) VALUES (770, 69, "Tebo Ulu", "DJB20907", "42500", "35500");
INSERT INTO `oc_city` (city_id, zone_id, name, code, jnereg, jneoke) VALUES (771, 69, "Tengah Ilir", "DJB20908", "42500", "35500");
INSERT INTO `oc_city` (city_id, zone_id, name, code, jnereg, jneoke) VALUES (772, 69, "VII Koto", "DJB20909", "42500", "35500");
INSERT INTO `oc_zone` (zone_id, country_id, name, status) VALUES (70, 4, "Kota Jambi", 1);
INSERT INTO `oc_city` (city_id, zone_id, name, code, jnereg, jneoke, jneyes) VALUES (773, 70, "Jambi", "DJB10000", "22000", "16500", "30000");
INSERT INTO `oc_city` (city_id, zone_id, name, code, jnereg, jneoke) VALUES (774, 70, "Danau Teluk", "DJB10010", "35000", "28000");
INSERT INTO `oc_city` (city_id, zone_id, name, code, jnereg, jneoke) VALUES (775, 70, "Jambi Selatan", "DJB10011", "22000", "16500");
INSERT INTO `oc_city` (city_id, zone_id, name, code, jnereg, jneoke) VALUES (776, 70, "Jambi Timur", "DJB10012", "22000", "16500");
INSERT INTO `oc_city` (city_id, zone_id, name, code, jnereg, jneoke) VALUES (777, 70, "Jelutung", "DJB10013", "22000", "16500");
INSERT INTO `oc_city` (city_id, zone_id, name, code, jnereg, jneoke) VALUES (778, 70, "Kota Baru", "DJB10014", "22000", "16500");
INSERT INTO `oc_city` (city_id, zone_id, name, code, jnereg, jneoke) VALUES (779, 70, "Pasar Jambi", "DJB10015", "22000", "16500");
INSERT INTO `oc_city` (city_id, zone_id, name, code, jnereg, jneoke) VALUES (780, 70, "Pelayangan", "DJB10016", "22000", "16500");
INSERT INTO `oc_city` (city_id, zone_id, name, code, jnereg, jneoke) VALUES (781, 70, "Telanaipura", "DJB10017", "22000", "16500");
INSERT INTO `oc_country` (country_id, name, iso_code_2, iso_code_3, postcode_required, status) VALUES (5, "Riau", "ID", "IDN", 1, 1);
INSERT INTO `oc_zone` (zone_id, country_id, name, status) VALUES (71, 5, "Kab. Bengkalis", 1);
INSERT INTO `oc_city` (city_id, zone_id, name, code, jnereg, jneoke) VALUES (782, 71, "Bantan", "PKU20210", "47500", "39500");
INSERT INTO `oc_city` (city_id, zone_id, name, code, jnereg, jneoke) VALUES (783, 71, "Bengkalis", "PKU20200", "40000", "32000");
INSERT INTO `oc_city` (city_id, zone_id, name, code, jnereg, jneoke) VALUES (784, 71, "Bukit Batu", "PKU20201", "47500", "39500");
INSERT INTO `oc_city` (city_id, zone_id, name, code) VALUES (785, 71, "Duri-Mandau", "PKU20217");
INSERT INTO `oc_city` (city_id, zone_id, name, code, jnereg, jneoke) VALUES (786, 71, "Mandau", "PKU20208", "35000", "28000");
INSERT INTO `oc_city` (city_id, zone_id, name, code, jnereg, jneoke) VALUES (787, 71, "Pinggir", "PKU20211", "47500", "39500");
INSERT INTO `oc_city` (city_id, zone_id, name, code, jnereg, jneoke) VALUES (788, 71, "Rupat", "PKU20209", "47500", "39500");
INSERT INTO `oc_city` (city_id, zone_id, name, code, jnereg, jneoke) VALUES (789, 71, "Rupat Utara", "PKU20214", "47500", "39500");
INSERT INTO `oc_city` (city_id, zone_id, name, code, jnereg, jneoke) VALUES (790, 71, "Siak Kecil", "PKU20215", "47500", "39500");
INSERT INTO `oc_zone` (zone_id, country_id, name, status) VALUES (72, 5, "Kab. Indragiri Hilir", 1);
INSERT INTO `oc_city` (city_id, zone_id, name, code, jnereg, jneoke) VALUES (791, 72, "Batang Tuaka", "PKU20401", "49000", "41000");
INSERT INTO `oc_city` (city_id, zone_id, name, code, jnereg, jneoke) VALUES (792, 72, "Enok", "PKU20402", "49000", "41000");
INSERT INTO `oc_city` (city_id, zone_id, name, code, jnereg, jneoke) VALUES (793, 72, "Gaung", "PKU20411", "49000", "41000");
INSERT INTO `oc_city` (city_id, zone_id, name, code, jnereg, jneoke) VALUES (794, 72, "Gaung Anak Serka", "PKU20403", "49000", "41000");
INSERT INTO `oc_city` (city_id, zone_id, name, code, jnereg, jneoke) VALUES (795, 72, "Kateman", "PKU20404", "49000", "41000");
INSERT INTO `oc_city` (city_id, zone_id, name, code, jnereg, jneoke) VALUES (796, 72, "Kemuning", "PKU20412", "49000", "41000");
INSERT INTO `oc_city` (city_id, zone_id, name, code, jnereg, jneoke) VALUES (797, 72, "Keritang", "PKU20405", "49000", "41000");
INSERT INTO `oc_city` (city_id, zone_id, name, code, jnereg, jneoke) VALUES (798, 72, "Kuala Indragiri", "PKU20406", "49000", "41000");
INSERT INTO `oc_city` (city_id, zone_id, name, code, jnereg, jneoke) VALUES (799, 72, "Mandah", "PKU20407", "49000", "41000");
INSERT INTO `oc_city` (city_id, zone_id, name, code, jnereg, jneoke) VALUES (800, 72, "Pelangiran", "PKU20413", "49000", "41000");
INSERT INTO `oc_city` (city_id, zone_id, name, code, jnereg, jneoke) VALUES (801, 72, "Pulau Burung", "PKU20414", "49000", "41000");
INSERT INTO `oc_city` (city_id, zone_id, name, code, jnereg, jneoke) VALUES (802, 72, "Reteh", "PKU20408", "49000", "41000");
INSERT INTO `oc_city` (city_id, zone_id, name, code, jnereg, jneoke) VALUES (803, 72, "Tanah Merah", "PKU20409", "49000", "41000");
INSERT INTO `oc_city` (city_id, zone_id, name, code, jnereg, jneoke) VALUES (804, 72, "Teluk Balengkong", "PKU20415", "49000", "41000");
INSERT INTO `oc_city` (city_id, zone_id, name, code, jnereg, jneoke) VALUES (805, 72, "Tembilahan", "PKU20400", "40000", "32000");
INSERT INTO `oc_city` (city_id, zone_id, name, code) VALUES (806, 72, "Tembilahan Hulu", "PKU20416");
INSERT INTO `oc_city` (city_id, zone_id, name, code, jnereg, jneoke) VALUES (807, 72, "Tempuling", "PKU20410", "49000", "41000");
INSERT INTO `oc_zone` (zone_id, country_id, name, status) VALUES (73, 5, "Kab. Indragiri Hulu", 1);
INSERT INTO `oc_city` (city_id, zone_id, name, code, jnereg, jneoke) VALUES (808, 73, "Batang Cenaku", "PKU20311", "48000", "40000");
INSERT INTO `oc_city` (city_id, zone_id, name, code, jnereg, jneoke) VALUES (809, 73, "Batang Gansal", "PKU20312", "48000", "40000");
INSERT INTO `oc_city` (city_id, zone_id, name, code, jnereg, jneoke) VALUES (810, 73, "Kelayang", "PKU20313", "48000", "40000");
INSERT INTO `oc_city` (city_id, zone_id, name, code, jnereg, jneoke) VALUES (811, 73, "Lirik", "PKU20310", "48000", "40000");
INSERT INTO `oc_city` (city_id, zone_id, name, code, jnereg, jneoke) VALUES (812, 73, "Pasir Penyu", "PKU20305", "48000", "40000");
INSERT INTO `oc_city` (city_id, zone_id, name, code, jnereg, jneoke) VALUES (813, 73, "Peranap", "PKU20306", "48000", "40000");
INSERT INTO `oc_city` (city_id, zone_id, name, code, jnereg, jneoke) VALUES (814, 73, "Rengat", "PKU20300", "40000", "32000");
INSERT INTO `oc_city` (city_id, zone_id, name, code, jnereg, jneoke) VALUES (815, 73, "Rengat Barat", "PKU20314", "48000", "32000");
INSERT INTO `oc_city` (city_id, zone_id, name, code, jnereg, jneoke) VALUES (816, 73, "Seberida", "PKU20307", "48000", "40000");
INSERT INTO `oc_zone` (zone_id, country_id, name, status) VALUES (74, 5, "Kab. Kampar", 1);
INSERT INTO `oc_city` (city_id, zone_id, name, code, jnereg, jneoke) VALUES (817, 74, "Bangkinang", "PKU20100", "40000", "32000");
INSERT INTO `oc_city` (city_id, zone_id, name, code, jnereg, jneoke) VALUES (818, 74, "Bangkinang Barat", "PKU20112", "40500", "32000");
INSERT INTO `oc_city` (city_id, zone_id, name, code, jnereg, jneoke) VALUES (819, 74, "Bangkinang Seberang", "PKU20113", "40500", "32000");
INSERT INTO `oc_city` (city_id, zone_id, name, code, jnereg, jneoke) VALUES (820, 74, "Gunung Sahilan", "PKU20114", "40500", "41000");
INSERT INTO `oc_city` (city_id, zone_id, name, code, jnereg, jneoke) VALUES (821, 74, "Kampar", "PKU20101", "40500", "41000");
INSERT INTO `oc_city` (city_id, zone_id, name, code, jnereg, jneoke) VALUES (822, 74, "Kampar Kiri", "PKU20111", "40500", "41000");
INSERT INTO `oc_city` (city_id, zone_id, name, code, jnereg, jneoke) VALUES (823, 74, "Kampar Kiri Hilir", "PKU20115", "40500", "41000");
INSERT INTO `oc_city` (city_id, zone_id, name, code, jnereg, jneoke) VALUES (824, 74, "Kampar Kiri Hulu", "PKU20116", "40500", "41000");
INSERT INTO `oc_city` (city_id, zone_id, name, code, jnereg, jneoke) VALUES (825, 74, "Kampar Timur", "PKU20117", "40500", "41000");
INSERT INTO `oc_city` (city_id, zone_id, name, code, jnereg, jneoke) VALUES (826, 74, "Kampar Utara", "PKU20118", "40500", "41000");
INSERT INTO `oc_city` (city_id, zone_id, name, code, jnereg, jneoke) VALUES (827, 74, "Perhentian Raja", "PKU20119", "40500", "41000");
INSERT INTO `oc_city` (city_id, zone_id, name, code, jnereg, jneoke) VALUES (828, 74, "Rumbio Jaya", "PKU20120", "40500", "41000");
INSERT INTO `oc_city` (city_id, zone_id, name, code, jnereg, jneoke) VALUES (829, 74, "Salo", "PKU20121", "40500", "41000");
INSERT INTO `oc_city` (city_id, zone_id, name, code) VALUES (830, 74, "Siak Hulu", "PKU20106");
INSERT INTO `oc_city` (city_id, zone_id, name, code, jnereg, jneoke) VALUES (831, 74, "Tambang", "PKU20122", "40500", "41000");
INSERT INTO `oc_city` (city_id, zone_id, name, code, jnereg, jneoke) VALUES (832, 74, "Tapung", "PKU20123", "40500", "41000");
INSERT INTO `oc_city` (city_id, zone_id, name, code, jnereg, jneoke) VALUES (833, 74, "Tapung Hilir", "PKU20124", "40500", "41000");
INSERT INTO `oc_city` (city_id, zone_id, name, code, jnereg, jneoke) VALUES (834, 74, "Tapung Hulu", "PKU20125", "40500", "41000");
INSERT INTO `oc_city` (city_id, zone_id, name, code) VALUES (835, 74, "XIII Koto Kampar", "PKU20135");
INSERT INTO `oc_zone` (zone_id, country_id, name, status) VALUES (75, 5, "Kab. Meranti", 1);
INSERT INTO `oc_city` (city_id, zone_id, name, code) VALUES (836, 75, "Meranti", "PKU21300");
INSERT INTO `oc_city` (city_id, zone_id, name, code) VALUES (837, 75, "Merbau", "PKU21302");
INSERT INTO `oc_city` (city_id, zone_id, name, code) VALUES (838, 75, "Rangsang", "PKU21303");
INSERT INTO `oc_city` (city_id, zone_id, name, code) VALUES (839, 75, "Rangsang Barat", "PKU21304");
INSERT INTO `oc_city` (city_id, zone_id, name, code) VALUES (840, 75, "Selat Panjang", "PKU21301");
INSERT INTO `oc_city` (city_id, zone_id, name, code) VALUES (841, 75, "Tebing Tinggi", "PKU21305");
INSERT INTO `oc_city` (city_id, zone_id, name, code) VALUES (842, 75, "Tebing Tinggi Barat", "PKU21306");
INSERT INTO `oc_zone` (zone_id, country_id, name, status) VALUES (76, 5, "Kab. Kuantan Sengingi", 1);
INSERT INTO `oc_city` (city_id, zone_id, name, code, jnereg, jneoke) VALUES (843, 76, "Teluk Kuantan", "PKU20900", "40000", "32000");
INSERT INTO `oc_city` (city_id, zone_id, name, code, jnereg, jneoke) VALUES (844, 76, "Benai", "PKU20903", "49000", "41000");
INSERT INTO `oc_city` (city_id, zone_id, name, code, jnereg, jneoke) VALUES (845, 76, "Cerenti", "PKU20904", "49000", "41000");
INSERT INTO `oc_city` (city_id, zone_id, name, code, jnereg, jneoke) VALUES (846, 76, "Gunung Toar", "PKU20905", "49000", "41000");
INSERT INTO `oc_city` (city_id, zone_id, name, code, jnereg, jneoke) VALUES (847, 76, "Hulu Kuantan", "PKU20906", "49000", "32000");
INSERT INTO `oc_city` (city_id, zone_id, name, code, jnereg, jneoke) VALUES (848, 76, "Inuman", "PKU20907", "49000", "41000");
INSERT INTO `oc_city` (city_id, zone_id, name, code, jnereg, jneoke) VALUES (849, 76, "Kuantan Hilir", "PKU20901", "49000", "32000");
INSERT INTO `oc_city` (city_id, zone_id, name, code, jnereg, jneoke) VALUES (850, 76, "Kuantan Mudik", "PKU20902", "49000", "32000");
INSERT INTO `oc_city` (city_id, zone_id, name, code, jnereg, jneoke) VALUES (851, 76, "Kuantan Tengah", "PKU20908", "49000", "32000");
INSERT INTO `oc_city` (city_id, zone_id, name, code, jnereg, jneoke) VALUES (852, 76, "Logas Tanah Darat", "PKU20909", "49000", "41000");
INSERT INTO `oc_city` (city_id, zone_id, name, code, jnereg, jneoke) VALUES (853, 76, "Pangean", "PKU20910", "49000", "41000");
INSERT INTO `oc_city` (city_id, zone_id, name, code, jnereg, jneoke) VALUES (854, 76, "Singingi", "PKU20911", "49000", "41000");
INSERT INTO `oc_city` (city_id, zone_id, name, code, jnereg, jneoke) VALUES (855, 76, "Singingi Hilir", "PKU20912", "49000", "41000");
INSERT INTO `oc_zone` (zone_id, country_id, name, status) VALUES (77, 5, "Kab. Palalawan", 1);
INSERT INTO `oc_city` (city_id, zone_id, name, code, jnereg, jneoke) VALUES (856, 77, "Bunut", "PKU21001", "46500", "38500");
INSERT INTO `oc_city` (city_id, zone_id, name, code, jnereg, jneoke) VALUES (857, 77, "Kerumutan", "PKU21002", "46500", "38500");
INSERT INTO `oc_city` (city_id, zone_id, name, code, jnereg, jneoke) VALUES (858, 77, "Kuala Kampar", "PKU21003", "46500", "38500");
INSERT INTO `oc_city` (city_id, zone_id, name, code, jnereg, jneoke) VALUES (859, 77, "Langgam", "PKU21004", "46500", "38500");
INSERT INTO `oc_city` (city_id, zone_id, name, code, jnereg, jneoke) VALUES (860, 77, "Pangkalan Kerinci", "PKU21000", "40000", "32000");
INSERT INTO `oc_city` (city_id, zone_id, name, code, jnereg, jneoke) VALUES (861, 77, "Pangkalan Kuras", "PKU21005", "46500", "38500");
INSERT INTO `oc_city` (city_id, zone_id, name, code, jnereg, jneoke) VALUES (862, 77, "Pangkalan Lesung", "PKU21006", "46500", "38500");
INSERT INTO `oc_city` (city_id, zone_id, name, code, jnereg, jneoke) VALUES (863, 77, "Pelalawan", "PKU21007", "46500", "38500");
INSERT INTO `oc_city` (city_id, zone_id, name, code, jnereg, jneoke) VALUES (864, 77, "Teluk Meranti", "PKU21008", "46500", "38500");
INSERT INTO `oc_city` (city_id, zone_id, name, code, jnereg, jneoke) VALUES (865, 77, "Ukui", "PKU21009", "46500", "38500");
INSERT INTO `oc_zone` (zone_id, country_id, name, status) VALUES (78, 5, "Kab. Rokan Hulu", 1);
INSERT INTO `oc_city` (city_id, zone_id, name, code, jnereg, jneoke) VALUES (866, 78, "Bangun Purba", "PKU21101", "40000", "39500");
INSERT INTO `oc_city` (city_id, zone_id, name, code, jnereg, jneoke) VALUES (867, 78, "Kabun", "PKU21102", "47500", "39500");
INSERT INTO `oc_city` (city_id, zone_id, name, code, jnereg, jneoke) VALUES (868, 78, "Kepenuhan", "PKU21103", "47500", "39500");
INSERT INTO `oc_city` (city_id, zone_id, name, code, jnereg, jneoke) VALUES (869, 78, "Kuntodarussalam", "PKU21104", "47500", "39500");
INSERT INTO `oc_city` (city_id, zone_id, name, code, jnereg, jneoke) VALUES (870, 78, "Pasir Pangaraian", "PKU21100", "40000", "32000");
INSERT INTO `oc_city` (city_id, zone_id, name, code, jnereg, jneoke) VALUES (871, 78, "Rambah", "PKU21105", "47500", "76000");
INSERT INTO `oc_city` (city_id, zone_id, name, code, jnereg, jneoke) VALUES (872, 78, "Rambah Hilir", "PKU21106", "47500", "39500");
INSERT INTO `oc_city` (city_id, zone_id, name, code, jnereg, jneoke) VALUES (873, 78, "Rambah Samo", "PKU21107", "47500", "39500");
INSERT INTO `oc_city` (city_id, zone_id, name, code, jnereg, jneoke) VALUES (874, 78, "Rokan IV Koto", "PKU21108", "47500", "39500");
INSERT INTO `oc_city` (city_id, zone_id, name, code, jnereg, jneoke) VALUES (875, 78, "Tandun", "PKU21109", "47500", "39500");
INSERT INTO `oc_city` (city_id, zone_id, name, code, jnereg, jneoke) VALUES (876, 78, "Tembusai", "PKU21110", "47500", "39500");
INSERT INTO `oc_city` (city_id, zone_id, name, code, jnereg, jneoke) VALUES (877, 78, "Tembusai Utara", "PKU21111", "47500", "39500");
INSERT INTO `oc_city` (city_id, zone_id, name, code, jnereg, jneoke) VALUES (878, 78, "Ujung Batu", "PKU21112", "40000", "32000");
INSERT INTO `oc_zone` (zone_id, country_id, name, status) VALUES (79, 5, "Kab. Rokan Hilir", 1);
INSERT INTO `oc_city` (city_id, zone_id, name, code, jnereg, jneoke) VALUES (879, 79, "Bagan Siapi-api", "PKU20500", "40000", "32000");
INSERT INTO `oc_city` (city_id, zone_id, name, code, jnereg, jneoke) VALUES (880, 79, "Bagan Sinembah", "PKU20507", "49000", "41000");
INSERT INTO `oc_city` (city_id, zone_id, name, code, jnereg, jneoke) VALUES (881, 79, "Bangko", "PKU20508", "49000", "41000");
INSERT INTO `oc_city` (city_id, zone_id, name, code, jnereg, jneoke) VALUES (882, 79, "Bangko Pusako", "PKU20509", "49000", "41000");
INSERT INTO `oc_city` (city_id, zone_id, name, code, jnereg, jneoke) VALUES (883, 79, "Batu Hampar", "PKU20510", "49000", "41000");
INSERT INTO `oc_city` (city_id, zone_id, name, code, jnereg, jneoke) VALUES (884, 79, "Kubu", "PKU20502", "49000", "41000");
INSERT INTO `oc_city` (city_id, zone_id, name, code, jnereg, jneoke) VALUES (885, 79, "Pasir Limau Kapas", "PKU20511", "49000", "41000");
INSERT INTO `oc_city` (city_id, zone_id, name, code, jnereg, jneoke) VALUES (886, 79, "Pujud", "PKU20512", "49000", "41000");
INSERT INTO `oc_city` (city_id, zone_id, name, code, jnereg, jneoke) VALUES (887, 79, "Rantau Kopar", "PKU20513", "49000", "41000");
INSERT INTO `oc_city` (city_id, zone_id, name, code, jnereg, jneoke) VALUES (888, 79, "Rimba Melintang", "PKU20503", "49000", "41000");
INSERT INTO `oc_city` (city_id, zone_id, name, code, jnereg, jneoke) VALUES (889, 79, "Simpang Kanan", "PKU20514", "49000", "41000");
INSERT INTO `oc_city` (city_id, zone_id, name, code, jnereg, jneoke) VALUES (890, 79, "Sinaboi", "PKU20515", "49000", "41000");
INSERT INTO `oc_city` (city_id, zone_id, name, code, jnereg, jneoke) VALUES (891, 79, "Tanah Putih", "PKU20506", "49000", "41000");
INSERT INTO `oc_city` (city_id, zone_id, name, code, jnereg, jneoke) VALUES (892, 79, "Tanah Putih Tanjung Melawan", "PKU20516", "49000", "41000");
INSERT INTO `oc_zone` (zone_id, country_id, name, status) VALUES (80, 5, "Kab. Siak", 1);
INSERT INTO `oc_city` (city_id, zone_id, name, code, jnereg, jneoke) VALUES (893, 80, "Bunga Raya", "PKU21202", "58000", "48000");
INSERT INTO `oc_city` (city_id, zone_id, name, code, jnereg, jneoke) VALUES (894, 80, "Dayun", "PKU21203", "58000", "48000");
INSERT INTO `oc_city` (city_id, zone_id, name, code, jnereg, jneoke) VALUES (895, 80, "Kandis", "PKU21204", "58000", "48000");
INSERT INTO `oc_city` (city_id, zone_id, name, code, jnereg, jneoke) VALUES (896, 80, "Kerinci Kanan", "PKU21205", "58000", "48000");
INSERT INTO `oc_city` (city_id, zone_id, name, code, jnereg, jneoke) VALUES (897, 80, "Koto Gasip", "PKU21206", "58000", "48000");
INSERT INTO `oc_city` (city_id, zone_id, name, code, jnereg, jneoke) VALUES (898, 80, "Lubuk Dalam", "PKU21207", "58000", "48000");
INSERT INTO `oc_city` (city_id, zone_id, name, code, jnereg, jneoke) VALUES (899, 80, "Minas", "PKU21208", "35000", "28000");
INSERT INTO `oc_city` (city_id, zone_id, name, code, jnereg, jneoke) VALUES (900, 80, "Siak Indrapura", "PKU21200", "50000", "40000");
INSERT INTO `oc_city` (city_id, zone_id, name, code, jnereg, jneoke) VALUES (901, 80, "Siak", "PKU21209", "58000", "48000");
INSERT INTO `oc_city` (city_id, zone_id, name, code, jnereg, jneoke) VALUES (902, 80, "Sungai Apit", "PKU21210", "58000", "48000");
INSERT INTO `oc_city` (city_id, zone_id, name, code, jnereg, jneoke) VALUES (903, 80, "Sungai Mandau", "PKU21211", "58000", "48000");
INSERT INTO `oc_city` (city_id, zone_id, name, code, jnereg, jneoke) VALUES (904, 80, "Tualang", "PKU21212", "58000", "48000");
INSERT INTO `oc_zone` (zone_id, country_id, name, status) VALUES (81, 5, "Kota Dumai", 1);
INSERT INTO `oc_city` (city_id, zone_id, name, code, jnereg, jneoke) VALUES (905, 81, "Dumai", "PKU10100", "35000", "28000");
INSERT INTO `oc_city` (city_id, zone_id, name, code, jnereg, jneoke) VALUES (906, 81, "Bukit Kapur", "PKU10101", "35000", "28000");
INSERT INTO `oc_city` (city_id, zone_id, name, code, jnereg, jneoke) VALUES (907, 81, "Dumai Barat", "PKU10108", "35000", "28000");
INSERT INTO `oc_city` (city_id, zone_id, name, code, jnereg, jneoke) VALUES (908, 81, "Dumai Timur", "PKU10109", "35000", "28000");
INSERT INTO `oc_city` (city_id, zone_id, name, code, jnereg, jneoke) VALUES (909, 81, "Medang Kampai", "PKU10110", "35000", "28000");
INSERT INTO `oc_city` (city_id, zone_id, name, code, jnereg, jneoke) VALUES (910, 81, "Sungai Sembilan", "PKU10111", "35000", "28000");
INSERT INTO `oc_zone` (zone_id, country_id, name, status) VALUES (82, 5, "Kota Pekanbaru", 1);
INSERT INTO `oc_city` (city_id, zone_id, name, code, jnereg, jneoke) VALUES (911, 82, "Lima Puluh", "PKU10010", "25000", "19000");
INSERT INTO `oc_city` (city_id, zone_id, name, code, jnereg, jneoke) VALUES (912, 82, "Marpoyan Damai", "PKU10011", "35000", "28000");
INSERT INTO `oc_city` (city_id, zone_id, name, code, jnereg, jneoke, jneyes) VALUES (913, 82, "Pekanbaru", "PKU10000", "25000", "19000", "34000");
INSERT INTO `oc_city` (city_id, zone_id, name, code, jnereg, jneoke) VALUES (914, 82, "Sail", "PKU10012", "25000", "19000");
INSERT INTO `oc_city` (city_id, zone_id, name, code, jnereg, jneoke) VALUES (915, 82, "Senapelan", "PKU10013", "25000", "19000");
INSERT INTO `oc_city` (city_id, zone_id, name, code, jnereg, jneoke) VALUES (916, 82, "Sukajadi", "PKU10014", "25000", "19000");
INSERT INTO `oc_city` (city_id, zone_id, name, code, jnereg, jneoke) VALUES (917, 82, "Rumbai", "PKU10020", "35000", "28000");
INSERT INTO `oc_city` (city_id, zone_id, name, code, jnereg, jneoke) VALUES (918, 82, "Bukit Raya", "PKU10016", "25000", "19000");
INSERT INTO `oc_city` (city_id, zone_id, name, code, jnereg, jneoke) VALUES (919, 82, "Tampan", "PKU10017", "25000", "19000");
INSERT INTO `oc_city` (city_id, zone_id, name, code, jnereg, jneoke) VALUES (920, 82, "Payung", "PKU10009", "25000", "19000");
INSERT INTO `oc_city` (city_id, zone_id, name, code, jnereg, jneoke) VALUES (921, 82, "Rumbai Pesisir", "PKU10018", "25000", "28000");
INSERT INTO `oc_city` (city_id, zone_id, name, code, jnereg, jneoke) VALUES (922, 82, "Tenayan Raya", "PKU10019", "25000", "19000");
INSERT INTO `oc_country` (country_id, name, iso_code_2, iso_code_3, postcode_required, status) VALUES (6, "Sumatera Barat", "ID", "IDN", 1, 1);
INSERT INTO `oc_zone` (zone_id, country_id, name, status) VALUES (83, 6, "Kab. Agam", 1);
INSERT INTO `oc_city` (city_id, zone_id, name, code, jnereg, jneoke) VALUES (923, 83, "IV Angkat Canduang", "PDG22205", "48000", "32000");
INSERT INTO `oc_city` (city_id, zone_id, name, code, jnereg, jneoke) VALUES (924, 83, "IV Koto", "PDG22208", "48000", "32000");
INSERT INTO `oc_city` (city_id, zone_id, name, code, jnereg, jneoke) VALUES (925, 83, "Ampek Nagari", "PDG22213", "48000", "32000");
INSERT INTO `oc_city` (city_id, zone_id, name, code, jnereg, jneoke) VALUES (926, 83, "Banuhampu", "PDG22206", "48000", "32000");
INSERT INTO `oc_city` (city_id, zone_id, name, code, jnereg, jneoke) VALUES (927, 83, "Baso", "PDG22207", "48000", "32000");
INSERT INTO `oc_city` (city_id, zone_id, name, code, jnereg, jneoke) VALUES (928, 83, "Candung", "PDG22209", "48000", "32000");
INSERT INTO `oc_city` (city_id, zone_id, name, code, jnereg, jneoke) VALUES (929, 83, "Kamang Magek", "PDG22214", "48000", "32000");
INSERT INTO `oc_city` (city_id, zone_id, name, code, jnereg, jneoke) VALUES (930, 83, "Lubuk Basung", "PDG22200", "40000", "32000");
INSERT INTO `oc_city` (city_id, zone_id, name, code, jnereg, jneoke) VALUES (931, 83, "Matur", "PDG22210", "48000", "32000");
INSERT INTO `oc_city` (city_id, zone_id, name, code, jnereg, jneoke) VALUES (932, 83, "Palembayan", "PDG22211", "48000", "32000");
INSERT INTO `oc_city` (city_id, zone_id, name, code, jnereg, jneoke) VALUES (933, 83, "Palupuh", "PDG22201", "48000", "32000");
INSERT INTO `oc_city` (city_id, zone_id, name, code, jnereg, jneoke) VALUES (934, 83, "Sungai Puar", "PDG22215", "48000", "32000");
INSERT INTO `oc_city` (city_id, zone_id, name, code, jnereg, jneoke) VALUES (935, 83, "Tanjung Mutiara", "PDG22203", "48000", "32000");
INSERT INTO `oc_city` (city_id, zone_id, name, code, jnereg, jneoke) VALUES (936, 83, "Tanjung Raya", "PDG22204", "48000", "32000");
INSERT INTO `oc_city` (city_id, zone_id, name, code, jnereg, jneoke) VALUES (937, 83, "Tilatang Kamang", "PDG22212", "48000", "32000");
INSERT INTO `oc_zone` (zone_id, country_id, name, status) VALUES (84, 6, "Kab. Dharmasraya", 1);
INSERT INTO `oc_city` (city_id, zone_id, name, code, jnereg, jneoke) VALUES (938, 84, "Koto Baru", "PDG21201", "50000", "40000");
INSERT INTO `oc_city` (city_id, zone_id, name, code, jnereg, jneoke) VALUES (939, 84, "Pulau Punjung", "PDG21200", "50000", "40000");
INSERT INTO `oc_city` (city_id, zone_id, name, code, jnereg, jneoke) VALUES (940, 84, "Sitiung", "PDG21203", "50000", "40000");
INSERT INTO `oc_city` (city_id, zone_id, name, code, jnereg, jneoke) VALUES (941, 84, "Sungai Rumbai", "PDG21204", "50000", "40000");
INSERT INTO `oc_zone` (zone_id, country_id, name, status) VALUES (85, 6, "Kab. Lima Puluh Kota", 1);
INSERT INTO `oc_city` (city_id, zone_id, name, code, jnereg, jneoke) VALUES (942, 85, "Akabiluru", "PDG21301", "50000", "28000");
INSERT INTO `oc_city` (city_id, zone_id, name, code, jnereg, jneoke) VALUES (943, 85, "Bukit Barisan", "PDG21302", "50000", "28000");
INSERT INTO `oc_city` (city_id, zone_id, name, code, jnereg, jneoke) VALUES (944, 85, "Guguk", "PDG21303", "50000", "28000");
INSERT INTO `oc_city` (city_id, zone_id, name, code, jnereg, jneoke) VALUES (945, 85, "Gunung Mas", "PDG21304", "50000", "28000");
INSERT INTO `oc_city` (city_id, zone_id, name, code, jnereg, jneoke) VALUES (946, 85, "Harau", "PDG21305", "50000", "28000");
INSERT INTO `oc_city` (city_id, zone_id, name, code, jnereg, jneoke) VALUES (947, 85, "Kapur IX", "PDG21306", "50000", "28000");
INSERT INTO `oc_city` (city_id, zone_id, name, code, jnereg, jneoke) VALUES (948, 85, "Lareh Sago Halaban", "PDG21307", "50000", "28000");
INSERT INTO `oc_city` (city_id, zone_id, name, code) VALUES (949, 85, "Luhak", "PDG21315");
INSERT INTO `oc_city` (city_id, zone_id, name, code, jnereg, jneoke) VALUES (950, 85, "Mungka", "PDG21309", "50000", "28000");
INSERT INTO `oc_city` (city_id, zone_id, name, code, jnereg, jneoke) VALUES (951, 85, "Pangkalan Koto Baru", "PDG21310", "50000", "28000");
INSERT INTO `oc_city` (city_id, zone_id, name, code, jnereg, jneoke) VALUES (952, 85, "Payakumbuh", "PDG21311", "50000", "28000");
INSERT INTO `oc_city` (city_id, zone_id, name, code) VALUES (953, 85, "Sarilamak", "PDG21300");
INSERT INTO `oc_city` (city_id, zone_id, name, code, jnereg, jneoke) VALUES (954, 85, "Situjuh Lima Nagari", "PDG21312", "50000", "28000");
INSERT INTO `oc_city` (city_id, zone_id, name, code, jnereg, jneoke) VALUES (955, 85, "Suliki Gunung Mas", "PDG21313", "50000", "28000");
INSERT INTO `oc_zone` (zone_id, country_id, name, status) VALUES (86, 6, "Kab. Kepulauan Mentawai", 1);
INSERT INTO `oc_city` (city_id, zone_id, name, code, jnereg, jneoke) VALUES (956, 86, "Pagai Selatan", "PDG21401", "50000", "40000");
INSERT INTO `oc_city` (city_id, zone_id, name, code, jnereg, jneoke) VALUES (957, 86, "Pagai Utara", "PDG21402", "60000", "40000");
INSERT INTO `oc_city` (city_id, zone_id, name, code, jnereg, jneoke) VALUES (958, 86, "Siberut Selatan", "PDG21403", "60000", "50000");
INSERT INTO `oc_city` (city_id, zone_id, name, code, jnereg, jneoke) VALUES (959, 86, "Siberut Utara", "PDG21404", "60000", "50000");
INSERT INTO `oc_city` (city_id, zone_id, name, code, jnereg, jneoke) VALUES (960, 86, "Sipora", "PDG21405", "60000", "50000");
INSERT INTO `oc_city` (city_id, zone_id, name, code, jnereg, jneoke) VALUES (961, 86, "Tuapejat", "PDG21400", "50000", "40000");
INSERT INTO `oc_zone` (zone_id, country_id, name, status) VALUES (87, 6, "Kab. Padang Pariaman", 1);
INSERT INTO `oc_city` (city_id, zone_id, name, code, jnereg, jneoke) VALUES (962, 87, "2 X 11 Kayu Tanam", "PDG20632", "41000", "34000");
INSERT INTO `oc_city` (city_id, zone_id, name, code, jnereg, jneoke) VALUES (963, 87, "II.X.XI.VI Lingkung", "PDG20602", "41000", "34000");
INSERT INTO `oc_city` (city_id, zone_id, name, code, jnereg, jneoke) VALUES (964, 87, "IV Koto Aur Malintang", "PDG20628", "41000", "34000");
INSERT INTO `oc_city` (city_id, zone_id, name, code, jnereg, jneoke) VALUES (965, 87, "V Koto Kp Dalam", "PDG20604", "41000", "34000");
INSERT INTO `oc_city` (city_id, zone_id, name, code, jnereg, jneoke) VALUES (966, 87, "V Koto Timur", "PDG20629", "41000", "34000");
INSERT INTO `oc_city` (city_id, zone_id, name, code, jnereg, jneoke) VALUES (967, 87, "VI Lingkung", "PDG20630", "41000", "34000");
INSERT INTO `oc_city` (city_id, zone_id, name, code) VALUES (968, 87, "VII Koto Sungai Sarik", "PDG20614");
INSERT INTO `oc_city` (city_id, zone_id, name, code, jnereg, jneoke) VALUES (969, 87, "Batang Anai", "PDG20601", "41000", "34000");
INSERT INTO `oc_city` (city_id, zone_id, name, code, jnereg, jneoke) VALUES (970, 87, "Batang Gasan", "PDG20616", "41000", "34000");
INSERT INTO `oc_city` (city_id, zone_id, name, code, jnereg, jneoke) VALUES (971, 87, "Lubuk Alung", "PDG20606", "35000", "34000");
INSERT INTO `oc_city` (city_id, zone_id, name, code, jnereg, jneoke) VALUES (972, 87, "Nan Sabaris", "PDG20608", "41000", "34000");
INSERT INTO `oc_city` (city_id, zone_id, name, code, jnereg, jneoke) VALUES (973, 87, "Padang Sago", "PDG20619", "41000", "34000");
INSERT INTO `oc_city` (city_id, zone_id, name, code, jnereg, jneoke) VALUES (974, 87, "Pariaman", "PDG20600", "35000", "28000");
INSERT INTO `oc_city` (city_id, zone_id, name, code, jnereg, jneoke) VALUES (975, 87, "Patamuan", "PDG20620", "41000", "34000");
INSERT INTO `oc_city` (city_id, zone_id, name, code, jnereg, jneoke) VALUES (976, 87, "Sintuk Toboh Gadang", "PDG20621", "41000", "34000");
INSERT INTO `oc_city` (city_id, zone_id, name, code, jnereg, jneoke) VALUES (977, 87, "Sungai Geringging", "PDG20612", "41000", "34000");
INSERT INTO `oc_city` (city_id, zone_id, name, code, jnereg, jneoke) VALUES (978, 87, "Sungai Limau", "PDG20610", "41000", "34000");
INSERT INTO `oc_city` (city_id, zone_id, name, code, jnereg, jneoke) VALUES (979, 87, "Ulakan Tapakis", "PDG20624", "41000", "34000");
INSERT INTO `oc_zone` (zone_id, country_id, name, status) VALUES (88, 6, "Kab. Pasaman", 1);
INSERT INTO `oc_city` (city_id, zone_id, name, code, jnereg, jneoke) VALUES (980, 88, "II Koto", "PDG20316", "48000", "40000");
INSERT INTO `oc_city` (city_id, zone_id, name, code, jnereg, jneoke) VALUES (981, 88, "III Nagari", "PDG20314", "48000", "40000");
INSERT INTO `oc_city` (city_id, zone_id, name, code, jnereg, jneoke) VALUES (982, 88, "Bonjol", "PDG20301", "48000", "40000");
INSERT INTO `oc_city` (city_id, zone_id, name, code, jnereg, jneoke) VALUES (983, 88, "Lubuk Sikaping", "PDG20300", "40000", "32000");
INSERT INTO `oc_city` (city_id, zone_id, name, code, jnereg, jneoke) VALUES (984, 88, "Mapat Tunggul", "PDG20325", "48000", "40000");
INSERT INTO `oc_city` (city_id, zone_id, name, code, jnereg, jneoke) VALUES (985, 88, "Mapat Tunggul Selatan", "PDG20315", "48000", "40000");
INSERT INTO `oc_city` (city_id, zone_id, name, code, jnereg, jneoke) VALUES (986, 88, "Panti", "PDG20305", "48000", "40000");
INSERT INTO `oc_city` (city_id, zone_id, name, code, jnereg, jneoke) VALUES (987, 88, "Rao", "PDG20308", "48000", "40000");
INSERT INTO `oc_zone` (zone_id, country_id, name, status) VALUES (89, 6, "Kab. Pasaman Barat", 1);
INSERT INTO `oc_city` (city_id, zone_id, name, code) VALUES (988, 89, "Gunung Tuleh", "PDG21501");
INSERT INTO `oc_city` (city_id, zone_id, name, code) VALUES (989, 89, "Kinali", "PDG21502");
INSERT INTO `oc_city` (city_id, zone_id, name, code) VALUES (990, 89, "Lembah Melintang", "PDG21503");
INSERT INTO `oc_city` (city_id, zone_id, name, code) VALUES (991, 89, "Luhak Nan Duo", "PDG21504");
INSERT INTO `oc_city` (city_id, zone_id, name, code) VALUES (992, 89, "Pasaman", "PDG21505");
INSERT INTO `oc_city` (city_id, zone_id, name, code) VALUES (993, 89, "Ranah Balingka", "PDG21506");
INSERT INTO `oc_city` (city_id, zone_id, name, code) VALUES (994, 89, "Ranah Batahan", "PDG21507");
INSERT INTO `oc_city` (city_id, zone_id, name, code) VALUES (995, 89, "Ranah Pesisir", "PDG21508");
INSERT INTO `oc_city` (city_id, zone_id, name, code) VALUES (996, 89, "Simpang Empat", "PDG21500");
INSERT INTO `oc_city` (city_id, zone_id, name, code) VALUES (997, 89, "Sungai Aur", "PDG21509");
INSERT INTO `oc_city` (city_id, zone_id, name, code) VALUES (998, 89, "Sungai Beremas", "PDG21510");
INSERT INTO `oc_city` (city_id, zone_id, name, code) VALUES (999, 89, "Talamau", "PDG21511");
INSERT INTO `oc_zone` (zone_id, country_id, name, status) VALUES (90, 6, "Kab. Pesisir Selatan", 1);
INSERT INTO `oc_city` (city_id, zone_id, name, code, jnereg, jneoke) VALUES (1000, 90, "IV Jurai", "PDG20518", "42000", "35000");
INSERT INTO `oc_city` (city_id, zone_id, name, code, jnereg, jneoke) VALUES (1001, 90, "Basa IV Balai Tapan", "PDG20513", "42000", "35000");
INSERT INTO `oc_city` (city_id, zone_id, name, code, jnereg, jneoke) VALUES (1002, 90, "Batang Kapas", "PDG20501", "42000", "35000");
INSERT INTO `oc_city` (city_id, zone_id, name, code, jnereg, jneoke) VALUES (1003, 90, "Bayang", "PDG20503", "42000", "35000");
INSERT INTO `oc_city` (city_id, zone_id, name, code, jnereg, jneoke) VALUES (1004, 90, "Bayang Utara", "PDG20514", "42000", "35000");
INSERT INTO `oc_city` (city_id, zone_id, name, code, jnereg, jneoke) VALUES (1005, 90, "Koto XI Tarusan", "PDG20505", "42000", "35000");
INSERT INTO `oc_city` (city_id, zone_id, name, code, jnereg, jneoke) VALUES (1006, 90, "Lengayang", "PDG20506", "42000", "35000");
INSERT INTO `oc_city` (city_id, zone_id, name, code, jnereg, jneoke) VALUES (1007, 90, "Linggo Sari Baganti", "PDG20515", "42000", "35000");
INSERT INTO `oc_city` (city_id, zone_id, name, code, jnereg, jneoke) VALUES (1008, 90, "Lunang Silaut", "PDG20516", "42000", "35000");
INSERT INTO `oc_city` (city_id, zone_id, name, code, jnereg, jneoke) VALUES (1009, 90, "Painan", "PDG20500", "35000", "28000");
INSERT INTO `oc_city` (city_id, zone_id, name, code, jnereg, jneoke) VALUES (1010, 90, "Pancung Soal", "PDG20510", "42000", "35000");
INSERT INTO `oc_city` (city_id, zone_id, name, code, jnereg, jneoke) VALUES (1011, 90, "Ranah Pesisir", "PDG20511", "42000", "35000");
INSERT INTO `oc_city` (city_id, zone_id, name, code, jnereg, jneoke) VALUES (1012, 90, "Sutera", "PDG20517", "42000", "35000");
INSERT INTO `oc_zone` (zone_id, country_id, name, status) VALUES (91, 6, "Kab. Sijunjung", 1);
INSERT INTO `oc_city` (city_id, zone_id, name, code, jnereg, jneoke) VALUES (1013, 91, "IV Nagari", "PDG21903", "56000", "46000");
INSERT INTO `oc_city` (city_id, zone_id, name, code, jnereg, jneoke) VALUES (1014, 91, "Kamang Baru", "PDG21904", "56000", "46000");
INSERT INTO `oc_city` (city_id, zone_id, name, code, jnereg, jneoke) VALUES (1015, 91, "Koto Tujuh", "PDG21901", "56000", "46000");
INSERT INTO `oc_city` (city_id, zone_id, name, code, jnereg, jneoke) VALUES (1016, 91, "Kupitan", "PDG21905", "56000", "46000");
INSERT INTO `oc_city` (city_id, zone_id, name, code, jnereg, jneoke) VALUES (1017, 91, "Lubuk Tarok", "PDG21906", "56000", "46000");
INSERT INTO `oc_city` (city_id, zone_id, name, code, jnereg, jneoke) VALUES (1018, 91, "Sijunjung/ Muaro Sijunjung", "PDG21900", "50000", "40000");
INSERT INTO `oc_city` (city_id, zone_id, name, code, jnereg, jneoke) VALUES (1019, 91, "Sumpur Kudus", "PDG21907", "56000", "46000");
INSERT INTO `oc_city` (city_id, zone_id, name, code, jnereg, jneoke) VALUES (1020, 91, "Tanjung Gadang", "PDG21908", "56000", "46000");
INSERT INTO `oc_zone` (zone_id, country_id, name, status) VALUES (92, 6, "Kab. Solok", 1);
INSERT INTO `oc_city` (city_id, zone_id, name, code, jnereg, jneoke) VALUES (1021, 92, "IX Koto Sungai Lasi", "PDG21701", "36000", "34000");
INSERT INTO `oc_city` (city_id, zone_id, name, code, jnereg, jneoke) VALUES (1022, 92, "X Koto Diatas", "PDG21702", "36000", "34000");
INSERT INTO `oc_city` (city_id, zone_id, name, code, jnereg, jneoke) VALUES (1023, 92, "X Koto Singkarak", "PDG21703", "36000", "34000");
INSERT INTO `oc_city` (city_id, zone_id, name, code, jnereg, jneoke) VALUES (1024, 92, "Arosuka", "PDG21700", "30000", "24000");
INSERT INTO `oc_city` (city_id, zone_id, name, code, jnereg, jneoke) VALUES (1025, 92, "Bukit Sundi", "PDG21704", "36000", "34000");
INSERT INTO `oc_city` (city_id, zone_id, name, code, jnereg, jneoke) VALUES (1026, 92, "Danau Kembar", "PDG21705", "36000", "34000");
INSERT INTO `oc_city` (city_id, zone_id, name, code, jnereg, jneoke) VALUES (1027, 92, "Gunung Talang", "PDG21706", "36000", "34000");
INSERT INTO `oc_city` (city_id, zone_id, name, code, jnereg, jneoke) VALUES (1028, 92, "Hiliran Gumanti", "PDG21707", "36000", "34000");
INSERT INTO `oc_city` (city_id, zone_id, name, code, jnereg, jneoke) VALUES (1029, 92, "Junjung Sirih", "PDG21708", "36000", "34000");
INSERT INTO `oc_city` (city_id, zone_id, name, code, jnereg, jneoke) VALUES (1030, 92, "Kubung", "PDG21709", "36000", "34000");
INSERT INTO `oc_city` (city_id, zone_id, name, code, jnereg, jneoke) VALUES (1031, 92, "Lembah Gumanti", "PDG21710", "36000", "34000");
INSERT INTO `oc_city` (city_id, zone_id, name, code, jnereg, jneoke) VALUES (1032, 92, "Lembang Jaya", "PDG21711", "36000", "34000");
INSERT INTO `oc_city` (city_id, zone_id, name, code, jnereg, jneoke) VALUES (1033, 92, "Pantai Cermin", "PDG21712", "36000", "34000");
INSERT INTO `oc_city` (city_id, zone_id, name, code, jnereg, jneoke) VALUES (1034, 92, "Payung Sekaki", "PDG21713", "36000", "34000");
INSERT INTO `oc_city` (city_id, zone_id, name, code, jnereg, jneoke) VALUES (1035, 92, "Tigo Lurah", "PDG21714", "36000", "34000");
INSERT INTO `oc_zone` (zone_id, country_id, name, status) VALUES (93, 6, "Kab. Solok Selatan", 1);
INSERT INTO `oc_city` (city_id, zone_id, name, code) VALUES (1036, 93, "Koto Parik Gadang Diateh", "PDG21801");
INSERT INTO `oc_city` (city_id, zone_id, name, code) VALUES (1037, 93, "Padang Aro", "PDG21800");
INSERT INTO `oc_city` (city_id, zone_id, name, code) VALUES (1038, 93, "Sangir", "PDG21802");
INSERT INTO `oc_city` (city_id, zone_id, name, code) VALUES (1039, 93, "Sangir Batanghari", "PDG21803");
INSERT INTO `oc_city` (city_id, zone_id, name, code) VALUES (1040, 93, "Sangir Jujuan", "PDG21804");
INSERT INTO `oc_city` (city_id, zone_id, name, code) VALUES (1041, 93, "Sungai Pagu", "PDG21805");
INSERT INTO `oc_zone` (zone_id, country_id, name, status) VALUES (94, 6, "Kab. Tanah Datar", 1);
INSERT INTO `oc_city` (city_id, zone_id, name, code, jnereg, jneoke) VALUES (1042, 94, "Batipuh", "PDG20101", "41000", "33000");
INSERT INTO `oc_city` (city_id, zone_id, name, code, jnereg, jneoke) VALUES (1043, 94, "Batipuh Selatan", "PDG20114", "41000", "33000");
INSERT INTO `oc_city` (city_id, zone_id, name, code, jnereg, jneoke) VALUES (1044, 94, "Batu Sangkar", "PDG20100", "35000", "28000");
INSERT INTO `oc_city` (city_id, zone_id, name, code, jnereg, jneoke) VALUES (1045, 94, "Lima Kaum", "PDG20115", "41000", "33000");
INSERT INTO `oc_city` (city_id, zone_id, name, code, jnereg, jneoke) VALUES (1046, 94, "Lintau Buo", "PDG20103", "41000", "33000");
INSERT INTO `oc_city` (city_id, zone_id, name, code, jnereg, jneoke) VALUES (1047, 94, "Lintau Buo Utara", "PDG20116", "41000", "33000");
INSERT INTO `oc_city` (city_id, zone_id, name, code, jnereg, jneoke) VALUES (1048, 94, "Padang Ganting", "PDG20117", "41000", "33000");
INSERT INTO `oc_city` (city_id, zone_id, name, code, jnereg, jneoke) VALUES (1049, 94, "Pariangan", "PDG20106", "41000", "33000");
INSERT INTO `oc_city` (city_id, zone_id, name, code, jnereg, jneoke) VALUES (1050, 94, "Rambatan", "PDG20107", "41000", "33000");
INSERT INTO `oc_city` (city_id, zone_id, name, code, jnereg, jneoke) VALUES (1051, 94, "Salimpaung", "PDG20108", "41000", "33000");
INSERT INTO `oc_city` (city_id, zone_id, name, code, jnereg, jneoke) VALUES (1052, 94, "Sepuluh Koto", "PDG20118", "41000", "33000");
INSERT INTO `oc_city` (city_id, zone_id, name, code, jnereg, jneoke) VALUES (1053, 94, "Sungai Tarab", "PDG20110", "41000", "33000");
INSERT INTO `oc_city` (city_id, zone_id, name, code, jnereg, jneoke) VALUES (1054, 94, "Sungayang", "PDG20111", "41000", "33000");
INSERT INTO `oc_city` (city_id, zone_id, name, code, jnereg, jneoke) VALUES (1055, 94, "Tanjung Baru", "PDG20119", "41000", "33000");
INSERT INTO `oc_city` (city_id, zone_id, name, code, jnereg, jneoke) VALUES (1056, 94, "Tanjung Emas", "PDG20112", "41000", "33000");
INSERT INTO `oc_zone` (zone_id, country_id, name, status) VALUES (95, 6, "Kota Bukit Tinggi", 1);
INSERT INTO `oc_city` (city_id, zone_id, name, code, jnereg, jneoke) VALUES (1057, 95, "Aur Birugo Tigo Baleh", "PDG20211", "40000", "28000");
INSERT INTO `oc_city` (city_id, zone_id, name, code, jnereg, jneoke) VALUES (1058, 95, "Bukit Tinggi", "PDG20200", "35000", "28000");
INSERT INTO `oc_city` (city_id, zone_id, name, code, jnereg, jneoke) VALUES (1059, 95, "Guguk Panjang", "PDG20213", "40000", "28000");
INSERT INTO `oc_city` (city_id, zone_id, name, code, jnereg, jneoke) VALUES (1060, 95, "Mandiangin Koto Selayan", "PDG20212", "40000", "28000");
INSERT INTO `oc_zone` (zone_id, country_id, name, status) VALUES (96, 6, "Kota Padang", 1);
INSERT INTO `oc_city` (city_id, zone_id, name, code, jnereg, jneoke, jneyes) VALUES (1061, 96, "Padang", "PDG10000", "25000", "18000", "34000");
INSERT INTO `oc_city` (city_id, zone_id, name, code, jnereg, jneoke) VALUES (1062, 96, "Bungus Teluk Kabung", "PDG10008", "25000", "18000");
INSERT INTO `oc_city` (city_id, zone_id, name, code, jnereg, jneoke) VALUES (1063, 96, "Koto Tangah", "PDG10009", "25000", "18000");
INSERT INTO `oc_city` (city_id, zone_id, name, code, jnereg, jneoke) VALUES (1064, 96, "Kuranji", "PDG10010", "25000", "18000");
INSERT INTO `oc_city` (city_id, zone_id, name, code, jnereg, jneoke) VALUES (1065, 96, "Lubuk Begalung", "PDG10011", "25000", "18000");
INSERT INTO `oc_city` (city_id, zone_id, name, code, jnereg, jneoke) VALUES (1066, 96, "Lubuk Kilangan", "PDG10012", "25000", "18000");
INSERT INTO `oc_city` (city_id, zone_id, name, code, jnereg, jneoke) VALUES (1067, 96, "Nanggalo", "PDG10013", "25000", "18000");
INSERT INTO `oc_city` (city_id, zone_id, name, code, jnereg, jneoke) VALUES (1068, 96, "Padang Barat", "PDG10014", "25000", "18000");
INSERT INTO `oc_city` (city_id, zone_id, name, code, jnereg, jneoke) VALUES (1069, 96, "Padang Selatan", "PDG10015", "25000", "18000");
INSERT INTO `oc_city` (city_id, zone_id, name, code, jnereg, jneoke) VALUES (1070, 96, "Padang Timur", "PDG10016", "25000", "18000");
INSERT INTO `oc_city` (city_id, zone_id, name, code, jnereg, jneoke) VALUES (1071, 96, "Padang Utara", "PDG10017", "25000", "18000");
INSERT INTO `oc_city` (city_id, zone_id, name, code, jnereg, jneoke) VALUES (1072, 96, "Pauh", "PDG10018", "25000", "18000");
INSERT INTO `oc_zone` (zone_id, country_id, name, status) VALUES (97, 6, "Kota Padang Panjang", 1);
INSERT INTO `oc_city` (city_id, zone_id, name, code, jnereg, jneoke) VALUES (1073, 97, "Padang Panjang", "PDG21100", "35000", "28000");
INSERT INTO `oc_city` (city_id, zone_id, name, code, jnereg, jneoke) VALUES (1074, 97, "Padang Panjang Barat", "PDG21102", "35000", "28000");
INSERT INTO `oc_city` (city_id, zone_id, name, code, jnereg, jneoke) VALUES (1075, 97, "Padang Panjang Timur", "PDG21103", "35000", "28000");
INSERT INTO `oc_zone` (zone_id, country_id, name, status) VALUES (98, 6, "Kota Pariaman", 1);
INSERT INTO `oc_city` (city_id, zone_id, name, code, jnereg, jneoke) VALUES (1076, 98, "Pariaman Selatan", "PDG20625", "41000", "28000");
INSERT INTO `oc_city` (city_id, zone_id, name, code, jnereg, jneoke) VALUES (1077, 98, "Pariaman Tengah", "PDG20626", "41000", "28000");
INSERT INTO `oc_city` (city_id, zone_id, name, code, jnereg, jneoke) VALUES (1078, 98, "Pariaman Utara", "PDG20627", "41000", "28000");
INSERT INTO `oc_zone` (zone_id, country_id, name, status) VALUES (99, 6, "Kota Payakumbuh", 1);
INSERT INTO `oc_city` (city_id, zone_id, name, code, jnereg, jneoke) VALUES (1079, 99, "Payakumbuh Barat", "PDG20721", "35000", "28000");
INSERT INTO `oc_city` (city_id, zone_id, name, code, jnereg, jneoke) VALUES (1080, 99, "Payakumbuh Timur", "PDG20722", "35000", "28000");
INSERT INTO `oc_city` (city_id, zone_id, name, code, jnereg, jneoke) VALUES (1081, 99, "Payakumbuh Utara", "PDG20723", "35000", "28000");
INSERT INTO `oc_zone` (zone_id, country_id, name, status) VALUES (100, 6, "Kota Sawahlunto", 1);
INSERT INTO `oc_city` (city_id, zone_id, name, code, jnereg, jneoke) VALUES (1082, 100, "Barangin", "PDG20803", "40000", "32000");
INSERT INTO `oc_city` (city_id, zone_id, name, code, jnereg, jneoke) VALUES (1083, 100, "Lembah Segar", "PDG20804", "40000", "32000");
INSERT INTO `oc_city` (city_id, zone_id, name, code, jnereg, jneoke) VALUES (1084, 100, "Sawahlunto", "PDG20800", "40000", "32000");
INSERT INTO `oc_city` (city_id, zone_id, name, code, jnereg, jneoke) VALUES (1085, 100, "Silungkang", "PDG20805", "40000", "32000");
INSERT INTO `oc_city` (city_id, zone_id, name, code, jnereg, jneoke) VALUES (1086, 100, "Talawi", "PDG20806", "40000", "32000");
INSERT INTO `oc_zone` (zone_id, country_id, name, status) VALUES (101, 6, "Kota Solok", 1);
INSERT INTO `oc_city` (city_id, zone_id, name, code, jnereg, jneoke) VALUES (1087, 101, "Solok", "PDG20900", "35000", "28000");
INSERT INTO `oc_city` (city_id, zone_id, name, code, jnereg, jneoke) VALUES (1088, 101, "Lubuk Sikarah", "PDG20939", "35000", "28000");
INSERT INTO `oc_city` (city_id, zone_id, name, code, jnereg, jneoke) VALUES (1089, 101, "Tanjung Harapan", "PDG20940", "35000", "28000");
INSERT INTO `oc_country` (country_id, name, iso_code_2, iso_code_3, postcode_required, status) VALUES (7, "Sumatera Selatan", "ID", "IDN", 1, 1);
INSERT INTO `oc_zone` (zone_id, country_id, name, status) VALUES (102, 7, "Kab. Banyuasin", 1);
INSERT INTO `oc_city` (city_id, zone_id, name, code, jnereg, jneoke) VALUES (1090, 102, "Banyuasin I", "PLM21001", "41000", "28000");
INSERT INTO `oc_city` (city_id, zone_id, name, code, jnereg, jneoke) VALUES (1091, 102, "Banyuasin II", "PLM21002", "41000", "28000");
INSERT INTO `oc_city` (city_id, zone_id, name, code, jnereg, jneoke) VALUES (1092, 102, "Banyuasin III", "PLM21003", "41000", "28000");
INSERT INTO `oc_city` (city_id, zone_id, name, code, jnereg, jneoke) VALUES (1093, 102, "Betung", "PLM21005", "41000", "34000");
INSERT INTO `oc_city` (city_id, zone_id, name, code, jnereg, jneoke) VALUES (1094, 102, "Makarti Jaya", "PLM21006", "41000", "34000");
INSERT INTO `oc_city` (city_id, zone_id, name, code, jnereg, jneoke) VALUES (1095, 102, "Muara Padang", "PLM21012", "41000", "34000");
INSERT INTO `oc_city` (city_id, zone_id, name, code, jnereg, jneoke) VALUES (1096, 102, "Muara Telang", "PLM21007", "41000", "34000");
INSERT INTO `oc_city` (city_id, zone_id, name, code, jnereg, jneoke) VALUES (1097, 102, "Pangkalan Balai", "PLM21000", "35000", "28000");
INSERT INTO `oc_city` (city_id, zone_id, name, code, jnereg, jneoke) VALUES (1098, 102, "Pulau Rimau", "PLM21008", "41000", "34000");
INSERT INTO `oc_city` (city_id, zone_id, name, code, jnereg, jneoke) VALUES (1099, 102, "Rambutan", "PLM21009", "41000", "34000");
INSERT INTO `oc_city` (city_id, zone_id, name, code, jnereg, jneoke) VALUES (1100, 102, "Rantau Bayur", "PLM21010", "41000", "34000");
INSERT INTO `oc_city` (city_id, zone_id, name, code, jnereg, jneoke) VALUES (1101, 102, "Talang Kelapa", "PLM21011", "41000", "34000");
INSERT INTO `oc_zone` (zone_id, country_id, name, status) VALUES (103, 7, "Kab. Empat Lawang", 1);
INSERT INTO `oc_city` (city_id, zone_id, name, code, jnereg, jneoke) VALUES (1102, 103, "Lintang Kanan", "PLM21101", "52000", "47000");
INSERT INTO `oc_city` (city_id, zone_id, name, code, jnereg, jneoke) VALUES (1103, 103, "Muara Pinang", "PLM21102", "52000", "47000");
INSERT INTO `oc_city` (city_id, zone_id, name, code, jnereg, jneoke) VALUES (1104, 103, "Pasemah Air Keruh", "PLM21103", "52000", "47000");
INSERT INTO `oc_city` (city_id, zone_id, name, code, jnereg, jneoke) VALUES (1105, 103, "Pendopo", "PLM21104", "52000", "47000");
INSERT INTO `oc_city` (city_id, zone_id, name, code, jnereg, jneoke) VALUES (1106, 103, "Talang Padang", "PLM21105", "52000", "47000");
INSERT INTO `oc_city` (city_id, zone_id, name, code, jnereg, jneoke) VALUES (1107, 103, "Tebing Tinggi", "PLM21100", "40000", "36000");
INSERT INTO `oc_city` (city_id, zone_id, name, code, jnereg, jneoke) VALUES (1108, 103, "Ulu Musi", "PLM21106", "52000", "47000");
INSERT INTO `oc_zone` (zone_id, country_id, name, status) VALUES (104, 7, "Kab. Lahat", 1);
INSERT INTO `oc_city` (city_id, zone_id, name, code, jnereg, jneoke) VALUES (1109, 104, "Jarai", "PLM20316", "41500", "34500");
INSERT INTO `oc_city` (city_id, zone_id, name, code, jnereg, jneoke) VALUES (1110, 104, "Kikim Barat", "PLM20317", "41500", "34500");
INSERT INTO `oc_city` (city_id, zone_id, name, code, jnereg, jneoke) VALUES (1111, 104, "Kikim Selatan", "PLM20318", "41500", "34500");
INSERT INTO `oc_city` (city_id, zone_id, name, code, jnereg, jneoke) VALUES (1112, 104, "Kikim Tengah", "PLM20319", "41500", "34500");
INSERT INTO `oc_city` (city_id, zone_id, name, code, jnereg, jneoke) VALUES (1113, 104, "Kikim Timur", "PLM20320", "41500", "34500");
INSERT INTO `oc_city` (city_id, zone_id, name, code, jnereg, jneoke) VALUES (1114, 104, "Kota Agung", "PLM20321", "41500", "34500");
INSERT INTO `oc_city` (city_id, zone_id, name, code, jnereg, jneoke) VALUES (1115, 104, "Lahat", "PLM20300", "35000", "28000");
INSERT INTO `oc_city` (city_id, zone_id, name, code) VALUES (1116, 104, "Merapi", "PLM20303");
INSERT INTO `oc_city` (city_id, zone_id, name, code, jnereg, jneoke) VALUES (1117, 104, "Mulak Ulu", "PLM20323", "41500", "34500");
INSERT INTO `oc_city` (city_id, zone_id, name, code, jnereg, jneoke) VALUES (1118, 104, "Pajar Bulan", "PLM20324", "41500", "34500");
INSERT INTO `oc_city` (city_id, zone_id, name, code, jnereg, jneoke) VALUES (1119, 104, "Pulau Pinang", "PLM20304", "41500", "34500");
INSERT INTO `oc_city` (city_id, zone_id, name, code) VALUES (1120, 104, "Tanjung Sakti", "PLM20314");
INSERT INTO `oc_zone` (zone_id, country_id, name, status) VALUES (105, 7, "Kab. Muara Enim", 1);
INSERT INTO `oc_city` (city_id, zone_id, name, code, jnereg, jneoke) VALUES (1121, 105, "Benakat", "PLM20507", "41500", "34500");
INSERT INTO `oc_city` (city_id, zone_id, name, code, jnereg, jneoke) VALUES (1122, 105, "Gelumbang", "PLM20504", "41500", "34500");
INSERT INTO `oc_city` (city_id, zone_id, name, code, jnereg, jneoke) VALUES (1123, 105, "Gunung Megang", "PLM20501", "41500", "34500");
INSERT INTO `oc_city` (city_id, zone_id, name, code, jnereg, jneoke) VALUES (1124, 105, "Lawang Kidul", "PLM20508", "41500", "34500");
INSERT INTO `oc_city` (city_id, zone_id, name, code, jnereg, jneoke) VALUES (1125, 105, "Lembak", "PLM20509", "41500", "34500");
INSERT INTO `oc_city` (city_id, zone_id, name, code, jnereg, jneoke) VALUES (1126, 105, "Lubai", "PLM20510", "41500", "34500");
INSERT INTO `oc_city` (city_id, zone_id, name, code, jnereg, jneoke) VALUES (1127, 105, "Muara Enim", "PLM20500", "35000", "28000");
INSERT INTO `oc_city` (city_id, zone_id, name, code, jnereg, jneoke) VALUES (1128, 105, "Penukal Abab", "PLM20511", "41500", "34500");
INSERT INTO `oc_city` (city_id, zone_id, name, code, jnereg, jneoke) VALUES (1129, 105, "Penukal Utara", "PLM20512", "41500", "34500");
INSERT INTO `oc_city` (city_id, zone_id, name, code, jnereg, jneoke) VALUES (1130, 105, "Rembang", "PLM20506", "41500", "34500");
INSERT INTO `oc_city` (city_id, zone_id, name, code, jnereg, jneoke) VALUES (1131, 105, "Rembang Dangku", "PLM20505", "41500", "34500");
INSERT INTO `oc_city` (city_id, zone_id, name, code, jnereg, jneoke) VALUES (1132, 105, "Semende Darat Laut", "PLM20513", "41500", "34500");
INSERT INTO `oc_city` (city_id, zone_id, name, code, jnereg, jneoke) VALUES (1133, 105, "Semende Darat Tengah", "PLM20514", "41500", "34500");
INSERT INTO `oc_city` (city_id, zone_id, name, code, jnereg, jneoke) VALUES (1134, 105, "Semende Darat Ulu", "PLM20515", "41500", "34500");
INSERT INTO `oc_city` (city_id, zone_id, name, code, jnereg, jneoke) VALUES (1135, 105, "Sungai Rotan", "PLM20516", "41500", "34500");
INSERT INTO `oc_city` (city_id, zone_id, name, code, jnereg, jneoke) VALUES (1136, 105, "Talang Ubi", "PLM20517", "41500", "34500");
INSERT INTO `oc_city` (city_id, zone_id, name, code, jnereg, jneoke) VALUES (1137, 105, "Tanah Abang", "PLM20518", "41500", "34500");
INSERT INTO `oc_city` (city_id, zone_id, name, code, jnereg, jneoke) VALUES (1138, 105, "Tanjung Agung", "PLM20503", "41500", "34500");
INSERT INTO `oc_city` (city_id, zone_id, name, code, jnereg, jneoke) VALUES (1139, 105, "Ujan Mas", "PLM20519", "41500", "34500");
INSERT INTO `oc_city` (city_id, zone_id, name, code, jnereg, jneoke) VALUES (1140, 105, "Abab (Penukal Abab)", "PLM20520", "41500", "34500");
INSERT INTO `oc_city` (city_id, zone_id, name, code, jnereg, jneoke) VALUES (1141, 105, "Muara Belikan", "PLM20521", "41500", "34500");
INSERT INTO `oc_city` (city_id, zone_id, name, code, jnereg, jneoke) VALUES (1142, 105, "Kelekar", "PLM20522", "41500", "34500");
INSERT INTO `oc_zone` (zone_id, country_id, name, status) VALUES (106, 7, "Kab. Musi Banyuasin", 1);
INSERT INTO `oc_city` (city_id, zone_id, name, code, jnereg, jneoke) VALUES (1143, 106, "Babat Toman", "PLM20801", "41500", "34500");
INSERT INTO `oc_city` (city_id, zone_id, name, code, jnereg, jneoke) VALUES (1144, 106, "Batang Harileko", "PLM20816", "41500", "34500");
INSERT INTO `oc_city` (city_id, zone_id, name, code) VALUES (1145, 106, "Bayung Lencir", "PLM20805");
INSERT INTO `oc_city` (city_id, zone_id, name, code, jnereg, jneoke) VALUES (1146, 106, "Keluang", "PLM20817", "41500", "34500");
INSERT INTO `oc_city` (city_id, zone_id, name, code, jnereg, jneoke) VALUES (1147, 106, "Lais", "PLM20818", "41500", "34500");
INSERT INTO `oc_city` (city_id, zone_id, name, code) VALUES (1148, 106, "ramba (desa)", "");
INSERT INTO `oc_city` (city_id, zone_id, name, code, jnereg, jneoke) VALUES (1149, 106, "Sanga Desa", "PLM20819", "41500", "34500");
INSERT INTO `oc_city` (city_id, zone_id, name, code, jnereg, jneoke) VALUES (1150, 106, "Sekayu", "PLM20800", "35000", "28000");
INSERT INTO `oc_city` (city_id, zone_id, name, code, jnereg, jneoke) VALUES (1151, 106, "Sungai Keruh", "PLM20820", "41500", "34500");
INSERT INTO `oc_city` (city_id, zone_id, name, code, jnereg, jneoke) VALUES (1152, 106, "Sungai Lilin", "PLM20806", "35000", "28000");
INSERT INTO `oc_zone` (zone_id, country_id, name, status) VALUES (107, 7, "Kab. Musi Rawas", 1);
INSERT INTO `oc_city` (city_id, zone_id, name, code, jnereg, jneoke) VALUES (1153, 107, "BKL Ulu Terawas", "PLM10301", "45000", "32000");
INSERT INTO `oc_city` (city_id, zone_id, name, code, jnereg, jneoke) VALUES (1154, 107, "BTS Ulu", "PLM10302", "45000", "37000");
INSERT INTO `oc_city` (city_id, zone_id, name, code, jnereg, jneoke) VALUES (1155, 107, "Jayaloka", "PLM10303", "45000", "37000");
INSERT INTO `oc_city` (city_id, zone_id, name, code, jnereg, jneoke) VALUES (1156, 107, "Karang Dapo", "PLM10304", "45000", "37000");
INSERT INTO `oc_city` (city_id, zone_id, name, code, jnereg, jneoke) VALUES (1157, 107, "Karang Jaya", "PLM10305", "45000", "37000");
INSERT INTO `oc_city` (city_id, zone_id, name, code, jnereg, jneoke) VALUES (1158, 107, "Megang Sakti", "PLM10306", "45000", "37000");
INSERT INTO `oc_city` (city_id, zone_id, name, code, jnereg, jneoke) VALUES (1159, 107, "Muara Beliti", "PLM10307", "45000", "37000");
INSERT INTO `oc_city` (city_id, zone_id, name, code, jnereg, jneoke) VALUES (1160, 107, "Muara Beliti Baru", "PLM10300", "40000", "32000");
INSERT INTO `oc_city` (city_id, zone_id, name, code, jnereg, jneoke) VALUES (1161, 107, "Muara Kelingi", "PLM10308", "45000", "37000");
INSERT INTO `oc_city` (city_id, zone_id, name, code, jnereg, jneoke) VALUES (1162, 107, "Muara Lakitan", "PLM10309", "45000", "37000");
INSERT INTO `oc_city` (city_id, zone_id, name, code, jnereg, jneoke) VALUES (1163, 107, "Muara Rupit", "PLM10310", "45000", "37000");
INSERT INTO `oc_city` (city_id, zone_id, name, code, jnereg, jneoke) VALUES (1164, 107, "Nibung", "PLM10311", "45000", "37000");
INSERT INTO `oc_city` (city_id, zone_id, name, code, jnereg, jneoke) VALUES (1165, 107, "Purwodadi", "PLM10312", "45000", "37000");
INSERT INTO `oc_city` (city_id, zone_id, name, code, jnereg, jneoke) VALUES (1166, 107, "Rawas Ilir", "PLM10317", "45000", "37000");
INSERT INTO `oc_city` (city_id, zone_id, name, code, jnereg, jneoke) VALUES (1167, 107, "Rawas Ulu", "PLM10313", "45000", "37000");
INSERT INTO `oc_city` (city_id, zone_id, name, code, jnereg, jneoke) VALUES (1168, 107, "Selangit", "PLM10314", "45000", "37000");
INSERT INTO `oc_city` (city_id, zone_id, name, code, jnereg, jneoke) VALUES (1169, 107, "Tugumulyo", "PLM10315", "45000", "37000");
INSERT INTO `oc_city` (city_id, zone_id, name, code, jnereg, jneoke) VALUES (1170, 107, "Ulu Rawas", "PLM10316", "45000", "37000");
INSERT INTO `oc_zone` (zone_id, country_id, name, status) VALUES (108, 7, "Kab. Ogan Ilir", 1);
INSERT INTO `oc_city` (city_id, zone_id, name, code, jnereg, jneoke) VALUES (1171, 108, "Indralaya", "PLM21300", "30000", "24000");
INSERT INTO `oc_city` (city_id, zone_id, name, code, jnereg, jneoke) VALUES (1172, 108, "Muara Kuang", "PLM21301", "35000", "29000");
INSERT INTO `oc_city` (city_id, zone_id, name, code, jnereg, jneoke) VALUES (1173, 108, "Pemulutan", "PLM21302", "35000", "29000");
INSERT INTO `oc_city` (city_id, zone_id, name, code, jnereg, jneoke) VALUES (1174, 108, "Rantau Alai", "PLM21303", "35000", "29000");
INSERT INTO `oc_city` (city_id, zone_id, name, code, jnereg, jneoke) VALUES (1175, 108, "Tanjung Batu", "PLM21304", "35000", "29000");
INSERT INTO `oc_city` (city_id, zone_id, name, code, jnereg, jneoke) VALUES (1176, 108, "Tanjung Raja", "PLM21305", "35000", "29000");
INSERT INTO `oc_zone` (zone_id, country_id, name, status) VALUES (109, 7, "Kab. Ogan Komering Ilir", 1);
INSERT INTO `oc_city` (city_id, zone_id, name, code, jnereg, jneoke) VALUES (1177, 109, "Air Sugihan", "PLM20214", "35500", "29500");
INSERT INTO `oc_city` (city_id, zone_id, name, code, jnereg, jneoke) VALUES (1178, 109, "Cengal", "PLM20215", "35500", "29500");
INSERT INTO `oc_city` (city_id, zone_id, name, code, jnereg, jneoke) VALUES (1179, 109, "Jejawi", "PLM20216", "35500", "29500");
INSERT INTO `oc_city` (city_id, zone_id, name, code, jnereg, jneoke) VALUES (1180, 109, "Kota Kayu Agung", "PLM20200", "30000", "24000");
INSERT INTO `oc_city` (city_id, zone_id, name, code, jnereg, jneoke) VALUES (1181, 109, "Lempuing", "PLM20217", "35500", "29500");
INSERT INTO `oc_city` (city_id, zone_id, name, code, jnereg, jneoke) VALUES (1182, 109, "Mesuji", "PLM20202", "35500", "29500");
INSERT INTO `oc_city` (city_id, zone_id, name, code, jnereg, jneoke) VALUES (1183, 109, "Pampangan", "PLM20204", "35500", "29500");
INSERT INTO `oc_city` (city_id, zone_id, name, code, jnereg, jneoke) VALUES (1184, 109, "Pedamaran", "PLM20205", "35500", "29500");
INSERT INTO `oc_city` (city_id, zone_id, name, code, jnereg, jneoke) VALUES (1185, 109, "Pematang Panggang", "PLM20221", "35500", "29500");
INSERT INTO `oc_city` (city_id, zone_id, name, code, jnereg, jneoke) VALUES (1186, 109, "Sirah Pulau Padang", "PLM20207", "35500", "29500");
INSERT INTO `oc_city` (city_id, zone_id, name, code, jnereg, jneoke) VALUES (1187, 109, "Tanjung Lubuk", "PLM20208", "35500", "29500");
INSERT INTO `oc_city` (city_id, zone_id, name, code, jnereg, jneoke) VALUES (1188, 109, "Tulung Selapan", "PLM20211", "35500", "29500");
INSERT INTO `oc_zone` (zone_id, country_id, name, status) VALUES (110, 7, "Kab. Ogan Komering Ulu", 1);
INSERT INTO `oc_city` (city_id, zone_id, name, code, jnereg, jneoke) VALUES (1189, 110, "Baturaja", "PLM20100", "35000", "28000");
INSERT INTO `oc_city` (city_id, zone_id, name, code, jnereg, jneoke) VALUES (1190, 110, "Baturaja Barat", "PLM20113", "40500", "33500");
INSERT INTO `oc_city` (city_id, zone_id, name, code, jnereg, jneoke) VALUES (1191, 110, "Baturaja Timur", "PLM20114", "40500", "33500");
INSERT INTO `oc_city` (city_id, zone_id, name, code, jnereg, jneoke) VALUES (1192, 110, "Lengkiti", "PLM20115", "40500", "33500");
INSERT INTO `oc_city` (city_id, zone_id, name, code, jnereg, jneoke) VALUES (1193, 110, "Lubuk Batang", "PLM20116", "40500", "33500");
INSERT INTO `oc_city` (city_id, zone_id, name, code, jnereg, jneoke) VALUES (1194, 110, "Pengandonan", "PLM20109", "40500", "33500");
INSERT INTO `oc_city` (city_id, zone_id, name, code, jnereg, jneoke) VALUES (1195, 110, "Peninjauan", "PLM20108", "40500", "33500");
INSERT INTO `oc_city` (city_id, zone_id, name, code, jnereg, jneoke) VALUES (1196, 110, "Semidang Aji", "PLM20119", "40500", "33500");
INSERT INTO `oc_city` (city_id, zone_id, name, code, jnereg, jneoke) VALUES (1197, 110, "Sosoh Buay Rayap", "PLM20112", "40500", "33500");
INSERT INTO `oc_city` (city_id, zone_id, name, code, jnereg, jneoke) VALUES (1198, 110, "Ulu Ogan", "PLM20120", "40500", "33500");
INSERT INTO `oc_zone` (zone_id, country_id, name, status) VALUES (111, 7, "Kab. Ogan Komering Ulu Timur", 1);
INSERT INTO `oc_city` (city_id, zone_id, name, code, jnereg, jneoke) VALUES (1199, 111, "Belitang", "PLM21401", "42500", "35500");
INSERT INTO `oc_city` (city_id, zone_id, name, code, jnereg, jneoke) VALUES (1200, 111, "Belitang II", "PLM21402", "42500", "35500");
INSERT INTO `oc_city` (city_id, zone_id, name, code, jnereg, jneoke) VALUES (1201, 111, "Belitang III", "PLM21403", "42500", "35500");
INSERT INTO `oc_city` (city_id, zone_id, name, code, jnereg, jneoke) VALUES (1202, 111, "Buay Madang", "PLM21404", "42500", "35500");
INSERT INTO `oc_city` (city_id, zone_id, name, code, jnereg, jneoke) VALUES (1203, 111, "Buay Pemuka Peliung", "PLM21405", "42500", "35500");
INSERT INTO `oc_city` (city_id, zone_id, name, code, jnereg, jneoke) VALUES (1204, 111, "Cempaka", "PLM21406", "42500", "35500");
INSERT INTO `oc_city` (city_id, zone_id, name, code, jnereg, jneoke) VALUES (1205, 111, "Madang Suku I", "PLM21407", "42500", "35500");
INSERT INTO `oc_city` (city_id, zone_id, name, code, jnereg, jneoke) VALUES (1206, 111, "Madang Suku II", "PLM21408", "42500", "35500");
INSERT INTO `oc_city` (city_id, zone_id, name, code, jnereg, jneoke) VALUES (1207, 111, "Martapura", "PLM21400", "35000", "28000");
INSERT INTO `oc_city` (city_id, zone_id, name, code, jnereg, jneoke) VALUES (1208, 111, "Semendawa Suku III", "PLM21409", "42500", "35500");
INSERT INTO `oc_zone` (zone_id, country_id, name, status) VALUES (112, 7, "Kab. Ogan Komering Ulu Selatan", 1);
INSERT INTO `oc_city` (city_id, zone_id, name, code, jnereg, jneoke) VALUES (1209, 112, "Banding Agung", "PLM21501", "42500", "35500");
INSERT INTO `oc_city` (city_id, zone_id, name, code, jnereg, jneoke) VALUES (1210, 112, "Buay Pemaca", "PLM21502", "42500", "35500");
INSERT INTO `oc_city` (city_id, zone_id, name, code, jnereg, jneoke) VALUES (1211, 112, "Buay Runjung", "PLM21503", "42500", "35500");
INSERT INTO `oc_city` (city_id, zone_id, name, code, jnereg, jneoke) VALUES (1212, 112, "Buay Sandang Aji", "PLM21504", "42500", "35500");
INSERT INTO `oc_city` (city_id, zone_id, name, code, jnereg, jneoke) VALUES (1213, 112, "Kisam Tinggi", "PLM21505", "42500", "35500");
INSERT INTO `oc_city` (city_id, zone_id, name, code, jnereg, jneoke) VALUES (1214, 112, "Mekakau Ilir", "PLM21506", "42500", "35500");
INSERT INTO `oc_city` (city_id, zone_id, name, code, jnereg, jneoke) VALUES (1215, 112, "Muaradua", "PLM21500", "35000", "28000");
INSERT INTO `oc_city` (city_id, zone_id, name, code, jnereg, jneoke) VALUES (1216, 112, "Muaradua Kisam", "PLM21507", "42500", "35500");
INSERT INTO `oc_city` (city_id, zone_id, name, code, jnereg, jneoke) VALUES (1217, 112, "Pulau Beringin", "PLM21508", "42500", "35500");
INSERT INTO `oc_city` (city_id, zone_id, name, code, jnereg, jneoke) VALUES (1218, 112, "Simpang", "PLM21509", "42500", "35500");
INSERT INTO `oc_zone` (zone_id, country_id, name, status) VALUES (113, 7, "Kota Lubuk Linggau", 1);
INSERT INTO `oc_city` (city_id, zone_id, name, code, jnereg, jneoke) VALUES (1219, 113, "Lubuk Linggau", "PLM21600", "35000", "28000");
INSERT INTO `oc_city` (city_id, zone_id, name, code, jnereg, jneoke) VALUES (1220, 113, "Lubuklinggau Barat I", "PLM21601", "35000", "28000");
INSERT INTO `oc_city` (city_id, zone_id, name, code, jnereg, jneoke) VALUES (1221, 113, "Lubuklinggau Barat II", "PLM21602", "35000", "28000");
INSERT INTO `oc_city` (city_id, zone_id, name, code, jnereg, jneoke) VALUES (1222, 113, "Lubuklinggau Selatan I", "PLM21603", "35000", "28000");
INSERT INTO `oc_city` (city_id, zone_id, name, code, jnereg, jneoke) VALUES (1223, 113, "Lubuklinggau Selatan II", "PLM21604", "35000", "28000");
INSERT INTO `oc_city` (city_id, zone_id, name, code, jnereg, jneoke) VALUES (1224, 113, "Lubuklinggau Timur I", "PLM21605", "35000", "28000");
INSERT INTO `oc_city` (city_id, zone_id, name, code, jnereg, jneoke) VALUES (1225, 113, "Lubuklinggau Timur II", "PLM21606", "35000", "28000");
INSERT INTO `oc_city` (city_id, zone_id, name, code, jnereg, jneoke) VALUES (1226, 113, "Lubuklinggau Utara I", "PLM21607", "35000", "28000");
INSERT INTO `oc_city` (city_id, zone_id, name, code, jnereg, jneoke) VALUES (1227, 113, "Lubuklinggau Utara II", "PLM21608", "35000", "28000");
INSERT INTO `oc_zone` (zone_id, country_id, name, status) VALUES (114, 7, "Kota Pagar Alam", 1);
INSERT INTO `oc_city` (city_id, zone_id, name, code, jnereg, jneoke) VALUES (1228, 114, "Pagar Alam", "PLM20600", "40000", "32000");
INSERT INTO `oc_city` (city_id, zone_id, name, code, jnereg, jneoke) VALUES (1229, 114, "Pagar Alam Utara", "PLM20606", "40000", "32000");
INSERT INTO `oc_city` (city_id, zone_id, name, code, jnereg, jneoke) VALUES (1230, 114, "Pagar Alam Selatan", "PLM20607", "40000", "32000");
INSERT INTO `oc_city` (city_id, zone_id, name, code, jnereg, jneoke) VALUES (1231, 114, "Dempo Selatan", "PLM20608", "40000", "32000");
INSERT INTO `oc_city` (city_id, zone_id, name, code, jnereg, jneoke) VALUES (1232, 114, "Dempo Tengah", "PLM20609", "40000", "32000");
INSERT INTO `oc_city` (city_id, zone_id, name, code, jnereg, jneoke) VALUES (1233, 114, "Dempo Utara", "PLM20610", "40000", "32000");
INSERT INTO `oc_zone` (zone_id, country_id, name, status) VALUES (115, 7, "Kota Palembang", 1);
INSERT INTO `oc_city` (city_id, zone_id, name, code, jnereg, jneoke, jneyes) VALUES (1234, 115, "Palembang", "PLM10000", "22000", "16500", "30000");
INSERT INTO `oc_city` (city_id, zone_id, name, code, jnereg, jneoke) VALUES (1235, 115, "Alang-Alang Lebar", "PLM10003", "22000", "16500");
INSERT INTO `oc_city` (city_id, zone_id, name, code, jnereg, jneoke) VALUES (1236, 115, "Bukit Kecil", "PLM10004", "22000", "16500");
INSERT INTO `oc_city` (city_id, zone_id, name, code, jnereg, jneoke) VALUES (1237, 115, "Gandus", "PLM10005", "22000", "16500");
INSERT INTO `oc_city` (city_id, zone_id, name, code, jnereg, jneoke) VALUES (1238, 115, "Ilir Barat I", "PLM10006", "22000", "16500");
INSERT INTO `oc_city` (city_id, zone_id, name, code, jnereg, jneoke) VALUES (1239, 115, "Ilir Barat II", "PLM10007", "22000", "16500");
INSERT INTO `oc_city` (city_id, zone_id, name, code, jnereg, jneoke) VALUES (1240, 115, "Ilir Timur I", "PLM10008", "22000", "16500");
INSERT INTO `oc_city` (city_id, zone_id, name, code, jnereg, jneoke) VALUES (1241, 115, "Ilir Timur II", "PLM10009", "22000", "16500");
INSERT INTO `oc_city` (city_id, zone_id, name, code, jnereg, jneoke) VALUES (1242, 115, "Kalidoni", "PLM10010", "22000", "16500");
INSERT INTO `oc_city` (city_id, zone_id, name, code, jnereg, jneoke) VALUES (1243, 115, "Kemuning", "PLM10011", "22000", "16500");
INSERT INTO `oc_city` (city_id, zone_id, name, code, jnereg, jneoke) VALUES (1244, 115, "Kertapati", "PLM10012", "22000", "16500");
INSERT INTO `oc_city` (city_id, zone_id, name, code, jnereg, jneoke) VALUES (1245, 115, "Plaju", "PLM10001", "35000", "28000");
INSERT INTO `oc_city` (city_id, zone_id, name, code, jnereg, jneoke) VALUES (1246, 115, "Sako", "PLM10013", "22000", "16500");
INSERT INTO `oc_city` (city_id, zone_id, name, code, jnereg, jneoke) VALUES (1247, 115, "Seberang Ulu I", "PLM10014", "22000", "16500");
INSERT INTO `oc_city` (city_id, zone_id, name, code, jnereg, jneoke) VALUES (1248, 115, "Seberang Ulu II", "PLM10015", "22000", "16500");
INSERT INTO `oc_city` (city_id, zone_id, name, code, jnereg, jneoke) VALUES (1249, 115, "Sematang Borang", "PLM10016", "22000", "16500");
INSERT INTO `oc_city` (city_id, zone_id, name, code, jnereg, jneoke) VALUES (1250, 115, "Sukarame", "PLM10017", "22000", "16500");
INSERT INTO `oc_zone` (zone_id, country_id, name, status) VALUES (116, 7, "Kota Prabumulih", 1);
INSERT INTO `oc_city` (city_id, zone_id, name, code, jnereg, jneoke) VALUES (1251, 116, "Prabumulih", "PLM20700", "35000", "28000");
INSERT INTO `oc_city` (city_id, zone_id, name, code, jnereg, jneoke) VALUES (1252, 116, "Cambai", "PLM20704", "35000", "28000");
INSERT INTO `oc_city` (city_id, zone_id, name, code, jnereg, jneoke) VALUES (1253, 116, "Prabumulih Barat", "PLM20705", "35000", "28000");
INSERT INTO `oc_city` (city_id, zone_id, name, code, jnereg, jneoke) VALUES (1254, 116, "Prabumulih Timur", "PLM20708", "35000", "16500");
INSERT INTO `oc_city` (city_id, zone_id, name, code, jnereg, jneoke) VALUES (1255, 116, "Rambang Kapak Tengah", "PLM20707", "35000", "28000");
INSERT INTO `oc_country` (country_id, name, iso_code_2, iso_code_3, postcode_required, status) VALUES (8, "Lampung", "ID", "IDN", 1, 1);
INSERT INTO `oc_zone` (zone_id, country_id, name, status) VALUES (117, 8, "Kab. Lampung Barat", 1);
INSERT INTO `oc_city` (city_id, zone_id, name, code, jnereg, jneoke) VALUES (1256, 117, "Balik Bukit", "TKG20401", "39000", "33000");
INSERT INTO `oc_city` (city_id, zone_id, name, code, jnereg, jneoke) VALUES (1257, 117, "Batu Brak", "TKG20407", "39000", "33000");
INSERT INTO `oc_city` (city_id, zone_id, name, code, jnereg, jneoke) VALUES (1258, 117, "Belalau", "TKG20402", "39000", "33000");
INSERT INTO `oc_city` (city_id, zone_id, name, code, jnereg, jneoke) VALUES (1259, 117, "Bengkunat", "TKG20408", "39000", "33000");
INSERT INTO `oc_city` (city_id, zone_id, name, code, jnereg, jneoke) VALUES (1260, 117, "Karya Penggawa", "TKG20409", "39000", "33000");
INSERT INTO `oc_city` (city_id, zone_id, name, code, jnereg, jneoke) VALUES (1261, 117, "Lemong", "TKG20410", "39000", "33000");
INSERT INTO `oc_city` (city_id, zone_id, name, code, jnereg, jneoke) VALUES (1262, 117, "Liwa", "TKG20400", "30000", "24000");
INSERT INTO `oc_city` (city_id, zone_id, name, code, jnereg, jneoke) VALUES (1263, 117, "Pesisir Selatan", "TKG20405", "39000", "33000");
INSERT INTO `oc_city` (city_id, zone_id, name, code, jnereg, jneoke) VALUES (1264, 117, "Pesisir Tengah / Krui", "TKG20404", "45000", "36000");
INSERT INTO `oc_city` (city_id, zone_id, name, code, jnereg, jneoke) VALUES (1265, 117, "Pesisir Utara", "TKG20403", "39000", "33000");
INSERT INTO `oc_city` (city_id, zone_id, name, code, jnereg, jneoke) VALUES (1266, 117, "Sekincau", "TKG20411", "39000", "33000");
INSERT INTO `oc_city` (city_id, zone_id, name, code, jnereg, jneoke) VALUES (1267, 117, "Sukau", "TKG20412", "39000", "33000");
INSERT INTO `oc_city` (city_id, zone_id, name, code, jnereg, jneoke) VALUES (1268, 117, "Sumber Jaya", "TKG20406", "45000", "33000");
INSERT INTO `oc_city` (city_id, zone_id, name, code, jnereg, jneoke) VALUES (1269, 117, "Suoh", "TKG20413", "39000", "33000");
INSERT INTO `oc_city` (city_id, zone_id, name, code, jnereg, jneoke) VALUES (1270, 117, "Way Tenong", "TKG20414", "39000", "33000");
INSERT INTO `oc_zone` (zone_id, country_id, name, status) VALUES (118, 8, "Kab. Lampung Selatan", 1);
INSERT INTO `oc_city` (city_id, zone_id, name, code) VALUES (1271, 118, "Bakauheni", "TKG20115");
INSERT INTO `oc_city` (city_id, zone_id, name, code, jnereg, jneoke) VALUES (1272, 118, "Candipuro", "TKG20105", "41000", "34000");
INSERT INTO `oc_city` (city_id, zone_id, name, code, jnereg, jneoke) VALUES (1273, 118, "Jati Agung", "TKG20106", "41000", "34000");
INSERT INTO `oc_city` (city_id, zone_id, name, code, jnereg, jneoke) VALUES (1274, 118, "Kalianda", "TKG20100", "35000", "28000");
INSERT INTO `oc_city` (city_id, zone_id, name, code, jnereg, jneoke) VALUES (1275, 118, "Katibung", "TKG20107", "41000", "34000");
INSERT INTO `oc_city` (city_id, zone_id, name, code, jnereg, jneoke) VALUES (1276, 118, "Ketapang", "TKG20108", "41000", "34000");
INSERT INTO `oc_city` (city_id, zone_id, name, code, jnereg, jneoke) VALUES (1277, 118, "Merbau Mataram", "TKG20109", "41000", "34000");
INSERT INTO `oc_city` (city_id, zone_id, name, code, jnereg, jneoke) VALUES (1278, 118, "Natar", "TKG20103", "41000", "34000");
INSERT INTO `oc_city` (city_id, zone_id, name, code, jnereg, jneoke) VALUES (1279, 118, "Palas", "TKG20101", "41000", "34000");
INSERT INTO `oc_city` (city_id, zone_id, name, code, jnereg, jneoke) VALUES (1280, 118, "Penengahan", "TKG20102", "41000", "34000");
INSERT INTO `oc_city` (city_id, zone_id, name, code, jnereg, jneoke) VALUES (1281, 118, "Rajabasa", "TKG20111", "41000", "34000");
INSERT INTO `oc_city` (city_id, zone_id, name, code, jnereg, jneoke) VALUES (1282, 118, "Sidomulyo", "TKG20112", "41000", "34000");
INSERT INTO `oc_city` (city_id, zone_id, name, code, jnereg, jneoke) VALUES (1283, 118, "Sragi", "TKG20113", "41000", "34000");
INSERT INTO `oc_city` (city_id, zone_id, name, code, jnereg, jneoke) VALUES (1284, 118, "Tanjung Bintang", "TKG20104", "41000", "34000");
INSERT INTO `oc_zone` (zone_id, country_id, name, status) VALUES (119, 8, "Kab. Lampung Tengah", 1);
INSERT INTO `oc_city` (city_id, zone_id, name, code, jnereg, jneoke) VALUES (1285, 119, "Anak Tuha", "TKG20907", "35000", "29000");
INSERT INTO `oc_city` (city_id, zone_id, name, code, jnereg, jneoke) VALUES (1286, 119, "Bandar Mataram", "TKG20908", "35000", "29000");
INSERT INTO `oc_city` (city_id, zone_id, name, code, jnereg, jneoke) VALUES (1287, 119, "Bandar Surabaya", "TKG20909", "35000", "29000");
INSERT INTO `oc_city` (city_id, zone_id, name, code, jnereg, jneoke) VALUES (1288, 119, "Bandar Jaya", "TKG20927", "35000", "29000");
INSERT INTO `oc_city` (city_id, zone_id, name, code, jnereg, jneoke) VALUES (1289, 119, "Bangunrejo", "TKG20910", "35000", "29000");
INSERT INTO `oc_city` (city_id, zone_id, name, code, jnereg, jneoke) VALUES (1290, 119, "Bekri", "TKG20911", "35000", "29000");
INSERT INTO `oc_city` (city_id, zone_id, name, code, jnereg, jneoke) VALUES (1291, 119, "Bumi Nabung", "TKG20912", "35000", "29000");
INSERT INTO `oc_city` (city_id, zone_id, name, code, jnereg, jneoke) VALUES (1292, 119, "Bumi Ratu Nuban", "TKG20913", "35000", "29000");
INSERT INTO `oc_city` (city_id, zone_id, name, code, jnereg, jneoke) VALUES (1293, 119, "Gunung Sugih", "TKG20900", "30000", "24000");
INSERT INTO `oc_city` (city_id, zone_id, name, code, jnereg, jneoke) VALUES (1294, 119, "Kalirejo", "TKG20914", "35000", "29000");
INSERT INTO `oc_city` (city_id, zone_id, name, code, jnereg, jneoke) VALUES (1295, 119, "Kota Gajah", "TKG20915", "35000", "29000");
INSERT INTO `oc_city` (city_id, zone_id, name, code, jnereg, jneoke) VALUES (1296, 119, "Padang Ratu", "TKG20901", "35000", "29000");
INSERT INTO `oc_city` (city_id, zone_id, name, code, jnereg, jneoke) VALUES (1297, 119, "Pubian", "TKG20916", "35000", "29000");
INSERT INTO `oc_city` (city_id, zone_id, name, code, jnereg, jneoke) VALUES (1298, 119, "Punggur", "TKG20917", "35000", "29000");
INSERT INTO `oc_city` (city_id, zone_id, name, code, jnereg, jneoke) VALUES (1299, 119, "Rumbia", "TKG20918", "35000", "29000");
INSERT INTO `oc_city` (city_id, zone_id, name, code, jnereg, jneoke) VALUES (1300, 119, "Selagai Lingga", "TKG20919", "35000", "29000");
INSERT INTO `oc_city` (city_id, zone_id, name, code, jnereg, jneoke) VALUES (1301, 119, "Sendang Agung", "TKG20920", "35000", "29000");
INSERT INTO `oc_city` (city_id, zone_id, name, code, jnereg, jneoke) VALUES (1302, 119, "Seputih Agung", "TKG20921", "35000", "29000");
INSERT INTO `oc_city` (city_id, zone_id, name, code, jnereg, jneoke) VALUES (1303, 119, "Seputih Banyak", "TKG20903", "35000", "29000");
INSERT INTO `oc_city` (city_id, zone_id, name, code, jnereg, jneoke) VALUES (1304, 119, "Seputih Mataram", "TKG20902", "35000", "29000");
INSERT INTO `oc_city` (city_id, zone_id, name, code, jnereg, jneoke) VALUES (1305, 119, "Seputih Raman", "TKG20905", "35000", "29000");
INSERT INTO `oc_city` (city_id, zone_id, name, code, jnereg, jneoke) VALUES (1306, 119, "Seputih Surabaya", "TKG20904", "35000", "29000");
INSERT INTO `oc_city` (city_id, zone_id, name, code, jnereg, jneoke) VALUES (1307, 119, "Terbanggi Besar / Bandar Jaya", "TKG20906", "30000", "24000");
INSERT INTO `oc_city` (city_id, zone_id, name, code, jnereg, jneoke) VALUES (1308, 119, "Terusan Nunyai", "TKG20922", "35000", "29000");
INSERT INTO `oc_city` (city_id, zone_id, name, code, jnereg, jneoke) VALUES (1309, 119, "Trimurjo", "TKG20923", "35000", "29000");
INSERT INTO `oc_city` (city_id, zone_id, name, code, jnereg, jneoke) VALUES (1310, 119, "Way Pengubuan", "TKG20924", "35000", "29000");
INSERT INTO `oc_city` (city_id, zone_id, name, code, jnereg, jneoke) VALUES (1311, 119, "Way Seputih", "TKG20925", "35000", "29000");
INSERT INTO `oc_zone` (zone_id, country_id, name, status) VALUES (120, 8, "Kab. Lampung Timur", 1);
INSERT INTO `oc_city` (city_id, zone_id, name, code, jnereg, jneoke) VALUES (1312, 120, "Bandar Sribawono", "TKG21009", "35500", "29500");
INSERT INTO `oc_city` (city_id, zone_id, name, code, jnereg, jneoke) VALUES (1313, 120, "Batanghari", "TKG21001", "35500", "29500");
INSERT INTO `oc_city` (city_id, zone_id, name, code, jnereg, jneoke) VALUES (1314, 120, "Batanghari Nuban", "TKG21010", "35500", "29500");
INSERT INTO `oc_city` (city_id, zone_id, name, code, jnereg, jneoke) VALUES (1315, 120, "Braja Slebah", "TKG21011", "35500", "29500");
INSERT INTO `oc_city` (city_id, zone_id, name, code, jnereg, jneoke) VALUES (1316, 120, "Bumi Agung", "TKG21012", "35500", "29500");
INSERT INTO `oc_city` (city_id, zone_id, name, code, jnereg, jneoke) VALUES (1317, 120, "Gunung Pelindung", "TKG21013", "35500", "29500");
INSERT INTO `oc_city` (city_id, zone_id, name, code, jnereg, jneoke) VALUES (1318, 120, "Jabung/Gunung balak", "TKG21002", "35500", "29500");
INSERT INTO `oc_city` (city_id, zone_id, name, code, jnereg, jneoke) VALUES (1319, 120, "Labuhan Maringgai", "TKG21003", "35500", "29500");
INSERT INTO `oc_city` (city_id, zone_id, name, code, jnereg, jneoke) VALUES (1320, 120, "Labuhan Ratu", "TKG21014", "35500", "29500");
INSERT INTO `oc_city` (city_id, zone_id, name, code, jnereg, jneoke) VALUES (1321, 120, "Margatiga", "TKG21015", "35500", "29500");
INSERT INTO `oc_city` (city_id, zone_id, name, code, jnereg, jneoke) VALUES (1322, 120, "Mataram Baru", "TKG21016", "35500", "29500");
INSERT INTO `oc_city` (city_id, zone_id, name, code, jnereg, jneoke) VALUES (1323, 120, "Melinting", "TKG21017", "35500", "29500");
INSERT INTO `oc_city` (city_id, zone_id, name, code, jnereg, jneoke) VALUES (1324, 120, "Metro Kibang", "TKG21018", "35500", "29500");
INSERT INTO `oc_city` (city_id, zone_id, name, code, jnereg, jneoke) VALUES (1325, 120, "Pasir Sakti", "TKG21019", "35500", "29500");
INSERT INTO `oc_city` (city_id, zone_id, name, code, jnereg, jneoke) VALUES (1326, 120, "Pekalongan", "TKG21004", "35500", "29500");
INSERT INTO `oc_city` (city_id, zone_id, name, code, jnereg, jneoke) VALUES (1327, 120, "Purbolinggo", "TKG21005", "35500", "29500");
INSERT INTO `oc_city` (city_id, zone_id, name, code, jnereg, jneoke) VALUES (1328, 120, "Raman Utara", "TKG21006", "35500", "29500");
INSERT INTO `oc_city` (city_id, zone_id, name, code, jnereg, jneoke) VALUES (1329, 120, "Sekampung", "TKG21007", "35500", "29500");
INSERT INTO `oc_city` (city_id, zone_id, name, code, jnereg, jneoke) VALUES (1330, 120, "Sekampung Udik", "TKG21020", "35500", "29500");
INSERT INTO `oc_city` (city_id, zone_id, name, code, jnereg, jneoke) VALUES (1331, 120, "Sukadana", "TKG21000", "30000", "24000");
INSERT INTO `oc_city` (city_id, zone_id, name, code, jnereg, jneoke) VALUES (1332, 120, "Waway Karya", "TKG21021", "35500", "29500");
INSERT INTO `oc_city` (city_id, zone_id, name, code, jnereg, jneoke) VALUES (1333, 120, "Way Bungur", "TKG21022", "35500", "29500");
INSERT INTO `oc_city` (city_id, zone_id, name, code, jnereg, jneoke) VALUES (1334, 120, "Way Jepara", "TKG21008", "35500", "29500");
INSERT INTO `oc_zone` (zone_id, country_id, name, status) VALUES (121, 8, "Kab. Lampung Utara", 1);
INSERT INTO `oc_city` (city_id, zone_id, name, code, jnereg, jneoke) VALUES (1335, 121, "Abung Barat", "TKG20201", "35500", "29500");
INSERT INTO `oc_city` (city_id, zone_id, name, code, jnereg, jneoke) VALUES (1336, 121, "Abung Selatan", "TKG20202", "35500", "29500");
INSERT INTO `oc_city` (city_id, zone_id, name, code, jnereg, jneoke) VALUES (1337, 121, "Abung Semuli", "TKG20224", "35500", "29500");
INSERT INTO `oc_city` (city_id, zone_id, name, code, jnereg, jneoke) VALUES (1338, 121, "Abung Surakarta", "TKG20225", "35500", "29500");
INSERT INTO `oc_city` (city_id, zone_id, name, code, jnereg, jneoke) VALUES (1339, 121, "Abung Tengah", "TKG20226", "35500", "29500");
INSERT INTO `oc_city` (city_id, zone_id, name, code, jnereg, jneoke) VALUES (1340, 121, "Abung Timur", "TKG20203", "35500", "29500");
INSERT INTO `oc_city` (city_id, zone_id, name, code, jnereg, jneoke) VALUES (1341, 121, "Abung Tinggi", "TKG20228", "35500", "29500");
INSERT INTO `oc_city` (city_id, zone_id, name, code, jnereg, jneoke) VALUES (1342, 121, "Bukit Kemuning", "TKG20210", "30000", "24000");
INSERT INTO `oc_city` (city_id, zone_id, name, code, jnereg, jneoke) VALUES (1343, 121, "Bunga Mayang", "TKG20229", "35500", "29500");
INSERT INTO `oc_city` (city_id, zone_id, name, code, jnereg, jneoke) VALUES (1344, 121, "Kotabumi", "TKG20200", "30000", "24000");
INSERT INTO `oc_city` (city_id, zone_id, name, code, jnereg, jneoke) VALUES (1345, 121, "Kotabumi Selatan", "TKG20230", "35500", "24000");
INSERT INTO `oc_city` (city_id, zone_id, name, code, jnereg, jneoke) VALUES (1346, 121, "Kotabumi Utara", "TKG20231", "35500", "24000");
INSERT INTO `oc_city` (city_id, zone_id, name, code, jnereg, jneoke) VALUES (1347, 121, "Muara Sungkai", "TKG20232", "35500", "29500");
INSERT INTO `oc_city` (city_id, zone_id, name, code, jnereg, jneoke) VALUES (1348, 121, "Sungkai Selatan", "TKG20219", "35500", "29500");
INSERT INTO `oc_city` (city_id, zone_id, name, code, jnereg, jneoke) VALUES (1349, 121, "Sungkai Utara", "TKG20220", "35500", "29500");
INSERT INTO `oc_city` (city_id, zone_id, name, code, jnereg, jneoke) VALUES (1350, 121, "Tanjung Raja", "TKG20221", "35500", "29500");
INSERT INTO `oc_zone` (zone_id, country_id, name, status) VALUES (122, 8, "Kab. Way Kanan", 1);
INSERT INTO `oc_city` (city_id, zone_id, name, code, jnereg, jneoke) VALUES (1351, 122, "Bahuga", "TKG21101", "49000", "41000");
INSERT INTO `oc_city` (city_id, zone_id, name, code, jnereg, jneoke) VALUES (1352, 122, "Banjit/Banjid", "TKG21104", "49000", "41000");
INSERT INTO `oc_city` (city_id, zone_id, name, code, jnereg, jneoke) VALUES (1353, 122, "Baradatu", "TKG21102", "49000", "41000");
INSERT INTO `oc_city` (city_id, zone_id, name, code, jnereg, jneoke) VALUES (1354, 122, "Brambangan", "TKG21100", "40000", "32000");
INSERT INTO `oc_city` (city_id, zone_id, name, code, jnereg, jneoke) VALUES (1355, 122, "Gunung Labuhan", "TKG21106", "49000", "41000");
INSERT INTO `oc_city` (city_id, zone_id, name, code, jnereg, jneoke) VALUES (1356, 122, "Kasui", "TKG21103", "49000", "41000");
INSERT INTO `oc_city` (city_id, zone_id, name, code, jnereg, jneoke) VALUES (1357, 122, "Negeri Batin", "TKG21107", "49000", "41000");
INSERT INTO `oc_city` (city_id, zone_id, name, code, jnereg, jneoke) VALUES (1358, 122, "Negeri Agung", "TKG21108", "49000", "41000");
INSERT INTO `oc_city` (city_id, zone_id, name, code, jnereg, jneoke) VALUES (1359, 122, "Negeri Besar", "TKG21109", "49000", "41000");
INSERT INTO `oc_city` (city_id, zone_id, name, code, jnereg, jneoke) VALUES (1360, 122, "Pakuan Ratu", "TKG21110", "49000", "41000");
INSERT INTO `oc_city` (city_id, zone_id, name, code, jnereg, jneoke) VALUES (1361, 122, "Rebang Tangkas", "TKG21111", "49000", "41000");
INSERT INTO `oc_city` (city_id, zone_id, name, code, jnereg, jneoke) VALUES (1362, 122, "Way Tuba", "TKG21112", "49000", "41000");
INSERT INTO `oc_zone` (zone_id, country_id, name, status) VALUES (123, 8, "Kab. Tanggamus", 1);
INSERT INTO `oc_city` (city_id, zone_id, name, code, jnereg, jneoke) VALUES (1363, 123, "Adi Luwih", "TKG21308", "37000", "31000");
INSERT INTO `oc_city` (city_id, zone_id, name, code, jnereg, jneoke) VALUES (1364, 123, "Cukup Balak", "TKG21309", "37000", "31000");
INSERT INTO `oc_city` (city_id, zone_id, name, code, jnereg, jneoke) VALUES (1365, 123, "Gading Rejo", "TKG21301", "37000", "31000");
INSERT INTO `oc_city` (city_id, zone_id, name, code, jnereg, jneoke) VALUES (1366, 123, "Kelumbayan", "TKG21310", "37000", "31000");
INSERT INTO `oc_city` (city_id, zone_id, name, code, jnereg, jneoke) VALUES (1367, 123, "Kota Agung", "TKG21300", "30000", "24000");
INSERT INTO `oc_city` (city_id, zone_id, name, code, jnereg, jneoke) VALUES (1368, 123, "Pagelaran", "TKG21302", "37000", "31000");
INSERT INTO `oc_city` (city_id, zone_id, name, code, jnereg, jneoke) VALUES (1369, 123, "Pardasuka", "TKG21311", "37000", "31000");
INSERT INTO `oc_city` (city_id, zone_id, name, code, jnereg, jneoke) VALUES (1370, 123, "Pematang Sawa", "TKG21312", "37000", "31000");
INSERT INTO `oc_city` (city_id, zone_id, name, code, jnereg, jneoke) VALUES (1371, 123, "Pringsewu", "TKG21303", "30000", "24000");
INSERT INTO `oc_city` (city_id, zone_id, name, code, jnereg, jneoke) VALUES (1372, 123, "Pugung", "TKG21313", "37000", "31000");
INSERT INTO `oc_city` (city_id, zone_id, name, code, jnereg, jneoke) VALUES (1373, 123, "Pulau Panggung", "TKG21304", "37000", "31000");
INSERT INTO `oc_city` (city_id, zone_id, name, code, jnereg, jneoke) VALUES (1374, 123, "Semaka", "TKG21314", "37000", "31000");
INSERT INTO `oc_city` (city_id, zone_id, name, code, jnereg, jneoke) VALUES (1375, 123, "Sukoharjo", "TKG21305", "37000", "31000");
INSERT INTO `oc_city` (city_id, zone_id, name, code, jnereg, jneoke) VALUES (1376, 123, "Sumberejo", "TKG21315", "37000", "31000");
INSERT INTO `oc_city` (city_id, zone_id, name, code, jnereg, jneoke) VALUES (1377, 123, "Talang Padang", "TKG21306", "30000", "24000");
INSERT INTO `oc_city` (city_id, zone_id, name, code, jnereg, jneoke) VALUES (1378, 123, "Ulubelu", "TKG21316", "37000", "31000");
INSERT INTO `oc_city` (city_id, zone_id, name, code, jnereg, jneoke) VALUES (1379, 123, "Wonosobo", "TKG21307", "37000", "31000");
INSERT INTO `oc_zone` (zone_id, country_id, name, status) VALUES (124, 8, "Kab. Tulang Bawang", 1);
INSERT INTO `oc_city` (city_id, zone_id, name, code, jnereg, jneoke) VALUES (1380, 124, "Banjar Agung", "TKG21204", "54000", "45000");
INSERT INTO `oc_city` (city_id, zone_id, name, code, jnereg, jneoke) VALUES (1381, 124, "Gedung Aji", "TKG21205", "54000", "45000");
INSERT INTO `oc_city` (city_id, zone_id, name, code, jnereg, jneoke) VALUES (1382, 124, "Gedung Meneng", "TKG21206", "54000", "45000");
INSERT INTO `oc_city` (city_id, zone_id, name, code, jnereg, jneoke) VALUES (1383, 124, "Gunung Terang", "TKG21207", "54000", "45000");
INSERT INTO `oc_city` (city_id, zone_id, name, code, jnereg, jneoke) VALUES (1384, 124, "Lambu Kibang", "TKG21208", "54000", "45000");
INSERT INTO `oc_city` (city_id, zone_id, name, code, jnereg, jneoke) VALUES (1385, 124, "Menggala", "TKG21200", "45000", "36000");
INSERT INTO `oc_city` (city_id, zone_id, name, code, jnereg, jneoke) VALUES (1386, 124, "Mesuji", "TKG21201", "54000", "45000");
INSERT INTO `oc_city` (city_id, zone_id, name, code, jnereg, jneoke) VALUES (1387, 124, "Penawar Tama", "TKG21209", "54000", "45000");
INSERT INTO `oc_city` (city_id, zone_id, name, code, jnereg, jneoke) VALUES (1388, 124, "Rawajitu Selatan", "TKG21210", "54000", "45000");
INSERT INTO `oc_city` (city_id, zone_id, name, code, jnereg, jneoke) VALUES (1389, 124, "Rawajitu Utara", "TKG21211", "54000", "45000");
INSERT INTO `oc_city` (city_id, zone_id, name, code, jnereg, jneoke) VALUES (1390, 124, "Simpang Pematang", "TKG21212", "54000", "45000");
INSERT INTO `oc_city` (city_id, zone_id, name, code, jnereg, jneoke) VALUES (1391, 124, "Tanjung Raya", "TKG21213", "54000", "45000");
INSERT INTO `oc_city` (city_id, zone_id, name, code, jnereg, jneoke) VALUES (1392, 124, "Tulang Bawang Tengah", "TKG21202", "54000", "45000");
INSERT INTO `oc_city` (city_id, zone_id, name, code, jnereg, jneoke) VALUES (1393, 124, "Tulang Bawang Udik", "TKG21203", "54000", "45000");
INSERT INTO `oc_city` (city_id, zone_id, name, code, jnereg, jneoke) VALUES (1394, 124, "Tumi Jajar", "TKG21214", "54000", "45000");
INSERT INTO `oc_city` (city_id, zone_id, name, code, jnereg, jneoke) VALUES (1395, 124, "Way Serdang", "TKG21215", "54000", "45000");
INSERT INTO `oc_zone` (zone_id, country_id, name, status) VALUES (125, 8, "Kab. Pesawaran", 1);
INSERT INTO `oc_city` (city_id, zone_id, name, code, jnereg, jneoke) VALUES (1396, 125, "Gedong Tataan", "TKG21400", "30000", "24000");
INSERT INTO `oc_city` (city_id, zone_id, name, code, jnereg, jneoke) VALUES (1397, 125, "Kedondong", "TKG21401", "39000", "33000");
INSERT INTO `oc_city` (city_id, zone_id, name, code, jnereg, jneoke) VALUES (1398, 125, "Negeri Katon", "TKG21403", "39000", "33000");
INSERT INTO `oc_city` (city_id, zone_id, name, code, jnereg, jneoke) VALUES (1399, 125, "Padang Cermin", "TKG21402", "39000", "33000");
INSERT INTO `oc_city` (city_id, zone_id, name, code, jnereg, jneoke) VALUES (1400, 125, "Pundung Pidada", "TKG21404", "39000", "33000");
INSERT INTO `oc_city` (city_id, zone_id, name, code, jnereg, jneoke) VALUES (1401, 125, "Tegineneng", "TKG21405", "39000", "33000");
INSERT INTO `oc_city` (city_id, zone_id, name, code, jnereg, jneoke) VALUES (1402, 125, "Way Lima", "TKG21406", "39000", "33000");
INSERT INTO `oc_zone` (zone_id, country_id, name, status) VALUES (126, 8, "Kota Bandar Lampung", 1);
INSERT INTO `oc_city` (city_id, zone_id, name, code, jnereg, jneoke, jneyes) VALUES (1403, 126, "Bandar Lampung", "TKG10000", "20000", "15000", "25000");
INSERT INTO `oc_city` (city_id, zone_id, name, code, jnereg, jneoke) VALUES (1404, 126, "Kedaton", "TKG10032", "20000", "15000");
INSERT INTO `oc_city` (city_id, zone_id, name, code, jnereg, jneoke) VALUES (1405, 126, "Kemiling", "TKG10033", "20000", "15000");
INSERT INTO `oc_city` (city_id, zone_id, name, code, jnereg, jneoke) VALUES (1406, 126, "Panjang", "TKG10034", "20000", "15000");
INSERT INTO `oc_city` (city_id, zone_id, name, code, jnereg, jneoke) VALUES (1407, 126, "Rajabasa", "TKG10035", "20000", "15000");
INSERT INTO `oc_city` (city_id, zone_id, name, code, jnereg, jneoke) VALUES (1408, 126, "Sukabumi", "TKG10036", "20000", "15000");
INSERT INTO `oc_city` (city_id, zone_id, name, code, jnereg, jneoke) VALUES (1409, 126, "Sukarame", "TKG10037", "20000", "15000");
INSERT INTO `oc_city` (city_id, zone_id, name, code, jnereg, jneoke) VALUES (1410, 126, "Tanjung Karang Barat", "TKG10038", "20000", "15000");
INSERT INTO `oc_city` (city_id, zone_id, name, code, jnereg, jneoke) VALUES (1411, 126, "Tanjung Karang Pusat", "TKG10039", "20000", "15000");
INSERT INTO `oc_city` (city_id, zone_id, name, code, jnereg, jneoke) VALUES (1412, 126, "Tanjung Karang Timur", "TKG10040", "20000", "15000");
INSERT INTO `oc_city` (city_id, zone_id, name, code, jnereg, jneoke) VALUES (1413, 126, "Tanjung Senang", "TKG10041", "20000", "15000");
INSERT INTO `oc_city` (city_id, zone_id, name, code, jnereg, jneoke) VALUES (1414, 126, "Teluk Betung Barat", "TKG10042", "20000", "15000");
INSERT INTO `oc_city` (city_id, zone_id, name, code, jnereg, jneoke) VALUES (1415, 126, "Teluk Betung Selatan", "TKG10043", "20000", "15000");
INSERT INTO `oc_city` (city_id, zone_id, name, code, jnereg, jneoke) VALUES (1416, 126, "Teluk Betung Utara", "TKG10044", "20000", "15000");
INSERT INTO `oc_zone` (zone_id, country_id, name, status) VALUES (127, 8, "Kota Metro", 1);
INSERT INTO `oc_city` (city_id, zone_id, name, code, jnereg, jneoke) VALUES (1417, 127, "Metro", "TKG20300", "30000", "24000");
INSERT INTO `oc_city` (city_id, zone_id, name, code, jnereg, jneoke) VALUES (1418, 127, "Metro Barat", "TKG20355", "30000", "24000");
INSERT INTO `oc_city` (city_id, zone_id, name, code, jnereg, jneoke) VALUES (1419, 127, "Metro Pusat", "TKG20356", "30000", "24000");
INSERT INTO `oc_city` (city_id, zone_id, name, code, jnereg, jneoke) VALUES (1420, 127, "Metro Selatan", "TKG20357", "30000", "24000");
INSERT INTO `oc_city` (city_id, zone_id, name, code, jnereg, jneoke) VALUES (1421, 127, "Metro Timur", "TKG20358", "30000", "24000");
INSERT INTO `oc_city` (city_id, zone_id, name, code, jnereg, jneoke) VALUES (1422, 127, "Metro Utara", "TKG20359", "30000", "24000");
INSERT INTO `oc_country` (country_id, name, iso_code_2, iso_code_3, postcode_required, status) VALUES (9, "Kepulauan Bangka Belitung", "ID", "IDN", 1, 1);
INSERT INTO `oc_zone` (zone_id, country_id, name, status) VALUES (128, 9, "Kab. Bangka", 1);
INSERT INTO `oc_city` (city_id, zone_id, name, code, jnereg, jneoke) VALUES (1423, 128, "Mendo Barat", "PGK10205", "35000", "29500");
INSERT INTO `oc_city` (city_id, zone_id, name, code, jnereg, jneoke) VALUES (1424, 128, "Merawang", "PGK10206", "35000", "29500");
INSERT INTO `oc_city` (city_id, zone_id, name, code, jnereg, jneoke) VALUES (1425, 128, "Puding Besar", "PGK10207", "35000", "29500");
INSERT INTO `oc_city` (city_id, zone_id, name, code, jnereg, jneoke) VALUES (1426, 128, "Sungailiat", "PGK10200", "30000", "24000");
INSERT INTO `oc_city` (city_id, zone_id, name, code, jnereg, jneoke) VALUES (1427, 128, "Pemali", "PGK10204", "35000", "29500");
INSERT INTO `oc_city` (city_id, zone_id, name, code, jnereg, jneoke) VALUES (1428, 128, "Bakam", "PGK10203", "35000", "29500");
INSERT INTO `oc_city` (city_id, zone_id, name, code, jnereg, jneoke) VALUES (1429, 128, "Belinyu", "PGK10201", "35000", "28000");
INSERT INTO `oc_city` (city_id, zone_id, name, code, jnereg, jneoke) VALUES (1430, 128, "Riau Silip", "PGK10202", "35000", "29500");
INSERT INTO `oc_zone` (zone_id, country_id, name, status) VALUES (129, 9, "Kab. Bangka Barat", 1);
INSERT INTO `oc_city` (city_id, zone_id, name, code, jnereg, jneoke) VALUES (1431, 129, "Kelapa", "PGK10300", "35000", "35000");
INSERT INTO `oc_city` (city_id, zone_id, name, code, jnereg, jneoke) VALUES (1432, 129, "Tempilang", "PGK10302", "42000", "35000");
INSERT INTO `oc_city` (city_id, zone_id, name, code, jnereg, jneoke) VALUES (1433, 129, "Mentok", "PGK10301", "35000", "28000");
INSERT INTO `oc_city` (city_id, zone_id, name, code, jnereg, jneoke) VALUES (1434, 129, "Simpang Teritip", "PGK10303", "42000", "35000");
INSERT INTO `oc_city` (city_id, zone_id, name, code, jnereg, jneoke) VALUES (1435, 129, "Jebus", "PGK10304", "35000", "28000");
INSERT INTO `oc_zone` (zone_id, country_id, name, status) VALUES (130, 9, "Kab. Bangka Tengah", 1);
INSERT INTO `oc_city` (city_id, zone_id, name, code, jnereg, jneoke) VALUES (1436, 130, "Koba", "PGK10400", "35000", "28000");
INSERT INTO `oc_city` (city_id, zone_id, name, code, jnereg, jneoke) VALUES (1437, 130, "Pangkalan Baru", "PGK10403", "41500", "34500");
INSERT INTO `oc_city` (city_id, zone_id, name, code, jnereg, jneoke) VALUES (1438, 130, "Sungai Selan", "PGK10401", "41500", "34500");
INSERT INTO `oc_city` (city_id, zone_id, name, code, jnereg, jneoke) VALUES (1439, 130, "Simpang Katis", "PGK10402", "41500", "34500");
INSERT INTO `oc_zone` (zone_id, country_id, name, status) VALUES (131, 9, "Kab. Bangka Selatan", 1);
INSERT INTO `oc_city` (city_id, zone_id, name, code, jnereg, jneoke) VALUES (1440, 131, "Payung", "PGK10502", "42000", "35000");
INSERT INTO `oc_city` (city_id, zone_id, name, code, jnereg, jneoke) VALUES (1441, 131, "Simpang Rima", "PGK10504", "42000", "35000");
INSERT INTO `oc_city` (city_id, zone_id, name, code, jnereg, jneoke) VALUES (1442, 131, "Toboali", "PGK10500", "35000", "28000");
INSERT INTO `oc_city` (city_id, zone_id, name, code, jnereg, jneoke) VALUES (1443, 131, "Air Gegas", "PGK10503", "42000", "35000");
INSERT INTO `oc_city` (city_id, zone_id, name, code, jnereg, jneoke) VALUES (1444, 131, "Lepar Pongok", "PGK10501", "42000", "35000");
INSERT INTO `oc_zone` (zone_id, country_id, name, status) VALUES (132, 9, "Kab. Belitung", 1);
INSERT INTO `oc_city` (city_id, zone_id, name, code, jnereg, jneoke) VALUES (1445, 132, "Membalong", "TJQ10005", "39000", "32000");
INSERT INTO `oc_city` (city_id, zone_id, name, code, jnereg, jneoke) VALUES (1446, 132, "Tanjung Pandan", "TJQ10000", "35000", "28000");
INSERT INTO `oc_city` (city_id, zone_id, name, code, jnereg, jneoke) VALUES (1447, 132, "Badau", "TJQ10008", "39000", "32000");
INSERT INTO `oc_city` (city_id, zone_id, name, code, jnereg, jneoke) VALUES (1448, 132, "Sijuk", "TJQ10009", "39000", "32000");
INSERT INTO `oc_city` (city_id, zone_id, name, code, jnereg, jneoke) VALUES (1449, 132, "Selat Nasik", "TJQ10006", "39000", "32000");
INSERT INTO `oc_zone` (zone_id, country_id, name, status) VALUES (133, 9, "Kab. Belitung Timur", 1);
INSERT INTO `oc_city` (city_id, zone_id, name, code, jnereg, jneoke) VALUES (1450, 133, "Dendang", "TJQ10101", "41000", "34000");
INSERT INTO `oc_city` (city_id, zone_id, name, code, jnereg, jneoke) VALUES (1451, 133, "Gantung", "TJQ10102", "41000", "34000");
INSERT INTO `oc_city` (city_id, zone_id, name, code, jnereg, jneoke) VALUES (1452, 133, "Manggar", "TJQ10100", "35000", "28000");
INSERT INTO `oc_city` (city_id, zone_id, name, code, jnereg, jneoke) VALUES (1453, 133, "Kelapa Kampit", "TJQ10103", "41000", "34000");
INSERT INTO `oc_zone` (zone_id, country_id, name, status) VALUES (134, 9, "Kota Pangkal Pinang", 1);
INSERT INTO `oc_city` (city_id, zone_id, name, code, jnereg, jneoke) VALUES (1454, 134, "Rangkui", "PGK10014", "24000", "18000");
INSERT INTO `oc_city` (city_id, zone_id, name, code, jnereg, jneoke) VALUES (1455, 134, "Bukit Intan", "PGK10015", "24000", "18000");
INSERT INTO `oc_city` (city_id, zone_id, name, code, jnereg, jneoke) VALUES (1456, 134, "Pangkal Balam", "PGK10016", "24000", "18000");
INSERT INTO `oc_city` (city_id, zone_id, name, code, jnereg, jneoke, jneyes) VALUES (1457, 134, "Pangkal Pinang", "PGK10000", "24000", "18000", "33000");
INSERT INTO `oc_city` (city_id, zone_id, name, code, jnereg, jneoke) VALUES (1458, 134, "Gerunggang", "PGK10017", "24000", "18000");
INSERT INTO `oc_country` (country_id, name, iso_code_2, iso_code_3, postcode_required, status) VALUES (10, "Kepulauan Riau", "ID", "IDN", 1, 1);
INSERT INTO `oc_zone` (zone_id, country_id, name, status) VALUES (135, 10, "Kab. Karimun", 1);
INSERT INTO `oc_city` (city_id, zone_id, name, code, jnereg, jneoke) VALUES (1459, 135, "Tanjung Balai Karimun", "BTH10400", "40000", "32000");
INSERT INTO `oc_city` (city_id, zone_id, name, code) VALUES (1460, 135, "Buru", "BTH10401");
INSERT INTO `oc_city` (city_id, zone_id, name, code) VALUES (1461, 135, "Karimun", "BTH10402");
INSERT INTO `oc_city` (city_id, zone_id, name, code) VALUES (1462, 135, "Kundur", "BTH10403");
INSERT INTO `oc_city` (city_id, zone_id, name, code) VALUES (1463, 135, "Kundur Barat", "BTH10404");
INSERT INTO `oc_city` (city_id, zone_id, name, code) VALUES (1464, 135, "Kundur Utara", "BTH10405");
INSERT INTO `oc_city` (city_id, zone_id, name, code) VALUES (1465, 135, "Meral", "BTH10406");
INSERT INTO `oc_city` (city_id, zone_id, name, code) VALUES (1466, 135, "Moro", "BTH10407");
INSERT INTO `oc_city` (city_id, zone_id, name, code) VALUES (1467, 135, "Tebing", "BTH10408");
INSERT INTO `oc_city` (city_id, zone_id, name, code) VALUES (1468, 135, "Tanjung Batu", "BTH10409");
INSERT INTO `oc_zone` (zone_id, country_id, name, status) VALUES (136, 10, "Kab. Bintan", 1);
INSERT INTO `oc_city` (city_id, zone_id, name, code, jnereg, jneoke) VALUES (1469, 136, "Bandar Seri Bintan", "TNJ10100", "50000", "40000");
INSERT INTO `oc_city` (city_id, zone_id, name, code, jnereg, jneoke) VALUES (1470, 136, "Bintan Timur", "TNJ10101", "58000", "48000");
INSERT INTO `oc_city` (city_id, zone_id, name, code, jnereg, jneoke) VALUES (1471, 136, "Tanjung Uban/Bintan Utara", "TNJ10102", "40000", "32000");
INSERT INTO `oc_city` (city_id, zone_id, name, code, jnereg, jneoke) VALUES (1472, 136, "Gunung Kijang", "TNJ10103", "58000", "40000");
INSERT INTO `oc_city` (city_id, zone_id, name, code, jnereg, jneoke) VALUES (1473, 136, "Tambelan", "TNJ10104", "58000", "40000");
INSERT INTO `oc_city` (city_id, zone_id, name, code, jnereg, jneoke) VALUES (1474, 136, "Teluk Bintan", "TNJ10105", "58000", "40000");
INSERT INTO `oc_city` (city_id, zone_id, name, code, jnereg, jneoke) VALUES (1475, 136, "Teluk Sebong", "TNJ10106", "58000", "40000");
INSERT INTO `oc_city` (city_id, zone_id, name, code, jnereg, jneoke) VALUES (1476, 136, "Lagoi", "TNJ10107", "45000", "36000");
INSERT INTO `oc_zone` (zone_id, country_id, name, status) VALUES (137, 10, "Kab. Lingga", 1);
INSERT INTO `oc_city` (city_id, zone_id, name, code, jnereg, jneoke) VALUES (1477, 137, "Daik", "BTH10200", "60000", "48000");
INSERT INTO `oc_city` (city_id, zone_id, name, code, jnereg, jneoke) VALUES (1478, 137, "Lingga", "BTH10201", "68000", "48000");
INSERT INTO `oc_city` (city_id, zone_id, name, code, jnereg, jneoke) VALUES (1479, 137, "Lingga Utara", "BTH10202", "68000", "57000");
INSERT INTO `oc_city` (city_id, zone_id, name, code, jnereg, jneoke) VALUES (1480, 137, "Senayang", "BTH10203", "68000", "57000");
INSERT INTO `oc_city` (city_id, zone_id, name, code, jnereg, jneoke) VALUES (1481, 137, "Singkep", "BTH10204", "45000", "57000");
INSERT INTO `oc_city` (city_id, zone_id, name, code, jnereg, jneoke) VALUES (1482, 137, "Singkep Barat", "BTH10205", "68000", "57000");
INSERT INTO `oc_zone` (zone_id, country_id, name, status) VALUES (138, 10, "Kab. Natuna", 1);
INSERT INTO `oc_city` (city_id, zone_id, name, code, jnereg, jneoke) VALUES (1483, 138, "Bunguran Barat", "BTH10301", "48000", "39000");
INSERT INTO `oc_city` (city_id, zone_id, name, code, jnereg, jneoke) VALUES (1484, 138, "Bunguran Timur", "BTH10302", "48000", "39000");
INSERT INTO `oc_city` (city_id, zone_id, name, code, jnereg, jneoke) VALUES (1485, 138, "Bunguran Timur Laut", "BTH10303", "48000", "39000");
INSERT INTO `oc_city` (city_id, zone_id, name, code, jnereg, jneoke) VALUES (1486, 138, "Bunguran Tengah", "BTH10304", "48000", "39000");
INSERT INTO `oc_city` (city_id, zone_id, name, code, jnereg, jneoke) VALUES (1487, 138, "Bunguran Utara", "BTH10305", "48000", "39000");
INSERT INTO `oc_city` (city_id, zone_id, name, code, jnereg, jneoke) VALUES (1488, 138, "Jemaja", "BTH10306", "48000", "39000");
INSERT INTO `oc_city` (city_id, zone_id, name, code, jnereg, jneoke) VALUES (1489, 138, "Jemaja Timur", "BTH10307", "48000", "39000");
INSERT INTO `oc_city` (city_id, zone_id, name, code, jnereg, jneoke) VALUES (1490, 138, "Midai", "BTH10308", "48000", "39000");
INSERT INTO `oc_city` (city_id, zone_id, name, code, jnereg, jneoke) VALUES (1491, 138, "Pal Matak", "BTH10309", "48000", "39000");
INSERT INTO `oc_city` (city_id, zone_id, name, code, jnereg, jneoke) VALUES (1492, 138, "Ranai", "BTH10300", "45000", "36000");
INSERT INTO `oc_city` (city_id, zone_id, name, code, jnereg, jneoke) VALUES (1493, 138, "Serasan", "BTH10310", "48000", "39000");
INSERT INTO `oc_city` (city_id, zone_id, name, code, jnereg, jneoke) VALUES (1494, 138, "Siantan", "BTH10311", "48000", "39000");
INSERT INTO `oc_city` (city_id, zone_id, name, code, jnereg, jneoke) VALUES (1495, 138, "Siantan Selatan", "BTH10312", "48000", "39000");
INSERT INTO `oc_city` (city_id, zone_id, name, code, jnereg, jneoke) VALUES (1496, 138, "Siantan Timur", "BTH10313", "48000", "39000");
INSERT INTO `oc_city` (city_id, zone_id, name, code, jnereg, jneoke) VALUES (1497, 138, "Subi", "BTH10314", "48000", "39000");
INSERT INTO `oc_city` (city_id, zone_id, name, code, jnereg, jneoke) VALUES (1498, 138, "Pulau Laut", "BTH10315", "48000", "39000");
INSERT INTO `oc_city` (city_id, zone_id, name, code, jnereg, jneoke) VALUES (1499, 138, "Pulau Tiga", "BTH10316", "48000", "39000");
INSERT INTO `oc_zone` (zone_id, country_id, name, status) VALUES (139, 10, "Kota Batam", 1);
INSERT INTO `oc_city` (city_id, zone_id, name, code, jnereg, jneoke, jneyes) VALUES (1500, 139, "Batam", "BTH10000", "26000", "19500", "35000");
INSERT INTO `oc_city` (city_id, zone_id, name, code, jnereg, jneoke) VALUES (1501, 139, "Batu Ampar", "BTH10080", "26000", "19500");
INSERT INTO `oc_city` (city_id, zone_id, name, code, jnereg, jneoke) VALUES (1502, 139, "Belakang Padang", "BTH10081", "26000", "19500");
INSERT INTO `oc_city` (city_id, zone_id, name, code, jnereg, jneoke) VALUES (1503, 139, "Bulang Galang", "BTH10082", "26000", "19500");
INSERT INTO `oc_city` (city_id, zone_id, name, code, jnereg, jneoke) VALUES (1504, 139, "Galang", "BTH10083", "26000", "19500");
INSERT INTO `oc_city` (city_id, zone_id, name, code, jnereg, jneoke) VALUES (1505, 139, "Lubuk Baja", "BTH10084", "26000", "19500");
INSERT INTO `oc_city` (city_id, zone_id, name, code, jnereg, jneoke) VALUES (1506, 139, "Nongsa/ Kabil/ Lagoi", "BTH10052", "30000", "24000");
INSERT INTO `oc_city` (city_id, zone_id, name, code, jnereg, jneoke) VALUES (1507, 139, "Sei Beduk", "BTH10085", "26000", "19500");
INSERT INTO `oc_city` (city_id, zone_id, name, code, jnereg, jneoke) VALUES (1508, 139, "Sekupang/ Tanjung Ucang", "BTH10054", "26000", "19500");
INSERT INTO `oc_zone` (zone_id, country_id, name, status) VALUES (140, 10, "Kota Tanjung Pinang", 1);
INSERT INTO `oc_city` (city_id, zone_id, name, code, jnereg, jneoke) VALUES (1509, 140, "Tanjung Pinang", "TNJ10000", "35000", "26500");
INSERT INTO `oc_city` (city_id, zone_id, name, code, jnereg, jneoke) VALUES (1510, 140, "Bukit Bestari", "TNJ10016", "35000", "26500");
INSERT INTO `oc_city` (city_id, zone_id, name, code, jnereg, jneoke) VALUES (1511, 140, "Tanjung Pinang Barat", "TNJ10017", "35000", "26500");
INSERT INTO `oc_city` (city_id, zone_id, name, code, jnereg, jneoke) VALUES (1512, 140, "Tanjung Pinang Kota", "TNJ10018", "35000", "26500");
INSERT INTO `oc_city` (city_id, zone_id, name, code, jnereg, jneoke) VALUES (1513, 140, "Tanjung Pinang Timur", "TNJ10019", "35000", "26500");
INSERT INTO `oc_city` (city_id, zone_id, name, code, jnereg, jneoke) VALUES (1514, 140, "Senggarang", "TNJ10020", "35000", "26500");
INSERT INTO `oc_city` (city_id, zone_id, name, code, jnereg, jneoke) VALUES (1515, 140, "Dompak", "TNJ10021", "35000", "26500");
INSERT INTO `oc_city` (city_id, zone_id, name, code, jnereg, jneoke) VALUES (1516, 140, "Kota Piring", "TNJ10030", "35000", "26500");
INSERT INTO `oc_country` (country_id, name, iso_code_2, iso_code_3, postcode_required, status) VALUES (11, "Banten", "ID", "IDN", 1, 1);
INSERT INTO `oc_zone` (zone_id, country_id, name, status) VALUES (141, 11, "Kab. Lebak", 1);
INSERT INTO `oc_city` (city_id, zone_id, name, code, jnereg, jneoke) VALUES (1517, 141, "Banjarsari", "CLG20201", "22500", "18500");
INSERT INTO `oc_city` (city_id, zone_id, name, code, jnereg, jneoke) VALUES (1518, 141, "Bayah", "CLG20202", "22500", "18500");
INSERT INTO `oc_city` (city_id, zone_id, name, code, jnereg, jneoke) VALUES (1519, 141, "Bojongmanik", "CLG20203", "22500", "18500");
INSERT INTO `oc_city` (city_id, zone_id, name, code, jnereg, jneoke) VALUES (1520, 141, "Cibadak", "CLG20204", "22500", "18500");
INSERT INTO `oc_city` (city_id, zone_id, name, code, jnereg, jneoke) VALUES (1521, 141, "Cibeber", "CLG20205", "22500", "18500");
INSERT INTO `oc_city` (city_id, zone_id, name, code, jnereg, jneoke) VALUES (1522, 141, "Cijaku", "CLG20206", "22500", "18500");
INSERT INTO `oc_city` (city_id, zone_id, name, code, jnereg, jneoke) VALUES (1523, 141, "Cikulur", "CLG20207", "22500", "18500");
INSERT INTO `oc_city` (city_id, zone_id, name, code, jnereg, jneoke) VALUES (1524, 141, "Cileles", "CLG20208", "22500", "18500");
INSERT INTO `oc_city` (city_id, zone_id, name, code, jnereg, jneoke) VALUES (1525, 141, "Cimarga", "CLG20209", "22500", "18500");
INSERT INTO `oc_city` (city_id, zone_id, name, code, jnereg, jneoke) VALUES (1526, 141, "Cipanas", "CLG20210", "22500", "18500");
INSERT INTO `oc_city` (city_id, zone_id, name, code, jnereg, jneoke) VALUES (1527, 141, "Curugbitung", "CLG20221", "22500", "18500");
INSERT INTO `oc_city` (city_id, zone_id, name, code, jnereg, jneoke) VALUES (1528, 141, "Gunungkencana", "CLG20211", "22500", "18500");
INSERT INTO `oc_city` (city_id, zone_id, name, code, jnereg, jneoke) VALUES (1529, 141, "Leuwidamar", "CLG20212", "22500", "18500");
INSERT INTO `oc_city` (city_id, zone_id, name, code, jnereg, jneoke) VALUES (1530, 141, "Maja", "CLG20213", "22500", "18500");
INSERT INTO `oc_city` (city_id, zone_id, name, code, jnereg, jneoke) VALUES (1531, 141, "Malingping", "CLG20214", "22500", "18500");
INSERT INTO `oc_city` (city_id, zone_id, name, code, jnereg, jneoke) VALUES (1532, 141, "Muncang", "CLG20215", "22500", "18500");
INSERT INTO `oc_city` (city_id, zone_id, name, code, jnereg, jneoke) VALUES (1533, 141, "Panggarangan", "CLG20216", "22500", "18500");
INSERT INTO `oc_city` (city_id, zone_id, name, code, jnereg, jneoke) VALUES (1534, 141, "Rangkasbitung", "CLG20200", "16500", "12000");
INSERT INTO `oc_city` (city_id, zone_id, name, code, jnereg, jneoke) VALUES (1535, 141, "Sajira", "CLG20217", "22500", "18500");
INSERT INTO `oc_city` (city_id, zone_id, name, code, jnereg, jneoke) VALUES (1536, 141, "Sobang", "CLG20223", "22500", "18500");
INSERT INTO `oc_city` (city_id, zone_id, name, code, jnereg, jneoke) VALUES (1537, 141, "Wanasalam", "CLG20218", "22500", "18500");
INSERT INTO `oc_city` (city_id, zone_id, name, code, jnereg, jneoke) VALUES (1538, 141, "Warunggunung", "CLG20219", "22500", "18500");
INSERT INTO `oc_zone` (zone_id, country_id, name, status) VALUES (142, 11, "Kab. Pandeglang", 1);
INSERT INTO `oc_city` (city_id, zone_id, name, code, jnereg, jneoke) VALUES (1539, 142, "Angsana", "CLG20122", "21500", "18000");
INSERT INTO `oc_city` (city_id, zone_id, name, code, jnereg, jneoke) VALUES (1540, 142, "Banjar", "CLG20101", "21500", "18000");
INSERT INTO `oc_city` (city_id, zone_id, name, code, jnereg, jneoke) VALUES (1541, 142, "Bojong", "CLG20103", "21500", "18000");
INSERT INTO `oc_city` (city_id, zone_id, name, code, jnereg, jneoke) VALUES (1542, 142, "Cadas Sari", "CLG20105", "21500", "18000");
INSERT INTO `oc_city` (city_id, zone_id, name, code, jnereg, jneoke) VALUES (1543, 142, "Carita", "CLG20123", "21500", "18000");
INSERT INTO `oc_city` (city_id, zone_id, name, code, jnereg, jneoke) VALUES (1544, 142, "Cibaliung", "CLG20106", "21500", "18000");
INSERT INTO `oc_city` (city_id, zone_id, name, code, jnereg, jneoke) VALUES (1545, 142, "Cibitung", "CLG20124", "21500", "18000");
INSERT INTO `oc_city` (city_id, zone_id, name, code, jnereg, jneoke) VALUES (1546, 142, "Cigeulis", "CLG20125", "21500", "18000");
INSERT INTO `oc_city` (city_id, zone_id, name, code, jnereg, jneoke) VALUES (1547, 142, "Cikedal", "CLG20126", "21500", "18000");
INSERT INTO `oc_city` (city_id, zone_id, name, code) VALUES (1548, 142, "Cikeusik", "CLG20108");
INSERT INTO `oc_city` (city_id, zone_id, name, code, jnereg, jneoke) VALUES (1549, 142, "Cimanggu", "CLG20109", "21500", "18000");
INSERT INTO `oc_city` (city_id, zone_id, name, code, jnereg, jneoke) VALUES (1550, 142, "Cimanuk", "CLG20110", "21500", "18000");
INSERT INTO `oc_city` (city_id, zone_id, name, code, jnereg, jneoke) VALUES (1551, 142, "Cipeucang", "CLG20128", "21500", "18000");
INSERT INTO `oc_city` (city_id, zone_id, name, code, jnereg, jneoke) VALUES (1552, 142, "Cisata", "CLG20129", "21500", "18000");
INSERT INTO `oc_city` (city_id, zone_id, name, code, jnereg, jneoke) VALUES (1553, 142, "Jiput", "CLG20112", "21500", "18000");
INSERT INTO `oc_city` (city_id, zone_id, name, code, jnereg, jneoke) VALUES (1554, 142, "Kaduhejo", "CLG20130", "21500", "18000");
INSERT INTO `oc_city` (city_id, zone_id, name, code, jnereg, jneoke) VALUES (1555, 142, "Karangtanjung", "CLG20131", "21500", "18000");
INSERT INTO `oc_city` (city_id, zone_id, name, code, jnereg, jneoke) VALUES (1556, 142, "Labuan", "CLG20113", "21500", "18000");
INSERT INTO `oc_city` (city_id, zone_id, name, code, jnereg, jneoke) VALUES (1557, 142, "Mandalawangi", "CLG20114", "21500", "18000");
INSERT INTO `oc_city` (city_id, zone_id, name, code, jnereg, jneoke) VALUES (1558, 142, "Menes", "CLG20115", "21500", "18000");
INSERT INTO `oc_city` (city_id, zone_id, name, code, jnereg, jneoke) VALUES (1559, 142, "Munjul", "CLG20116", "21500", "18000");
INSERT INTO `oc_city` (city_id, zone_id, name, code, jnereg, jneoke) VALUES (1560, 142, "Pagelaran", "CLG20118", "21500", "18000");
INSERT INTO `oc_city` (city_id, zone_id, name, code, jnereg, jneoke) VALUES (1561, 142, "Pandeglang", "CLG20100", "14000", "10500");
INSERT INTO `oc_city` (city_id, zone_id, name, code, jnereg, jneoke) VALUES (1562, 142, "Panimbang", "CLG20133", "21500", "18000");
INSERT INTO `oc_city` (city_id, zone_id, name, code, jnereg, jneoke) VALUES (1563, 142, "Patia", "CLG20134", "21500", "18000");
INSERT INTO `oc_city` (city_id, zone_id, name, code, jnereg, jneoke) VALUES (1564, 142, "Picung", "CLG20135", "21500", "18000");
INSERT INTO `oc_city` (city_id, zone_id, name, code, jnereg, jneoke) VALUES (1565, 142, "Saketi", "CLG20120", "21500", "18000");
INSERT INTO `oc_city` (city_id, zone_id, name, code, jnereg, jneoke) VALUES (1566, 142, "Sukaresmi", "CLG20136", "21500", "18000");
INSERT INTO `oc_city` (city_id, zone_id, name, code, jnereg, jneoke) VALUES (1567, 142, "Sumur", "CLG20121", "21500", "18000");
INSERT INTO `oc_zone` (zone_id, country_id, name, status) VALUES (143, 11, "Kab. Serang", 1);
INSERT INTO `oc_city` (city_id, zone_id, name, code, jnereg, jneoke) VALUES (1568, 143, "Anyar", "CLG20501", "15000", "11500");
INSERT INTO `oc_city` (city_id, zone_id, name, code, jnereg, jneoke) VALUES (1569, 143, "Baros", "CLG20500", "14000", "10500");
INSERT INTO `oc_city` (city_id, zone_id, name, code, jnereg, jneoke) VALUES (1570, 143, "Binuang", "CLG20502", "15500", "12000");
INSERT INTO `oc_city` (city_id, zone_id, name, code, jnereg, jneoke) VALUES (1571, 143, "Bojonegara", "CLG20503", "15500", "12000");
INSERT INTO `oc_city` (city_id, zone_id, name, code, jnereg, jneoke) VALUES (1572, 143, "Carenang", "CLG20504", "15500", "12000");
INSERT INTO `oc_city` (city_id, zone_id, name, code, jnereg, jneoke) VALUES (1573, 143, "Cikande", "CLG20505", "15500", "12000");
INSERT INTO `oc_city` (city_id, zone_id, name, code, jnereg, jneoke) VALUES (1574, 143, "Cikeusal", "CLG20506", "15500", "12000");
INSERT INTO `oc_city` (city_id, zone_id, name, code, jnereg, jneoke) VALUES (1575, 143, "Cinangka", "CLG20507", "15500", "12000");
INSERT INTO `oc_city` (city_id, zone_id, name, code, jnereg, jneoke) VALUES (1576, 143, "Ciomas", "CLG20508", "15500", "12000");
INSERT INTO `oc_city` (city_id, zone_id, name, code, jnereg, jneoke) VALUES (1577, 143, "Ciruas", "CLG20509", "15500", "12000");
INSERT INTO `oc_city` (city_id, zone_id, name, code, jnereg, jneoke) VALUES (1578, 143, "Jawilan", "CLG20510", "15500", "12000");
INSERT INTO `oc_city` (city_id, zone_id, name, code, jnereg, jneoke) VALUES (1579, 143, "Kibin", "CLG20511", "15500", "12000");
INSERT INTO `oc_city` (city_id, zone_id, name, code, jnereg, jneoke) VALUES (1580, 143, "Kopo", "CLG20512", "15500", "12000");
INSERT INTO `oc_city` (city_id, zone_id, name, code, jnereg, jneoke) VALUES (1581, 143, "Kragilan", "CLG20513", "15500", "12000");
INSERT INTO `oc_city` (city_id, zone_id, name, code, jnereg, jneoke) VALUES (1582, 143, "Kramatwatu", "CLG20514", "15500", "12000");
INSERT INTO `oc_city` (city_id, zone_id, name, code, jnereg, jneoke) VALUES (1583, 143, "Mancak", "CLG20515", "15500", "12000");
INSERT INTO `oc_city` (city_id, zone_id, name, code, jnereg, jneoke) VALUES (1584, 143, "Pabuaran", "CLG20516", "15500", "12000");
INSERT INTO `oc_city` (city_id, zone_id, name, code, jnereg, jneoke) VALUES (1585, 143, "Padarincang", "CLG20517", "15500", "12000");
INSERT INTO `oc_city` (city_id, zone_id, name, code, jnereg, jneoke) VALUES (1586, 143, "Pamarayan", "CLG20518", "15500", "12000");
INSERT INTO `oc_city` (city_id, zone_id, name, code, jnereg, jneoke) VALUES (1587, 143, "Petir", "CLG20519", "15500", "12000");
INSERT INTO `oc_city` (city_id, zone_id, name, code, jnereg, jneoke) VALUES (1588, 143, "Pontang", "CLG20520", "15500", "12000");
INSERT INTO `oc_city` (city_id, zone_id, name, code, jnereg, jneoke) VALUES (1589, 143, "Puloampel", "CLG20521", "15500", "12000");
INSERT INTO `oc_city` (city_id, zone_id, name, code, jnereg, jneoke) VALUES (1590, 143, "Tanara", "CLG20522", "15500", "12000");
INSERT INTO `oc_city` (city_id, zone_id, name, code, jnereg, jneoke) VALUES (1591, 143, "Tirtayasa", "CLG20523", "15500", "12000");
INSERT INTO `oc_city` (city_id, zone_id, name, code, jnereg, jneoke) VALUES (1592, 143, "Tunjung Teja", "CLG20524", "15500", "12000");
INSERT INTO `oc_city` (city_id, zone_id, name, code, jnereg, jneoke) VALUES (1593, 143, "Waringinkurung", "CLG20525", "15500", "12000");
INSERT INTO `oc_zone` (zone_id, country_id, name, status) VALUES (144, 11, "Kab. Tangerang", 1);
INSERT INTO `oc_city` (city_id, zone_id, name, code, jnereg, jneoke) VALUES (1594, 144, "Balaraja", "TGR10101", "12000", "9000");
INSERT INTO `oc_city` (city_id, zone_id, name, code, jnereg, jneoke) VALUES (1595, 144, "Cikupa", "TGR10102", "12000", "9000");
INSERT INTO `oc_city` (city_id, zone_id, name, code, jnereg, jneoke) VALUES (1596, 144, "Ciputat", "TGR10117", "12000", "9000");
INSERT INTO `oc_city` (city_id, zone_id, name, code, jnereg, jneoke) VALUES (1597, 144, "Cisauk", "TGR10118", "12000", "9000");
INSERT INTO `oc_city` (city_id, zone_id, name, code, jnereg, jneoke) VALUES (1598, 144, "Cisoka", "TGR10103", "12000", "9000");
INSERT INTO `oc_city` (city_id, zone_id, name, code, jnereg, jneoke) VALUES (1599, 144, "Curug", "TGR10104", "12000", "9000");
INSERT INTO `oc_city` (city_id, zone_id, name, code, jnereg, jneoke) VALUES (1600, 144, "Jambe", "TGR10119", "12000", "9000");
INSERT INTO `oc_city` (city_id, zone_id, name, code, jnereg, jneoke) VALUES (1601, 144, "Jayanti", "TGR10120", "12000", "9000");
INSERT INTO `oc_city` (city_id, zone_id, name, code, jnereg, jneoke) VALUES (1602, 144, "Kemiri", "TGR10121", "12000", "9000");
INSERT INTO `oc_city` (city_id, zone_id, name, code, jnereg, jneoke) VALUES (1603, 144, "Kosambi /Salembaran jati", "TGR10122", "12000", "9000");
INSERT INTO `oc_city` (city_id, zone_id, name, code, jnereg, jneoke) VALUES (1604, 144, "Kresek", "TGR10106", "12000", "9000");
INSERT INTO `oc_city` (city_id, zone_id, name, code, jnereg, jneoke) VALUES (1605, 144, "Kronjo", "TGR10105", "12000", "9000");
INSERT INTO `oc_city` (city_id, zone_id, name, code, jnereg, jneoke) VALUES (1606, 144, "Legok", "TGR10107", "12000", "9000");
INSERT INTO `oc_city` (city_id, zone_id, name, code, jnereg, jneoke) VALUES (1607, 144, "Mauk", "TGR10108", "12000", "9000");
INSERT INTO `oc_city` (city_id, zone_id, name, code, jnereg, jneoke) VALUES (1608, 144, "Pagedangan", "TGR10123", "12000", "9000");
INSERT INTO `oc_city` (city_id, zone_id, name, code, jnereg, jneoke) VALUES (1609, 144, "Pakuhaji", "TGR10110", "12000", "9000");
INSERT INTO `oc_city` (city_id, zone_id, name, code, jnereg, jneoke) VALUES (1610, 144, "Pamulang", "TGR10116", "12000", "9000");
INSERT INTO `oc_city` (city_id, zone_id, name, code, jnereg, jneoke) VALUES (1611, 144, "Panongan", "TGR10124", "12000", "9000");
INSERT INTO `oc_city` (city_id, zone_id, name, code, jnereg, jneoke) VALUES (1612, 144, "Pasarkemis", "TGR10109", "12000", "9000");
INSERT INTO `oc_city` (city_id, zone_id, name, code, jnereg, jneoke) VALUES (1613, 144, "Pondok Aren/ Jurang Mangu", "TGR10115", "12000", "9000");
INSERT INTO `oc_city` (city_id, zone_id, name, code, jnereg, jneoke) VALUES (1614, 144, "Rajeg", "TGR10111", "12000", "9000");
INSERT INTO `oc_city` (city_id, zone_id, name, code, jnereg, jneoke) VALUES (1615, 144, "Sepatan /Jatimulya/Cengklong", "TGR10112", "12000", "9000");
INSERT INTO `oc_city` (city_id, zone_id, name, code, jnereg, jneoke) VALUES (1616, 144, "Serpong", "TGR10113", "12000", "9000");
INSERT INTO `oc_city` (city_id, zone_id, name, code, jnereg, jneoke) VALUES (1617, 144, "Sukadiri", "TGR10125", "12000", "9000");
INSERT INTO `oc_city` (city_id, zone_id, name, code, jnereg, jneoke) VALUES (1618, 144, "Teluknaga", "TGR10114", "12000", "9000");
INSERT INTO `oc_city` (city_id, zone_id, name, code, jnereg, jneoke) VALUES (1619, 144, "Tigaraksa", "TGR10100", "12000", "9000");
INSERT INTO `oc_city` (city_id, zone_id, name, code, jnereg, jneoke) VALUES (1620, 144, "Cibeber", "CLG10037", "12000", "9000");
INSERT INTO `oc_city` (city_id, zone_id, name, code, jnereg, jneoke, jneyes) VALUES (1621, 144, "Cilegon", "CLG10000", "12000", "9000", "17500");
INSERT INTO `oc_city` (city_id, zone_id, name, code, jnereg, jneoke) VALUES (1622, 144, "Citangkil", "CLG10039", "12000", "9000");
INSERT INTO `oc_city` (city_id, zone_id, name, code, jnereg, jneoke) VALUES (1623, 144, "Ciwandan", "CLG10040", "12000", "9000");
INSERT INTO `oc_city` (city_id, zone_id, name, code, jnereg, jneoke) VALUES (1624, 144, "Gerogol", "CLG10041", "12000", "9000");
INSERT INTO `oc_city` (city_id, zone_id, name, code, jnereg, jneoke) VALUES (1625, 144, "Jombang", "CLG10042", "12000", "9000");
INSERT INTO `oc_city` (city_id, zone_id, name, code, jnereg, jneoke) VALUES (1626, 144, "Merak", "CLG10004", "14000", "10500");
INSERT INTO `oc_city` (city_id, zone_id, name, code, jnereg, jneoke) VALUES (1627, 144, "Purwakarta", "CLG10043", "12000", "9000");
INSERT INTO `oc_zone` (zone_id, country_id, name, status) VALUES (145, 11, "Kota Tangerang", 1);
INSERT INTO `oc_city` (city_id, zone_id, name, code, jnereg, jneoke) VALUES (1628, 145, "Batuceper", "TGR10046", "12000", "9000");
INSERT INTO `oc_city` (city_id, zone_id, name, code, jnereg, jneoke) VALUES (1629, 145, "Benda", "TGR10047", "12000", "9000");
INSERT INTO `oc_city` (city_id, zone_id, name, code, jnereg, jneoke) VALUES (1630, 145, "Cibodas", "TGR10048", "12000", "9000");
INSERT INTO `oc_city` (city_id, zone_id, name, code, jnereg, jneoke) VALUES (1631, 145, "Ciledug", "TGR10036", "12000", "9000");
INSERT INTO `oc_city` (city_id, zone_id, name, code, jnereg, jneoke) VALUES (1632, 145, "Cipondoh", "TGR10049", "12000", "9000");
INSERT INTO `oc_city` (city_id, zone_id, name, code, jnereg, jneoke) VALUES (1633, 145, "Jatiuwung", "TGR10050", "12000", "9000");
INSERT INTO `oc_city` (city_id, zone_id, name, code, jnereg, jneoke) VALUES (1634, 145, "Karangtengah", "TGR10051", "12000", "9000");
INSERT INTO `oc_city` (city_id, zone_id, name, code, jnereg, jneoke) VALUES (1635, 145, "Karawaci", "TGR10052", "12000", "9000");
INSERT INTO `oc_city` (city_id, zone_id, name, code, jnereg, jneoke) VALUES (1636, 145, "Larangan", "TGR10053", "12000", "9000");
INSERT INTO `oc_city` (city_id, zone_id, name, code, jnereg, jneoke) VALUES (1637, 145, "Neglasari", "TGR10054", "12000", "9000");
INSERT INTO `oc_city` (city_id, zone_id, name, code, jnereg, jneoke) VALUES (1638, 145, "Periuk", "TGR10055", "12000", "9000");
INSERT INTO `oc_city` (city_id, zone_id, name, code, jnereg, jneoke) VALUES (1639, 145, "Pinang", "TGR10056", "12000", "9000");
INSERT INTO `oc_city` (city_id, zone_id, name, code, jnereg, jneoke, jneyes) VALUES (1640, 145, "Tangerang", "TGR10000", "12000", "9000", "17500");
INSERT INTO `oc_zone` (zone_id, country_id, name, status) VALUES (146, 11, "Kota Serang", 1);
INSERT INTO `oc_city` (city_id, zone_id, name, code, jnereg, jneoke) VALUES (1641, 146, "Cipocok Jaya", "CLG20328", "14000", "10500");
INSERT INTO `oc_city` (city_id, zone_id, name, code, jnereg, jneoke) VALUES (1642, 146, "Curug", "CLG20310", "14000", "10500");
INSERT INTO `oc_city` (city_id, zone_id, name, code, jnereg, jneoke) VALUES (1643, 146, "Kasemen", "CLG20312", "14000", "10500");
INSERT INTO `oc_city` (city_id, zone_id, name, code, jnereg, jneoke) VALUES (1644, 146, "Serang", "CLG20300", "14000", "10500");
INSERT INTO `oc_city` (city_id, zone_id, name, code, jnereg, jneoke) VALUES (1645, 146, "Taktakan", "CLG20323", "14000", "10500");
INSERT INTO `oc_city` (city_id, zone_id, name, code, jnereg, jneoke) VALUES (1646, 146, "Walantaka", "CLG20327", "14000", "10500");
INSERT INTO `oc_country` (country_id, name, iso_code_2, iso_code_3, postcode_required, status) VALUES (12, "Jawa Barat", "ID", "IDN", 1, 1);
INSERT INTO `oc_zone` (zone_id, country_id, name, status) VALUES (147, 12, "Kab. Bandung", 1);
INSERT INTO `oc_city` (city_id, zone_id, name, code, jnereg, jneoke) VALUES (1647, 147, "Arjasari", "BDO10101", "13000", "10000");
INSERT INTO `oc_city` (city_id, zone_id, name, code, jnereg, jneoke) VALUES (1648, 147, "Baleendah", "BDO10102", "13000", "10000");
INSERT INTO `oc_city` (city_id, zone_id, name, code, jnereg, jneoke) VALUES (1649, 147, "Banjaran", "BDO10103", "13000", "10000");
INSERT INTO `oc_city` (city_id, zone_id, name, code, jnereg, jneoke) VALUES (1650, 147, "Bojong Soang", "BDO10104", "13000", "10000");
INSERT INTO `oc_city` (city_id, zone_id, name, code, jnereg, jneoke) VALUES (1651, 147, "Cangkuang", "BDO10105", "13000", "10000");
INSERT INTO `oc_city` (city_id, zone_id, name, code, jnereg, jneoke) VALUES (1652, 147, "Cicalengka", "BDO10106", "13000", "10000");
INSERT INTO `oc_city` (city_id, zone_id, name, code, jnereg, jneoke) VALUES (1653, 147, "Cikancung", "BDO10107", "13000", "10000");
INSERT INTO `oc_city` (city_id, zone_id, name, code, jnereg, jneoke) VALUES (1654, 147, "Cilengkrang", "BDO10108", "13000", "10000");
INSERT INTO `oc_city` (city_id, zone_id, name, code, jnereg, jneoke) VALUES (1655, 147, "Cileunyi", "BDO10109", "13000", "10000");
INSERT INTO `oc_city` (city_id, zone_id, name, code, jnereg, jneoke) VALUES (1656, 147, "Cimaung", "BDO10110", "13000", "10000");
INSERT INTO `oc_city` (city_id, zone_id, name, code, jnereg, jneoke) VALUES (1657, 147, "Cimenyan", "BDO10111", "13000", "10000");
INSERT INTO `oc_city` (city_id, zone_id, name, code, jnereg, jneoke) VALUES (1658, 147, "Ciparay", "BDO10112", "13000", "10000");
INSERT INTO `oc_city` (city_id, zone_id, name, code, jnereg, jneoke) VALUES (1659, 147, "Ciwidey", "BDO10113", "13000", "10000");
INSERT INTO `oc_city` (city_id, zone_id, name, code, jnereg, jneoke) VALUES (1660, 147, "Dayeuhkolot", "BDO10114", "13000", "10000");
INSERT INTO `oc_city` (city_id, zone_id, name, code, jnereg, jneoke) VALUES (1661, 147, "Ibun", "BDO10115", "13000", "10000");
INSERT INTO `oc_city` (city_id, zone_id, name, code, jnereg, jneoke) VALUES (1662, 147, "Kertasari", "BDO10116", "13000", "10000");
INSERT INTO `oc_city` (city_id, zone_id, name, code, jnereg, jneoke) VALUES (1663, 147, "Katapang", "BDO10118", "13000", "10000");
INSERT INTO `oc_city` (city_id, zone_id, name, code, jnereg, jneoke) VALUES (1664, 147, "Majalaya", "BDO10119", "13000", "9000");
INSERT INTO `oc_city` (city_id, zone_id, name, code, jnereg, jneoke) VALUES (1665, 147, "Margaasih", "BDO10120", "13000", "10000");
INSERT INTO `oc_city` (city_id, zone_id, name, code, jnereg, jneoke) VALUES (1666, 147, "Margahayu", "BDO10121", "13000", "10000");
INSERT INTO `oc_city` (city_id, zone_id, name, code, jnereg, jneoke) VALUES (1667, 147, "Nagreg", "BDO10122", "13000", "10000");
INSERT INTO `oc_city` (city_id, zone_id, name, code, jnereg, jneoke) VALUES (1668, 147, "Pacet", "BDO10123", "13000", "10000");
INSERT INTO `oc_city` (city_id, zone_id, name, code, jnereg, jneoke) VALUES (1669, 147, "Pameungpeuk", "BDO10124", "13000", "10000");
INSERT INTO `oc_city` (city_id, zone_id, name, code, jnereg, jneoke) VALUES (1670, 147, "Pangalengan", "BDO10125", "13000", "10000");
INSERT INTO `oc_city` (city_id, zone_id, name, code, jnereg, jneoke) VALUES (1671, 147, "Paseh", "BDO10126", "13000", "10000");
INSERT INTO `oc_city` (city_id, zone_id, name, code, jnereg, jneoke) VALUES (1672, 147, "Pasirjambu", "BDO10127", "13000", "10000");
INSERT INTO `oc_city` (city_id, zone_id, name, code, jnereg, jneoke) VALUES (1673, 147, "Rancabali", "BDO10128", "13000", "10000");
INSERT INTO `oc_city` (city_id, zone_id, name, code, jnereg, jneoke) VALUES (1674, 147, "Rancaekek", "BDO10129", "12000", "9000");
INSERT INTO `oc_city` (city_id, zone_id, name, code, jnereg, jneoke) VALUES (1675, 147, "Solokan Jeruk", "BDO10130", "13000", "10000");
INSERT INTO `oc_city` (city_id, zone_id, name, code, jnereg, jneoke) VALUES (1676, 147, "Soreang", "BDO10100", "12000", "9000");
INSERT INTO `oc_zone` (zone_id, country_id, name, status) VALUES (148, 12, "Kab. Bandung Barat", 1);
INSERT INTO `oc_city` (city_id, zone_id, name, code, jnereg, jneoke) VALUES (1677, 148, "Ngamprah", "BDO21015", "12000", "9000");
INSERT INTO `oc_city` (city_id, zone_id, name, code, jnereg, jneoke) VALUES (1678, 148, "Batujajar", "BDO21002", "14000", "11000");
INSERT INTO `oc_city` (city_id, zone_id, name, code, jnereg, jneoke) VALUES (1679, 148, "Cihampelas", "BDO21012", "14000", "11000");
INSERT INTO `oc_city` (city_id, zone_id, name, code, jnereg, jneoke) VALUES (1680, 148, "Cikalong Wetan", "BDO21003", "14000", "11000");
INSERT INTO `oc_city` (city_id, zone_id, name, code, jnereg, jneoke) VALUES (1681, 148, "Cililin", "BDO21004", "14000", "11000");
INSERT INTO `oc_city` (city_id, zone_id, name, code, jnereg, jneoke) VALUES (1682, 148, "Cipatat", "BDO21006", "14000", "11000");
INSERT INTO `oc_city` (city_id, zone_id, name, code, jnereg, jneoke) VALUES (1683, 148, "Cipeundeuy", "BDO21005", "14000", "11000");
INSERT INTO `oc_city` (city_id, zone_id, name, code, jnereg, jneoke) VALUES (1684, 148, "Cipongkor", "BDO21007", "14000", "11000");
INSERT INTO `oc_city` (city_id, zone_id, name, code, jnereg, jneoke) VALUES (1685, 148, "Cisarua", "BDO21008", "14000", "11000");
INSERT INTO `oc_city` (city_id, zone_id, name, code, jnereg, jneoke) VALUES (1686, 148, "Gununghalu", "BDO21009", "14000", "11000");
INSERT INTO `oc_city` (city_id, zone_id, name, code, jnereg, jneoke) VALUES (1687, 148, "Lembang", "BDO21001", "12000", "9000");
INSERT INTO `oc_city` (city_id, zone_id, name, code, jnereg, jneoke) VALUES (1688, 148, "Cimareme", "BDO21015", "12000", "9000");
INSERT INTO `oc_city` (city_id, zone_id, name, code, jnereg, jneoke) VALUES (1689, 148, "Padalarang", "BDO21010", "12000", "9000");
INSERT INTO `oc_city` (city_id, zone_id, name, code, jnereg, jneoke) VALUES (1690, 148, "Parongpong", "BDO21013", "14000", "11000");
INSERT INTO `oc_city` (city_id, zone_id, name, code, jnereg, jneoke) VALUES (1691, 148, "Rongga", "BDO21014", "14000", "11000");
INSERT INTO `oc_city` (city_id, zone_id, name, code, jnereg, jneoke) VALUES (1692, 148, "Sindangkerta", "BDO21011", "14000", "11000");
INSERT INTO `oc_zone` (zone_id, country_id, name, status) VALUES (149, 12, "Kab. Bekasi", 1);
INSERT INTO `oc_city` (city_id, zone_id, name, code, jnereg, jneoke) VALUES (1693, 149, "Babelan", "BKI10123", "13000", "9000");
INSERT INTO `oc_city` (city_id, zone_id, name, code, jnereg, jneoke) VALUES (1694, 149, "Bojongmanggu", "BKI10124", "13000", "9000");
INSERT INTO `oc_city` (city_id, zone_id, name, code, jnereg, jneoke) VALUES (1695, 149, "Cabangbungin", "BKI10106", "13000", "9000");
INSERT INTO `oc_city` (city_id, zone_id, name, code, jnereg, jneoke) VALUES (1696, 149, "Cibarusah", "BKI10107", "13000", "9000");
INSERT INTO `oc_city` (city_id, zone_id, name, code, jnereg, jneoke) VALUES (1697, 149, "Cibitung", "BKI10108", "13000", "9000");
INSERT INTO `oc_city` (city_id, zone_id, name, code, jnereg, jneoke) VALUES (1698, 149, "Cikarang", "BKI10100", "12000", "9000");
INSERT INTO `oc_city` (city_id, zone_id, name, code, jnereg, jneoke) VALUES (1699, 149, "Cikarang Barat", "BKI10101", "13000", "9000");
INSERT INTO `oc_city` (city_id, zone_id, name, code, jnereg, jneoke) VALUES (1700, 149, "Cikarang Pusat", "BKI10102", "13000", "9000");
INSERT INTO `oc_city` (city_id, zone_id, name, code, jnereg, jneoke) VALUES (1701, 149, "Cikarang Selatan", "BKI10103", "13000", "9000");
INSERT INTO `oc_city` (city_id, zone_id, name, code, jnereg, jneoke) VALUES (1702, 149, "Cikarang Timur", "BKI10104", "13000", "9000");
INSERT INTO `oc_city` (city_id, zone_id, name, code, jnereg, jneoke) VALUES (1703, 149, "Cikarang Utara", "BKI10105", "13000", "9000");
INSERT INTO `oc_city` (city_id, zone_id, name, code, jnereg, jneoke) VALUES (1704, 149, "Kedungwaringin", "BKI10110", "13000", "9000");
INSERT INTO `oc_city` (city_id, zone_id, name, code, jnereg, jneoke) VALUES (1705, 149, "Karangbahagia", "BKI10117", "13000", "9000");
INSERT INTO `oc_city` (city_id, zone_id, name, code, jnereg, jneoke) VALUES (1706, 149, "Muara Gembong", "BKI10111", "13000", "9000");
INSERT INTO `oc_city` (city_id, zone_id, name, code, jnereg, jneoke) VALUES (1707, 149, "Pebayuran", "BKI10112", "13000", "9000");
INSERT INTO `oc_city` (city_id, zone_id, name, code, jnereg, jneoke) VALUES (1708, 149, "Serang Baru", "BKI10113", "13000", "9000");
INSERT INTO `oc_city` (city_id, zone_id, name, code, jnereg, jneoke) VALUES (1709, 149, "Setu", "BKI10114", "13000", "9000");
INSERT INTO `oc_city` (city_id, zone_id, name, code, jnereg, jneoke) VALUES (1710, 149, "Sukakarya", "BKI10118", "13000", "9000");
INSERT INTO `oc_city` (city_id, zone_id, name, code, jnereg, jneoke) VALUES (1711, 149, "Sukatani", "BKI10115", "13000", "9000");
INSERT INTO `oc_city` (city_id, zone_id, name, code, jnereg, jneoke) VALUES (1712, 149, "Sukawangi", "BKI10119", "13000", "9000");
INSERT INTO `oc_city` (city_id, zone_id, name, code, jnereg, jneoke) VALUES (1713, 149, "Tambun Selatan", "BKI10120", "13000", "9000");
INSERT INTO `oc_city` (city_id, zone_id, name, code, jnereg, jneoke) VALUES (1714, 149, "Tambun Utara", "BKI10121", "13000", "9000");
INSERT INTO `oc_city` (city_id, zone_id, name, code, jnereg, jneoke) VALUES (1715, 149, "Tarumajaya", "BKI10122", "13000", "9000");
INSERT INTO `oc_city` (city_id, zone_id, name, code, jnereg, jneoke) VALUES (1716, 149, "Tambelang", "BKI10116", "13000", "9000");
INSERT INTO `oc_zone` (zone_id, country_id, name, status) VALUES (150, 12, "Kab. Bogor", 1);
INSERT INTO `oc_city` (city_id, zone_id, name, code, jnereg, jneoke) VALUES (1717, 150, "Babakan Madang", "BOO20142", "13500", "9000");
INSERT INTO `oc_city` (city_id, zone_id, name, code, jnereg, jneoke) VALUES (1718, 150, "Bojonggede", "BOO20143", "13500", "9000");
INSERT INTO `oc_city` (city_id, zone_id, name, code, jnereg, jneoke) VALUES (1719, 150, "Caringin", "BOO20120", "13500", "9000");
INSERT INTO `oc_city` (city_id, zone_id, name, code, jnereg, jneoke) VALUES (1720, 150, "Cariu", "BOO20121", "13500", "9000");
INSERT INTO `oc_city` (city_id, zone_id, name, code, jnereg, jneoke) VALUES (1721, 150, "Ciampea", "BOO20123", "13500", "9000");
INSERT INTO `oc_city` (city_id, zone_id, name, code, jnereg, jneoke) VALUES (1722, 150, "Ciawi", "BOO20122", "13500", "9000");
INSERT INTO `oc_city` (city_id, zone_id, name, code, jnereg, jneoke) VALUES (1723, 150, "Cibinong", "BOO20100", "12000", "9000");
INSERT INTO `oc_city` (city_id, zone_id, name, code, jnereg, jneoke) VALUES (1724, 150, "Cibungbulang", "BOO20124", "13500", "9000");
INSERT INTO `oc_city` (city_id, zone_id, name, code, jnereg, jneoke) VALUES (1725, 150, "Cigombong", "BOO20144", "13500", "9000");
INSERT INTO `oc_city` (city_id, zone_id, name, code, jnereg, jneoke) VALUES (1726, 150, "Cigudeg", "BOO20125", "13500", "9000");
INSERT INTO `oc_city` (city_id, zone_id, name, code, jnereg, jneoke) VALUES (1727, 150, "Cijeruk", "BOO20126", "13500", "9000");
INSERT INTO `oc_city` (city_id, zone_id, name, code, jnereg, jneoke) VALUES (1728, 150, "Cileungsi", "BOO20127", "13500", "9000");
INSERT INTO `oc_city` (city_id, zone_id, name, code, jnereg, jneoke) VALUES (1729, 150, "Ciomas", "BOO20128", "13500", "9000");
INSERT INTO `oc_city` (city_id, zone_id, name, code, jnereg, jneoke) VALUES (1730, 150, "Cisarua", "BOO20129", "13500", "9000");
INSERT INTO `oc_city` (city_id, zone_id, name, code, jnereg, jneoke) VALUES (1731, 150, "Ciseeng", "BOO20145", "13500", "9000");
INSERT INTO `oc_city` (city_id, zone_id, name, code, jnereg, jneoke) VALUES (1732, 150, "Citeureup", "BOO20130", "13500", "9000");
INSERT INTO `oc_city` (city_id, zone_id, name, code, jnereg, jneoke) VALUES (1733, 150, "Dramaga", "BOO20131", "13500", "9000");
INSERT INTO `oc_city` (city_id, zone_id, name, code, jnereg, jneoke) VALUES (1734, 150, "Gunung Putri", "BOO20159", "13500", "9000");
INSERT INTO `oc_city` (city_id, zone_id, name, code, jnereg, jneoke) VALUES (1735, 150, "Gunung Sindur", "BOO20132", "13500", "9000");
INSERT INTO `oc_city` (city_id, zone_id, name, code, jnereg, jneoke) VALUES (1736, 150, "Jasinga", "BOO20133", "13500", "9000");
INSERT INTO `oc_city` (city_id, zone_id, name, code, jnereg, jneoke) VALUES (1737, 150, "Jonggol", "BOO20134", "13500", "9000");
INSERT INTO `oc_city` (city_id, zone_id, name, code, jnereg, jneoke) VALUES (1738, 150, "Kemang", "BOO20146", "13500", "9000");
INSERT INTO `oc_city` (city_id, zone_id, name, code, jnereg, jneoke) VALUES (1739, 150, "Klapanunggal", "BOO20147", "13500", "9000");
INSERT INTO `oc_city` (city_id, zone_id, name, code, jnereg, jneoke) VALUES (1740, 150, "Leuwiliang", "BOO20135", "13500", "9000");
INSERT INTO `oc_city` (city_id, zone_id, name, code, jnereg, jneoke) VALUES (1741, 150, "Leuwisadeng", "BOO20148", "13500", "9000");
INSERT INTO `oc_city` (city_id, zone_id, name, code, jnereg, jneoke) VALUES (1742, 150, "Megamendung", "BOO20136", "13500", "9000");
INSERT INTO `oc_city` (city_id, zone_id, name, code, jnereg, jneoke) VALUES (1743, 150, "Nanggung", "BOO20137", "13500", "9000");
INSERT INTO `oc_city` (city_id, zone_id, name, code, jnereg, jneoke) VALUES (1744, 150, "Pamijahan", "BOO20149", "13500", "9000");
INSERT INTO `oc_city` (city_id, zone_id, name, code, jnereg, jneoke) VALUES (1745, 150, "Parung Panjang", "BOO20139", "13500", "9000");
INSERT INTO `oc_city` (city_id, zone_id, name, code, jnereg, jneoke) VALUES (1746, 150, "Parung", "BOO20138", "13500", "9000");
INSERT INTO `oc_city` (city_id, zone_id, name, code, jnereg, jneoke) VALUES (1747, 150, "Ranca Bungur", "BOO20150", "13500", "9000");
INSERT INTO `oc_city` (city_id, zone_id, name, code, jnereg, jneoke) VALUES (1748, 150, "Rumpin", "BOO20140", "13500", "9000");
INSERT INTO `oc_city` (city_id, zone_id, name, code, jnereg, jneoke) VALUES (1749, 150, "Sukajaya", "BOO20151", "13500", "9000");
INSERT INTO `oc_city` (city_id, zone_id, name, code, jnereg, jneoke) VALUES (1750, 150, "Sukamakmur", "BOO20152", "13500", "9000");
INSERT INTO `oc_city` (city_id, zone_id, name, code, jnereg, jneoke) VALUES (1751, 150, "Sukaraja", "BOO20153", "13500", "9000");
INSERT INTO `oc_city` (city_id, zone_id, name, code, jnereg, jneoke) VALUES (1752, 150, "Tajurhalang", "BOO20154", "13500", "9000");
INSERT INTO `oc_city` (city_id, zone_id, name, code, jnereg, jneoke) VALUES (1753, 150, "Tamansari", "BOO20155", "13500", "9000");
INSERT INTO `oc_city` (city_id, zone_id, name, code, jnereg, jneoke) VALUES (1754, 150, "Tanjungsari", "BOO20156", "13500", "9000");
INSERT INTO `oc_city` (city_id, zone_id, name, code, jnereg, jneoke) VALUES (1755, 150, "Tenjo", "BOO20141", "13500", "9000");
INSERT INTO `oc_city` (city_id, zone_id, name, code, jnereg, jneoke) VALUES (1756, 150, "Tenjolaya", "BOO20157", "13500", "9000");
INSERT INTO `oc_zone` (zone_id, country_id, name, status) VALUES (151, 12, "Kab.Ciamis", 1);
INSERT INTO `oc_city` (city_id, zone_id, name, code, jnereg, jneoke) VALUES (1757, 151, "Banjarsari", "BDO20513", "14500", "11500");
INSERT INTO `oc_city` (city_id, zone_id, name, code, jnereg, jneoke) VALUES (1758, 151, "Baregbeg", "BDO20530", "14500", "11500");
INSERT INTO `oc_city` (city_id, zone_id, name, code, jnereg, jneoke) VALUES (1759, 151, "Ciamis", "BDO20500", "12000", "9000");
INSERT INTO `oc_city` (city_id, zone_id, name, code, jnereg, jneoke) VALUES (1760, 151, "Cidolog", "BDO20529", "14500", "11500");
INSERT INTO `oc_city` (city_id, zone_id, name, code, jnereg, jneoke) VALUES (1761, 151, "Cigugur", "BDO20515", "14500", "11500");
INSERT INTO `oc_city` (city_id, zone_id, name, code, jnereg, jneoke) VALUES (1762, 151, "Cihaurbeuti", "BDO20501", "14500", "11500");
INSERT INTO `oc_city` (city_id, zone_id, name, code, jnereg, jneoke) VALUES (1763, 151, "Cijeungjing", "BDO20502", "14500", "11500");
INSERT INTO `oc_city` (city_id, zone_id, name, code, jnereg, jneoke) VALUES (1764, 151, "Cijulang", "BDO20516", "14500", "11500");
INSERT INTO `oc_city` (city_id, zone_id, name, code, jnereg, jneoke) VALUES (1765, 151, "Cikoneng", "BDO20503", "14500", "11500");
INSERT INTO `oc_city` (city_id, zone_id, name, code, jnereg, jneoke) VALUES (1766, 151, "Cimaragas", "BDO20514", "14500", "11500");
INSERT INTO `oc_city` (city_id, zone_id, name, code, jnereg, jneoke) VALUES (1767, 151, "Cimerak", "BDO20517", "14500", "11500");
INSERT INTO `oc_city` (city_id, zone_id, name, code, jnereg, jneoke) VALUES (1768, 151, "Cipaku", "BDO20504", "14500", "11500");
INSERT INTO `oc_city` (city_id, zone_id, name, code, jnereg, jneoke) VALUES (1769, 151, "Cisaga", "BDO20518", "14500", "11500");
INSERT INTO `oc_city` (city_id, zone_id, name, code, jnereg, jneoke) VALUES (1770, 151, "Jatinagara", "BDO20505", "14500", "11500");
INSERT INTO `oc_city` (city_id, zone_id, name, code, jnereg, jneoke) VALUES (1771, 151, "Kalipucang", "BDO20519", "14500", "11500");
INSERT INTO `oc_city` (city_id, zone_id, name, code, jnereg, jneoke) VALUES (1772, 151, "Kawali", "BDO20506", "14500", "11500");
INSERT INTO `oc_city` (city_id, zone_id, name, code, jnereg, jneoke) VALUES (1773, 151, "Lakbok", "BDO20520", "14500", "11500");
INSERT INTO `oc_city` (city_id, zone_id, name, code, jnereg, jneoke) VALUES (1774, 151, "Langkaplancar", "BDO20521", "14500", "11500");
INSERT INTO `oc_city` (city_id, zone_id, name, code, jnereg, jneoke) VALUES (1775, 151, "Lumbung", "BDO20531", "14500", "11500");
INSERT INTO `oc_city` (city_id, zone_id, name, code, jnereg, jneoke) VALUES (1776, 151, "Mangunjaya", "BDO20532", "14500", "11500");
INSERT INTO `oc_city` (city_id, zone_id, name, code, jnereg, jneoke) VALUES (1777, 151, "Padaherang", "BDO20522", "14500", "11500");
INSERT INTO `oc_city` (city_id, zone_id, name, code, jnereg, jneoke) VALUES (1778, 151, "Pamarican", "BDO20523", "14500", "11500");
INSERT INTO `oc_city` (city_id, zone_id, name, code, jnereg, jneoke) VALUES (1779, 151, "Pangandaran", "BDO20524", "14500", "11500");
INSERT INTO `oc_city` (city_id, zone_id, name, code, jnereg, jneoke) VALUES (1780, 151, "Panjalu", "BDO20509", "14500", "11500");
INSERT INTO `oc_city` (city_id, zone_id, name, code, jnereg, jneoke) VALUES (1781, 151, "Panumbangan", "BDO20507", "14500", "11500");
INSERT INTO `oc_city` (city_id, zone_id, name, code, jnereg, jneoke) VALUES (1782, 151, "Panawangan", "BDO20508", "14500", "11500");
INSERT INTO `oc_city` (city_id, zone_id, name, code, jnereg, jneoke) VALUES (1783, 151, "Parigi", "BDO20525", "14500", "11500");
INSERT INTO `oc_city` (city_id, zone_id, name, code, jnereg, jneoke) VALUES (1784, 151, "Purwadadi", "BDO20528", "14500", "11500");
INSERT INTO `oc_city` (city_id, zone_id, name, code, jnereg, jneoke) VALUES (1785, 151, "Rajadesa", "BDO20510", "14500", "11500");
INSERT INTO `oc_city` (city_id, zone_id, name, code, jnereg, jneoke) VALUES (1786, 151, "Rancah", "BDO20526", "14500", "11500");
INSERT INTO `oc_city` (city_id, zone_id, name, code, jnereg, jneoke) VALUES (1787, 151, "Sadananya", "BDO20511", "14500", "11500");
INSERT INTO `oc_city` (city_id, zone_id, name, code, jnereg, jneoke) VALUES (1788, 151, "Sidamulih", "BDO20533", "14500", "11500");
INSERT INTO `oc_city` (city_id, zone_id, name, code, jnereg, jneoke) VALUES (1789, 151, "Sindangkasih", "BDO20534", "14500", "11500");
INSERT INTO `oc_city` (city_id, zone_id, name, code, jnereg, jneoke) VALUES (1790, 151, "Sukadana", "BDO20512", "14500", "11500");
INSERT INTO `oc_city` (city_id, zone_id, name, code, jnereg, jneoke) VALUES (1791, 151, "Tambaksari", "BDO20527", "14500", "11500");
INSERT INTO `oc_zone` (zone_id, country_id, name, status) VALUES (152, 12, "Kab. Cianjur", 1);
INSERT INTO `oc_city` (city_id, zone_id, name, code, jnereg, jneoke) VALUES (1792, 152, "Agrabinta", "SMI20101", "19000", "10500");
INSERT INTO `oc_city` (city_id, zone_id, name, code, jnereg, jneoke) VALUES (1793, 152, "Bojongpicung", "SMI20102", "19000", "10500");
INSERT INTO `oc_city` (city_id, zone_id, name, code, jnereg, jneoke) VALUES (1794, 152, "Campaka", "SMI20103", "19000", "10500");
INSERT INTO `oc_city` (city_id, zone_id, name, code, jnereg, jneoke) VALUES (1795, 152, "Campaka Mulya", "SMI20127", "19000", "10500");
INSERT INTO `oc_city` (city_id, zone_id, name, code, jnereg, jneoke) VALUES (1796, 152, "Cianjur", "SMI20100", "14000", "10500");
INSERT INTO `oc_city` (city_id, zone_id, name, code, jnereg, jneoke) VALUES (1797, 152, "Cibeber", "SMI20104", "19000", "10500");
INSERT INTO `oc_city` (city_id, zone_id, name, code, jnereg, jneoke) VALUES (1798, 152, "Cibinong", "SMI20105", "19000", "10500");
INSERT INTO `oc_city` (city_id, zone_id, name, code, jnereg, jneoke) VALUES (1799, 152, "Cidaun", "SMI20106", "19000", "10500");
INSERT INTO `oc_city` (city_id, zone_id, name, code, jnereg, jneoke) VALUES (1800, 152, "Cijati", "SMI20128", "19000", "10500");
INSERT INTO `oc_city` (city_id, zone_id, name, code, jnereg, jneoke) VALUES (1801, 152, "Cikadu", "SMI20129", "19000", "10500");
INSERT INTO `oc_city` (city_id, zone_id, name, code, jnereg, jneoke) VALUES (1802, 152, "Cikalongkulon", "SMI20107", "19000", "10500");
INSERT INTO `oc_city` (city_id, zone_id, name, code, jnereg, jneoke) VALUES (1803, 152, "Cilaku", "SMI20108", "19000", "10500");
INSERT INTO `oc_city` (city_id, zone_id, name, code, jnereg, jneoke) VALUES (1804, 152, "Cipanas", "SMI20125", "19000", "10500");
INSERT INTO `oc_city` (city_id, zone_id, name, code, jnereg, jneoke) VALUES (1805, 152, "Ciranjang", "SMI20109", "19000", "10500");
INSERT INTO `oc_city` (city_id, zone_id, name, code, jnereg, jneoke) VALUES (1806, 152, "Cugenang", "SMI20110", "19000", "10500");
INSERT INTO `oc_city` (city_id, zone_id, name, code, jnereg, jneoke) VALUES (1807, 152, "Gekbrong", "SMI20130", "19000", "10500");
INSERT INTO `oc_city` (city_id, zone_id, name, code, jnereg, jneoke) VALUES (1808, 152, "Kadupandak", "SMI20111", "19000", "10500");
INSERT INTO `oc_city` (city_id, zone_id, name, code, jnereg, jneoke) VALUES (1809, 152, "Karangtengah", "SMI20112", "19000", "10500");
INSERT INTO `oc_city` (city_id, zone_id, name, code, jnereg, jneoke) VALUES (1810, 152, "Leles", "SMI20131", "19000", "10500");
INSERT INTO `oc_city` (city_id, zone_id, name, code, jnereg, jneoke) VALUES (1811, 152, "Mande", "SMI20113", "19000", "10500");
INSERT INTO `oc_city` (city_id, zone_id, name, code, jnereg, jneoke) VALUES (1812, 152, "Naringgul", "SMI20114", "19000", "10500");
INSERT INTO `oc_city` (city_id, zone_id, name, code, jnereg, jneoke) VALUES (1813, 152, "Pacet", "SMI20115", "19000", "10500");
INSERT INTO `oc_city` (city_id, zone_id, name, code, jnereg, jneoke) VALUES (1814, 152, "Pagelaran", "SMI20116", "19000", "10500");
INSERT INTO `oc_city` (city_id, zone_id, name, code, jnereg, jneoke) VALUES (1815, 152, "Sindangbarang", "SMI20117", "19000", "10500");
INSERT INTO `oc_city` (city_id, zone_id, name, code, jnereg, jneoke) VALUES (1816, 152, "Sukaluyu", "SMI20118", "19000", "10500");
INSERT INTO `oc_city` (city_id, zone_id, name, code, jnereg, jneoke) VALUES (1817, 152, "Sukanagara", "SMI20119", "19000", "10500");
INSERT INTO `oc_city` (city_id, zone_id, name, code, jnereg, jneoke) VALUES (1818, 152, "Sukaresmi", "SMI20120", "19000", "10500");
INSERT INTO `oc_city` (city_id, zone_id, name, code, jnereg, jneoke) VALUES (1819, 152, "Takokak", "SMI20121", "19000", "10500");
INSERT INTO `oc_city` (city_id, zone_id, name, code, jnereg, jneoke) VALUES (1820, 152, "Tanggeung", "SMI20122", "19000", "10500");
INSERT INTO `oc_city` (city_id, zone_id, name, code, jnereg, jneoke) VALUES (1821, 152, "Warungkondang", "SMI20123", "19000", "10500");
INSERT INTO `oc_zone` (zone_id, country_id, name, status) VALUES (153, 12, "Kab. Cirebon", 1);
INSERT INTO `oc_city` (city_id, zone_id, name, code, jnereg, jneoke) VALUES (1822, 153, "Arjawinangun", "CBN20402", "15500", "12500");
INSERT INTO `oc_city` (city_id, zone_id, name, code, jnereg, jneoke) VALUES (1823, 153, "Astanajapura", "CBN20403", "15500", "12500");
INSERT INTO `oc_city` (city_id, zone_id, name, code, jnereg, jneoke) VALUES (1824, 153, "Babakan", "CBN20404", "15500", "12500");
INSERT INTO `oc_city` (city_id, zone_id, name, code, jnereg, jneoke) VALUES (1825, 153, "Beber", "CBN20405", "15500", "12500");
INSERT INTO `oc_city` (city_id, zone_id, name, code, jnereg, jneoke) VALUES (1826, 153, "Ciledug", "CBN20406", "15500", "12500");
INSERT INTO `oc_city` (city_id, zone_id, name, code, jnereg, jneoke) VALUES (1827, 153, "Cirebon Selatan", "CBN20408", "15500", "12500");
INSERT INTO `oc_city` (city_id, zone_id, name, code, jnereg, jneoke) VALUES (1828, 153, "Cirebon Utara", "CBN20407", "15500", "12500");
INSERT INTO `oc_city` (city_id, zone_id, name, code, jnereg, jneoke) VALUES (1829, 153, "Ciwaringin", "CBN20409", "15500", "12500");
INSERT INTO `oc_city` (city_id, zone_id, name, code, jnereg, jneoke) VALUES (1830, 153, "Depok", "CBN20410", "15500", "12500");
INSERT INTO `oc_city` (city_id, zone_id, name, code, jnereg, jneoke) VALUES (1831, 153, "Dukupuntang", "CBN20411", "15500", "12500");
INSERT INTO `oc_city` (city_id, zone_id, name, code, jnereg, jneoke) VALUES (1832, 153, "Gebang", "CBN20412", "15500", "12500");
INSERT INTO `oc_city` (city_id, zone_id, name, code, jnereg, jneoke) VALUES (1833, 153, "Gegesik", "CBN20413", "15500", "12500");
INSERT INTO `oc_city` (city_id, zone_id, name, code, jnereg, jneoke) VALUES (1834, 153, "Gempol", "CBN20414", "15500", "12500");
INSERT INTO `oc_city` (city_id, zone_id, name, code, jnereg, jneoke) VALUES (1835, 153, "Kaliwedi", "CBN20415", "15500", "12500");
INSERT INTO `oc_city` (city_id, zone_id, name, code, jnereg, jneoke) VALUES (1836, 153, "Kapetakan", "CBN20416", "15500", "12500");
INSERT INTO `oc_city` (city_id, zone_id, name, code, jnereg, jneoke) VALUES (1837, 153, "Karangsembung", "CBN20417", "15500", "12500");
INSERT INTO `oc_city` (city_id, zone_id, name, code, jnereg, jneoke) VALUES (1838, 153, "Karangwareng", "CBN20418", "15500", "12500");
INSERT INTO `oc_city` (city_id, zone_id, name, code, jnereg, jneoke) VALUES (1839, 153, "Kedawung", "CBN20419", "15500", "12500");
INSERT INTO `oc_city` (city_id, zone_id, name, code, jnereg, jneoke) VALUES (1840, 153, "Klangenan", "CBN20420", "15500", "12500");
INSERT INTO `oc_city` (city_id, zone_id, name, code, jnereg, jneoke) VALUES (1841, 153, "Lemahabang", "CBN20421", "15500", "12500");
INSERT INTO `oc_city` (city_id, zone_id, name, code, jnereg, jneoke) VALUES (1842, 153, "Losari", "CBN20422", "15000", "11500");
INSERT INTO `oc_city` (city_id, zone_id, name, code, jnereg, jneoke) VALUES (1843, 153, "Mundu", "CBN20423", "15500", "12500");
INSERT INTO `oc_city` (city_id, zone_id, name, code, jnereg, jneoke) VALUES (1844, 153, "Pabedilan", "CBN20424", "15500", "12500");
INSERT INTO `oc_city` (city_id, zone_id, name, code, jnereg, jneoke) VALUES (1845, 153, "Pabuaran", "CBN20425", "15500", "12500");
INSERT INTO `oc_city` (city_id, zone_id, name, code, jnereg, jneoke) VALUES (1846, 153, "Palimanan", "CBN20426", "15500", "12500");
INSERT INTO `oc_city` (city_id, zone_id, name, code, jnereg, jneoke) VALUES (1847, 153, "Pangenan", "CBN20430", "15500", "12500");
INSERT INTO `oc_city` (city_id, zone_id, name, code, jnereg, jneoke) VALUES (1848, 153, "Panguragan", "CBN20432", "16000", "12500");
INSERT INTO `oc_city` (city_id, zone_id, name, code, jnereg, jneoke) VALUES (1849, 153, "Pasaleman", "CBN20433", "16000", "12500");
INSERT INTO `oc_city` (city_id, zone_id, name, code, jnereg, jneoke) VALUES (1850, 153, "Plered", "CBN20434", "16000", "12500");
INSERT INTO `oc_city` (city_id, zone_id, name, code, jnereg, jneoke) VALUES (1851, 153, "Plumbon", "CBN20435", "16000", "12500");
INSERT INTO `oc_city` (city_id, zone_id, name, code, jnereg, jneoke) VALUES (1852, 153, "Sedong", "CBN20438", "16000", "12500");
INSERT INTO `oc_city` (city_id, zone_id, name, code, jnereg, jneoke) VALUES (1853, 153, "Sumber", "CBN20400", "12500", "9000");
INSERT INTO `oc_city` (city_id, zone_id, name, code, jnereg, jneoke) VALUES (1854, 153, "Susukan", "CBN20425", "15500", "12500");
INSERT INTO `oc_city` (city_id, zone_id, name, code, jnereg, jneoke) VALUES (1855, 153, "Susukanlebak", "CBN20427", "15500", "12500");
INSERT INTO `oc_city` (city_id, zone_id, name, code, jnereg, jneoke) VALUES (1856, 153, "Tengah Tani", "CBN20436", "15500", "12500");
INSERT INTO `oc_city` (city_id, zone_id, name, code, jnereg, jneoke) VALUES (1857, 153, "Waled", "CBN20429", "15500", "12500");
INSERT INTO `oc_city` (city_id, zone_id, name, code, jnereg, jneoke) VALUES (1858, 153, "Weru", "CBN20431", "15500", "12500");
INSERT INTO `oc_zone` (zone_id, country_id, name, status) VALUES (154, 12, "Kab. Garut", 1);
INSERT INTO `oc_city` (city_id, zone_id, name, code, jnereg, jneoke) VALUES (1859, 154, "Banjarwangi", "BDO20701", "14500", "11500");
INSERT INTO `oc_city` (city_id, zone_id, name, code, jnereg, jneoke) VALUES (1860, 154, "Banyuresmi", "BDO20702", "14500", "11500");
INSERT INTO `oc_city` (city_id, zone_id, name, code, jnereg, jneoke) VALUES (1861, 154, "Bayongbong", "BDO20703", "14500", "11500");
INSERT INTO `oc_city` (city_id, zone_id, name, code, jnereg, jneoke) VALUES (1862, 154, "Balubur Limbangan", "BDO20704", "14500", "11500");
INSERT INTO `oc_city` (city_id, zone_id, name, code, jnereg, jneoke) VALUES (1863, 154, "Bungbulang", "BDO20705", "14500", "11500");
INSERT INTO `oc_city` (city_id, zone_id, name, code, jnereg, jneoke) VALUES (1864, 154, "Caringin", "BDO20734", "14500", "11500");
INSERT INTO `oc_city` (city_id, zone_id, name, code, jnereg, jneoke) VALUES (1865, 154, "Cibalong", "BDO20707", "14500", "11500");
INSERT INTO `oc_city` (city_id, zone_id, name, code, jnereg, jneoke) VALUES (1866, 154, "Cibatu", "BDO20706", "14500", "11500");
INSERT INTO `oc_city` (city_id, zone_id, name, code, jnereg, jneoke) VALUES (1867, 154, "Cibiuk", "BDO20708", "14500", "11500");
INSERT INTO `oc_city` (city_id, zone_id, name, code, jnereg, jneoke) VALUES (1868, 154, "Cigedug", "BDO20737", "14500", "11500");
INSERT INTO `oc_city` (city_id, zone_id, name, code, jnereg, jneoke) VALUES (1869, 154, "Cihurip", "BDO20738", "14500", "11500");
INSERT INTO `oc_city` (city_id, zone_id, name, code, jnereg, jneoke) VALUES (1870, 154, "Cikajang", "BDO20710", "14500", "11500");
INSERT INTO `oc_city` (city_id, zone_id, name, code, jnereg, jneoke) VALUES (1871, 154, "Cikelet", "BDO20709", "14500", "11500");
INSERT INTO `oc_city` (city_id, zone_id, name, code, jnereg, jneoke) VALUES (1872, 154, "Cilawu", "BDO20711", "14500", "11500");
INSERT INTO `oc_city` (city_id, zone_id, name, code, jnereg, jneoke) VALUES (1873, 154, "Cisewu", "BDO20714", "14500", "11500");
INSERT INTO `oc_city` (city_id, zone_id, name, code, jnereg, jneoke) VALUES (1874, 154, "Cisompet", "BDO20712", "14500", "11500");
INSERT INTO `oc_city` (city_id, zone_id, name, code, jnereg, jneoke) VALUES (1875, 154, "Cisurupan", "BDO20713", "14500", "11500");
INSERT INTO `oc_city` (city_id, zone_id, name, code, jnereg, jneoke) VALUES (1876, 154, "Garut, Kab. Garut", "BDO20700", "12000", "9000");
INSERT INTO `oc_city` (city_id, zone_id, name, code, jnereg, jneoke) VALUES (1877, 154, "Garut Kota", "BDO20746", "12000", "9000");
INSERT INTO `oc_city` (city_id, zone_id, name, code, jnereg, jneoke) VALUES (1878, 154, "Kadungora", "BDO20715", "14500", "11500");
INSERT INTO `oc_city` (city_id, zone_id, name, code, jnereg, jneoke) VALUES (1879, 154, "Karangpawitan", "BDO20716", "14500", "11500");
INSERT INTO `oc_city` (city_id, zone_id, name, code, jnereg, jneoke) VALUES (1880, 154, "Karangtengah", "BDO20735", "14500", "11500");
INSERT INTO `oc_city` (city_id, zone_id, name, code, jnereg, jneoke) VALUES (1881, 154, "Kersamanah", "BDO20739", "14500", "11500");
INSERT INTO `oc_city` (city_id, zone_id, name, code, jnereg, jneoke) VALUES (1882, 154, "Leles", "BDO20717", "14500", "11500");
INSERT INTO `oc_city` (city_id, zone_id, name, code, jnereg, jneoke) VALUES (1883, 154, "Leuwigoong", "BDO20718", "14500", "11500");
INSERT INTO `oc_city` (city_id, zone_id, name, code, jnereg, jneoke) VALUES (1884, 154, "Malangbong", "BDO20719", "14500", "11500");
INSERT INTO `oc_city` (city_id, zone_id, name, code, jnereg, jneoke) VALUES (1885, 154, "Mekarmukti", "BDO20740", "14500", "11500");
INSERT INTO `oc_city` (city_id, zone_id, name, code, jnereg, jneoke) VALUES (1886, 154, "Pakenjeng", "BDO20720", "14500", "11500");
INSERT INTO `oc_city` (city_id, zone_id, name, code, jnereg, jneoke) VALUES (1887, 154, "Pameungpeuk", "BDO20721", "14500", "11500");
INSERT INTO `oc_city` (city_id, zone_id, name, code, jnereg, jneoke) VALUES (1888, 154, "Pamulihan", "BDO20722", "14500", "11500");
INSERT INTO `oc_city` (city_id, zone_id, name, code, jnereg, jneoke) VALUES (1889, 154, "Pangatikan", "BDO20741", "14500", "11500");
INSERT INTO `oc_city` (city_id, zone_id, name, code, jnereg, jneoke) VALUES (1890, 154, "Pasirwangi", "BDO20742", "14500", "11500");
INSERT INTO `oc_city` (city_id, zone_id, name, code, jnereg, jneoke) VALUES (1891, 154, "Peundeuy", "BDO20723", "14500", "11500");
INSERT INTO `oc_city` (city_id, zone_id, name, code, jnereg, jneoke) VALUES (1892, 154, "Samarang", "BDO20724", "14500", "11500");
INSERT INTO `oc_city` (city_id, zone_id, name, code, jnereg, jneoke) VALUES (1893, 154, "Selaawi", "BDO20725", "14500", "11500");
INSERT INTO `oc_city` (city_id, zone_id, name, code, jnereg, jneoke) VALUES (1894, 154, "Singajaya", "BDO20726", "14500", "11500");
INSERT INTO `oc_city` (city_id, zone_id, name, code, jnereg, jneoke) VALUES (1895, 154, "Sucinaraja", "BDO20743", "14500", "11500");
INSERT INTO `oc_city` (city_id, zone_id, name, code, jnereg, jneoke) VALUES (1896, 154, "Sukaresmi", "BDO20736", "14500", "11500");
INSERT INTO `oc_city` (city_id, zone_id, name, code, jnereg, jneoke) VALUES (1897, 154, "Sukawening", "BDO20727", "14500", "11500");
INSERT INTO `oc_city` (city_id, zone_id, name, code, jnereg, jneoke) VALUES (1898, 154, "Talegong", "BDO20728", "14500", "11500");
INSERT INTO `oc_city` (city_id, zone_id, name, code, jnereg, jneoke) VALUES (1899, 154, "Tarogong Kaler", "BDO20744", "14500", "11500");
INSERT INTO `oc_city` (city_id, zone_id, name, code, jnereg, jneoke) VALUES (1900, 154, "Tarogong Kidul", "BDO20745", "14500", "11500");
INSERT INTO `oc_city` (city_id, zone_id, name, code, jnereg, jneoke) VALUES (1901, 154, "Wanaraja", "BDO20730", "14500", "11500");
INSERT INTO `oc_zone` (zone_id, country_id, name, status) VALUES (155, 12, "Kab. Indramayu", 1);
INSERT INTO `oc_city` (city_id, zone_id, name, code, jnereg, jneoke) VALUES (1902, 155, "Anjatan", "CBN20101", "15000", "12000");
INSERT INTO `oc_city` (city_id, zone_id, name, code, jnereg, jneoke) VALUES (1903, 155, "Arahan", "CBN20121", "15000", "12000");
INSERT INTO `oc_city` (city_id, zone_id, name, code, jnereg, jneoke) VALUES (1904, 155, "Balongan", "CBN20102", "15000", "12000");
INSERT INTO `oc_city` (city_id, zone_id, name, code, jnereg, jneoke) VALUES (1905, 155, "Bangodua", "CBN20103", "15000", "12000");
INSERT INTO `oc_city` (city_id, zone_id, name, code, jnereg, jneoke) VALUES (1906, 155, "Bongas", "CBN20104", "15000", "12000");
INSERT INTO `oc_city` (city_id, zone_id, name, code, jnereg, jneoke) VALUES (1907, 155, "Cantigi", "CBN20122", "15000", "12000");
INSERT INTO `oc_city` (city_id, zone_id, name, code, jnereg, jneoke) VALUES (1908, 155, "Cikedung", "CBN20105", "15000", "12000");
INSERT INTO `oc_city` (city_id, zone_id, name, code, jnereg, jneoke) VALUES (1909, 155, "Gabus Wetan", "CBN20106", "15000", "12000");
INSERT INTO `oc_city` (city_id, zone_id, name, code, jnereg, jneoke) VALUES (1910, 155, "Gantar", "CBN20123", "15000", "12000");
INSERT INTO `oc_city` (city_id, zone_id, name, code, jnereg, jneoke) VALUES (1911, 155, "Haurgeulis", "CBN20107", "15000", "12000");
INSERT INTO `oc_city` (city_id, zone_id, name, code, jnereg, jneoke) VALUES (1912, 155, "Indramayu", "CBN20100", "12500", "9000");
INSERT INTO `oc_city` (city_id, zone_id, name, code, jnereg, jneoke) VALUES (1913, 155, "Jatibarang", "CBN20108", "12500", "9000");
INSERT INTO `oc_city` (city_id, zone_id, name, code, jnereg, jneoke) VALUES (1914, 155, "Juntiyuat", "CBN20109", "15000", "12000");
INSERT INTO `oc_city` (city_id, zone_id, name, code, jnereg, jneoke) VALUES (1915, 155, "Kandanghaur", "CBN20110", "15000", "12000");
INSERT INTO `oc_city` (city_id, zone_id, name, code, jnereg, jneoke) VALUES (1916, 155, "Karangampel", "CBN20111", "15000", "12000");
INSERT INTO `oc_city` (city_id, zone_id, name, code, jnereg, jneoke) VALUES (1917, 155, "Kedokan Bunder", "CBN20124", "15000", "12000");
INSERT INTO `oc_city` (city_id, zone_id, name, code, jnereg, jneoke) VALUES (1918, 155, "Kertasemaya", "CBN20112", "15000", "12000");
INSERT INTO `oc_city` (city_id, zone_id, name, code, jnereg, jneoke) VALUES (1919, 155, "Krangkeng", "CBN20113", "15000", "12000");
INSERT INTO `oc_city` (city_id, zone_id, name, code, jnereg, jneoke) VALUES (1920, 155, "Kroya", "CBN20114", "15000", "12000");
INSERT INTO `oc_city` (city_id, zone_id, name, code, jnereg, jneoke) VALUES (1921, 155, "Lelea", "CBN20115", "15000", "12000");
INSERT INTO `oc_city` (city_id, zone_id, name, code, jnereg, jneoke) VALUES (1922, 155, "Lohbener", "CBN20116", "15000", "12000");
INSERT INTO `oc_city` (city_id, zone_id, name, code, jnereg, jneoke) VALUES (1923, 155, "Losarang", "CBN20117", "15000", "12000");
INSERT INTO `oc_city` (city_id, zone_id, name, code, jnereg, jneoke) VALUES (1924, 155, "Sindang", "CBN20125", "15000", "12000");
INSERT INTO `oc_city` (city_id, zone_id, name, code, jnereg, jneoke) VALUES (1925, 155, "Sliyeg", "CBN20118", "15000", "12000");
INSERT INTO `oc_city` (city_id, zone_id, name, code, jnereg, jneoke) VALUES (1926, 155, "Sukagumiwang", "CBN20126", "15000", "12000");
INSERT INTO `oc_city` (city_id, zone_id, name, code, jnereg, jneoke) VALUES (1927, 155, "Sukra", "CBN20119", "15000", "12000");
INSERT INTO `oc_city` (city_id, zone_id, name, code, jnereg, jneoke) VALUES (1928, 155, "Trisi", "CBN20127", "15000", "12000");
INSERT INTO `oc_city` (city_id, zone_id, name, code, jnereg, jneoke) VALUES (1929, 155, "Widasari", "CBN20120", "15000", "12000");
INSERT INTO `oc_zone` (zone_id, country_id, name, status) VALUES (156, 12, "Kab. Karawang", 1);
INSERT INTO `oc_city` (city_id, zone_id, name, code, jnereg, jneoke) VALUES (1930, 156, "Batujaya", "KRW10001", "15000", "9000");
INSERT INTO `oc_city` (city_id, zone_id, name, code, jnereg, jneoke) VALUES (1931, 156, "Banyusari", "KRW10018", "15000", "9000");
INSERT INTO `oc_city` (city_id, zone_id, name, code, jnereg, jneoke) VALUES (1932, 156, "Ciampel", "KRW10019", "15000", "9000");
INSERT INTO `oc_city` (city_id, zone_id, name, code, jnereg, jneoke) VALUES (1933, 156, "Cibuaya", "KRW10002", "15000", "9000");
INSERT INTO `oc_city` (city_id, zone_id, name, code, jnereg, jneoke) VALUES (1934, 156, "Cikampek", "KRW10003", "12000", "9000");
INSERT INTO `oc_city` (city_id, zone_id, name, code, jnereg, jneoke) VALUES (1935, 156, "Cilamaya Kulon", "KRW10004", "15000", "9000");
INSERT INTO `oc_city` (city_id, zone_id, name, code, jnereg, jneoke) VALUES (1936, 156, "Cilamaya Wetan", "KRW10020", "15000", "9000");
INSERT INTO `oc_city` (city_id, zone_id, name, code, jnereg, jneoke) VALUES (1937, 156, "Cilebar", "KRW10021", "15000", "9000");
INSERT INTO `oc_city` (city_id, zone_id, name, code, jnereg, jneoke) VALUES (1938, 156, "Jatisari", "KRW10005", "15000", "9000");
INSERT INTO `oc_city` (city_id, zone_id, name, code, jnereg, jneoke) VALUES (1939, 156, "Jayakerta", "KRW10022", "15000", "9000");
INSERT INTO `oc_city` (city_id, zone_id, name, code, jnereg, jneoke, jneyes) VALUES (1940, 156, "Karawang", "KRW10000", "12000", "9000", "17500");
INSERT INTO `oc_city` (city_id, zone_id, name, code, jnereg, jneoke) VALUES (1941, 156, "Karawang Barat", "KRW10023", "15000", "9000");
INSERT INTO `oc_city` (city_id, zone_id, name, code, jnereg, jneoke) VALUES (1942, 156, "Karawang Timur", "KRW10024", "15000", "9000");
INSERT INTO `oc_city` (city_id, zone_id, name, code, jnereg, jneoke) VALUES (1943, 156, "Klari", "KRW10006", "15000", "9000");
INSERT INTO `oc_city` (city_id, zone_id, name, code, jnereg, jneoke) VALUES (1944, 156, "Kotabaru", "KRW10025", "15000", "9000");
INSERT INTO `oc_city` (city_id, zone_id, name, code, jnereg, jneoke) VALUES (1945, 156, "Kutawaluya", "KRW10026", "15000", "9000");
INSERT INTO `oc_city` (city_id, zone_id, name, code, jnereg, jneoke) VALUES (1946, 156, "Lemahabang", "KRW10007", "15000", "9000");
INSERT INTO `oc_city` (city_id, zone_id, name, code, jnereg, jneoke) VALUES (1947, 156, "Majalaya", "KRW10027", "12000", "9000");
INSERT INTO `oc_city` (city_id, zone_id, name, code, jnereg, jneoke) VALUES (1948, 156, "Pakisjaya", "KRW10008", "15000", "9000");
INSERT INTO `oc_city` (city_id, zone_id, name, code, jnereg, jneoke) VALUES (1949, 156, "Pangkalan", "KRW10009", "15000", "9000");
INSERT INTO `oc_city` (city_id, zone_id, name, code, jnereg, jneoke) VALUES (1950, 156, "Pedes", "KRW10010", "15000", "9000");
INSERT INTO `oc_city` (city_id, zone_id, name, code, jnereg, jneoke) VALUES (1951, 156, "Purwasari", "KRW10028", "15000", "9000");
INSERT INTO `oc_city` (city_id, zone_id, name, code, jnereg, jneoke) VALUES (1952, 156, "Rawamerta", "KRW10011", "15000", "9000");
INSERT INTO `oc_city` (city_id, zone_id, name, code, jnereg, jneoke) VALUES (1953, 156, "Rengasdengklok", "KRW10012", "15000", "9000");
INSERT INTO `oc_city` (city_id, zone_id, name, code, jnereg, jneoke) VALUES (1954, 156, "Talagasari", "KRW10013", "15000", "9000");
INSERT INTO `oc_city` (city_id, zone_id, name, code, jnereg, jneoke) VALUES (1955, 156, "Tegalwaru", "KRW10017", "15000", "9000");
INSERT INTO `oc_city` (city_id, zone_id, name, code, jnereg, jneoke) VALUES (1956, 156, "Telukjambe Barat", "KRW10014", "15000", "9000");
INSERT INTO `oc_city` (city_id, zone_id, name, code, jnereg, jneoke) VALUES (1957, 156, "Telukjambe Timur", "KRW10029", "15000", "9000");
INSERT INTO `oc_city` (city_id, zone_id, name, code, jnereg, jneoke) VALUES (1958, 156, "Tempuran", "KRW10015", "15000", "9000");
INSERT INTO `oc_city` (city_id, zone_id, name, code, jnereg, jneoke) VALUES (1959, 156, "Tirtajaya", "KRW10030", "15000", "9000");
INSERT INTO `oc_city` (city_id, zone_id, name, code, jnereg, jneoke) VALUES (1960, 156, "Tirtamulya", "KRW10016", "15000", "9000");
INSERT INTO `oc_zone` (zone_id, country_id, name, status) VALUES (157, 12, "Kab. Kuningan", 1);
INSERT INTO `oc_city` (city_id, zone_id, name, code, jnereg, jneoke) VALUES (1961, 157, "Ciawi Gebang", "CBN20202", "14500", "11500");
INSERT INTO `oc_city` (city_id, zone_id, name, code, jnereg, jneoke) VALUES (1962, 157, "Cibeureum", "CBN20204", "14500", "11500");
INSERT INTO `oc_city` (city_id, zone_id, name, code, jnereg, jneoke) VALUES (1963, 157, "Cibingbin", "CBN20203", "14500", "11500");
INSERT INTO `oc_city` (city_id, zone_id, name, code, jnereg, jneoke) VALUES (1964, 157, "Cidahu", "CBN20205", "14500", "11500");
INSERT INTO `oc_city` (city_id, zone_id, name, code, jnereg, jneoke) VALUES (1965, 157, "Cigandamekar", "CBN20237", "14500", "11500");
INSERT INTO `oc_city` (city_id, zone_id, name, code, jnereg, jneoke) VALUES (1966, 157, "Cigugur", "CBN20206", "14500", "11500");
INSERT INTO `oc_city` (city_id, zone_id, name, code, jnereg, jneoke) VALUES (1967, 157, "Cilebak", "CBN20209", "14500", "11500");
INSERT INTO `oc_city` (city_id, zone_id, name, code, jnereg, jneoke) VALUES (1968, 157, "Cilimus", "CBN20208", "14500", "11500");
INSERT INTO `oc_city` (city_id, zone_id, name, code, jnereg, jneoke) VALUES (1969, 157, "Cimahi", "CBN20210", "14500", "11500");
INSERT INTO `oc_city` (city_id, zone_id, name, code, jnereg, jneoke) VALUES (1970, 157, "Ciniru", "CBN20211", "14500", "11500");
INSERT INTO `oc_city` (city_id, zone_id, name, code, jnereg, jneoke) VALUES (1971, 157, "Cipicung", "CBN20212", "14500", "11500");
INSERT INTO `oc_city` (city_id, zone_id, name, code, jnereg, jneoke) VALUES (1972, 157, "Ciwaru", "CBN20238", "14500", "11500");
INSERT INTO `oc_city` (city_id, zone_id, name, code, jnereg, jneoke) VALUES (1973, 157, "Darma", "CBN20213", "14500", "11500");
INSERT INTO `oc_city` (city_id, zone_id, name, code, jnereg, jneoke) VALUES (1974, 157, "Garawangi", "CBN20214", "14500", "11500");
INSERT INTO `oc_city` (city_id, zone_id, name, code, jnereg, jneoke) VALUES (1975, 157, "Hantara", "CBN20215", "14500", "11500");
INSERT INTO `oc_city` (city_id, zone_id, name, code, jnereg, jneoke) VALUES (1976, 157, "Jalaksana", "CBN20216", "14500", "11500");
INSERT INTO `oc_city` (city_id, zone_id, name, code, jnereg, jneoke) VALUES (1977, 157, "Japara", "CBN20217", "14500", "11500");
INSERT INTO `oc_city` (city_id, zone_id, name, code, jnereg, jneoke) VALUES (1978, 157, "Kadugede", "CBN20218", "14500", "11500");
INSERT INTO `oc_city` (city_id, zone_id, name, code, jnereg, jneoke) VALUES (1979, 157, "Kalimanggis", "CBN20219", "14500", "11500");
INSERT INTO `oc_city` (city_id, zone_id, name, code, jnereg, jneoke) VALUES (1980, 157, "Karangkancana", "CBN20220", "14500", "11500");
INSERT INTO `oc_city` (city_id, zone_id, name, code, jnereg, jneoke) VALUES (1981, 157, "Kramatmulya", "CBN20221", "14500", "11500");
INSERT INTO `oc_city` (city_id, zone_id, name, code, jnereg, jneoke) VALUES (1982, 157, "Kuningan", "CBN20200", "12500", "9000");
INSERT INTO `oc_city` (city_id, zone_id, name, code, jnereg, jneoke) VALUES (1983, 157, "Lebakwangi", "CBN20222", "14500", "11500");
INSERT INTO `oc_city` (city_id, zone_id, name, code, jnereg, jneoke) VALUES (1984, 157, "Luragung", "CBN20224", "14500", "11500");
INSERT INTO `oc_city` (city_id, zone_id, name, code, jnereg, jneoke) VALUES (1985, 157, "Maleber", "CBN20225", "14500", "11500");
INSERT INTO `oc_city` (city_id, zone_id, name, code) VALUES (1986, 157, "Mandirancan", "CBN20226");
INSERT INTO `oc_city` (city_id, zone_id, name, code, jnereg, jneoke) VALUES (1987, 157, "Nusaherang", "CBN20228", "14500", "11500");
INSERT INTO `oc_city` (city_id, zone_id, name, code, jnereg, jneoke) VALUES (1988, 157, "Pancalang", "CBN20230", "14500", "11500");
INSERT INTO `oc_city` (city_id, zone_id, name, code, jnereg, jneoke) VALUES (1989, 157, "Pasawahan", "CBN20231", "14500", "11500");
INSERT INTO `oc_city` (city_id, zone_id, name, code, jnereg, jneoke) VALUES (1990, 157, "Selajambe", "CBN20232", "14500", "11500");
INSERT INTO `oc_city` (city_id, zone_id, name, code, jnereg, jneoke) VALUES (1991, 157, "Sindangagung", "CBN20233", "14500", "11500");
INSERT INTO `oc_city` (city_id, zone_id, name, code, jnereg, jneoke) VALUES (1992, 157, "Subang", "CBN20234", "14500", "11500");
INSERT INTO `oc_zone` (zone_id, country_id, name, status) VALUES (158, 12, "Kab. Majalengka", 1);
INSERT INTO `oc_city` (city_id, zone_id, name, code, jnereg, jneoke) VALUES (1993, 158, "Argapura", "CBN20301", "14500", "11500");
INSERT INTO `oc_city` (city_id, zone_id, name, code, jnereg, jneoke) VALUES (1994, 158, "Banjaran", "CBN20320", "14500", "11500");
INSERT INTO `oc_city` (city_id, zone_id, name, code, jnereg, jneoke) VALUES (1995, 158, "Bantarujeg", "CBN20302", "14500", "11500");
INSERT INTO `oc_city` (city_id, zone_id, name, code, jnereg, jneoke) VALUES (1996, 158, "Cigasong", "CBN20321", "14500", "11500");
INSERT INTO `oc_city` (city_id, zone_id, name, code, jnereg, jneoke) VALUES (1997, 158, "Cikijing", "CBN20303", "14500", "11500");
INSERT INTO `oc_city` (city_id, zone_id, name, code, jnereg, jneoke) VALUES (1998, 158, "Cingambul", "CBN20322", "14500", "11500");
INSERT INTO `oc_city` (city_id, zone_id, name, code, jnereg, jneoke) VALUES (1999, 158, "Dawuan", "CBN20304", "14500", "11500");
INSERT INTO `oc_city` (city_id, zone_id, name, code, jnereg, jneoke) VALUES (2000, 158, "Jatitujuh", "CBN20306", "14500", "11500");
INSERT INTO `oc_city` (city_id, zone_id, name, code, jnereg, jneoke) VALUES (2001, 158, "Jatiwangi", "CBN20305", "12500", "9000");
INSERT INTO `oc_city` (city_id, zone_id, name, code, jnereg, jneoke) VALUES (2002, 158, "Kadipaten", "CBN20307", "12500", "9000");
INSERT INTO `oc_city` (city_id, zone_id, name, code, jnereg, jneoke) VALUES (2003, 158, "Kertajati", "CBN20308", "14500", "11500");
INSERT INTO `oc_city` (city_id, zone_id, name, code, jnereg, jneoke) VALUES (2004, 158, "Lemahsugih", "CBN20309", "14500", "11500");
INSERT INTO `oc_city` (city_id, zone_id, name, code, jnereg, jneoke) VALUES (2005, 158, "Leuwimunding", "CBN20310", "14500", "11500");
INSERT INTO `oc_city` (city_id, zone_id, name, code, jnereg, jneoke) VALUES (2006, 158, "Ligung", "CBN20311", "14500", "11500");
INSERT INTO `oc_city` (city_id, zone_id, name, code, jnereg, jneoke) VALUES (2007, 158, "Maja", "CBN20312", "14500", "11500");
INSERT INTO `oc_city` (city_id, zone_id, name, code, jnereg, jneoke) VALUES (2008, 158, "Majalengka", "CBN20300", "12500", "9000");
INSERT INTO `oc_city` (city_id, zone_id, name, code, jnereg, jneoke) VALUES (2009, 158, "Palasah", "CBN20313", "14500", "11500");
INSERT INTO `oc_city` (city_id, zone_id, name, code, jnereg, jneoke) VALUES (2010, 158, "Panyingkiran", "CBN20314", "14500", "11500");
INSERT INTO `oc_city` (city_id, zone_id, name, code, jnereg, jneoke) VALUES (2011, 158, "Rajagaluh", "CBN20315", "14500", "11500");
INSERT INTO `oc_city` (city_id, zone_id, name, code, jnereg, jneoke) VALUES (2012, 158, "Sindangwangi", "CBN20323", "14500", "11500");
INSERT INTO `oc_city` (city_id, zone_id, name, code, jnereg, jneoke) VALUES (2013, 158, "Sukahaji", "CBN20317", "14500", "11500");
INSERT INTO `oc_city` (city_id, zone_id, name, code, jnereg, jneoke) VALUES (2014, 158, "Sumber Jaya", "CBN20318", "14500", "11500");
INSERT INTO `oc_city` (city_id, zone_id, name, code, jnereg, jneoke) VALUES (2015, 158, "Talaga", "CBN20319", "14500", "11500");
INSERT INTO `oc_zone` (zone_id, country_id, name, status) VALUES (159, 12, "Kab. Purwakarta", 1);
INSERT INTO `oc_city` (city_id, zone_id, name, code, jnereg, jneoke) VALUES (2016, 159, "Babakancikao", "BDO20804", "13000", "10000");
INSERT INTO `oc_city` (city_id, zone_id, name, code, jnereg, jneoke) VALUES (2017, 159, "Bojong", "BDO20820", "13000", "10000");
INSERT INTO `oc_city` (city_id, zone_id, name, code, jnereg, jneoke) VALUES (2018, 159, "Bungursari", "BDO20805", "13000", "10000");
INSERT INTO `oc_city` (city_id, zone_id, name, code, jnereg, jneoke) VALUES (2019, 159, "Campaka", "BDO20802", "13000", "10000");
INSERT INTO `oc_city` (city_id, zone_id, name, code, jnereg, jneoke) VALUES (2020, 159, "Cibatu", "BDO20806", "13000", "10000");
INSERT INTO `oc_city` (city_id, zone_id, name, code, jnereg, jneoke) VALUES (2021, 159, "Darangdan", "BDO20809", "13000", "10000");
INSERT INTO `oc_city` (city_id, zone_id, name, code, jnereg, jneoke) VALUES (2022, 159, "Jatiluhur", "BDO20801", "13000", "10000");
INSERT INTO `oc_city` (city_id, zone_id, name, code, jnereg, jneoke) VALUES (2023, 159, "Kiarapedes", "BDO20821", "13000", "10000");
INSERT INTO `oc_city` (city_id, zone_id, name, code, jnereg, jneoke) VALUES (2024, 159, "Maniis", "BDO20810", "13000", "10000");
INSERT INTO `oc_city` (city_id, zone_id, name, code, jnereg, jneoke) VALUES (2025, 159, "Pasawahan", "BDO20803", "13000", "10000");
INSERT INTO `oc_city` (city_id, zone_id, name, code, jnereg, jneoke) VALUES (2026, 159, "Plered", "BDO20807", "13000", "10000");
INSERT INTO `oc_city` (city_id, zone_id, name, code, jnereg, jneoke) VALUES (2027, 159, "Pondoksalam", "BDO20814", "13000", "10000");
INSERT INTO `oc_city` (city_id, zone_id, name, code, jnereg, jneoke) VALUES (2028, 159, "Purwakarta", "BDO20800", "12000", "9000");
INSERT INTO `oc_city` (city_id, zone_id, name, code, jnereg, jneoke) VALUES (2029, 159, "Sukasari", "BDO20813", "13000", "10000");
INSERT INTO `oc_city` (city_id, zone_id, name, code, jnereg, jneoke) VALUES (2030, 159, "Sukatani", "BDO20808", "13000", "10000");
INSERT INTO `oc_city` (city_id, zone_id, name, code, jnereg, jneoke) VALUES (2031, 159, "Tegalwaru", "BDO20811", "13000", "10000");
INSERT INTO `oc_city` (city_id, zone_id, name, code, jnereg, jneoke) VALUES (2032, 159, "Wanayasa", "BDO20812", "13000", "10000");
INSERT INTO `oc_zone` (zone_id, country_id, name, status) VALUES (160, 12, "Kab. Subang", 1);
INSERT INTO `oc_city` (city_id, zone_id, name, code, jnereg, jneoke) VALUES (2033, 160, "Binong", "BDO21102", "14000", "11000");
INSERT INTO `oc_city` (city_id, zone_id, name, code, jnereg, jneoke) VALUES (2034, 160, "Blanakan", "BDO21103", "14000", "11000");
INSERT INTO `oc_city` (city_id, zone_id, name, code, jnereg, jneoke) VALUES (2035, 160, "Ciasem", "BDO21104", "14000", "11000");
INSERT INTO `oc_city` (city_id, zone_id, name, code, jnereg, jneoke) VALUES (2036, 160, "Cibogo", "BDO21105", "14000", "11000");
INSERT INTO `oc_city` (city_id, zone_id, name, code, jnereg, jneoke) VALUES (2037, 160, "Cijambe", "BDO21106", "14000", "11000");
INSERT INTO `oc_city` (city_id, zone_id, name, code, jnereg, jneoke) VALUES (2038, 160, "Cikaum", "BDO21119", "14000", "11000");
INSERT INTO `oc_city` (city_id, zone_id, name, code, jnereg, jneoke) VALUES (2039, 160, "Cipeundeuy", "BDO21101", "14000", "11000");
INSERT INTO `oc_city` (city_id, zone_id, name, code, jnereg, jneoke) VALUES (2040, 160, "Cipunagara", "BDO21120", "14000", "11000");
INSERT INTO `oc_city` (city_id, zone_id, name, code, jnereg, jneoke) VALUES (2041, 160, "Cisalak", "BDO21107", "14000", "11000");
INSERT INTO `oc_city` (city_id, zone_id, name, code, jnereg, jneoke) VALUES (2042, 160, "Compreng", "BDO21108", "14000", "11000");
INSERT INTO `oc_city` (city_id, zone_id, name, code, jnereg, jneoke) VALUES (2043, 160, "Jalan Cagak", "BDO21109", "14000", "11000");
INSERT INTO `oc_city` (city_id, zone_id, name, code, jnereg, jneoke) VALUES (2044, 160, "Kalijati", "BDO21110", "14000", "11000");
INSERT INTO `oc_city` (city_id, zone_id, name, code, jnereg, jneoke) VALUES (2045, 160, "Legon Kulon", "BDO21121", "14000", "11000");
INSERT INTO `oc_city` (city_id, zone_id, name, code, jnereg, jneoke) VALUES (2046, 160, "Pabuaran", "BDO21111", "14000", "11000");
INSERT INTO `oc_city` (city_id, zone_id, name, code, jnereg, jneoke) VALUES (2047, 160, "Pagaden", "BDO21122", "14000", "11000");
INSERT INTO `oc_city` (city_id, zone_id, name, code, jnereg, jneoke) VALUES (2048, 160, "Pamanukan", "BDO21113", "14000", "11000");
INSERT INTO `oc_city` (city_id, zone_id, name, code, jnereg, jneoke) VALUES (2049, 160, "Patok Beusi", "BDO21114", "14000", "11000");
INSERT INTO `oc_city` (city_id, zone_id, name, code, jnereg, jneoke) VALUES (2050, 160, "Purwadadi", "BDO21115", "14000", "11000");
INSERT INTO `oc_city` (city_id, zone_id, name, code, jnereg, jneoke) VALUES (2051, 160, "Pusakanagara", "BDO21116", "14000", "11000");
INSERT INTO `oc_city` (city_id, zone_id, name, code, jnereg, jneoke) VALUES (2052, 160, "Sagalaherang", "BDO21117", "14000", "11000");
INSERT INTO `oc_city` (city_id, zone_id, name, code, jnereg, jneoke) VALUES (2053, 160, "Subang", "BDO21100", "12000", "9000");
INSERT INTO `oc_city` (city_id, zone_id, name, code, jnereg, jneoke) VALUES (2054, 160, "Tanjung Siang", "BDO21118", "14000", "11000");
INSERT INTO `oc_zone` (zone_id, country_id, name, status) VALUES (161, 12, "Kab. Sukabumi", 1);
INSERT INTO `oc_city` (city_id, zone_id, name, code, jnereg, jneoke) VALUES (2055, 161, "Bantargadung", "SMI10001", "14000", "9000");
INSERT INTO `oc_city` (city_id, zone_id, name, code, jnereg, jneoke) VALUES (2056, 161, "Bojong Genteng", "SMI10003", "14000", "9000");
INSERT INTO `oc_city` (city_id, zone_id, name, code, jnereg, jneoke) VALUES (2057, 161, "Caringin", "SMI10004", "14000", "9000");
INSERT INTO `oc_city` (city_id, zone_id, name, code, jnereg, jneoke) VALUES (2058, 161, "Cibadak", "SMI10005", "14000", "9000");
INSERT INTO `oc_city` (city_id, zone_id, name, code, jnereg, jneoke) VALUES (2059, 161, "Cibitung", "SMI10006", "14000", "9000");
INSERT INTO `oc_city` (city_id, zone_id, name, code, jnereg, jneoke) VALUES (2060, 161, "Cicantayan", "SMI10008", "14000", "9000");
INSERT INTO `oc_city` (city_id, zone_id, name, code, jnereg, jneoke) VALUES (2061, 161, "Cicurug", "SMI10007", "14000", "9000");
INSERT INTO `oc_city` (city_id, zone_id, name, code, jnereg, jneoke) VALUES (2062, 161, "Cidadap", "SMI10011", "14000", "9000");
INSERT INTO `oc_city` (city_id, zone_id, name, code, jnereg, jneoke) VALUES (2063, 161, "Cidahu", "SMI10009", "14000", "9000");
INSERT INTO `oc_city` (city_id, zone_id, name, code, jnereg, jneoke) VALUES (2064, 161, "Cidolog", "SMI10010", "14000", "9000");
INSERT INTO `oc_city` (city_id, zone_id, name, code, jnereg, jneoke) VALUES (2065, 161, "Ciemas", "SMI10012", "14000", "9000");
INSERT INTO `oc_city` (city_id, zone_id, name, code, jnereg, jneoke) VALUES (2066, 161, "Cikakak", "SMI10015", "14000", "9000");
INSERT INTO `oc_city` (city_id, zone_id, name, code, jnereg, jneoke) VALUES (2067, 161, "Cikembar", "SMI10014", "14000", "9000");
INSERT INTO `oc_city` (city_id, zone_id, name, code, jnereg, jneoke) VALUES (2068, 161, "Cikidang", "SMI10013", "14000", "9000");
INSERT INTO `oc_city` (city_id, zone_id, name, code, jnereg, jneoke) VALUES (2069, 161, "Ciracap", "SMI10016", "14000", "9000");
INSERT INTO `oc_city` (city_id, zone_id, name, code, jnereg, jneoke) VALUES (2070, 161, "Cireunghas", "SMI10017", "14000", "9000");
INSERT INTO `oc_city` (city_id, zone_id, name, code, jnereg, jneoke) VALUES (2071, 161, "Cisaat", "SMI10018", "14000", "9000");
INSERT INTO `oc_city` (city_id, zone_id, name, code, jnereg, jneoke) VALUES (2072, 161, "Cisolok", "SMI10019", "14000", "9000");
INSERT INTO `oc_city` (city_id, zone_id, name, code, jnereg, jneoke) VALUES (2073, 161, "Curugkembar", "SMI10020", "14000", "9000");
INSERT INTO `oc_city` (city_id, zone_id, name, code, jnereg, jneoke) VALUES (2074, 161, "Gegerbitung", "SMI10021", "14000", "9000");
INSERT INTO `oc_city` (city_id, zone_id, name, code, jnereg, jneoke) VALUES (2075, 161, "Gunung Guruh", "SMI10022", "14000", "9000");
INSERT INTO `oc_city` (city_id, zone_id, name, code, jnereg, jneoke) VALUES (2076, 161, "Jampang Kulon", "SMI10023", "14000", "9000");
INSERT INTO `oc_city` (city_id, zone_id, name, code, jnereg, jneoke) VALUES (2077, 161, "Jampang Tengah", "SMI10024", "14000", "9000");
INSERT INTO `oc_city` (city_id, zone_id, name, code, jnereg, jneoke) VALUES (2078, 161, "Kabandungan", "SMI10025", "14000", "9000");
INSERT INTO `oc_city` (city_id, zone_id, name, code, jnereg, jneoke) VALUES (2079, 161, "Kadudampit", "SMI10026", "14000", "9000");
INSERT INTO `oc_city` (city_id, zone_id, name, code, jnereg, jneoke) VALUES (2080, 161, "Kalapa Nunggal", "SMI10027", "14000", "9000");
INSERT INTO `oc_city` (city_id, zone_id, name, code, jnereg, jneoke) VALUES (2081, 161, "Kalibunder", "SMI10028", "14000", "9000");
INSERT INTO `oc_city` (city_id, zone_id, name, code, jnereg, jneoke) VALUES (2082, 161, "Kebonpedes", "SMI10029", "14000", "9000");
INSERT INTO `oc_city` (city_id, zone_id, name, code, jnereg, jneoke) VALUES (2083, 161, "Lengkong", "SMI10030", "14000", "9000");
INSERT INTO `oc_city` (city_id, zone_id, name, code, jnereg, jneoke) VALUES (2084, 161, "Nagrak", "SMI10031", "14000", "9000");
INSERT INTO `oc_city` (city_id, zone_id, name, code, jnereg, jneoke) VALUES (2085, 161, "Nyalindung", "SMI10032", "14000", "9000");
INSERT INTO `oc_city` (city_id, zone_id, name, code, jnereg, jneoke) VALUES (2086, 161, "Pabuaran", "SMI10033", "14000", "9000");
INSERT INTO `oc_city` (city_id, zone_id, name, code, jnereg, jneoke) VALUES (2087, 161, "Parakan Salak", "SMI10035", "14000", "9000");
INSERT INTO `oc_city` (city_id, zone_id, name, code, jnereg, jneoke) VALUES (2088, 161, "Parung Kuda", "SMI10034", "14000", "9000");
INSERT INTO `oc_city` (city_id, zone_id, name, code, jnereg, jneoke) VALUES (2089, 161, "Pelabuhan Ratu", "SMI10036", "14000", "9000");
INSERT INTO `oc_city` (city_id, zone_id, name, code, jnereg, jneoke) VALUES (2090, 161, "Purabaya", "SMI10037", "14000", "9000");
INSERT INTO `oc_city` (city_id, zone_id, name, code, jnereg, jneoke) VALUES (2091, 161, "Sagaranten", "SMI10038", "14000", "9000");
INSERT INTO `oc_city` (city_id, zone_id, name, code, jnereg, jneoke) VALUES (2092, 161, "Simpenan", "SMI10039", "14000", "9000");
INSERT INTO `oc_city` (city_id, zone_id, name, code, jnereg, jneoke) VALUES (2093, 161, "Sukabumi", "SMI10000", "12000", "9000");
INSERT INTO `oc_city` (city_id, zone_id, name, code, jnereg, jneoke) VALUES (2094, 161, "Sukalarang", "SMI10040", "14000", "9000");
INSERT INTO `oc_city` (city_id, zone_id, name, code, jnereg, jneoke) VALUES (2095, 161, "Sukaraja", "SMI10042", "14000", "9000");
INSERT INTO `oc_city` (city_id, zone_id, name, code, jnereg, jneoke) VALUES (2096, 161, "Surade", "SMI10043", "14000", "9000");
INSERT INTO `oc_city` (city_id, zone_id, name, code, jnereg, jneoke) VALUES (2097, 161, "Tegal Buleud", "SMI10044", "14000", "9000");
INSERT INTO `oc_city` (city_id, zone_id, name, code, jnereg, jneoke) VALUES (2098, 161, "Waluran", "SMI10045", "14000", "9000");
INSERT INTO `oc_city` (city_id, zone_id, name, code) VALUES (2099, 161, "Warung Kiara", "SMI10046");
INSERT INTO `oc_zone` (zone_id, country_id, name, status) VALUES (162, 12, "Kab. Sumedang", 1);
INSERT INTO `oc_city` (city_id, zone_id, name, code, jnereg, jneoke) VALUES (2100, 162, "Buahdua", "BDO20201", "15000", "12000");
INSERT INTO `oc_city` (city_id, zone_id, name, code, jnereg, jneoke) VALUES (2101, 162, "Cibugel", "BDO20203", "15000", "12000");
INSERT INTO `oc_city` (city_id, zone_id, name, code, jnereg, jneoke) VALUES (2102, 162, "Cimalaka", "BDO20205", "15000", "12000");
INSERT INTO `oc_city` (city_id, zone_id, name, code, jnereg, jneoke) VALUES (2103, 162, "Cimanggu", "BDO20206", "15000", "12000");
INSERT INTO `oc_city` (city_id, zone_id, name, code, jnereg, jneoke) VALUES (2104, 162, "Cisarua", "BDO20248", "15000", "12000");
INSERT INTO `oc_city` (city_id, zone_id, name, code, jnereg, jneoke) VALUES (2105, 162, "Cisitu", "BDO20249", "15000", "12000");
INSERT INTO `oc_city` (city_id, zone_id, name, code, jnereg, jneoke) VALUES (2106, 162, "Conggeang", "BDO20208", "15000", "12000");
INSERT INTO `oc_city` (city_id, zone_id, name, code, jnereg, jneoke) VALUES (2107, 162, "Darmaraja", "BDO20209", "15000", "12000");
INSERT INTO `oc_city` (city_id, zone_id, name, code, jnereg, jneoke) VALUES (2108, 162, "Ganeas", "BDO20210", "15000", "12000");
INSERT INTO `oc_city` (city_id, zone_id, name, code, jnereg, jneoke) VALUES (2109, 162, "Jatigede", "BDO20250", "15000", "12000");
INSERT INTO `oc_city` (city_id, zone_id, name, code, jnereg, jneoke) VALUES (2110, 162, "Jatinangor", "BDO20247", "12000", "9000");
INSERT INTO `oc_city` (city_id, zone_id, name, code, jnereg, jneoke) VALUES (2111, 162, "Jatinunggal", "BDO20251", "15000", "12000");
INSERT INTO `oc_city` (city_id, zone_id, name, code, jnereg, jneoke) VALUES (2112, 162, "Pamulihan", "BDO20214", "15000", "12000");
INSERT INTO `oc_city` (city_id, zone_id, name, code, jnereg, jneoke) VALUES (2113, 162, "Paseh", "BDO20215", "15000", "12000");
INSERT INTO `oc_city` (city_id, zone_id, name, code, jnereg, jneoke) VALUES (2114, 162, "Rancakalong", "BDO20216", "15000", "12000");
INSERT INTO `oc_city` (city_id, zone_id, name, code, jnereg, jneoke) VALUES (2115, 162, "Situraja", "BDO20217", "15000", "12000");
INSERT INTO `oc_city` (city_id, zone_id, name, code, jnereg, jneoke) VALUES (2116, 162, "Sukasari", "BDO20218", "15000", "12000");
INSERT INTO `oc_city` (city_id, zone_id, name, code, jnereg, jneoke) VALUES (2117, 162, "Sumedang", "BDO20200", "12000", "9000");
INSERT INTO `oc_city` (city_id, zone_id, name, code, jnereg, jneoke) VALUES (2118, 162, "Sumedang Selatan", "BDO20252", "15000", "12000");
INSERT INTO `oc_city` (city_id, zone_id, name, code) VALUES (2119, 162, "Sumedang Utara", "BDO20253");
INSERT INTO `oc_city` (city_id, zone_id, name, code, jnereg, jneoke) VALUES (2120, 162, "Surian", "BDO20219", "15000", "12000");
INSERT INTO `oc_city` (city_id, zone_id, name, code, jnereg, jneoke) VALUES (2121, 162, "Tanjungkerta", "BDO20220", "15000", "12000");
INSERT INTO `oc_city` (city_id, zone_id, name, code, jnereg, jneoke) VALUES (2122, 162, "Tanjungmedar", "BDO20254", "15000", "12000");
INSERT INTO `oc_city` (city_id, zone_id, name, code, jnereg, jneoke) VALUES (2123, 162, "Tanjungsari", "BDO20221", "15000", "12000");
INSERT INTO `oc_city` (city_id, zone_id, name, code, jnereg, jneoke) VALUES (2124, 162, "Tomo", "BDO20222", "15000", "12000");
INSERT INTO `oc_city` (city_id, zone_id, name, code, jnereg, jneoke) VALUES (2125, 162, "Ujung Jaya", "BDO20223", "15000", "12000");
INSERT INTO `oc_city` (city_id, zone_id, name, code, jnereg, jneoke) VALUES (2126, 162, "Wado", "BDO20224", "15000", "12000");
INSERT INTO `oc_zone` (zone_id, country_id, name, status) VALUES (163, 12, "Kab. Tasikmalaya", 1);
INSERT INTO `oc_city` (city_id, zone_id, name, code, jnereg, jneoke) VALUES (2127, 163, "Bantarkalong", "BDO20612", "14500", "11500");
INSERT INTO `oc_city` (city_id, zone_id, name, code, jnereg, jneoke) VALUES (2128, 163, "Bojongasih", "BDO20630", "14500", "11500");
INSERT INTO `oc_city` (city_id, zone_id, name, code, jnereg, jneoke) VALUES (2129, 163, "Bojonggambir", "BDO20601", "14500", "11500");
INSERT INTO `oc_city` (city_id, zone_id, name, code, jnereg, jneoke) VALUES (2130, 163, "Ciawi", "BDO20614", "14500", "11500");
INSERT INTO `oc_city` (city_id, zone_id, name, code, jnereg, jneoke) VALUES (2131, 163, "Cibalong", "BDO20615", "14500", "11500");
INSERT INTO `oc_city` (city_id, zone_id, name, code, jnereg, jneoke) VALUES (2132, 163, "Cigalontang", "BDO20602", "14500", "11500");
INSERT INTO `oc_city` (city_id, zone_id, name, code, jnereg, jneoke) VALUES (2133, 163, "Cikalong", "BDO20617", "14500", "11500");
INSERT INTO `oc_city` (city_id, zone_id, name, code, jnereg, jneoke) VALUES (2134, 163, "Cikatomas", "BDO20616", "14500", "11500");
INSERT INTO `oc_city` (city_id, zone_id, name, code, jnereg, jneoke) VALUES (2135, 163, "Cineam", "BDO20618", "14500", "11500");
INSERT INTO `oc_city` (city_id, zone_id, name, code, jnereg, jneoke) VALUES (2136, 163, "Cipatujah", "BDO20619", "14500", "11500");
INSERT INTO `oc_city` (city_id, zone_id, name, code, jnereg, jneoke) VALUES (2137, 163, "Cisayong", "BDO20620", "14500", "11500");
INSERT INTO `oc_city` (city_id, zone_id, name, code, jnereg, jneoke) VALUES (2138, 163, "Culamega", "BDO20613", "14500", "11500");
INSERT INTO `oc_city` (city_id, zone_id, name, code, jnereg, jneoke) VALUES (2139, 163, "Gunung Tanjung", "BDO20631", "14500", "11500");
INSERT INTO `oc_city` (city_id, zone_id, name, code, jnereg, jneoke) VALUES (2140, 163, "Jamanis", "BDO20621", "14500", "11500");
INSERT INTO `oc_city` (city_id, zone_id, name, code, jnereg, jneoke) VALUES (2141, 163, "Jatiwaras", "BDO20632", "14500", "11500");
INSERT INTO `oc_city` (city_id, zone_id, name, code, jnereg, jneoke) VALUES (2142, 163, "Kadipaten", "BDO20629", "14500", "11500");
INSERT INTO `oc_city` (city_id, zone_id, name, code, jnereg, jneoke) VALUES (2143, 163, "Karangjaya", "BDO20633", "14500", "11500");
INSERT INTO `oc_city` (city_id, zone_id, name, code, jnereg, jneoke) VALUES (2144, 163, "Karangnunggal", "BDO20622", "14500", "11500");
INSERT INTO `oc_city` (city_id, zone_id, name, code, jnereg, jneoke) VALUES (2145, 163, "Leuwisari", "BDO20603", "14500", "11500");
INSERT INTO `oc_city` (city_id, zone_id, name, code, jnereg, jneoke) VALUES (2146, 163, "Mangunreja", "BDO20609", "14500", "11500");
INSERT INTO `oc_city` (city_id, zone_id, name, code, jnereg, jneoke) VALUES (2147, 163, "Manonjaya", "BDO20623", "14500", "11500");
INSERT INTO `oc_city` (city_id, zone_id, name, code, jnereg, jneoke) VALUES (2148, 163, "Padakembang", "BDO20634", "14500", "11500");
INSERT INTO `oc_city` (city_id, zone_id, name, code, jnereg, jneoke) VALUES (2149, 163, "Pagerageung", "BDO20635", "14500", "11500");
INSERT INTO `oc_city` (city_id, zone_id, name, code, jnereg, jneoke) VALUES (2150, 163, "Pancatengah", "BDO20624", "14500", "11500");
INSERT INTO `oc_city` (city_id, zone_id, name, code, jnereg, jneoke) VALUES (2151, 163, "Parungponteng", "BDO20636", "14500", "11500");
INSERT INTO `oc_city` (city_id, zone_id, name, code, jnereg, jneoke) VALUES (2152, 163, "Puspahiang", "BDO20637", "14500", "11500");
INSERT INTO `oc_city` (city_id, zone_id, name, code, jnereg, jneoke) VALUES (2153, 163, "Rajapolah", "BDO20625", "14500", "11500");
INSERT INTO `oc_city` (city_id, zone_id, name, code, jnereg, jneoke) VALUES (2154, 163, "Salawu", "BDO20606", "14500", "11500");
INSERT INTO `oc_city` (city_id, zone_id, name, code, jnereg, jneoke) VALUES (2155, 163, "Salopa", "BDO20626", "14500", "11500");
INSERT INTO `oc_city` (city_id, zone_id, name, code, jnereg, jneoke) VALUES (2156, 163, "Sariwangi", "BDO20605", "14500", "11500");
INSERT INTO `oc_city` (city_id, zone_id, name, code, jnereg, jneoke) VALUES (2157, 163, "Singaparna", "BDO20600", "12000", "9000");
INSERT INTO `oc_city` (city_id, zone_id, name, code, jnereg, jneoke) VALUES (2158, 163, "Sodonghilir", "BDO20610", "14500", "11500");
INSERT INTO `oc_city` (city_id, zone_id, name, code, jnereg, jneoke) VALUES (2159, 163, "Sukahening", "BDO20642", "14500", "11500");
INSERT INTO `oc_city` (city_id, zone_id, name, code, jnereg, jneoke) VALUES (2160, 163, "Sukaraja", "BDO20627", "14500", "11500");
INSERT INTO `oc_city` (city_id, zone_id, name, code, jnereg, jneoke) VALUES (2161, 163, "Sukarame", "BDO20608", "14500", "11500");
INSERT INTO `oc_city` (city_id, zone_id, name, code, jnereg, jneoke) VALUES (2162, 163, "Sukaratu", "BDO20638", "14500", "11500");
INSERT INTO `oc_city` (city_id, zone_id, name, code, jnereg, jneoke) VALUES (2163, 163, "Sukaresik", "BDO20639", "14500", "11500");
INSERT INTO `oc_city` (city_id, zone_id, name, code, jnereg, jneoke) VALUES (2164, 163, "Tanjungjaya", "BDO20640", "14500", "11500");
INSERT INTO `oc_city` (city_id, zone_id, name, code, jnereg, jneoke) VALUES (2165, 163, "Taraju", "BDO20611", "14500", "11500");
INSERT INTO `oc_zone` (zone_id, country_id, name, status) VALUES (164, 12, "Kota Bandung", 1);
INSERT INTO `oc_city` (city_id, zone_id, name, code, jnereg, jneoke) VALUES (2166, 164, "Andir", "BDO10041", "9000", "5500");
INSERT INTO `oc_city` (city_id, zone_id, name, code, jnereg, jneoke) VALUES (2167, 164, "Arcamanik", "BDO10042", "9000", "5500");
INSERT INTO `oc_city` (city_id, zone_id, name, code, jnereg, jneoke) VALUES (2168, 164, "Astanaanyar", "BDO10043", "9000", "5500");
INSERT INTO `oc_city` (city_id, zone_id, name, code, jnereg, jneoke) VALUES (2169, 164, "Babakanciparay", "BDO10044", "9000", "5500");
INSERT INTO `oc_city` (city_id, zone_id, name, code, jnereg, jneoke, jneyes) VALUES (2170, 164, "Bandung", "BDO10000", "9000", "5500", "14000");
INSERT INTO `oc_city` (city_id, zone_id, name, code, jnereg, jneoke) VALUES (2171, 164, "Bandung Kidul", "BDO10045", "9000", "5500");
INSERT INTO `oc_city` (city_id, zone_id, name, code, jnereg, jneoke) VALUES (2172, 164, "Bandung Kulon", "BDO10046", "9000", "5500");
INSERT INTO `oc_city` (city_id, zone_id, name, code, jnereg, jneoke) VALUES (2173, 164, "Bandung Wetan", "BDO10047", "9000", "5500");
INSERT INTO `oc_city` (city_id, zone_id, name, code, jnereg, jneoke) VALUES (2174, 164, "Batununggal", "BDO10048", "9000", "5500");
INSERT INTO `oc_city` (city_id, zone_id, name, code, jnereg, jneoke) VALUES (2175, 164, "Bojongloa Kaler", "BDO10049", "9000", "5500");
INSERT INTO `oc_city` (city_id, zone_id, name, code, jnereg, jneoke) VALUES (2176, 164, "Bojongloa Kidul", "BDO10050", "9000", "5500");
INSERT INTO `oc_city` (city_id, zone_id, name, code, jnereg, jneoke) VALUES (2177, 164, "Cibeunying Kaler", "BDO10051", "9000", "5500");
INSERT INTO `oc_city` (city_id, zone_id, name, code, jnereg, jneoke) VALUES (2178, 164, "Cibeunying Kidul", "BDO10052", "9000", "5500");
INSERT INTO `oc_city` (city_id, zone_id, name, code, jnereg, jneoke) VALUES (2179, 164, "Cibiru", "BDO10002", "9000", "5500");
INSERT INTO `oc_city` (city_id, zone_id, name, code, jnereg, jneoke) VALUES (2180, 164, "Cicadas", "BDO10038", "9000", "5500");
INSERT INTO `oc_city` (city_id, zone_id, name, code, jnereg, jneoke) VALUES (2181, 164, "Cicendo", "BDO10053", "9000", "5500");
INSERT INTO `oc_city` (city_id, zone_id, name, code, jnereg, jneoke) VALUES (2182, 164, "Cidadap", "BDO10039", "9000", "5500");
INSERT INTO `oc_city` (city_id, zone_id, name, code, jnereg, jneoke) VALUES (2183, 164, "Coblong", "BDO10054", "9000", "5500");
INSERT INTO `oc_city` (city_id, zone_id, name, code, jnereg, jneoke) VALUES (2184, 164, "Kiaracondong", "BDO10055", "9000", "5500");
INSERT INTO `oc_city` (city_id, zone_id, name, code, jnereg, jneoke) VALUES (2185, 164, "Lengkong", "BDO10040", "9000", "5500");
INSERT INTO `oc_city` (city_id, zone_id, name, code, jnereg, jneoke) VALUES (2186, 164, "Margacinta", "BDO10056", "9000", "5500");
INSERT INTO `oc_city` (city_id, zone_id, name, code, jnereg, jneoke) VALUES (2187, 164, "Rancasari", "BDO10057", "9000", "5500");
INSERT INTO `oc_city` (city_id, zone_id, name, code, jnereg, jneoke) VALUES (2188, 164, "Regol", "BDO10058", "9000", "5500");
INSERT INTO `oc_city` (city_id, zone_id, name, code, jnereg, jneoke) VALUES (2189, 164, "Sukajadi", "BDO10059", "9000", "5500");
INSERT INTO `oc_city` (city_id, zone_id, name, code, jnereg, jneoke) VALUES (2190, 164, "Sukasari", "BDO10037", "9000", "5500");
INSERT INTO `oc_city` (city_id, zone_id, name, code, jnereg, jneoke) VALUES (2191, 164, "Sumurbandung", "BDO10060", "9000", "5500");
INSERT INTO `oc_city` (city_id, zone_id, name, code, jnereg, jneoke) VALUES (2192, 164, "Ujungberung", "BDO10018", "9000", "5500");
INSERT INTO `oc_zone` (zone_id, country_id, name, status) VALUES (165, 12, "Kota Banjar", 1);
INSERT INTO `oc_city` (city_id, zone_id, name, code, jnereg, jneoke) VALUES (2193, 165, "Banjar", "BDO20400", "14000", "10500");
INSERT INTO `oc_city` (city_id, zone_id, name, code, jnereg, jneoke) VALUES (2194, 165, "Langensari", "BDO20416", "14000", "10500");
INSERT INTO `oc_city` (city_id, zone_id, name, code, jnereg, jneoke) VALUES (2195, 165, "Pataruman", "BDO20417", "14000", "10500");
INSERT INTO `oc_city` (city_id, zone_id, name, code, jnereg, jneoke) VALUES (2196, 165, "Purwaharja", "BDO20418", "14000", "10500");
INSERT INTO `oc_zone` (zone_id, country_id, name, status) VALUES (166, 12, "Kota Bekasi", 1);
INSERT INTO `oc_city` (city_id, zone_id, name, code, jnereg, jneoke, jneyes) VALUES (2197, 166, "Bekasi", "BKI10000", "12000", "9000", "17500");
INSERT INTO `oc_city` (city_id, zone_id, name, code, jnereg, jneoke) VALUES (2198, 166, "Bantar Gebang", "BKI10002", "12000", "9000");
INSERT INTO `oc_city` (city_id, zone_id, name, code, jnereg, jneoke) VALUES (2199, 166, "Bekasi Barat", "BKI10039", "12000", "9000");
INSERT INTO `oc_city` (city_id, zone_id, name, code, jnereg, jneoke) VALUES (2200, 166, "Bekasi Selatan", "BKI10040", "12000", "9000");
INSERT INTO `oc_city` (city_id, zone_id, name, code, jnereg, jneoke) VALUES (2201, 166, "Bekasi Timur", "BKI10041", "12000", "9000");
INSERT INTO `oc_city` (city_id, zone_id, name, code, jnereg, jneoke) VALUES (2202, 166, "Bekasi Utara", "BKI10042", "12000", "9000");
INSERT INTO `oc_city` (city_id, zone_id, name, code, jnereg, jneoke) VALUES (2203, 166, "Jatiasih", "BKI10043", "12000", "9000");
INSERT INTO `oc_city` (city_id, zone_id, name, code, jnereg, jneoke) VALUES (2204, 166, "Jatisampurna", "BKI10044", "12000", "9000");
INSERT INTO `oc_city` (city_id, zone_id, name, code, jnereg, jneoke) VALUES (2205, 166, "Medan Satria", "BKI10045", "12000", "9000");
INSERT INTO `oc_city` (city_id, zone_id, name, code, jnereg, jneoke) VALUES (2206, 166, "Mustika Jaya", "BKI10046", "12000", "9000");
INSERT INTO `oc_city` (city_id, zone_id, name, code, jnereg, jneoke) VALUES (2207, 166, "Pondokgede", "BKI10047", "12000", "9000");
INSERT INTO `oc_city` (city_id, zone_id, name, code, jnereg, jneoke) VALUES (2208, 166, "Pondok Melati", "BKI10048", "12000", "9000");
INSERT INTO `oc_city` (city_id, zone_id, name, code, jnereg, jneoke) VALUES (2209, 166, "Rawalumbu", "BKI10049", "12000", "9000");
INSERT INTO `oc_zone` (zone_id, country_id, name, status) VALUES (167, 12, "Kota Bogor", 1);
INSERT INTO `oc_city` (city_id, zone_id, name, code, jnereg, jneoke, jneyes) VALUES (2210, 167, "Bogor", "BOO10000", "12000", "9000", "17500");
INSERT INTO `oc_city` (city_id, zone_id, name, code, jnereg, jneoke) VALUES (2211, 167, "Bogor Barat", "BOO10026", "12000", "9000");
INSERT INTO `oc_city` (city_id, zone_id, name, code, jnereg, jneoke) VALUES (2212, 167, "Bogor Selatan", "BOO10027", "12000", "9000");
INSERT INTO `oc_city` (city_id, zone_id, name, code, jnereg, jneoke) VALUES (2213, 167, "Bogor Tengah", "BOO10028", "12000", "9000");
INSERT INTO `oc_city` (city_id, zone_id, name, code, jnereg, jneoke) VALUES (2214, 167, "Bogor Timur", "BOO10029", "12000", "9000");
INSERT INTO `oc_city` (city_id, zone_id, name, code, jnereg, jneoke) VALUES (2215, 167, "Bogor Utara", "BOO10030", "12000", "9000");
INSERT INTO `oc_city` (city_id, zone_id, name, code, jnereg, jneoke) VALUES (2216, 167, "Tanah Sereal", "BOO10031", "12000", "9000");
INSERT INTO `oc_zone` (zone_id, country_id, name, status) VALUES (168, 12, "Kota Cimahi", 1);
INSERT INTO `oc_city` (city_id, zone_id, name, code, jnereg, jneoke) VALUES (2217, 168, "Cimahi", "BDO20100", "12000", "9000");
INSERT INTO `oc_city` (city_id, zone_id, name, code, jnereg, jneoke) VALUES (2218, 168, "Cimahi Selatan", "BDO20117", "12000", "9000");
INSERT INTO `oc_city` (city_id, zone_id, name, code, jnereg, jneoke) VALUES (2219, 168, "Cimahi Tengah", "BDO20118", "12000", "9000");
INSERT INTO `oc_city` (city_id, zone_id, name, code, jnereg, jneoke) VALUES (2220, 168, "Cimahi Utara", "BDO20119", "12000", "9000");
INSERT INTO `oc_zone` (zone_id, country_id, name, status) VALUES (169, 12, "Kota Cirebon", 1);
INSERT INTO `oc_city` (city_id, zone_id, name, code, jnereg, jneoke, jneyes) VALUES (2221, 169, "Cirebon", "CBN10000", "9000", "5500", "14000");
INSERT INTO `oc_city` (city_id, zone_id, name, code, jnereg, jneoke) VALUES (2222, 169, "Harjamukti", "CBN10034", "9000", "5500");
INSERT INTO `oc_city` (city_id, zone_id, name, code, jnereg, jneoke) VALUES (2223, 169, "Kejaksan", "CBN10035", "9000", "5500");
INSERT INTO `oc_city` (city_id, zone_id, name, code, jnereg, jneoke) VALUES (2224, 169, "Kesambi", "CBN10036", "9000", "5500");
INSERT INTO `oc_city` (city_id, zone_id, name, code, jnereg, jneoke) VALUES (2225, 169, "Lemahwungkuk", "CBN10037", "9000", "5500");
INSERT INTO `oc_city` (city_id, zone_id, name, code, jnereg, jneoke) VALUES (2226, 169, "Pekalipan", "CBN10038", "9000", "5500");
INSERT INTO `oc_city` (city_id, zone_id, name, code, jnereg, jneoke) VALUES (2227, 169, "Cirebon Barat", "CBN10006", "9000", "5500");
INSERT INTO `oc_zone` (zone_id, country_id, name, status) VALUES (170, 12, "Kota Depok", 1);
INSERT INTO `oc_city` (city_id, zone_id, name, code, jnereg, jneoke, jneyes) VALUES (2228, 170, "Depok", "DPK10000", "12000", "9000", "17500");
INSERT INTO `oc_city` (city_id, zone_id, name, code, jnereg, jneoke) VALUES (2229, 170, "Beji", "DPK10059", "12000", "9000");
INSERT INTO `oc_city` (city_id, zone_id, name, code, jnereg, jneoke) VALUES (2230, 170, "Cimanggis", "DPK10052", "12000", "9000");
INSERT INTO `oc_city` (city_id, zone_id, name, code, jnereg, jneoke) VALUES (2231, 170, "Limo", "DPK10060", "12000", "9000");
INSERT INTO `oc_city` (city_id, zone_id, name, code, jnereg, jneoke) VALUES (2232, 170, "Pancoran Mas", "DPK10061", "12000", "9000");
INSERT INTO `oc_city` (city_id, zone_id, name, code, jnereg, jneoke) VALUES (2233, 170, "Sawangan", "DPK10058", "12000", "9000");
INSERT INTO `oc_city` (city_id, zone_id, name, code, jnereg, jneoke) VALUES (2234, 170, "Sukmajaya", "DPK10062", "12000", "9000");
INSERT INTO `oc_city` (city_id, zone_id, name, code, jnereg, jneoke) VALUES (2235, 170, "Cibubur", "DPK10050", "12000", "9000");
INSERT INTO `oc_zone` (zone_id, country_id, name, status) VALUES (171, 12, "Kota Sukabumi", 1);
INSERT INTO `oc_city` (city_id, zone_id, name, code) VALUES (2236, 171, "Baros", "SMI10002");
INSERT INTO `oc_city` (city_id, zone_id, name, code) VALUES (2237, 171, "Cibeureum", "SMI10055");
INSERT INTO `oc_city` (city_id, zone_id, name, code, jnereg, jneoke) VALUES (2238, 171, "Cikole", "SMI10051", "12000", "7000");
INSERT INTO `oc_city` (city_id, zone_id, name, code, jnereg, jneoke) VALUES (2239, 171, "Citamiang", "SMI10052", "12000", "7000");
INSERT INTO `oc_city` (city_id, zone_id, name, code) VALUES (2240, 171, "Gunungpuyuh", "SMI10053");
INSERT INTO `oc_city` (city_id, zone_id, name, code, jnereg, jneoke) VALUES (2241, 171, "Lembursitu", "SMI10047", "14000", "9000");
INSERT INTO `oc_city` (city_id, zone_id, name, code, jnereg, jneoke) VALUES (2242, 171, "Warudoyong", "SMI10054", "12000", "7000");
INSERT INTO `oc_zone` (zone_id, country_id, name, status) VALUES (172, 12, "Kota Tasikmalaya", 1);
INSERT INTO `oc_city` (city_id, zone_id, name, code, jnereg, jneoke) VALUES (2243, 172, "Cibeureum", "BDO20306", "12000", "9000");
INSERT INTO `oc_city` (city_id, zone_id, name, code, jnereg, jneoke) VALUES (2244, 172, "Cihideung", "BDO20333", "12000", "9000");
INSERT INTO `oc_city` (city_id, zone_id, name, code, jnereg, jneoke) VALUES (2245, 172, "Cipedes", "BDO20334", "12000", "9000");
INSERT INTO `oc_city` (city_id, zone_id, name, code, jnereg, jneoke) VALUES (2246, 172, "Indihiang", "BDO20317", "12000", "9000");
INSERT INTO `oc_city` (city_id, zone_id, name, code, jnereg, jneoke) VALUES (2247, 172, "Kawalu", "BDO20321", "12000", "9000");
INSERT INTO `oc_city` (city_id, zone_id, name, code, jnereg, jneoke) VALUES (2248, 172, "Mangkubumi", "BDO20335", "12000", "9000");
INSERT INTO `oc_city` (city_id, zone_id, name, code, jnereg, jneoke) VALUES (2249, 172, "Tamansari", "BDO20336", "12000", "9000");
INSERT INTO `oc_city` (city_id, zone_id, name, code, jnereg, jneoke) VALUES (2250, 172, "Tasikmalaya", "BDO20300", "12000", "9000");
INSERT INTO `oc_city` (city_id, zone_id, name, code, jnereg, jneoke) VALUES (2251, 172, "Tawang", "BDO20337", "12000", "9000");
INSERT INTO `oc_country` (country_id, name, iso_code_2, iso_code_3, postcode_required, status) VALUES (13, "DKI Jakarta", "ID", "IDN", 1, 1);
INSERT INTO `oc_zone` (zone_id, country_id, name, status) VALUES (173, 13, "Kota Administrasi Jakarta Barat", 1);
INSERT INTO `oc_city` (city_id, zone_id, name, code, jnereg, jneoke) VALUES (2252, 173, "Jakarta Barat", "CGK10100", "10000", "6000");
INSERT INTO `oc_city` (city_id, zone_id, name, code, jnereg, jneoke) VALUES (2253, 173, "Cengkareng", "CGK10108", "10000", "6000");
INSERT INTO `oc_city` (city_id, zone_id, name, code, jnereg, jneoke) VALUES (2254, 173, "Grogol", "CGK10101", "10000", "6000");
INSERT INTO `oc_city` (city_id, zone_id, name, code, jnereg, jneoke) VALUES (2255, 173, "Kalideres", "CGK10102", "10000", "6000");
INSERT INTO `oc_city` (city_id, zone_id, name, code, jnereg, jneoke) VALUES (2256, 173, "Kebon Jeruk", "CGK10103", "10000", "6000");
INSERT INTO `oc_city` (city_id, zone_id, name, code, jnereg, jneoke) VALUES (2257, 173, "Kembangan", "CGK10104", "10000", "6000");
INSERT INTO `oc_city` (city_id, zone_id, name, code, jnereg, jneoke) VALUES (2258, 173, "Palmerah", "CGK10105", "10000", "6000");
INSERT INTO `oc_city` (city_id, zone_id, name, code, jnereg, jneoke) VALUES (2259, 173, "Taman Sari", "CGK10106", "10000", "6000");
INSERT INTO `oc_city` (city_id, zone_id, name, code, jnereg, jneoke) VALUES (2260, 173, "Tambora", "CGK10107", "10000", "6000");
INSERT INTO `oc_zone` (zone_id, country_id, name, status) VALUES (174, 13, "Kota Administrasi Jakarta Selatan", 1);
INSERT INTO `oc_city` (city_id, zone_id, name, code, jnereg, jneoke) VALUES (2261, 174, "Jakarta Selatan", "CGK10200", "10000", "6000");
INSERT INTO `oc_city` (city_id, zone_id, name, code, jnereg, jneoke) VALUES (2262, 174, "Cilandak", "CGK10211", "10000", "6000");
INSERT INTO `oc_city` (city_id, zone_id, name, code, jnereg, jneoke) VALUES (2263, 174, "Jagakarsa", "CGK10201", "10000", "6000");
INSERT INTO `oc_city` (city_id, zone_id, name, code, jnereg, jneoke) VALUES (2264, 174, "Kebayoran Baru", "CGK10202", "10000", "6000");
INSERT INTO `oc_city` (city_id, zone_id, name, code, jnereg, jneoke) VALUES (2265, 174, "Kebayoran Lama", "CGK10203", "10000", "6000");
INSERT INTO `oc_city` (city_id, zone_id, name, code, jnereg, jneoke) VALUES (2266, 174, "Mampang Prapatan", "CGK10204", "10000", "6000");
INSERT INTO `oc_city` (city_id, zone_id, name, code, jnereg, jneoke) VALUES (2267, 174, "Pancoran", "CGK10205", "10000", "6000");
INSERT INTO `oc_city` (city_id, zone_id, name, code, jnereg, jneoke) VALUES (2268, 174, "Pasar Minggu", "CGK10206", "10000", "6000");
INSERT INTO `oc_city` (city_id, zone_id, name, code, jnereg, jneoke) VALUES (2269, 174, "Pesanggrahan", "CGK10207", "10000", "6000");
INSERT INTO `oc_city` (city_id, zone_id, name, code, jnereg, jneoke) VALUES (2270, 174, "Setiabudi", "CGK10208", "10000", "6000");
INSERT INTO `oc_city` (city_id, zone_id, name, code, jnereg, jneoke) VALUES (2271, 174, "Tebet", "CGK10209", "10000", "6000");
INSERT INTO `oc_zone` (zone_id, country_id, name, status) VALUES (175, 13, "Kota Administrasi Jakarta Pusat", 1);
INSERT INTO `oc_city` (city_id, zone_id, name, code, jnereg, jneoke) VALUES (2272, 175, "Jakarta Pusat", "CGK10300", "10000", "6000");
INSERT INTO `oc_city` (city_id, zone_id, name, code, jnereg, jneoke) VALUES (2273, 175, "Cempaka Putih", "CGK10301", "10000", "6000");
INSERT INTO `oc_city` (city_id, zone_id, name, code, jnereg, jneoke) VALUES (2274, 175, "Gambir", "CGK10302", "10000", "6000");
INSERT INTO `oc_city` (city_id, zone_id, name, code, jnereg, jneoke) VALUES (2275, 175, "Johar Baru", "CGK10303", "10000", "6000");
INSERT INTO `oc_city` (city_id, zone_id, name, code, jnereg, jneoke) VALUES (2276, 175, "Kemayoran", "CGK10304", "10000", "6000");
INSERT INTO `oc_city` (city_id, zone_id, name, code, jnereg, jneoke) VALUES (2277, 175, "Menteng", "CGK10305", "10000", "6000");
INSERT INTO `oc_city` (city_id, zone_id, name, code, jnereg, jneoke) VALUES (2278, 175, "Sawah Besar", "CGK10306", "10000", "6000");
INSERT INTO `oc_city` (city_id, zone_id, name, code, jnereg, jneoke) VALUES (2279, 175, "Senen", "CGK10307", "10000", "6000");
INSERT INTO `oc_city` (city_id, zone_id, name, code, jnereg, jneoke) VALUES (2280, 175, "Tanah Abang", "CGK10308", "10000", "6000");
INSERT INTO `oc_zone` (zone_id, country_id, name, status) VALUES (176, 13, "Kota Administrasi Jakarta Utara", 1);
INSERT INTO `oc_city` (city_id, zone_id, name, code, jnereg, jneoke) VALUES (2281, 176, "Jakarta Utara", "CGK10400", "10000", "6000");
INSERT INTO `oc_city` (city_id, zone_id, name, code) VALUES (2282, 176, "Cilincing", "CGK10406");
INSERT INTO `oc_city` (city_id, zone_id, name, code, jnereg, jneoke) VALUES (2283, 176, "Kelapa Gading", "CGK10401", "10000", "6000");
INSERT INTO `oc_city` (city_id, zone_id, name, code, jnereg, jneoke) VALUES (2284, 176, "Koja", "CGK10402", "10000", "6000");
INSERT INTO `oc_city` (city_id, zone_id, name, code, jnereg, jneoke) VALUES (2285, 176, "Pademangan", "CGK10403", "10000", "6000");
INSERT INTO `oc_city` (city_id, zone_id, name, code, jnereg, jneoke) VALUES (2286, 176, "Penjaringan", "CGK10404", "10000", "6000");
INSERT INTO `oc_city` (city_id, zone_id, name, code, jnereg, jneoke) VALUES (2287, 176, "Tanjung Priok", "CGK10405", "10000", "6000");
INSERT INTO `oc_zone` (zone_id, country_id, name, status) VALUES (177, 13, "Kota Administrasi Jakarta Timur", 1);
INSERT INTO `oc_city` (city_id, zone_id, name, code, jnereg, jneoke) VALUES (2288, 177, "Jakarta Timur", "CGK10500", "10000", "6000");
INSERT INTO `oc_city` (city_id, zone_id, name, code, jnereg, jneoke) VALUES (2289, 177, "Cakung", "CGK10501", "10000", "6000");
INSERT INTO `oc_city` (city_id, zone_id, name, code, jnereg, jneoke) VALUES (2290, 177, "Cipayung", "CGK10502", "10000", "6000");
INSERT INTO `oc_city` (city_id, zone_id, name, code, jnereg, jneoke) VALUES (2291, 177, "Ciracas", "CGK10503", "10000", "6000");
INSERT INTO `oc_city` (city_id, zone_id, name, code, jnereg, jneoke) VALUES (2292, 177, "Duren Sawit", "CGK10504", "10000", "6000");
INSERT INTO `oc_city` (city_id, zone_id, name, code, jnereg, jneoke) VALUES (2293, 177, "Jatinegara", "CGK10505", "10000", "6000");
INSERT INTO `oc_city` (city_id, zone_id, name, code, jnereg, jneoke) VALUES (2294, 177, "Kramat Jati", "CGK10506", "10000", "6000");
INSERT INTO `oc_city` (city_id, zone_id, name, code, jnereg, jneoke) VALUES (2295, 177, "Makassar", "CGK10507", "10000", "6000");
INSERT INTO `oc_city` (city_id, zone_id, name, code, jnereg, jneoke) VALUES (2296, 177, "Matraman", "CGK10508", "10000", "6000");
INSERT INTO `oc_city` (city_id, zone_id, name, code, jnereg, jneoke) VALUES (2297, 177, "Pasar Rebo", "CGK10509", "10000", "6000");
INSERT INTO `oc_city` (city_id, zone_id, name, code, jnereg, jneoke) VALUES (2298, 177, "Pulo Gadung", "CGK10510", "10000", "6000");
INSERT INTO `oc_zone` (zone_id, country_id, name, status) VALUES (178, 13, "Kota Administrasi Kepulauan Seribu", 1);
INSERT INTO `oc_city` (city_id, zone_id, name, code, jnereg, jneoke) VALUES (2299, 178, "Pulau Pramuka", "CGK10600", "10000", "6000");
INSERT INTO `oc_city` (city_id, zone_id, name, code, jnereg, jneoke) VALUES (2300, 178, "Kepulauan Seribu Selatan", "CGK10601", "10000", "6000");
INSERT INTO `oc_city` (city_id, zone_id, name, code, jnereg, jneoke) VALUES (2301, 178, "Kepulauan Seribu Utara", "CGK10602", "10000", "6000");
INSERT INTO `oc_country` (country_id, name, iso_code_2, iso_code_3, postcode_required, status) VALUES (14, "Jawa Tengah", "ID", "IDN", 1, 1);
INSERT INTO `oc_zone` (zone_id, country_id, name, status) VALUES (179, 14, "Kab. Banjarnegara", 1);
INSERT INTO `oc_city` (city_id, zone_id, name, code, jnereg, jneoke) VALUES (2302, 179, "Banjarmangu", "SRG21801", "18000", "14500");
INSERT INTO `oc_city` (city_id, zone_id, name, code, jnereg, jneoke) VALUES (2303, 179, "Banjarnegara", "SRG21800", "15000", "11500");
INSERT INTO `oc_city` (city_id, zone_id, name, code, jnereg, jneoke) VALUES (2304, 179, "Batur", "SRG21802", "18000", "14500");
INSERT INTO `oc_city` (city_id, zone_id, name, code, jnereg, jneoke) VALUES (2305, 179, "Bawang", "SRG21803", "18000", "14500");
INSERT INTO `oc_city` (city_id, zone_id, name, code, jnereg, jneoke) VALUES (2306, 179, "Kalibening", "SRG21804", "18000", "14500");
INSERT INTO `oc_city` (city_id, zone_id, name, code, jnereg, jneoke) VALUES (2307, 179, "Karangkobar", "SRG21805", "18000", "14500");
INSERT INTO `oc_city` (city_id, zone_id, name, code, jnereg, jneoke) VALUES (2308, 179, "Madukara", "SRG21806", "18000", "14500");
INSERT INTO `oc_city` (city_id, zone_id, name, code, jnereg, jneoke) VALUES (2309, 179, "Mandiraja", "SRG21807", "18000", "14500");
INSERT INTO `oc_city` (city_id, zone_id, name, code, jnereg, jneoke) VALUES (2310, 179, "Pagentan", "SRG21808", "18000", "14500");
INSERT INTO `oc_city` (city_id, zone_id, name, code, jnereg, jneoke) VALUES (2311, 179, "Pejawaran", "SRG21809", "18000", "14500");
INSERT INTO `oc_city` (city_id, zone_id, name, code, jnereg, jneoke) VALUES (2312, 179, "Punggelan", "SRG21810", "18000", "14500");
INSERT INTO `oc_city` (city_id, zone_id, name, code, jnereg, jneoke) VALUES (2313, 179, "Purwanegara", "SRG21811", "18000", "14500");
INSERT INTO `oc_city` (city_id, zone_id, name, code, jnereg, jneoke) VALUES (2314, 179, "Purworejo Klampok", "SRG21812", "18000", "14500");
INSERT INTO `oc_city` (city_id, zone_id, name, code, jnereg, jneoke) VALUES (2315, 179, "Rakit", "SRG21813", "18000", "14500");
INSERT INTO `oc_city` (city_id, zone_id, name, code, jnereg, jneoke) VALUES (2316, 179, "Sigaluh", "SRG21814", "18000", "14500");
INSERT INTO `oc_city` (city_id, zone_id, name, code, jnereg, jneoke) VALUES (2317, 179, "Susukan", "SRG21815", "18000", "14500");
INSERT INTO `oc_city` (city_id, zone_id, name, code, jnereg, jneoke) VALUES (2318, 179, "Wanadadi", "SRG21816", "18000", "14500");
INSERT INTO `oc_city` (city_id, zone_id, name, code, jnereg, jneoke) VALUES (2319, 179, "Wanayasa", "SRG21817", "18000", "14500");
INSERT INTO `oc_zone` (zone_id, country_id, name, status) VALUES (180, 14, "Kab. Banyumas", 1);
INSERT INTO `oc_city` (city_id, zone_id, name, code, jnereg, jneoke) VALUES (2320, 180, "Ajibarang", "SRG10401", "13000", "10000");
INSERT INTO `oc_city` (city_id, zone_id, name, code, jnereg, jneoke) VALUES (2321, 180, "Banyumas", "SRG10402", "17500", "13500");
INSERT INTO `oc_city` (city_id, zone_id, name, code, jnereg, jneoke) VALUES (2322, 180, "Baturaden", "SRG10403", "15000", "15500");
INSERT INTO `oc_city` (city_id, zone_id, name, code, jnereg, jneoke) VALUES (2323, 180, "Cilongok", "SRG10404", "15000", "15500");
INSERT INTO `oc_city` (city_id, zone_id, name, code, jnereg, jneoke) VALUES (2324, 180, "Gumelar", "SRG10405", "15000", "15500");
INSERT INTO `oc_city` (city_id, zone_id, name, code, jnereg, jneoke) VALUES (2325, 180, "Jatilawang", "SRG10406", "15000", "15500");
INSERT INTO `oc_city` (city_id, zone_id, name, code, jnereg, jneoke) VALUES (2326, 180, "Kalibagor", "SRG10407", "15000", "15500");
INSERT INTO `oc_city` (city_id, zone_id, name, code, jnereg, jneoke) VALUES (2327, 180, "Karanglewas", "SRG10408", "15000", "15500");
INSERT INTO `oc_city` (city_id, zone_id, name, code, jnereg, jneoke) VALUES (2328, 180, "Kebasen", "SRG10409", "15000", "15500");
INSERT INTO `oc_city` (city_id, zone_id, name, code, jnereg, jneoke) VALUES (2329, 180, "Kedungbanteng", "SRG10410", "15000", "15500");
INSERT INTO `oc_city` (city_id, zone_id, name, code, jnereg, jneoke) VALUES (2330, 180, "Kembaran", "SRG10411", "15000", "15500");
INSERT INTO `oc_city` (city_id, zone_id, name, code, jnereg, jneoke) VALUES (2331, 180, "Kemranjen", "SRG10412", "15000", "15500");
INSERT INTO `oc_city` (city_id, zone_id, name, code, jnereg, jneoke) VALUES (2332, 180, "Lumbir", "SRG10413", "15000", "15500");
INSERT INTO `oc_city` (city_id, zone_id, name, code, jnereg, jneoke) VALUES (2333, 180, "Patikraja", "SRG10415", "15000", "15500");
INSERT INTO `oc_city` (city_id, zone_id, name, code, jnereg, jneoke) VALUES (2334, 180, "Pakuncen", "SRG10414", "15000", "15500");
INSERT INTO `oc_city` (city_id, zone_id, name, code, jnereg, jneoke) VALUES (2335, 180, "Purwojati", "SRG10416", "15000", "15500");
INSERT INTO `oc_city` (city_id, zone_id, name, code, jnereg, jneoke) VALUES (2336, 180, "Purwokerto", "SRG10400", "15000", "11500");
INSERT INTO `oc_city` (city_id, zone_id, name, code, jnereg, jneoke) VALUES (2337, 180, "Purwokerto Barat", "SRG10424", "15000", "15500");
INSERT INTO `oc_city` (city_id, zone_id, name, code, jnereg, jneoke) VALUES (2338, 180, "Purwokerto Selatan", "SRG10425", "15000", "15500");
INSERT INTO `oc_city` (city_id, zone_id, name, code, jnereg, jneoke) VALUES (2339, 180, "Purwokerto Timur", "SRG10426", "15000", "15500");
INSERT INTO `oc_city` (city_id, zone_id, name, code, jnereg, jneoke) VALUES (2340, 180, "Purwokerto Utara", "SRG10427", "15000", "15500");
INSERT INTO `oc_city` (city_id, zone_id, name, code, jnereg, jneoke) VALUES (2341, 180, "Rawalo", "SRG10417", "15000", "15500");
INSERT INTO `oc_city` (city_id, zone_id, name, code, jnereg, jneoke) VALUES (2342, 180, "Sokaraja", "SRG10418", "15000", "15500");
INSERT INTO `oc_city` (city_id, zone_id, name, code, jnereg, jneoke) VALUES (2343, 180, "Somagede", "SRG10419", "15000", "15500");
INSERT INTO `oc_city` (city_id, zone_id, name, code, jnereg, jneoke) VALUES (2344, 180, "Sumbang", "SRG10421", "15000", "15500");
INSERT INTO `oc_city` (city_id, zone_id, name, code, jnereg, jneoke) VALUES (2345, 180, "Sumpyuh /Sumpiuh", "SRG10420", "15000", "15500");
INSERT INTO `oc_city` (city_id, zone_id, name, code, jnereg, jneoke) VALUES (2346, 180, "Tambak", "SRG10422", "15000", "15500");
INSERT INTO `oc_city` (city_id, zone_id, name, code, jnereg, jneoke) VALUES (2347, 180, "Wangon", "SRG10423", "15000", "15500");
INSERT INTO `oc_zone` (zone_id, country_id, name, status) VALUES (181, 14, "Kab. Batang", 1);
INSERT INTO `oc_city` (city_id, zone_id, name, code, jnereg, jneoke) VALUES (2348, 181, "Bandar", "SRG20201", "18000", "14500");
INSERT INTO `oc_city` (city_id, zone_id, name, code, jnereg, jneoke) VALUES (2349, 181, "Banyuputih", "SRG20212", "18000", "14500");
INSERT INTO `oc_city` (city_id, zone_id, name, code, jnereg, jneoke) VALUES (2350, 181, "Batang", "SRG20200", "15000", "11500");
INSERT INTO `oc_city` (city_id, zone_id, name, code, jnereg, jneoke) VALUES (2351, 181, "Bawang", "SRG20202", "18000", "14500");
INSERT INTO `oc_city` (city_id, zone_id, name, code, jnereg, jneoke) VALUES (2352, 181, "Blado", "SRG20203", "18000", "14500");
INSERT INTO `oc_city` (city_id, zone_id, name, code, jnereg, jneoke) VALUES (2353, 181, "Gringsing", "SRG20204", "18000", "14500");
INSERT INTO `oc_city` (city_id, zone_id, name, code, jnereg, jneoke) VALUES (2354, 181, "Kandeman", "SRG20213", "18000", "14500");
INSERT INTO `oc_city` (city_id, zone_id, name, code, jnereg, jneoke) VALUES (2355, 181, "Limpung", "SRG20205", "18000", "14500");
INSERT INTO `oc_city` (city_id, zone_id, name, code, jnereg, jneoke) VALUES (2356, 181, "Pecalungan", "SRG20214", "18000", "14500");
INSERT INTO `oc_city` (city_id, zone_id, name, code, jnereg, jneoke) VALUES (2357, 181, "Reban", "SRG20206", "18000", "14500");
INSERT INTO `oc_city` (city_id, zone_id, name, code, jnereg, jneoke) VALUES (2358, 181, "Subah", "SRG20207", "18000", "14500");
INSERT INTO `oc_city` (city_id, zone_id, name, code, jnereg, jneoke) VALUES (2359, 181, "Tersono", "SRG20208", "18000", "14500");
INSERT INTO `oc_city` (city_id, zone_id, name, code, jnereg, jneoke) VALUES (2360, 181, "Tulis", "SRG20209", "18000", "14500");
INSERT INTO `oc_city` (city_id, zone_id, name, code, jnereg, jneoke) VALUES (2361, 181, "Warungasem", "SRG20210", "18000", "14500");
INSERT INTO `oc_city` (city_id, zone_id, name, code, jnereg, jneoke) VALUES (2362, 181, "Wonotunggal", "SRG20211", "18000", "14500");
INSERT INTO `oc_zone` (zone_id, country_id, name, status) VALUES (182, 14, "Kab. Blora", 1);
INSERT INTO `oc_city` (city_id, zone_id, name, code, jnereg, jneoke) VALUES (2363, 182, "Banjarejo", "SRG20301", "21500", "17500");
INSERT INTO `oc_city` (city_id, zone_id, name, code, jnereg, jneoke) VALUES (2364, 182, "Blora", "SRG20300", "17500", "13500");
INSERT INTO `oc_city` (city_id, zone_id, name, code, jnereg, jneoke) VALUES (2365, 182, "Bogorejo", "SRG20302", "21500", "17500");
INSERT INTO `oc_city` (city_id, zone_id, name, code, jnereg, jneoke) VALUES (2366, 182, "Cepu", "SRG20309", "15000", "11500");
INSERT INTO `oc_city` (city_id, zone_id, name, code, jnereg, jneoke) VALUES (2367, 182, "Japah", "SRG20303", "21500", "17500");
INSERT INTO `oc_city` (city_id, zone_id, name, code, jnereg, jneoke) VALUES (2368, 182, "Jati", "SRG20310", "21500", "17500");
INSERT INTO `oc_city` (city_id, zone_id, name, code, jnereg, jneoke) VALUES (2369, 182, "Jepon", "SRG20304", "21500", "17500");
INSERT INTO `oc_city` (city_id, zone_id, name, code, jnereg, jneoke) VALUES (2370, 182, "Jiken", "SRG20311", "21500", "17500");
INSERT INTO `oc_city` (city_id, zone_id, name, code, jnereg, jneoke) VALUES (2371, 182, "Kedungtuban", "SRG20312", "21500", "17500");
INSERT INTO `oc_city` (city_id, zone_id, name, code, jnereg, jneoke) VALUES (2372, 182, "Kradenan /menden", "SRG20313", "21500", "17500");
INSERT INTO `oc_city` (city_id, zone_id, name, code, jnereg, jneoke) VALUES (2373, 182, "Kunduran", "SRG20305", "21500", "17500");
INSERT INTO `oc_city` (city_id, zone_id, name, code, jnereg, jneoke) VALUES (2374, 182, "Ngawen", "SRG20306", "21500", "17500");
INSERT INTO `oc_city` (city_id, zone_id, name, code, jnereg, jneoke) VALUES (2375, 182, "Randublatung", "SRG20314", "21500", "17500");
INSERT INTO `oc_city` (city_id, zone_id, name, code, jnereg, jneoke) VALUES (2376, 182, "Sambong", "SRG20315", "21500", "17500");
INSERT INTO `oc_city` (city_id, zone_id, name, code, jnereg, jneoke) VALUES (2377, 182, "Todanan", "SRG20307", "21500", "17500");
INSERT INTO `oc_city` (city_id, zone_id, name, code, jnereg, jneoke) VALUES (2378, 182, "Tunjungan", "SRG20308", "21500", "17500");
INSERT INTO `oc_zone` (zone_id, country_id, name, status) VALUES (183, 14, "Kab. Boyolali", 1);
INSERT INTO `oc_city` (city_id, zone_id, name, code, jnereg, jneoke) VALUES (2379, 183, "Ampel", "SOC20101", "9500", "8500");
INSERT INTO `oc_city` (city_id, zone_id, name, code, jnereg, jneoke) VALUES (2380, 183, "Andong", "SOC20102", "9500", "8500");
INSERT INTO `oc_city` (city_id, zone_id, name, code, jnereg, jneoke) VALUES (2381, 183, "Banyudono", "SOC20103", "9500", "8500");
INSERT INTO `oc_city` (city_id, zone_id, name, code, jnereg, jneoke, jneyes) VALUES (2382, 183, "Boyolali / Penggung", "SOC20100", "6000", "4000", "22500");
INSERT INTO `oc_city` (city_id, zone_id, name, code, jnereg, jneoke) VALUES (2383, 183, "Cepogo", "SOC20104", "9500", "8500");
INSERT INTO `oc_city` (city_id, zone_id, name, code, jnereg, jneoke) VALUES (2384, 183, "Juwangi", "SOC20105", "9500", "8500");
INSERT INTO `oc_city` (city_id, zone_id, name, code, jnereg, jneoke) VALUES (2385, 183, "Karanggede", "SOC20106", "9500", "8500");
INSERT INTO `oc_city` (city_id, zone_id, name, code, jnereg, jneoke) VALUES (2386, 183, "Kemusu", "SOC20107", "9500", "8500");
INSERT INTO `oc_city` (city_id, zone_id, name, code, jnereg, jneoke) VALUES (2387, 183, "Klego", "SOC20108", "9500", "8500");
INSERT INTO `oc_city` (city_id, zone_id, name, code, jnereg, jneoke) VALUES (2388, 183, "Mojosongo", "SOC20119", "9500", "8500");
INSERT INTO `oc_city` (city_id, zone_id, name, code, jnereg, jneoke) VALUES (2389, 183, "Musuk", "SOC20118", "9500", "8500");
INSERT INTO `oc_city` (city_id, zone_id, name, code, jnereg, jneoke) VALUES (2390, 183, "Ngemplak", "SOC20109", "9500", "8500");
INSERT INTO `oc_city` (city_id, zone_id, name, code, jnereg, jneoke) VALUES (2391, 183, "Nogosari", "SOC20110", "9500", "8500");
INSERT INTO `oc_city` (city_id, zone_id, name, code, jnereg, jneoke) VALUES (2392, 183, "Sambi", "SOC20111", "9500", "8500");
INSERT INTO `oc_city` (city_id, zone_id, name, code, jnereg, jneoke) VALUES (2393, 183, "Sawit", "SOC20112", "9500", "8500");
INSERT INTO `oc_city` (city_id, zone_id, name, code, jnereg, jneoke) VALUES (2394, 183, "Selo", "SOC20113", "9500", "8500");
INSERT INTO `oc_city` (city_id, zone_id, name, code, jnereg, jneoke) VALUES (2395, 183, "Simo", "SOC20114", "9500", "8500");
INSERT INTO `oc_city` (city_id, zone_id, name, code, jnereg, jneoke) VALUES (2396, 183, "Teras", "SOC20115", "9500", "8500");
INSERT INTO `oc_city` (city_id, zone_id, name, code, jnereg, jneoke) VALUES (2397, 183, "Wonosegoro", "SOC20116", "9500", "8500");
INSERT INTO `oc_zone` (zone_id, country_id, name, status) VALUES (184, 14, "Kab. Brebes", 1);
INSERT INTO `oc_city` (city_id, zone_id, name, code, jnereg, jneoke) VALUES (2398, 184, "Banjarharjo", "SRG20501", "21000", "17000");
INSERT INTO `oc_city` (city_id, zone_id, name, code, jnereg, jneoke) VALUES (2399, 184, "Bantarkawung", "SRG20502", "21000", "17000");
INSERT INTO `oc_city` (city_id, zone_id, name, code, jnereg, jneoke) VALUES (2400, 184, "Brebes", "SRG20500", "17500", "13500");
INSERT INTO `oc_city` (city_id, zone_id, name, code, jnereg, jneoke) VALUES (2401, 184, "Bulakamba", "SRG20503", "21000", "17000");
INSERT INTO `oc_city` (city_id, zone_id, name, code, jnereg, jneoke) VALUES (2402, 184, "Bumiayu", "SRG20504", "13000", "10000");
INSERT INTO `oc_city` (city_id, zone_id, name, code, jnereg, jneoke) VALUES (2403, 184, "Jatibarang", "SRG20505", "21000", "17000");
INSERT INTO `oc_city` (city_id, zone_id, name, code, jnereg, jneoke) VALUES (2404, 184, "Kersana", "SRG20506", "21000", "17000");
INSERT INTO `oc_city` (city_id, zone_id, name, code, jnereg, jneoke) VALUES (2405, 184, "Ketanggungan", "SRG20507", "21000", "17000");
INSERT INTO `oc_city` (city_id, zone_id, name, code, jnereg, jneoke) VALUES (2406, 184, "Larangan", "SRG20508", "21000", "17000");
INSERT INTO `oc_city` (city_id, zone_id, name, code, jnereg, jneoke) VALUES (2407, 184, "Losari", "SRG20509", "21000", "17000");
INSERT INTO `oc_city` (city_id, zone_id, name, code, jnereg, jneoke) VALUES (2408, 184, "Paguyangan", "SRG20510", "21000", "17000");
INSERT INTO `oc_city` (city_id, zone_id, name, code, jnereg, jneoke) VALUES (2409, 184, "Salem", "SRG20511", "21000", "17000");
INSERT INTO `oc_city` (city_id, zone_id, name, code, jnereg, jneoke) VALUES (2410, 184, "Sirampog", "SRG20512", "21000", "17000");
INSERT INTO `oc_city` (city_id, zone_id, name, code, jnereg, jneoke) VALUES (2411, 184, "Songgom", "SRG20513", "21000", "17000");
INSERT INTO `oc_city` (city_id, zone_id, name, code, jnereg, jneoke) VALUES (2412, 184, "Tanjung", "SRG20514", "21000", "17000");
INSERT INTO `oc_city` (city_id, zone_id, name, code, jnereg, jneoke) VALUES (2413, 184, "Tonjong", "SRG20515", "21000", "17000");
INSERT INTO `oc_city` (city_id, zone_id, name, code, jnereg, jneoke) VALUES (2414, 184, "Wanasari", "SRG20516", "21000", "17000");
INSERT INTO `oc_zone` (zone_id, country_id, name, status) VALUES (185, 14, "Kab. Cilacap", 1);
INSERT INTO `oc_city` (city_id, zone_id, name, code, jnereg, jneoke) VALUES (2415, 185, "Adipala", "CXP10001", "18500", "15000");
INSERT INTO `oc_city` (city_id, zone_id, name, code, jnereg, jneoke) VALUES (2416, 185, "Bantarsari", "CXP10023", "18500", "15000");
INSERT INTO `oc_city` (city_id, zone_id, name, code, jnereg, jneoke) VALUES (2417, 185, "Binangun", "CXP10002", "18500", "15000");
INSERT INTO `oc_city` (city_id, zone_id, name, code, jnereg, jneoke) VALUES (2418, 185, "Cilacap", "CXP10000", "14000", "10500");
INSERT INTO `oc_city` (city_id, zone_id, name, code, jnereg, jneoke) VALUES (2419, 185, "Cilacap Selatan", "CXP10019", "18500", "15000");
INSERT INTO `oc_city` (city_id, zone_id, name, code, jnereg, jneoke) VALUES (2420, 185, "Cilacap Tengah", "CXP10020", "18500", "15000");
INSERT INTO `oc_city` (city_id, zone_id, name, code, jnereg, jneoke) VALUES (2421, 185, "Cilacap Utara", "CXP10021", "18500", "15000");
INSERT INTO `oc_city` (city_id, zone_id, name, code, jnereg, jneoke) VALUES (2422, 185, "Cimanggu", "CXP10003", "18500", "15000");
INSERT INTO `oc_city` (city_id, zone_id, name, code, jnereg, jneoke) VALUES (2423, 185, "Cipari", "CXP10004", "18500", "15000");
INSERT INTO `oc_city` (city_id, zone_id, name, code, jnereg, jneoke) VALUES (2424, 185, "Dayeuhluhur", "CXP10005", "18500", "15000");
INSERT INTO `oc_city` (city_id, zone_id, name, code, jnereg, jneoke) VALUES (2425, 185, "Gandrungmangu", "CXP10006", "18500", "15000");
INSERT INTO `oc_city` (city_id, zone_id, name, code, jnereg, jneoke) VALUES (2426, 185, "Jeruklegi", "CXP10007", "18500", "15000");
INSERT INTO `oc_city` (city_id, zone_id, name, code) VALUES (2427, 185, "Kampung Laut", "CXP10024");
INSERT INTO `oc_city` (city_id, zone_id, name, code, jnereg, jneoke) VALUES (2428, 185, "Karangpucung", "CXP10008", "18500", "15000");
INSERT INTO `oc_city` (city_id, zone_id, name, code, jnereg, jneoke) VALUES (2429, 185, "Kawunganten", "CXP10009", "18500", "15000");
INSERT INTO `oc_city` (city_id, zone_id, name, code, jnereg, jneoke) VALUES (2430, 185, "Kesugihan", "CXP10011", "18500", "15000");
INSERT INTO `oc_city` (city_id, zone_id, name, code, jnereg, jneoke) VALUES (2431, 185, "Kroya", "CXP10012", "18500", "15000");
INSERT INTO `oc_city` (city_id, zone_id, name, code, jnereg, jneoke) VALUES (2432, 185, "Majenang", "CXP10013", "20000", "15000");
INSERT INTO `oc_city` (city_id, zone_id, name, code, jnereg, jneoke) VALUES (2433, 185, "Maos", "CXP10014", "18500", "15000");
INSERT INTO `oc_city` (city_id, zone_id, name, code, jnereg, jneoke) VALUES (2434, 185, "Nusawungu", "CXP10015", "18500", "15000");
INSERT INTO `oc_city` (city_id, zone_id, name, code, jnereg, jneoke) VALUES (2435, 185, "Patimuan", "CXP10022", "18500", "15000");
INSERT INTO `oc_city` (city_id, zone_id, name, code, jnereg, jneoke) VALUES (2436, 185, "Sampang", "CXP10016", "18500", "15000");
INSERT INTO `oc_city` (city_id, zone_id, name, code, jnereg, jneoke) VALUES (2437, 185, "Sidareja", "CXP10017", "18500", "15000");
INSERT INTO `oc_city` (city_id, zone_id, name, code, jnereg, jneoke) VALUES (2438, 185, "Wanar", "CXP10018", "18500", "15000");
INSERT INTO `oc_city` (city_id, zone_id, name, code, jnereg, jneoke) VALUES (2439, 185, "Kedungrejo", "CXP10010", "18500", "15000");
INSERT INTO `oc_zone` (zone_id, country_id, name, status) VALUES (186, 14, "Kab. Demak", 1);
INSERT INTO `oc_city` (city_id, zone_id, name, code, jnereg, jneoke) VALUES (2440, 186, "Bonang", "SRG20701", "19000", "15500");
INSERT INTO `oc_city` (city_id, zone_id, name, code, jnereg, jneoke) VALUES (2441, 186, "Demak", "SRG20700", "15000", "11500");
INSERT INTO `oc_city` (city_id, zone_id, name, code, jnereg, jneoke) VALUES (2442, 186, "Dempet", "SRG20702", "19000", "15500");
INSERT INTO `oc_city` (city_id, zone_id, name, code, jnereg, jneoke) VALUES (2443, 186, "Gajah", "SRG20703", "19000", "15500");
INSERT INTO `oc_city` (city_id, zone_id, name, code, jnereg, jneoke) VALUES (2444, 186, "Guntur", "SRG20704", "19000", "15500");
INSERT INTO `oc_city` (city_id, zone_id, name, code, jnereg, jneoke) VALUES (2445, 186, "Karanganyar", "SRG20707", "19000", "15500");
INSERT INTO `oc_city` (city_id, zone_id, name, code, jnereg, jneoke) VALUES (2446, 186, "Karangawen", "SRG20706", "19000", "15500");
INSERT INTO `oc_city` (city_id, zone_id, name, code, jnereg, jneoke) VALUES (2447, 186, "Karangtengah", "SRG20705", "19000", "15500");
INSERT INTO `oc_city` (city_id, zone_id, name, code, jnereg, jneoke) VALUES (2448, 186, "Kebonagung", "SRG20713", "19000", "15500");
INSERT INTO `oc_city` (city_id, zone_id, name, code, jnereg, jneoke) VALUES (2449, 186, "Mijen", "SRG20708", "19000", "15500");
INSERT INTO `oc_city` (city_id, zone_id, name, code, jnereg, jneoke) VALUES (2450, 186, "Mranggen", "SRG20709", "19000", "15500");
INSERT INTO `oc_city` (city_id, zone_id, name, code, jnereg, jneoke) VALUES (2451, 186, "Sayung", "SRG20710", "19000", "15500");
INSERT INTO `oc_city` (city_id, zone_id, name, code, jnereg, jneoke) VALUES (2452, 186, "Wedung", "SRG20711", "19000", "15500");
INSERT INTO `oc_city` (city_id, zone_id, name, code, jnereg, jneoke) VALUES (2453, 186, "Wonosalam", "SRG20712", "19000", "15500");
INSERT INTO `oc_zone` (zone_id, country_id, name, status) VALUES (187, 14, "Kab. Grobogan", 1);
INSERT INTO `oc_city` (city_id, zone_id, name, code, jnereg, jneoke) VALUES (2454, 187, "Brati", "SRG21101", "12000", "9000");
INSERT INTO `oc_city` (city_id, zone_id, name, code, jnereg, jneoke) VALUES (2455, 187, "Gabus", "SRG21102", "12000", "9000");
INSERT INTO `oc_city` (city_id, zone_id, name, code, jnereg, jneoke) VALUES (2456, 187, "Geyer", "SRG21103", "12000", "9000");
INSERT INTO `oc_city` (city_id, zone_id, name, code, jnereg, jneoke) VALUES (2457, 187, "Godong", "SRG21104", "12000", "9000");
INSERT INTO `oc_city` (city_id, zone_id, name, code, jnereg, jneoke) VALUES (2458, 187, "Grobogan", "SRG21105", "15000", "11500");
INSERT INTO `oc_city` (city_id, zone_id, name, code, jnereg, jneoke) VALUES (2459, 187, "Gubug", "SRG21106", "12000", "9000");
INSERT INTO `oc_city` (city_id, zone_id, name, code, jnereg, jneoke) VALUES (2460, 187, "Karangrayung", "SRG21107", "12000", "9000");
INSERT INTO `oc_city` (city_id, zone_id, name, code, jnereg, jneoke) VALUES (2461, 187, "Kedungjati", "SRG21108", "12000", "9000");
INSERT INTO `oc_city` (city_id, zone_id, name, code, jnereg, jneoke) VALUES (2462, 187, "Klambu", "SRG21109", "12000", "9000");
INSERT INTO `oc_city` (city_id, zone_id, name, code, jnereg, jneoke) VALUES (2463, 187, "Kradenan", "SRG21110", "12000", "9000");
INSERT INTO `oc_city` (city_id, zone_id, name, code, jnereg, jneoke) VALUES (2464, 187, "Ngaringan", "SRG21111", "12000", "9000");
INSERT INTO `oc_city` (city_id, zone_id, name, code, jnereg, jneoke) VALUES (2465, 187, "Penawangan", "SRG21112", "12000", "9000");
INSERT INTO `oc_city` (city_id, zone_id, name, code, jnereg, jneoke) VALUES (2466, 187, "Pulokulon", "SRG21113", "12000", "9000");
INSERT INTO `oc_city` (city_id, zone_id, name, code, jnereg, jneoke) VALUES (2467, 187, "Purwodadi", "SRG21100", "12000", "9000");
INSERT INTO `oc_city` (city_id, zone_id, name, code, jnereg, jneoke) VALUES (2468, 187, "Tanggungharjo", "SRG21114", "12000", "9000");
INSERT INTO `oc_city` (city_id, zone_id, name, code, jnereg, jneoke) VALUES (2469, 187, "Tawangharjo", "SRG21115", "12000", "9000");
INSERT INTO `oc_city` (city_id, zone_id, name, code, jnereg, jneoke) VALUES (2470, 187, "Tegowanu", "SRG21116", "12000", "9000");
INSERT INTO `oc_city` (city_id, zone_id, name, code, jnereg, jneoke) VALUES (2471, 187, "Toroh", "SRG21117", "12000", "9000");
INSERT INTO `oc_city` (city_id, zone_id, name, code, jnereg, jneoke) VALUES (2472, 187, "Wirosari", "SRG21118", "12000", "9000");
INSERT INTO `oc_zone` (zone_id, country_id, name, status) VALUES (188, 14, "Kab. Jepara", 1);
INSERT INTO `oc_city` (city_id, zone_id, name, code, jnereg, jneoke) VALUES (2473, 188, "Bangsri", "SRG10101", "16500", "13500");
INSERT INTO `oc_city` (city_id, zone_id, name, code, jnereg, jneoke) VALUES (2474, 188, "Batealit", "SRG10102", "16500", "13500");
INSERT INTO `oc_city` (city_id, zone_id, name, code, jnereg, jneoke) VALUES (2475, 188, "Jepara", "SRG10100", "12000", "9000");
INSERT INTO `oc_city` (city_id, zone_id, name, code, jnereg, jneoke) VALUES (2476, 188, "Kalinyamatan", "SRG10112", "16500", "13500");
INSERT INTO `oc_city` (city_id, zone_id, name, code, jnereg, jneoke) VALUES (2477, 188, "Karimunjawa", "SRG10104", "16500", "13500");
INSERT INTO `oc_city` (city_id, zone_id, name, code, jnereg, jneoke) VALUES (2478, 188, "Kedung", "SRG10105", "16500", "13500");
INSERT INTO `oc_city` (city_id, zone_id, name, code) VALUES (2479, 188, "Keling", "SRG10106");
INSERT INTO `oc_city` (city_id, zone_id, name, code, jnereg, jneoke) VALUES (2480, 188, "Kembang", "SRG10113", "16500", "13500");
INSERT INTO `oc_city` (city_id, zone_id, name, code, jnereg, jneoke) VALUES (2481, 188, "Mayong", "SRG10107", "16500", "13500");
INSERT INTO `oc_city` (city_id, zone_id, name, code, jnereg, jneoke) VALUES (2482, 188, "Mlonggo", "SRG10108", "16500", "13500");
INSERT INTO `oc_city` (city_id, zone_id, name, code, jnereg, jneoke) VALUES (2483, 188, "Nalumsari", "SRG10109", "16500", "13500");
INSERT INTO `oc_city` (city_id, zone_id, name, code, jnereg, jneoke) VALUES (2484, 188, "Pecangaan", "SRG10110", "16500", "13500");
INSERT INTO `oc_city` (city_id, zone_id, name, code, jnereg, jneoke) VALUES (2485, 188, "Tahunan", "SRG10114", "16500", "13500");
INSERT INTO `oc_city` (city_id, zone_id, name, code, jnereg, jneoke) VALUES (2486, 188, "Welahan", "SRG10111", "16500", "13500");
INSERT INTO `oc_zone` (zone_id, country_id, name, status) VALUES (189, 14, "Kab. Karang Anyar", 1);
INSERT INTO `oc_city` (city_id, zone_id, name, code, jnereg, jneoke) VALUES (2487, 189, "Colomadu", "SOC20213", "11000", "9000");
INSERT INTO `oc_city` (city_id, zone_id, name, code, jnereg, jneoke) VALUES (2488, 189, "Gondangrejo", "SOC20214", "11000", "9000");
INSERT INTO `oc_city` (city_id, zone_id, name, code, jnereg, jneoke) VALUES (2489, 189, "Jaten", "SOC20215", "11000", "9000");
INSERT INTO `oc_city` (city_id, zone_id, name, code, jnereg, jneoke) VALUES (2490, 189, "Jatipuro", "SOC20201", "11000", "9000");
INSERT INTO `oc_city` (city_id, zone_id, name, code, jnereg, jneoke) VALUES (2491, 189, "Jatiyoso", "SOC20202", "11000", "9000");
INSERT INTO `oc_city` (city_id, zone_id, name, code, jnereg, jneoke) VALUES (2492, 189, "Jenawi", "SOC20203", "11000", "9000");
INSERT INTO `oc_city` (city_id, zone_id, name, code, jnereg, jneoke) VALUES (2493, 189, "Jumantono", "SOC20204", "11000", "9000");
INSERT INTO `oc_city` (city_id, zone_id, name, code, jnereg, jneoke) VALUES (2494, 189, "Jumapolo", "SOC20205", "11000", "9000");
INSERT INTO `oc_city` (city_id, zone_id, name, code, jnereg, jneoke, jneyes) VALUES (2495, 189, "Karanganyar", "SOC20200", "6000", "4000", "8000");
INSERT INTO `oc_city` (city_id, zone_id, name, code, jnereg, jneoke) VALUES (2496, 189, "Karangpandan", "SOC20206", "11000", "9000");
INSERT INTO `oc_city` (city_id, zone_id, name, code, jnereg, jneoke) VALUES (2497, 189, "Kebakkramat", "SOC20207", "11000", "9000");
INSERT INTO `oc_city` (city_id, zone_id, name, code, jnereg, jneoke) VALUES (2498, 189, "Kerjo", "SOC20208", "11000", "9000");
INSERT INTO `oc_city` (city_id, zone_id, name, code, jnereg, jneoke) VALUES (2499, 189, "Matesih", "SOC20209", "11000", "9000");
INSERT INTO `oc_city` (city_id, zone_id, name, code, jnereg, jneoke) VALUES (2500, 189, "Mojogedang", "SOC20210", "11000", "9000");
INSERT INTO `oc_city` (city_id, zone_id, name, code, jnereg, jneoke) VALUES (2501, 189, "Ngargoyoso", "SOC20211", "11000", "9000");
INSERT INTO `oc_city` (city_id, zone_id, name, code, jnereg, jneoke) VALUES (2502, 189, "Tasikmadu", "SOC20216", "11000", "9000");
INSERT INTO `oc_city` (city_id, zone_id, name, code, jnereg, jneoke) VALUES (2503, 189, "Tawangmangu", "SOC20212", "11000", "9000");
INSERT INTO `oc_zone` (zone_id, country_id, name, status) VALUES (190, 14, "Kab. Kebumen", 1);
INSERT INTO `oc_city` (city_id, zone_id, name, code, jnereg, jneoke) VALUES (2504, 190, "Adimulyo", "MGL10101", "20500", "16500");
INSERT INTO `oc_city` (city_id, zone_id, name, code, jnereg, jneoke) VALUES (2505, 190, "Aliyan", "MGL10102", "20500", "16500");
INSERT INTO `oc_city` (city_id, zone_id, name, code, jnereg, jneoke) VALUES (2506, 190, "Ambal", "MGL10103", "20500", "16500");
INSERT INTO `oc_city` (city_id, zone_id, name, code, jnereg, jneoke) VALUES (2507, 190, "Ayah", "MGL10118", "20500", "16500");
INSERT INTO `oc_city` (city_id, zone_id, name, code, jnereg, jneoke) VALUES (2508, 190, "Bonorowo", "MGL10121", "20500", "16500");
INSERT INTO `oc_city` (city_id, zone_id, name, code, jnereg, jneoke) VALUES (2509, 190, "Buayan", "MGL10119", "20500", "16500");
INSERT INTO `oc_city` (city_id, zone_id, name, code, jnereg, jneoke) VALUES (2510, 190, "Bulupesantren", "MGL10104", "20500", "16500");
INSERT INTO `oc_city` (city_id, zone_id, name, code, jnereg, jneoke) VALUES (2511, 190, "Gombong", "MGL10117", "20500", "16500");
INSERT INTO `oc_city` (city_id, zone_id, name, code, jnereg, jneoke) VALUES (2512, 190, "Karanganyar", "MGL10105", "20500", "16500");
INSERT INTO `oc_city` (city_id, zone_id, name, code, jnereg, jneoke) VALUES (2513, 190, "Karanggayam", "MGL10106", "20500", "16500");
INSERT INTO `oc_city` (city_id, zone_id, name, code, jnereg, jneoke) VALUES (2514, 190, "Karangsambung", "MGL10122", "20500", "16500");
INSERT INTO `oc_city` (city_id, zone_id, name, code, jnereg, jneoke) VALUES (2515, 190, "Kebumen", "MGL10100", "17500", "13500");
INSERT INTO `oc_city` (city_id, zone_id, name, code, jnereg, jneoke) VALUES (2516, 190, "Klirong", "MGL10107", "20500", "16500");
INSERT INTO `oc_city` (city_id, zone_id, name, code, jnereg, jneoke) VALUES (2517, 190, "Kutowinangun", "MGL10108", "20500", "16500");
INSERT INTO `oc_city` (city_id, zone_id, name, code, jnereg, jneoke) VALUES (2518, 190, "Kuwarasan", "MGL10109", "20500", "16500");
INSERT INTO `oc_city` (city_id, zone_id, name, code, jnereg, jneoke) VALUES (2519, 190, "Mirit", "MGL10110", "20500", "16500");
INSERT INTO `oc_city` (city_id, zone_id, name, code, jnereg, jneoke) VALUES (2520, 190, "Padureso", "MGL10123", "20500", "16500");
INSERT INTO `oc_city` (city_id, zone_id, name, code, jnereg, jneoke) VALUES (2521, 190, "Pejagoan", "MGL10111", "20500", "16500");
INSERT INTO `oc_city` (city_id, zone_id, name, code, jnereg, jneoke) VALUES (2522, 190, "Petanahan", "MGL10112", "20500", "16500");
INSERT INTO `oc_city` (city_id, zone_id, name, code, jnereg, jneoke) VALUES (2523, 190, "Poncowarno", "MGL10124", "20500", "16500");
INSERT INTO `oc_city` (city_id, zone_id, name, code, jnereg, jneoke) VALUES (2524, 190, "Prembun", "MGL10113", "20500", "16500");
INSERT INTO `oc_city` (city_id, zone_id, name, code, jnereg, jneoke) VALUES (2525, 190, "Puring", "MGL10114", "20500", "16500");
INSERT INTO `oc_city` (city_id, zone_id, name, code, jnereg, jneoke) VALUES (2526, 190, "Rowokele", "MGL10120", "20500", "16500");
INSERT INTO `oc_city` (city_id, zone_id, name, code, jnereg, jneoke) VALUES (2527, 190, "Sadang", "MGL10115", "20500", "16500");
INSERT INTO `oc_city` (city_id, zone_id, name, code, jnereg, jneoke) VALUES (2528, 190, "Sempor", "MGL10125", "20500", "16500");
INSERT INTO `oc_city` (city_id, zone_id, name, code, jnereg, jneoke) VALUES (2529, 190, "Sruweng", "MGL10116", "20500", "16500");
INSERT INTO `oc_zone` (zone_id, country_id, name, status) VALUES (191, 14, "Kab. Kendal", 1);
INSERT INTO `oc_city` (city_id, zone_id, name, code, jnereg, jneoke) VALUES (2530, 191, "Boja", "SRG20801", "17000", "13000");
INSERT INTO `oc_city` (city_id, zone_id, name, code, jnereg, jneoke) VALUES (2531, 191, "Brangsong", "SRG20802", "17000", "13000");
INSERT INTO `oc_city` (city_id, zone_id, name, code, jnereg, jneoke) VALUES (2532, 191, "Cepiring", "SRG20803", "17000", "13000");
INSERT INTO `oc_city` (city_id, zone_id, name, code, jnereg, jneoke) VALUES (2533, 191, "Gemuh", "SRG20805", "17000", "13000");
INSERT INTO `oc_city` (city_id, zone_id, name, code) VALUES (2534, 191, "Kaliwungu", "SRG20804");
INSERT INTO `oc_city` (city_id, zone_id, name, code, jnereg, jneoke) VALUES (2535, 191, "Kangkung", "SRG20817", "17000", "13000");
INSERT INTO `oc_city` (city_id, zone_id, name, code, jnereg, jneoke) VALUES (2536, 191, "Kendal", "SRG20800", "13000", "10000");
INSERT INTO `oc_city` (city_id, zone_id, name, code, jnereg, jneoke) VALUES (2537, 191, "Limbangan", "SRG20807", "17000", "13000");
INSERT INTO `oc_city` (city_id, zone_id, name, code, jnereg, jneoke) VALUES (2538, 191, "Ngampel", "SRG20819", "17000", "13000");
INSERT INTO `oc_city` (city_id, zone_id, name, code, jnereg, jneoke) VALUES (2539, 191, "Pagerruyung", "SRG20808", "17000", "13000");
INSERT INTO `oc_city` (city_id, zone_id, name, code, jnereg, jneoke) VALUES (2540, 191, "Patean", "SRG20810", "17000", "13000");
INSERT INTO `oc_city` (city_id, zone_id, name, code, jnereg, jneoke) VALUES (2541, 191, "Patebon", "SRG20809", "17000", "13000");
INSERT INTO `oc_city` (city_id, zone_id, name, code, jnereg, jneoke) VALUES (2542, 191, "Pegandon", "SRG20811", "17000", "13000");
INSERT INTO `oc_city` (city_id, zone_id, name, code, jnereg, jneoke) VALUES (2543, 191, "Plantungan", "SRG20812", "17000", "13000");
INSERT INTO `oc_city` (city_id, zone_id, name, code, jnereg, jneoke) VALUES (2544, 191, "Ringinarum", "SRG20820", "17000", "13000");
INSERT INTO `oc_city` (city_id, zone_id, name, code, jnereg, jneoke) VALUES (2545, 191, "Rowosari /Weleri Utara", "SRG20821", "17000", "13000");
INSERT INTO `oc_city` (city_id, zone_id, name, code, jnereg, jneoke) VALUES (2546, 191, "Singorojo", "SRG20822", "17000", "13000");
INSERT INTO `oc_city` (city_id, zone_id, name, code, jnereg, jneoke) VALUES (2547, 191, "Sukorejo", "SRG20814", "17000", "13000");
INSERT INTO `oc_city` (city_id, zone_id, name, code, jnereg, jneoke) VALUES (2548, 191, "Weleri", "SRG20816", "17000", "13000");
INSERT INTO `oc_zone` (zone_id, country_id, name, status) VALUES (192, 14, "Kab. Klaten", 1);
INSERT INTO `oc_city` (city_id, zone_id, name, code, jnereg, jneoke) VALUES (2549, 192, "Bayat", "SOC20301", "10500", "8500");
INSERT INTO `oc_city` (city_id, zone_id, name, code, jnereg, jneoke) VALUES (2550, 192, "Cawas", "SOC20302", "10500", "8500");
INSERT INTO `oc_city` (city_id, zone_id, name, code, jnereg, jneoke) VALUES (2551, 192, "Ceper", "SOC20303", "10500", "8500");
INSERT INTO `oc_city` (city_id, zone_id, name, code, jnereg, jneoke) VALUES (2552, 192, "Delanggu", "SOC20304", "10500", "8500");
INSERT INTO `oc_city` (city_id, zone_id, name, code, jnereg, jneoke) VALUES (2553, 192, "Gantiwarno", "SOC20305", "10500", "8500");
INSERT INTO `oc_city` (city_id, zone_id, name, code, jnereg, jneoke) VALUES (2554, 192, "Jatinom", "SOC20306", "10500", "8500");
INSERT INTO `oc_city` (city_id, zone_id, name, code, jnereg, jneoke) VALUES (2555, 192, "Jogonalan", "SOC20307", "10500", "8500");
INSERT INTO `oc_city` (city_id, zone_id, name, code, jnereg, jneoke) VALUES (2556, 192, "Juwiring", "SOC20308", "10500", "8500");
INSERT INTO `oc_city` (city_id, zone_id, name, code, jnereg, jneoke) VALUES (2557, 192, "Kalikotes", "SOC20309", "10500", "8500");
INSERT INTO `oc_city` (city_id, zone_id, name, code, jnereg, jneoke) VALUES (2558, 192, "Karanganom", "SOC20311", "10500", "8500");
INSERT INTO `oc_city` (city_id, zone_id, name, code, jnereg, jneoke) VALUES (2559, 192, "Karangdowo", "SOC20312", "10500", "8500");
INSERT INTO `oc_city` (city_id, zone_id, name, code, jnereg, jneoke) VALUES (2560, 192, "Karangnongko", "SOC20310", "10500", "8500");
INSERT INTO `oc_city` (city_id, zone_id, name, code, jnereg, jneoke) VALUES (2561, 192, "Kebonarum", "SOC20313", "10500", "8500");
INSERT INTO `oc_city` (city_id, zone_id, name, code, jnereg, jneoke) VALUES (2562, 192, "Kemalang", "SOC20314", "10500", "8500");
INSERT INTO `oc_city` (city_id, zone_id, name, code, jnereg, jneoke, jneyes) VALUES (2563, 192, "Klaten", "SOC20300", "6000", "4000", "22500");
INSERT INTO `oc_city` (city_id, zone_id, name, code, jnereg, jneoke) VALUES (2564, 192, "Klaten Selatan", "SOC20324", "10500", "4000");
INSERT INTO `oc_city` (city_id, zone_id, name, code, jnereg, jneoke) VALUES (2565, 192, "Klaten Tengah", "SOC20325", "10500", "4000");
INSERT INTO `oc_city` (city_id, zone_id, name, code, jnereg, jneoke) VALUES (2566, 192, "Klaten Utara", "SOC20326", "10500", "4000");
INSERT INTO `oc_city` (city_id, zone_id, name, code, jnereg, jneoke) VALUES (2567, 192, "Manisrenggo", "SOC20315", "10500", "8500");
INSERT INTO `oc_city` (city_id, zone_id, name, code, jnereg, jneoke) VALUES (2568, 192, "Ngawen", "SOC20316", "10500", "8500");
INSERT INTO `oc_city` (city_id, zone_id, name, code, jnereg, jneoke) VALUES (2569, 192, "Pedan", "SOC20317", "10500", "8500");
INSERT INTO `oc_city` (city_id, zone_id, name, code, jnereg, jneoke) VALUES (2570, 192, "Polanharjo", "SOC20318", "10500", "8500");
INSERT INTO `oc_city` (city_id, zone_id, name, code) VALUES (2571, 192, "Prambanan", "SOC20319");
INSERT INTO `oc_city` (city_id, zone_id, name, code, jnereg, jneoke) VALUES (2572, 192, "Trucuk", "SOC20320", "10500", "8500");
INSERT INTO `oc_city` (city_id, zone_id, name, code, jnereg, jneoke) VALUES (2573, 192, "Tulung", "SOC20321", "10500", "8500");
INSERT INTO `oc_city` (city_id, zone_id, name, code, jnereg, jneoke) VALUES (2574, 192, "Wedi", "SOC20322", "10500", "8500");
INSERT INTO `oc_city` (city_id, zone_id, name, code, jnereg, jneoke) VALUES (2575, 192, "Wonosari", "SOC20323", "10500", "8500");
INSERT INTO `oc_zone` (zone_id, country_id, name, status) VALUES (193, 14, "Kab. Kudus", 1);
INSERT INTO `oc_city` (city_id, zone_id, name, code, jnereg, jneoke) VALUES (2576, 193, "Bae", "SRG10208", "18000", "15000");
INSERT INTO `oc_city` (city_id, zone_id, name, code, jnereg, jneoke) VALUES (2577, 193, "Dawe", "SRG10201", "18000", "15000");
INSERT INTO `oc_city` (city_id, zone_id, name, code, jnereg, jneoke) VALUES (2578, 193, "Gebog", "SRG10205", "18000", "15000");
INSERT INTO `oc_city` (city_id, zone_id, name, code, jnereg, jneoke) VALUES (2579, 193, "Jati", "SRG10206", "18000", "15000");
INSERT INTO `oc_city` (city_id, zone_id, name, code, jnereg, jneoke) VALUES (2580, 193, "Jekulo", "SRG10202", "18000", "15000");
INSERT INTO `oc_city` (city_id, zone_id, name, code, jnereg, jneoke) VALUES (2581, 193, "Kaliwungu", "SRG10207", "18000", "15000");
INSERT INTO `oc_city` (city_id, zone_id, name, code, jnereg, jneoke) VALUES (2582, 193, "Kudus", "SRG10200", "12000", "9000");
INSERT INTO `oc_city` (city_id, zone_id, name, code, jnereg, jneoke) VALUES (2583, 193, "Mejobo", "SRG10203", "18000", "15000");
INSERT INTO `oc_city` (city_id, zone_id, name, code, jnereg, jneoke) VALUES (2584, 193, "Undaan", "SRG10204", "18000", "15000");
INSERT INTO `oc_zone` (zone_id, country_id, name, status) VALUES (194, 14, "Kab. Magelang", 1);
INSERT INTO `oc_city` (city_id, zone_id, name, code, jnereg, jneoke) VALUES (2585, 194, "Bandongan", "MGL10502", "16000", "10500");
INSERT INTO `oc_city` (city_id, zone_id, name, code, jnereg, jneoke) VALUES (2586, 194, "Borobudur", "MGL10520", "16000", "10500");
INSERT INTO `oc_city` (city_id, zone_id, name, code, jnereg, jneoke) VALUES (2587, 194, "Candimulyo", "MGL10503", "16000", "10500");
INSERT INTO `oc_city` (city_id, zone_id, name, code, jnereg, jneoke) VALUES (2588, 194, "Dukun", "MGL10516", "16000", "10500");
INSERT INTO `oc_city` (city_id, zone_id, name, code, jnereg, jneoke) VALUES (2589, 194, "Grabag", "MGL10504", "16000", "10500");
INSERT INTO `oc_city` (city_id, zone_id, name, code, jnereg, jneoke) VALUES (2590, 194, "Kajoran", "MGL10505", "16000", "10500");
INSERT INTO `oc_city` (city_id, zone_id, name, code, jnereg, jneoke) VALUES (2591, 194, "Kaliangkriki", "MGL10506", "16000", "10500");
INSERT INTO `oc_city` (city_id, zone_id, name, code, jnereg, jneoke) VALUES (2592, 194, "Martoyudan", "MGL10507", "16000", "10500");
INSERT INTO `oc_city` (city_id, zone_id, name, code, jnereg, jneoke) VALUES (2593, 194, "Mungkid", "MGL10500", "14000", "10500");
INSERT INTO `oc_city` (city_id, zone_id, name, code, jnereg, jneoke) VALUES (2594, 194, "Muntilan", "MGL10518", "16000", "10500");
INSERT INTO `oc_city` (city_id, zone_id, name, code, jnereg, jneoke) VALUES (2595, 194, "Ngablak", "MGL10508", "16000", "10500");
INSERT INTO `oc_city` (city_id, zone_id, name, code, jnereg, jneoke) VALUES (2596, 194, "Ngluwar", "MGL10519", "16000", "10500");
INSERT INTO `oc_city` (city_id, zone_id, name, code, jnereg, jneoke) VALUES (2597, 194, "Pakis", "MGL10509", "16000", "10500");
INSERT INTO `oc_city` (city_id, zone_id, name, code) VALUES (2598, 194, "Salam", "MGL10501");
INSERT INTO `oc_city` (city_id, zone_id, name, code, jnereg, jneoke) VALUES (2599, 194, "Salaman", "MGL10510", "16000", "10500");
INSERT INTO `oc_city` (city_id, zone_id, name, code, jnereg, jneoke) VALUES (2600, 194, "Sawangan", "MGL10517", "16000", "10500");
INSERT INTO `oc_city` (city_id, zone_id, name, code, jnereg, jneoke) VALUES (2601, 194, "Secang", "MGL10511", "16000", "10500");
INSERT INTO `oc_city` (city_id, zone_id, name, code, jnereg, jneoke) VALUES (2602, 194, "Srumbung", "MGL10515", "16000", "10500");
INSERT INTO `oc_city` (city_id, zone_id, name, code, jnereg, jneoke) VALUES (2603, 194, "Tegalrejo", "MGL10512", "16000", "10500");
INSERT INTO `oc_city` (city_id, zone_id, name, code, jnereg, jneoke) VALUES (2604, 194, "Tempuran", "MGL10513", "16000", "10500");
INSERT INTO `oc_city` (city_id, zone_id, name, code, jnereg, jneoke) VALUES (2605, 194, "Windusar", "MGL10514", "16000", "10500");
INSERT INTO `oc_zone` (zone_id, country_id, name, status) VALUES (195, 14, "Kab. Pati", 1);
INSERT INTO `oc_city` (city_id, zone_id, name, code, jnereg, jneoke) VALUES (2606, 195, "Batangan", "SRG20901", "16500", "13500");
INSERT INTO `oc_city` (city_id, zone_id, name, code, jnereg, jneoke) VALUES (2607, 195, "Cluwak", "SRG20902", "16500", "13500");
INSERT INTO `oc_city` (city_id, zone_id, name, code, jnereg, jneoke) VALUES (2608, 195, "Dukuhseti", "SRG20903", "16500", "13500");
INSERT INTO `oc_city` (city_id, zone_id, name, code, jnereg, jneoke) VALUES (2609, 195, "Gabus", "SRG20904", "16500", "13500");
INSERT INTO `oc_city` (city_id, zone_id, name, code, jnereg, jneoke) VALUES (2610, 195, "Gembong", "SRG20905", "16500", "13500");
INSERT INTO `oc_city` (city_id, zone_id, name, code, jnereg, jneoke) VALUES (2611, 195, "Gunungwungkal", "SRG20906", "16500", "13500");
INSERT INTO `oc_city` (city_id, zone_id, name, code, jnereg, jneoke) VALUES (2612, 195, "Jaken", "SRG20907", "16500", "13500");
INSERT INTO `oc_city` (city_id, zone_id, name, code, jnereg, jneoke) VALUES (2613, 195, "Jakenan", "SRG20908", "16500", "13500");
INSERT INTO `oc_city` (city_id, zone_id, name, code, jnereg, jneoke) VALUES (2614, 195, "Juwana", "SRG20909", "16500", "13500");
INSERT INTO `oc_city` (city_id, zone_id, name, code, jnereg, jneoke) VALUES (2615, 195, "Kayen", "SRG20910", "16500", "13500");
INSERT INTO `oc_city` (city_id, zone_id, name, code, jnereg, jneoke) VALUES (2616, 195, "Margorejo", "SRG20911", "16500", "13500");
INSERT INTO `oc_city` (city_id, zone_id, name, code, jnereg, jneoke) VALUES (2617, 195, "Margoyoso", "SRG20912", "16500", "13500");
INSERT INTO `oc_city` (city_id, zone_id, name, code, jnereg, jneoke) VALUES (2618, 195, "Pati", "SRG20900", "12000", "9000");
INSERT INTO `oc_city` (city_id, zone_id, name, code, jnereg, jneoke) VALUES (2619, 195, "Pucakwangi", "SRG20913", "16500", "13500");
INSERT INTO `oc_city` (city_id, zone_id, name, code, jnereg, jneoke) VALUES (2620, 195, "Sukolilo", "SRG20914", "16500", "13500");
INSERT INTO `oc_city` (city_id, zone_id, name, code, jnereg, jneoke) VALUES (2621, 195, "Tambakromo", "SRG20915", "16500", "13500");
INSERT INTO `oc_city` (city_id, zone_id, name, code, jnereg, jneoke) VALUES (2622, 195, "Tayu", "SRG20916", "16500", "13500");
INSERT INTO `oc_city` (city_id, zone_id, name, code, jnereg, jneoke) VALUES (2623, 195, "Telogowungu", "SRG20917", "16500", "13500");
INSERT INTO `oc_city` (city_id, zone_id, name, code, jnereg, jneoke) VALUES (2624, 195, "Trangkil", "SRG20918", "16500", "13500");
INSERT INTO `oc_city` (city_id, zone_id, name, code, jnereg, jneoke) VALUES (2625, 195, "Wedarijaksa", "SRG20919", "16500", "13500");
INSERT INTO `oc_city` (city_id, zone_id, name, code, jnereg, jneoke) VALUES (2626, 195, "Winong", "SRG20920", "16500", "13500");
INSERT INTO `oc_zone` (zone_id, country_id, name, status) VALUES (196, 14, "Kab. Pekalongan", 1);
INSERT INTO `oc_city` (city_id, zone_id, name, code) VALUES (2627, 196, "Bojong", "SRG22201");
INSERT INTO `oc_city` (city_id, zone_id, name, code) VALUES (2628, 196, "Buaran", "SRG22202");
INSERT INTO `oc_city` (city_id, zone_id, name, code) VALUES (2629, 196, "Doro", "SRG22203");
INSERT INTO `oc_city` (city_id, zone_id, name, code) VALUES (2630, 196, "Kajen", "SRG22200");
INSERT INTO `oc_city` (city_id, zone_id, name, code) VALUES (2631, 196, "Kandangserang", "SRG22204");
INSERT INTO `oc_city` (city_id, zone_id, name, code) VALUES (2632, 196, "Karanganyar", "SRG22205");
INSERT INTO `oc_city` (city_id, zone_id, name, code) VALUES (2633, 196, "Karangdadap", "SRG22206");
INSERT INTO `oc_city` (city_id, zone_id, name, code) VALUES (2634, 196, "Kedungwuni", "SRG22207");
INSERT INTO `oc_city` (city_id, zone_id, name, code) VALUES (2635, 196, "Kesesi", "SRG22208");
INSERT INTO `oc_city` (city_id, zone_id, name, code) VALUES (2636, 196, "Lebakbarang", "SRG22209");
INSERT INTO `oc_city` (city_id, zone_id, name, code) VALUES (2637, 196, "Paninggaran", "SRG22210");
INSERT INTO `oc_city` (city_id, zone_id, name, code) VALUES (2638, 196, "Petungkriono", "SRG22211");
INSERT INTO `oc_city` (city_id, zone_id, name, code) VALUES (2639, 196, "Siwalan", "SRG22212");
INSERT INTO `oc_city` (city_id, zone_id, name, code) VALUES (2640, 196, "Sragi", "SRG22213");
INSERT INTO `oc_city` (city_id, zone_id, name, code) VALUES (2641, 196, "Talun", "SRG22214");
INSERT INTO `oc_city` (city_id, zone_id, name, code) VALUES (2642, 196, "Tirto", "SRG22215");
INSERT INTO `oc_city` (city_id, zone_id, name, code) VALUES (2643, 196, "Wiradesa", "SRG22216");
INSERT INTO `oc_city` (city_id, zone_id, name, code) VALUES (2644, 196, "Wonokerto", "SRG22217");
INSERT INTO `oc_city` (city_id, zone_id, name, code) VALUES (2645, 196, "Wonopringgo", "SRG22218");
INSERT INTO `oc_zone` (zone_id, country_id, name, status) VALUES (197, 14, "Kab. Pemalang", 1);
INSERT INTO `oc_city` (city_id, zone_id, name, code, jnereg, jneoke) VALUES (2646, 197, "Ampelgading", "SRG21001", "17000", "13500");
INSERT INTO `oc_city` (city_id, zone_id, name, code, jnereg, jneoke) VALUES (2647, 197, "Bantarbolang", "SRG21002", "17000", "13500");
INSERT INTO `oc_city` (city_id, zone_id, name, code, jnereg, jneoke) VALUES (2648, 197, "Belik", "SRG21003", "17000", "13500");
INSERT INTO `oc_city` (city_id, zone_id, name, code, jnereg, jneoke) VALUES (2649, 197, "Bodeh", "SRG21004", "17000", "13500");
INSERT INTO `oc_city` (city_id, zone_id, name, code, jnereg, jneoke) VALUES (2650, 197, "Comal", "SRG21005", "17000", "13500");
INSERT INTO `oc_city` (city_id, zone_id, name, code, jnereg, jneoke) VALUES (2651, 197, "Moga", "SRG21006", "17000", "13500");
INSERT INTO `oc_city` (city_id, zone_id, name, code, jnereg, jneoke) VALUES (2652, 197, "Pemalang", "SRG21000", "15000", "11500");
INSERT INTO `oc_city` (city_id, zone_id, name, code, jnereg, jneoke) VALUES (2653, 197, "Petarukan", "SRG21007", "17000", "13500");
INSERT INTO `oc_city` (city_id, zone_id, name, code, jnereg, jneoke) VALUES (2654, 197, "Pulosari", "SRG21008", "17000", "13500");
INSERT INTO `oc_city` (city_id, zone_id, name, code, jnereg, jneoke) VALUES (2655, 197, "Randudongkal", "SRG21009", "17000", "13500");
INSERT INTO `oc_city` (city_id, zone_id, name, code, jnereg, jneoke) VALUES (2656, 197, "Taman", "SRG21010", "17000", "13500");
INSERT INTO `oc_city` (city_id, zone_id, name, code, jnereg, jneoke) VALUES (2657, 197, "Ulujami", "SRG21011", "17000", "13500");
INSERT INTO `oc_city` (city_id, zone_id, name, code, jnereg, jneoke) VALUES (2658, 197, "Warungpring", "SRG21012", "17000", "13500");
INSERT INTO `oc_city` (city_id, zone_id, name, code, jnereg, jneoke) VALUES (2659, 197, "Watukumpul", "SRG21013", "17000", "13500");
INSERT INTO `oc_zone` (zone_id, country_id, name, status) VALUES (198, 14, "Kab. Purbalingga", 1);
INSERT INTO `oc_city` (city_id, zone_id, name, code, jnereg, jneoke) VALUES (2660, 198, "Bobotsari", "SRG21701", "16000", "13000");
INSERT INTO `oc_city` (city_id, zone_id, name, code, jnereg, jneoke) VALUES (2661, 198, "Bojongsari", "SRG21702", "16000", "13000");
INSERT INTO `oc_city` (city_id, zone_id, name, code, jnereg, jneoke) VALUES (2662, 198, "Bukateja", "SRG21703", "16000", "13000");
INSERT INTO `oc_city` (city_id, zone_id, name, code, jnereg, jneoke) VALUES (2663, 198, "Kaligondang", "SRG21704", "16000", "13000");
INSERT INTO `oc_city` (city_id, zone_id, name, code, jnereg, jneoke) VALUES (2664, 198, "Kalimanah", "SRG21705", "16000", "13000");
INSERT INTO `oc_city` (city_id, zone_id, name, code, jnereg, jneoke) VALUES (2665, 198, "Karanganyar", "SRG21707", "16000", "13000");
INSERT INTO `oc_city` (city_id, zone_id, name, code, jnereg, jneoke) VALUES (2666, 198, "Karangjambu", "SRG21715", "16000", "13000");
INSERT INTO `oc_city` (city_id, zone_id, name, code, jnereg, jneoke) VALUES (2667, 198, "Karangmoncol", "SRG21708", "16000", "13000");
INSERT INTO `oc_city` (city_id, zone_id, name, code, jnereg, jneoke) VALUES (2668, 198, "Karangreja", "SRG21709", "16000", "13000");
INSERT INTO `oc_city` (city_id, zone_id, name, code, jnereg, jneoke) VALUES (2669, 198, "Kejobong", "SRG21710", "16000", "13000");
INSERT INTO `oc_city` (city_id, zone_id, name, code, jnereg, jneoke) VALUES (2670, 198, "Kemangkon", "SRG21711", "16000", "13000");
INSERT INTO `oc_city` (city_id, zone_id, name, code, jnereg, jneoke) VALUES (2671, 198, "Kertanegara", "SRG21716", "16000", "13000");
INSERT INTO `oc_city` (city_id, zone_id, name, code) VALUES (2672, 198, "Kutasari", "SRG21712");
INSERT INTO `oc_city` (city_id, zone_id, name, code, jnereg, jneoke) VALUES (2673, 198, "Mrebet", "SRG21713", "16000", "13000");
INSERT INTO `oc_city` (city_id, zone_id, name, code, jnereg, jneoke) VALUES (2674, 198, "Padamara", "SRG21717", "16000", "13000");
INSERT INTO `oc_city` (city_id, zone_id, name, code, jnereg, jneoke) VALUES (2675, 198, "Pengadegan", "SRG21718", "16000", "13000");
INSERT INTO `oc_city` (city_id, zone_id, name, code, jnereg, jneoke) VALUES (2676, 198, "Purbalingga", "SRG21700", "12000", "9000");
INSERT INTO `oc_city` (city_id, zone_id, name, code, jnereg, jneoke) VALUES (2677, 198, "Rembang", "SRG21714", "16000", "13500");
INSERT INTO `oc_zone` (zone_id, country_id, name, status) VALUES (199, 14, "Kab. Purworejo", 1);
INSERT INTO `oc_city` (city_id, zone_id, name, code, jnereg, jneoke) VALUES (2678, 199, "Bagelen", "MGL10301", "21500", "17500");
INSERT INTO `oc_city` (city_id, zone_id, name, code, jnereg, jneoke) VALUES (2679, 199, "Banyuurip", "MGL10302", "21500", "17500");
INSERT INTO `oc_city` (city_id, zone_id, name, code, jnereg, jneoke) VALUES (2680, 199, "Bayan", "MGL10315", "21500", "17500");
INSERT INTO `oc_city` (city_id, zone_id, name, code, jnereg, jneoke) VALUES (2681, 199, "Bener", "MGL10303", "21500", "17500");
INSERT INTO `oc_city` (city_id, zone_id, name, code, jnereg, jneoke) VALUES (2682, 199, "Bruno", "MGL10313", "21500", "17500");
INSERT INTO `oc_city` (city_id, zone_id, name, code, jnereg, jneoke) VALUES (2683, 199, "Butuh", "MGL10312", "21500", "17500");
INSERT INTO `oc_city` (city_id, zone_id, name, code, jnereg, jneoke) VALUES (2684, 199, "Gebang", "MGL10304", "21500", "17500");
INSERT INTO `oc_city` (city_id, zone_id, name, code, jnereg, jneoke) VALUES (2685, 199, "Grabag", "MGL10314", "21500", "17500");
INSERT INTO `oc_city` (city_id, zone_id, name, code, jnereg, jneoke) VALUES (2686, 199, "Kaligesing", "MGL10305", "21500", "17500");
INSERT INTO `oc_city` (city_id, zone_id, name, code, jnereg, jneoke) VALUES (2687, 199, "Kemiri", "MGL10310", "21500", "17500");
INSERT INTO `oc_city` (city_id, zone_id, name, code, jnereg, jneoke) VALUES (2688, 199, "Kutoarjo", "MGL10309", "21500", "17500");
INSERT INTO `oc_city` (city_id, zone_id, name, code, jnereg, jneoke) VALUES (2689, 199, "Loano", "MGL10306", "21500", "17500");
INSERT INTO `oc_city` (city_id, zone_id, name, code, jnereg, jneoke) VALUES (2690, 199, "Ngombol", "MGL10307", "21500", "17500");
INSERT INTO `oc_city` (city_id, zone_id, name, code, jnereg, jneoke) VALUES (2691, 199, "Pituruh", "MGL10311", "21500", "17500");
INSERT INTO `oc_city` (city_id, zone_id, name, code, jnereg, jneoke) VALUES (2692, 199, "Purwodadi", "MGL10308", "21500", "17500");
INSERT INTO `oc_city` (city_id, zone_id, name, code, jnereg, jneoke) VALUES (2693, 199, "Purworejo", "MGL10300", "17500", "13500");
INSERT INTO `oc_zone` (zone_id, country_id, name, status) VALUES (200, 14, "Kab. Rembang", 1);
INSERT INTO `oc_city` (city_id, zone_id, name, code, jnereg, jneoke) VALUES (2694, 200, "Bulu", "SRG21201", "21000", "17000");
INSERT INTO `oc_city` (city_id, zone_id, name, code, jnereg, jneoke) VALUES (2695, 200, "Gunem", "SRG21202", "21000", "17000");
INSERT INTO `oc_city` (city_id, zone_id, name, code, jnereg, jneoke) VALUES (2696, 200, "Kaliori", "SRG21203", "21000", "17000");
INSERT INTO `oc_city` (city_id, zone_id, name, code, jnereg, jneoke) VALUES (2697, 200, "Kragan", "SRG21204", "21000", "17000");
INSERT INTO `oc_city` (city_id, zone_id, name, code, jnereg, jneoke) VALUES (2698, 200, "Lasem", "SRG21205", "21000", "17000");
INSERT INTO `oc_city` (city_id, zone_id, name, code, jnereg, jneoke) VALUES (2699, 200, "Pamotan", "SRG21206", "21000", "17000");
INSERT INTO `oc_city` (city_id, zone_id, name, code, jnereg, jneoke) VALUES (2700, 200, "Pancur", "SRG21207", "21000", "17000");
INSERT INTO `oc_city` (city_id, zone_id, name, code, jnereg, jneoke) VALUES (2701, 200, "Rembang", "SRG21200", "17500", "13500");
INSERT INTO `oc_city` (city_id, zone_id, name, code, jnereg, jneoke) VALUES (2702, 200, "Sale", "SRG21208", "21000", "17000");
INSERT INTO `oc_city` (city_id, zone_id, name, code, jnereg, jneoke) VALUES (2703, 200, "Sarang", "SRG21209", "21000", "17000");
INSERT INTO `oc_city` (city_id, zone_id, name, code, jnereg, jneoke) VALUES (2704, 200, "Sedan", "SRG21210", "21000", "17000");
INSERT INTO `oc_city` (city_id, zone_id, name, code, jnereg, jneoke) VALUES (2705, 200, "Sluke", "SRG21211", "21000", "17000");
INSERT INTO `oc_city` (city_id, zone_id, name, code, jnereg, jneoke) VALUES (2706, 200, "Sulang", "SRG21212", "21000", "17000");
INSERT INTO `oc_city` (city_id, zone_id, name, code, jnereg, jneoke) VALUES (2707, 200, "Sumber", "SRG21213", "21000", "17000");
INSERT INTO `oc_zone` (zone_id, country_id, name, status) VALUES (201, 14, "Kab. Semarang", 1);
INSERT INTO `oc_city` (city_id, zone_id, name, code, jnereg, jneoke) VALUES (2708, 201, "Ambarawa", "SRG21602", "12000", "9000");
INSERT INTO `oc_city` (city_id, zone_id, name, code, jnereg, jneoke) VALUES (2709, 201, "Banyubiru", "SRG21603", "12000", "9000");
INSERT INTO `oc_city` (city_id, zone_id, name, code, jnereg, jneoke) VALUES (2710, 201, "Bancak", "SRG21604", "12000", "9000");
INSERT INTO `oc_city` (city_id, zone_id, name, code, jnereg, jneoke) VALUES (2711, 201, "Bawen / Doplang", "SRG21605", "12000", "9000");
INSERT INTO `oc_city` (city_id, zone_id, name, code, jnereg, jneoke) VALUES (2712, 201, "Bergas", "SRG21606", "12000", "9000");
INSERT INTO `oc_city` (city_id, zone_id, name, code, jnereg, jneoke) VALUES (2713, 201, "Bringin", "SRG21607", "12000", "9000");
INSERT INTO `oc_city` (city_id, zone_id, name, code, jnereg, jneoke) VALUES (2714, 201, "Getasan", "SRG21608", "12000", "9000");
INSERT INTO `oc_city` (city_id, zone_id, name, code, jnereg, jneoke) VALUES (2715, 201, "Jambu", "SRG21609", "12000", "9000");
INSERT INTO `oc_city` (city_id, zone_id, name, code, jnereg, jneoke) VALUES (2716, 201, "Kaliwungu", "SRG21610", "12000", "9000");
INSERT INTO `oc_city` (city_id, zone_id, name, code, jnereg, jneoke) VALUES (2717, 201, "Pabelan", "SRG21611", "12000", "9000");
INSERT INTO `oc_city` (city_id, zone_id, name, code, jnereg, jneoke) VALUES (2718, 201, "Pringapus", "SRG21612", "12000", "9000");
INSERT INTO `oc_city` (city_id, zone_id, name, code, jnereg, jneoke) VALUES (2719, 201, "Susukan", "SRG21613", "12000", "9000");
INSERT INTO `oc_city` (city_id, zone_id, name, code, jnereg, jneoke) VALUES (2720, 201, "Suruh", "SRG21614", "12000", "9000");
INSERT INTO `oc_city` (city_id, zone_id, name, code, jnereg, jneoke) VALUES (2721, 201, "Sumowono", "SRG21615", "12000", "9000");
INSERT INTO `oc_city` (city_id, zone_id, name, code, jnereg, jneoke) VALUES (2722, 201, "Tengaran", "SRG21616", "12000", "9000");
INSERT INTO `oc_city` (city_id, zone_id, name, code, jnereg, jneoke) VALUES (2723, 201, "Tuntang", "SRG21617", "12000", "9000");
INSERT INTO `oc_city` (city_id, zone_id, name, code, jnereg, jneoke, jneyes) VALUES (2724, 201, "Ungaran", "SRG21600", "9000", "6000", "14000");
INSERT INTO `oc_city` (city_id, zone_id, name, code, jnereg, jneoke) VALUES (2725, 201, "Ungaran Barat", "SRG21618", "12000", "9000");
INSERT INTO `oc_city` (city_id, zone_id, name, code, jnereg, jneoke) VALUES (2726, 201, "Ungaran Timur", "SRG21619", "12000", "9000");
INSERT INTO `oc_zone` (zone_id, country_id, name, status) VALUES (202, 14, "Kab. Sragen", 1);
INSERT INTO `oc_city` (city_id, zone_id, name, code, jnereg, jneoke) VALUES (2727, 202, "Gemolong", "SOC20402", "9500", "7500");
INSERT INTO `oc_city` (city_id, zone_id, name, code, jnereg, jneoke) VALUES (2728, 202, "Gesi", "SOC20401", "9500", "7500");
INSERT INTO `oc_city` (city_id, zone_id, name, code, jnereg, jneoke) VALUES (2729, 202, "Gondang", "SOC20403", "9500", "7500");
INSERT INTO `oc_city` (city_id, zone_id, name, code, jnereg, jneoke) VALUES (2730, 202, "Jenar", "SOC20404", "9500", "7500");
INSERT INTO `oc_city` (city_id, zone_id, name, code, jnereg, jneoke) VALUES (2731, 202, "Kalijambe", "SOC20405", "9500", "7500");
INSERT INTO `oc_city` (city_id, zone_id, name, code, jnereg, jneoke) VALUES (2732, 202, "Karangmalang", "SOC20420", "9500", "7500");
INSERT INTO `oc_city` (city_id, zone_id, name, code, jnereg, jneoke) VALUES (2733, 202, "Kedawung", "SOC20406", "9500", "7500");
INSERT INTO `oc_city` (city_id, zone_id, name, code, jnereg, jneoke) VALUES (2734, 202, "Masaran", "SOC20408", "9500", "7500");
INSERT INTO `oc_city` (city_id, zone_id, name, code, jnereg, jneoke) VALUES (2735, 202, "Miri", "SOC20407", "9500", "7500");
INSERT INTO `oc_city` (city_id, zone_id, name, code, jnereg, jneoke) VALUES (2736, 202, "Mondokan", "SOC20409", "9500", "7500");
INSERT INTO `oc_city` (city_id, zone_id, name, code, jnereg, jneoke) VALUES (2737, 202, "Ngrampal", "SOC20410", "9500", "7500");
INSERT INTO `oc_city` (city_id, zone_id, name, code, jnereg, jneoke) VALUES (2738, 202, "Plupuh", "SOC20411", "9500", "7500");
INSERT INTO `oc_city` (city_id, zone_id, name, code, jnereg, jneoke) VALUES (2739, 202, "Sambirejo", "SOC20413", "9500", "7500");
INSERT INTO `oc_city` (city_id, zone_id, name, code, jnereg, jneoke) VALUES (2740, 202, "Sambungmacan", "SOC20412", "9500", "7500");
INSERT INTO `oc_city` (city_id, zone_id, name, code, jnereg, jneoke) VALUES (2741, 202, "Sidoharjo", "SOC20414", "9500", "7500");
INSERT INTO `oc_city` (city_id, zone_id, name, code, jnereg, jneoke) VALUES (2742, 202, "Sragen", "SOC20400", "6000", "4000");
INSERT INTO `oc_city` (city_id, zone_id, name, code, jnereg, jneoke) VALUES (2743, 202, "Sukodono", "SOC20416", "9500", "7500");
INSERT INTO `oc_city` (city_id, zone_id, name, code, jnereg, jneoke) VALUES (2744, 202, "Sumberlawang", "SOC20417", "9500", "7500");
INSERT INTO `oc_city` (city_id, zone_id, name, code, jnereg, jneoke) VALUES (2745, 202, "Tangen", "SOC20419", "9500", "7500");
INSERT INTO `oc_city` (city_id, zone_id, name, code, jnereg, jneoke) VALUES (2746, 202, "Tanon", "SOC20418", "9500", "7500");
INSERT INTO `oc_zone` (zone_id, country_id, name, status) VALUES (203, 14, "Kab. Sukoharjo", 1);
INSERT INTO `oc_city` (city_id, zone_id, name, code, jnereg, jneoke) VALUES (2747, 203, "Baki", "SOC20508", "10500", "8500");
INSERT INTO `oc_city` (city_id, zone_id, name, code, jnereg, jneoke) VALUES (2748, 203, "Bendosari", "SOC20509", "10500", "8500");
INSERT INTO `oc_city` (city_id, zone_id, name, code, jnereg, jneoke) VALUES (2749, 203, "Bulu", "SOC20501", "10500", "8500");
INSERT INTO `oc_city` (city_id, zone_id, name, code, jnereg, jneoke) VALUES (2750, 203, "Gatak", "SOC20510", "10500", "8500");
INSERT INTO `oc_city` (city_id, zone_id, name, code, jnereg, jneoke) VALUES (2751, 203, "Grogol", "SOC20511", "10500", "8500");
INSERT INTO `oc_city` (city_id, zone_id, name, code, jnereg, jneoke) VALUES (2752, 203, "Kartasura", "SOC20512", "6000", "8500");
INSERT INTO `oc_city` (city_id, zone_id, name, code, jnereg, jneoke) VALUES (2753, 203, "Mojolaban / Palur", "SOC20502", "10500", "8500");
INSERT INTO `oc_city` (city_id, zone_id, name, code, jnereg, jneoke) VALUES (2754, 203, "Nguter", "SOC20503", "10500", "8500");
INSERT INTO `oc_city` (city_id, zone_id, name, code, jnereg, jneoke) VALUES (2755, 203, "Polokarto", "SOC20504", "10500", "8500");
INSERT INTO `oc_city` (city_id, zone_id, name, code, jnereg, jneoke, jneyes) VALUES (2756, 203, "Sukoharjo", "SOC20500", "6000", "4000", "8000");
INSERT INTO `oc_city` (city_id, zone_id, name, code, jnereg, jneoke) VALUES (2757, 203, "Tawangsari", "SOC20505", "10500", "8500");
INSERT INTO `oc_city` (city_id, zone_id, name, code, jnereg, jneoke) VALUES (2758, 203, "Weru", "SOC20506", "10500", "8500");
INSERT INTO `oc_zone` (zone_id, country_id, name, status) VALUES (204, 14, "Kab. Tegal", 1);
INSERT INTO `oc_city` (city_id, zone_id, name, code, jnereg, jneoke) VALUES (2759, 204, "Adiwerna", "SRG21411", "21000", "17000");
INSERT INTO `oc_city` (city_id, zone_id, name, code, jnereg, jneoke) VALUES (2760, 204, "Balapulang", "SRG21401", "21000", "17000");
INSERT INTO `oc_city` (city_id, zone_id, name, code, jnereg, jneoke) VALUES (2761, 204, "Bojong", "SRG21402", "21000", "17000");
INSERT INTO `oc_city` (city_id, zone_id, name, code, jnereg, jneoke) VALUES (2762, 204, "Bumijawa", "SRG21403", "21000", "17000");
INSERT INTO `oc_city` (city_id, zone_id, name, code, jnereg, jneoke) VALUES (2763, 204, "Dukuhturi", "SRG21412", "21000", "17000");
INSERT INTO `oc_city` (city_id, zone_id, name, code, jnereg, jneoke) VALUES (2764, 204, "Dukuhwaru", "SRG21404", "21000", "17000");
INSERT INTO `oc_city` (city_id, zone_id, name, code, jnereg, jneoke) VALUES (2765, 204, "Jatinegara", "SRG21405", "21000", "17000");
INSERT INTO `oc_city` (city_id, zone_id, name, code, jnereg, jneoke) VALUES (2766, 204, "Kedungbanteng", "SRG21406", "21000", "17000");
INSERT INTO `oc_city` (city_id, zone_id, name, code, jnereg, jneoke) VALUES (2767, 204, "Kramat", "SRG21413", "21000", "17000");
INSERT INTO `oc_city` (city_id, zone_id, name, code, jnereg, jneoke) VALUES (2768, 204, "Lebaksiu", "SRG21407", "21000", "17000");
INSERT INTO `oc_city` (city_id, zone_id, name, code, jnereg, jneoke) VALUES (2769, 204, "Margasari", "SRG21408", "21000", "17000");
INSERT INTO `oc_city` (city_id, zone_id, name, code, jnereg, jneoke) VALUES (2770, 204, "Pagerbarang", "SRG21409", "21000", "17000");
INSERT INTO `oc_city` (city_id, zone_id, name, code, jnereg, jneoke) VALUES (2771, 204, "Pangkah", "SRG21410", "21000", "17000");
INSERT INTO `oc_city` (city_id, zone_id, name, code, jnereg, jneoke) VALUES (2772, 204, "Slawi", "SRG21400", "17500", "13500");
INSERT INTO `oc_city` (city_id, zone_id, name, code, jnereg, jneoke) VALUES (2773, 204, "Suradadi", "SRG21414", "21000", "17000");
INSERT INTO `oc_city` (city_id, zone_id, name, code, jnereg, jneoke) VALUES (2774, 204, "Talang", "SRG21415", "21000", "17000");
INSERT INTO `oc_city` (city_id, zone_id, name, code, jnereg, jneoke) VALUES (2775, 204, "Tarub", "SRG21416", "21000", "17000");
INSERT INTO `oc_city` (city_id, zone_id, name, code, jnereg, jneoke) VALUES (2776, 204, "Warureja", "SRG21417", "21000", "17000");
INSERT INTO `oc_zone` (zone_id, country_id, name, status) VALUES (205, 14, "Kab. Temanggung", 1);
INSERT INTO `oc_city` (city_id, zone_id, name, code, jnereg, jneoke) VALUES (2777, 205, "Bansari", "MGL10420", "21500", "17500");
INSERT INTO `oc_city` (city_id, zone_id, name, code, jnereg, jneoke) VALUES (2778, 205, "Bejen", "MGL10414", "21500", "17500");
INSERT INTO `oc_city` (city_id, zone_id, name, code, jnereg, jneoke) VALUES (2779, 205, "Bulu", "MGL10401", "21500", "17500");
INSERT INTO `oc_city` (city_id, zone_id, name, code, jnereg, jneoke) VALUES (2780, 205, "Candiroto", "MGL10402", "21500", "17500");
INSERT INTO `oc_city` (city_id, zone_id, name, code, jnereg, jneoke) VALUES (2781, 205, "Gemawang", "MGL10419", "21500", "17500");
INSERT INTO `oc_city` (city_id, zone_id, name, code, jnereg, jneoke) VALUES (2782, 205, "Jumo", "MGL10403", "21500", "17500");
INSERT INTO `oc_city` (city_id, zone_id, name, code, jnereg, jneoke) VALUES (2783, 205, "Kaloran", "MGL10404", "21500", "17500");
INSERT INTO `oc_city` (city_id, zone_id, name, code, jnereg, jneoke) VALUES (2784, 205, "Kandangan", "MGL10405", "21500", "17500");
INSERT INTO `oc_city` (city_id, zone_id, name, code, jnereg, jneoke) VALUES (2785, 205, "Kedu", "MGL10406", "21500", "17500");
INSERT INTO `oc_city` (city_id, zone_id, name, code, jnereg, jneoke) VALUES (2786, 205, "Kledung", "MGL10416", "21500", "17500");
INSERT INTO `oc_city` (city_id, zone_id, name, code, jnereg, jneoke) VALUES (2787, 205, "Kranggan", "MGL10407", "21500", "17500");
INSERT INTO `oc_city` (city_id, zone_id, name, code, jnereg, jneoke) VALUES (2788, 205, "Ngadirejo", "MGL10408", "21500", "17500");
INSERT INTO `oc_city` (city_id, zone_id, name, code, jnereg, jneoke) VALUES (2789, 205, "Parakan", "MGL10409", "21500", "17500");
INSERT INTO `oc_city` (city_id, zone_id, name, code, jnereg, jneoke) VALUES (2790, 205, "Pringsurat", "MGL10410", "21500", "17500");
INSERT INTO `oc_city` (city_id, zone_id, name, code, jnereg, jneoke) VALUES (2791, 205, "Selopampang", "MGL10421", "21500", "17500");
INSERT INTO `oc_city` (city_id, zone_id, name, code, jnereg, jneoke) VALUES (2792, 205, "Temanggung", "MGL10400", "17500", "13500");
INSERT INTO `oc_city` (city_id, zone_id, name, code, jnereg, jneoke) VALUES (2793, 205, "Tembarak", "MGL10411", "21500", "17500");
INSERT INTO `oc_city` (city_id, zone_id, name, code, jnereg, jneoke) VALUES (2794, 205, "Tlogomulyo", "MGL10415", "21500", "17500");
INSERT INTO `oc_city` (city_id, zone_id, name, code, jnereg, jneoke) VALUES (2795, 205, "Tretep", "MGL10412", "21500", "17500");
INSERT INTO `oc_city` (city_id, zone_id, name, code, jnereg, jneoke) VALUES (2796, 205, "Wonoboyo", "MGL10418", "21500", "17500");
INSERT INTO `oc_zone` (zone_id, country_id, name, status) VALUES (206, 14, "Kab. Wonogiri", 1);
INSERT INTO `oc_city` (city_id, zone_id, name, code, jnereg, jneoke) VALUES (2797, 206, "Baturetno", "SOC20601", "12000", "9500");
INSERT INTO `oc_city` (city_id, zone_id, name, code, jnereg, jneoke) VALUES (2798, 206, "Batuwarno", "SOC20602", "12000", "9500");
INSERT INTO `oc_city` (city_id, zone_id, name, code, jnereg, jneoke) VALUES (2799, 206, "Bulukerto", "SOC20603", "12000", "9500");
INSERT INTO `oc_city` (city_id, zone_id, name, code, jnereg, jneoke) VALUES (2800, 206, "Eromoko", "SOC20604", "12000", "9500");
INSERT INTO `oc_city` (city_id, zone_id, name, code, jnereg, jneoke) VALUES (2801, 206, "Girimarto", "SOC20605", "12000", "9500");
INSERT INTO `oc_city` (city_id, zone_id, name, code, jnereg, jneoke) VALUES (2802, 206, "Giritontro", "SOC20606", "12000", "9500");
INSERT INTO `oc_city` (city_id, zone_id, name, code, jnereg, jneoke) VALUES (2803, 206, "Giriwoyo", "SOC20608", "12000", "9500");
INSERT INTO `oc_city` (city_id, zone_id, name, code, jnereg, jneoke) VALUES (2804, 206, "Jatipurno", "SOC20609", "12000", "9500");
INSERT INTO `oc_city` (city_id, zone_id, name, code, jnereg, jneoke) VALUES (2805, 206, "Jatiroto", "SOC20610", "12000", "9500");
INSERT INTO `oc_city` (city_id, zone_id, name, code, jnereg, jneoke) VALUES (2806, 206, "Jatisrono", "SOC20611", "12000", "9500");
INSERT INTO `oc_city` (city_id, zone_id, name, code, jnereg, jneoke) VALUES (2807, 206, "Karangtengah", "SOC20612", "12000", "9500");
INSERT INTO `oc_city` (city_id, zone_id, name, code, jnereg, jneoke) VALUES (2808, 206, "Kismantoro", "SOC20613", "12000", "9500");
INSERT INTO `oc_city` (city_id, zone_id, name, code, jnereg, jneoke) VALUES (2809, 206, "Manyaran", "SOC20614", "12000", "9500");
INSERT INTO `oc_city` (city_id, zone_id, name, code, jnereg, jneoke) VALUES (2810, 206, "Ngadirojo", "SOC20615", "12000", "9500");
INSERT INTO `oc_city` (city_id, zone_id, name, code, jnereg, jneoke) VALUES (2811, 206, "Nguntoronadi", "SOC20616", "12000", "9500");
INSERT INTO `oc_city` (city_id, zone_id, name, code, jnereg, jneoke) VALUES (2812, 206, "Paranggupito", "SOC20626", "12000", "9500");
INSERT INTO `oc_city` (city_id, zone_id, name, code, jnereg, jneoke) VALUES (2813, 206, "Pracimantoro", "SOC20617", "12000", "9500");
INSERT INTO `oc_city` (city_id, zone_id, name, code, jnereg, jneoke) VALUES (2814, 206, "Puhpelem", "SOC20624", "12000", "9500");
INSERT INTO `oc_city` (city_id, zone_id, name, code, jnereg, jneoke) VALUES (2815, 206, "Purwantoro", "SOC20618", "12000", "9500");
INSERT INTO `oc_city` (city_id, zone_id, name, code, jnereg, jneoke) VALUES (2816, 206, "Selogiri", "SOC20619", "12000", "9500");
INSERT INTO `oc_city` (city_id, zone_id, name, code, jnereg, jneoke) VALUES (2817, 206, "Sidoharjo", "SOC20620", "12000", "9500");
INSERT INTO `oc_city` (city_id, zone_id, name, code, jnereg, jneoke) VALUES (2818, 206, "Slogohimo", "SOC20621", "12000", "9500");
INSERT INTO `oc_city` (city_id, zone_id, name, code, jnereg, jneoke) VALUES (2819, 206, "Tirtomoyo", "SOC20622", "12000", "9500");
INSERT INTO `oc_city` (city_id, zone_id, name, code, jnereg, jneoke) VALUES (2820, 206, "Wonogiri", "SOC20600", "8000", "5500");
INSERT INTO `oc_city` (city_id, zone_id, name, code, jnereg, jneoke) VALUES (2821, 206, "Wuryantoro", "SOC20623", "12000", "9500");
INSERT INTO `oc_zone` (zone_id, country_id, name, status) VALUES (207, 14, "Kab. Wonosobo", 1);
INSERT INTO `oc_city` (city_id, zone_id, name, code, jnereg, jneoke) VALUES (2822, 207, "Garung", "MGL10201", "21500", "17500");
INSERT INTO `oc_city` (city_id, zone_id, name, code, jnereg, jneoke) VALUES (2823, 207, "Kalibawang", "MGL10214", "21500", "17500");
INSERT INTO `oc_city` (city_id, zone_id, name, code, jnereg, jneoke) VALUES (2824, 207, "Kalikajar", "MGL10202", "21500", "17500");
INSERT INTO `oc_city` (city_id, zone_id, name, code, jnereg, jneoke) VALUES (2825, 207, "Kaliwiro", "MGL10203", "21500", "17500");
INSERT INTO `oc_city` (city_id, zone_id, name, code, jnereg, jneoke) VALUES (2826, 207, "Kejajar", "MGL10204", "21500", "17500");
INSERT INTO `oc_city` (city_id, zone_id, name, code, jnereg, jneoke) VALUES (2827, 207, "Kepil", "MGL10205", "21500", "17500");
INSERT INTO `oc_city` (city_id, zone_id, name, code, jnereg, jneoke) VALUES (2828, 207, "Kertek", "MGL10206", "21500", "17500");
INSERT INTO `oc_city` (city_id, zone_id, name, code, jnereg, jneoke) VALUES (2829, 207, "Leksono", "MGL10207", "21500", "17500");
INSERT INTO `oc_city` (city_id, zone_id, name, code, jnereg, jneoke) VALUES (2830, 207, "Mojotengah", "MGL10208", "21500", "17500");
INSERT INTO `oc_city` (city_id, zone_id, name, code, jnereg, jneoke) VALUES (2831, 207, "Sapuran", "MGL10209", "21500", "17500");
INSERT INTO `oc_city` (city_id, zone_id, name, code, jnereg, jneoke) VALUES (2832, 207, "Selomerto", "MGL10210", "21500", "17500");
INSERT INTO `oc_city` (city_id, zone_id, name, code, jnereg, jneoke) VALUES (2833, 207, "Sukoharjo", "MGL10215", "21500", "17500");
INSERT INTO `oc_city` (city_id, zone_id, name, code, jnereg, jneoke) VALUES (2834, 207, "Wadaslintang", "MGL10211", "21500", "17500");
INSERT INTO `oc_city` (city_id, zone_id, name, code, jnereg, jneoke) VALUES (2835, 207, "Watumalang", "MGL10212", "21500", "17500");
INSERT INTO `oc_city` (city_id, zone_id, name, code, jnereg, jneoke) VALUES (2836, 207, "Wonosobo", "MGL10200", "17500", "13500");
INSERT INTO `oc_zone` (zone_id, country_id, name, status) VALUES (208, 14, "Kota Magelang", 1);
INSERT INTO `oc_city` (city_id, zone_id, name, code, jnereg, jneoke, jneyes) VALUES (2837, 208, "Magelang", "MGL10000", "8000", "5000", "13000");
INSERT INTO `oc_city` (city_id, zone_id, name, code, jnereg, jneoke) VALUES (2838, 208, "Magelang Selatan", "MGL10022", "8000", "5000");
INSERT INTO `oc_city` (city_id, zone_id, name, code, jnereg, jneoke) VALUES (2839, 208, "Magelang Tengah", "MGL10023", "8000", "5000");
INSERT INTO `oc_city` (city_id, zone_id, name, code, jnereg, jneoke) VALUES (2840, 208, "Magelang Utara", "MGL10024", "8000", "5000");
INSERT INTO `oc_zone` (zone_id, country_id, name, status) VALUES (209, 14, "Kota Surakarta", 1);
INSERT INTO `oc_city` (city_id, zone_id, name, code, jnereg, jneoke, jneyes) VALUES (2841, 209, "Solo", "SOC10000", "4000", "3000", "6000");
INSERT INTO `oc_city` (city_id, zone_id, name, code, jnereg, jneoke) VALUES (2842, 209, "Banjarsari", "SOC10001", "4000", "3000");
INSERT INTO `oc_city` (city_id, zone_id, name, code, jnereg, jneoke) VALUES (2843, 209, "Jebres", "SOC10002", "4000", "3000");
INSERT INTO `oc_city` (city_id, zone_id, name, code, jnereg, jneoke) VALUES (2844, 209, "Laweyan", "SOC10003", "4000", "3000");
INSERT INTO `oc_city` (city_id, zone_id, name, code, jnereg, jneoke) VALUES (2845, 209, "Pasar Kliwon", "SOC10004", "4000", "3000");
INSERT INTO `oc_city` (city_id, zone_id, name, code, jnereg, jneoke) VALUES (2846, 209, "Serengan", "SOC10005", "4000", "3000");
INSERT INTO `oc_zone` (zone_id, country_id, name, status) VALUES (210, 14, "Kota Salatiga", 1);
INSERT INTO `oc_city` (city_id, zone_id, name, code, jnereg, jneoke, jneyes) VALUES (2847, 210, "Salatiga", "SRG21300", "10000", "7000", "15000");
INSERT INTO `oc_city` (city_id, zone_id, name, code, jnereg, jneoke) VALUES (2848, 210, "Argomulyo", "SRG21308", "10000", "7000");
INSERT INTO `oc_city` (city_id, zone_id, name, code, jnereg, jneoke) VALUES (2849, 210, "Sidomukti", "SRG21309", "10000", "7000");
INSERT INTO `oc_city` (city_id, zone_id, name, code, jnereg, jneoke) VALUES (2850, 210, "Sidorejo", "SRG21310", "10000", "7000");
INSERT INTO `oc_city` (city_id, zone_id, name, code, jnereg, jneoke) VALUES (2851, 210, "Tingkir", "SRG21311", "10000", "7000");
INSERT INTO `oc_zone` (zone_id, country_id, name, status) VALUES (211, 14, "Kota Semarang", 1);
INSERT INTO `oc_city` (city_id, zone_id, name, code, jnereg, jneoke, jneyes) VALUES (2852, 211, "Semarang", "SRG10000", "8000", "5000", "13000");
INSERT INTO `oc_city` (city_id, zone_id, name, code, jnereg, jneoke) VALUES (2853, 211, "Banyumanik", "SRG10001", "8000", "5000");
INSERT INTO `oc_city` (city_id, zone_id, name, code, jnereg, jneoke) VALUES (2854, 211, "Candisari", "SRG10002", "8000", "5000");
INSERT INTO `oc_city` (city_id, zone_id, name, code, jnereg, jneoke) VALUES (2855, 211, "Gajahmungkur", "SRG10003", "8000", "5000");
INSERT INTO `oc_city` (city_id, zone_id, name, code, jnereg, jneoke) VALUES (2856, 211, "Gayamsari", "SRG10004", "8000", "5000");
INSERT INTO `oc_city` (city_id, zone_id, name, code, jnereg, jneoke) VALUES (2857, 211, "Genuk", "SRG10005", "8000", "5000");
INSERT INTO `oc_city` (city_id, zone_id, name, code, jnereg, jneoke) VALUES (2858, 211, "Gunungpati", "SRG10006", "8000", "5000");
INSERT INTO `oc_city` (city_id, zone_id, name, code, jnereg, jneoke) VALUES (2859, 211, "Mijen", "SRG10007", "8000", "5000");
INSERT INTO `oc_city` (city_id, zone_id, name, code, jnereg, jneoke) VALUES (2860, 211, "Ngaliyan", "SRG10008", "8000", "5000");
INSERT INTO `oc_city` (city_id, zone_id, name, code, jnereg, jneoke) VALUES (2861, 211, "Pedurungan", "SRG10009", "8000", "5000");
INSERT INTO `oc_city` (city_id, zone_id, name, code, jnereg, jneoke) VALUES (2862, 211, "Semarang Barat", "SRG10010", "8000", "5000");
INSERT INTO `oc_city` (city_id, zone_id, name, code, jnereg, jneoke) VALUES (2863, 211, "Semarang Selatan", "SRG10011", "8000", "5000");
INSERT INTO `oc_city` (city_id, zone_id, name, code, jnereg, jneoke) VALUES (2864, 211, "Semarang Tengah", "SRG10012", "8000", "5000");
INSERT INTO `oc_city` (city_id, zone_id, name, code, jnereg, jneoke) VALUES (2865, 211, "Semarang Timur", "SRG10013", "8000", "5000");
INSERT INTO `oc_city` (city_id, zone_id, name, code, jnereg, jneoke) VALUES (2866, 211, "Semarang Utara", "SRG10014", "8000", "5000");
INSERT INTO `oc_city` (city_id, zone_id, name, code, jnereg, jneoke) VALUES (2867, 211, "Tembalang", "SRG10015", "8000", "5000");
INSERT INTO `oc_city` (city_id, zone_id, name, code, jnereg, jneoke) VALUES (2868, 211, "Tugu", "SRG10016", "8000", "5000");
INSERT INTO `oc_zone` (zone_id, country_id, name, status) VALUES (212, 14, "Kota Pekalongan", 1);
INSERT INTO `oc_city` (city_id, zone_id, name, code, jnereg, jneoke) VALUES (2869, 212, "Pekalongan", "SRG10300", "15000", "11500");
INSERT INTO `oc_city` (city_id, zone_id, name, code, jnereg, jneoke) VALUES (2870, 212, "Pekalongan Barat", "SRG10322", "15000", "11500");
INSERT INTO `oc_city` (city_id, zone_id, name, code, jnereg, jneoke) VALUES (2871, 212, "Pekalongan Selatan", "SRG10323", "15000", "11500");
INSERT INTO `oc_city` (city_id, zone_id, name, code, jnereg, jneoke) VALUES (2872, 212, "Pekalongan Timur", "SRG10324", "15000", "11500");
INSERT INTO `oc_city` (city_id, zone_id, name, code, jnereg, jneoke) VALUES (2873, 212, "Pekalongan Utara", "SRG10325", "15000", "11500");
INSERT INTO `oc_zone` (zone_id, country_id, name, status) VALUES (213, 14, "Kota Tegal", 1);
INSERT INTO `oc_city` (city_id, zone_id, name, code, jnereg, jneoke) VALUES (2874, 213, "Tegal", "SRG21500", "15000", "11500");
INSERT INTO `oc_city` (city_id, zone_id, name, code, jnereg, jneoke) VALUES (2875, 213, "Margadana", "SRG21508", "15000", "11500");
INSERT INTO `oc_city` (city_id, zone_id, name, code, jnereg, jneoke) VALUES (2876, 213, "Tegal Barat", "SRG21509", "15000", "11500");
INSERT INTO `oc_city` (city_id, zone_id, name, code, jnereg, jneoke) VALUES (2877, 213, "Tegal Selatan", "SRG21510", "15000", "11500");
INSERT INTO `oc_city` (city_id, zone_id, name, code, jnereg, jneoke) VALUES (2878, 213, "Tegal Timur", "SRG21511", "15000", "11500");
INSERT INTO `oc_country` (country_id, name, iso_code_2, iso_code_3, postcode_required, status) VALUES (15, "Jawa Timur", "ID", "IDN", 1, 1);
INSERT INTO `oc_zone` (zone_id, country_id, name, status) VALUES (214, 15, "Kab. Bangkalan", 1);
INSERT INTO `oc_city` (city_id, zone_id, name, code, jnereg, jneoke) VALUES (2879, 214, "Arosbaya", "SUB20101", "27500", "22000");
INSERT INTO `oc_city` (city_id, zone_id, name, code, jnereg, jneoke) VALUES (2880, 214, "Bangkalan", "SUB20100", "22500", "17000");
INSERT INTO `oc_city` (city_id, zone_id, name, code, jnereg, jneoke) VALUES (2881, 214, "Balega", "SUB20102", "27500", "22000");
INSERT INTO `oc_city` (city_id, zone_id, name, code, jnereg, jneoke) VALUES (2882, 214, "Burneh", "SUB20117", "27500", "22000");
INSERT INTO `oc_city` (city_id, zone_id, name, code, jnereg, jneoke) VALUES (2883, 214, "Galis", "SUB20103", "27500", "22000");
INSERT INTO `oc_city` (city_id, zone_id, name, code, jnereg, jneoke) VALUES (2884, 214, "Geger", "SUB20104", "27500", "22000");
INSERT INTO `oc_city` (city_id, zone_id, name, code, jnereg, jneoke) VALUES (2885, 214, "Kamal", "SUB20105", "27500", "22000");
INSERT INTO `oc_city` (city_id, zone_id, name, code, jnereg, jneoke) VALUES (2886, 214, "Klampis", "SUB20107", "27500", "22000");
INSERT INTO `oc_city` (city_id, zone_id, name, code, jnereg, jneoke) VALUES (2887, 214, "Kokop", "SUB20108", "27500", "22000");
INSERT INTO `oc_city` (city_id, zone_id, name, code, jnereg, jneoke) VALUES (2888, 214, "Konang", "SUB20109", "27500", "22000");
INSERT INTO `oc_city` (city_id, zone_id, name, code, jnereg, jneoke) VALUES (2889, 214, "Kwanyar", "SUB20106", "27500", "22000");
INSERT INTO `oc_city` (city_id, zone_id, name, code, jnereg, jneoke) VALUES (2890, 214, "Labang", "SUB20110", "27500", "22000");
INSERT INTO `oc_city` (city_id, zone_id, name, code, jnereg, jneoke) VALUES (2891, 214, "Modung", "SUB20111", "27500", "22000");
INSERT INTO `oc_city` (city_id, zone_id, name, code, jnereg, jneoke) VALUES (2892, 214, "Sepulu", "SUB20112", "27500", "22000");
INSERT INTO `oc_city` (city_id, zone_id, name, code, jnereg, jneoke) VALUES (2893, 214, "Socah", "SUB20113", "27500", "22000");
INSERT INTO `oc_city` (city_id, zone_id, name, code, jnereg, jneoke) VALUES (2894, 214, "Tanah Merah", "SUB20114", "27500", "22000");
INSERT INTO `oc_city` (city_id, zone_id, name, code, jnereg, jneoke) VALUES (2895, 214, "Tanjungbumi", "SUB20115", "27500", "22000");
INSERT INTO `oc_city` (city_id, zone_id, name, code, jnereg, jneoke) VALUES (2896, 214, "Tragah", "SUB20116", "27500", "22000");
INSERT INTO `oc_zone` (zone_id, country_id, name, status) VALUES (215, 15, "Kab. Banyuwangi", 1);
INSERT INTO `oc_city` (city_id, zone_id, name, code, jnereg, jneoke) VALUES (2897, 215, "Bangorejo", "JBR20101", "23000", "18500");
INSERT INTO `oc_city` (city_id, zone_id, name, code, jnereg, jneoke) VALUES (2898, 215, "Banyuwangi", "JBR20100", "17500", "13500");
INSERT INTO `oc_city` (city_id, zone_id, name, code, jnereg, jneoke) VALUES (2899, 215, "Cluring", "JBR20102", "23000", "18500");
INSERT INTO `oc_city` (city_id, zone_id, name, code, jnereg, jneoke) VALUES (2900, 215, "Gambiran", "JBR20103", "23000", "18500");
INSERT INTO `oc_city` (city_id, zone_id, name, code, jnereg, jneoke) VALUES (2901, 215, "Genteng", "JBR20104", "23000", "18500");
INSERT INTO `oc_city` (city_id, zone_id, name, code, jnereg, jneoke) VALUES (2902, 215, "Giri", "JBR20118", "23000", "18500");
INSERT INTO `oc_city` (city_id, zone_id, name, code, jnereg, jneoke) VALUES (2903, 215, "Glagah", "JBR20117", "23000", "18500");
INSERT INTO `oc_city` (city_id, zone_id, name, code, jnereg, jneoke) VALUES (2904, 215, "Glenmore", "JBR20105", "23000", "18500");
INSERT INTO `oc_city` (city_id, zone_id, name, code, jnereg, jneoke) VALUES (2905, 215, "Kabat", "JBR20106", "23000", "18500");
INSERT INTO `oc_city` (city_id, zone_id, name, code, jnereg, jneoke) VALUES (2906, 215, "Kalibaru", "JBR20107", "23000", "18500");
INSERT INTO `oc_city` (city_id, zone_id, name, code, jnereg, jneoke) VALUES (2907, 215, "Kalipuro", "JBR20119", "23000", "18500");
INSERT INTO `oc_city` (city_id, zone_id, name, code, jnereg, jneoke) VALUES (2908, 215, "Licin", "JBR20120", "23000", "18500");
INSERT INTO `oc_city` (city_id, zone_id, name, code, jnereg, jneoke) VALUES (2909, 215, "Muncar", "JBR20108", "23000", "18500");
INSERT INTO `oc_city` (city_id, zone_id, name, code, jnereg, jneoke) VALUES (2910, 215, "Pesanggaran", "JBR20109", "23000", "18500");
INSERT INTO `oc_city` (city_id, zone_id, name, code, jnereg, jneoke) VALUES (2911, 215, "Purwoharjo", "JBR20110", "23000", "18500");
INSERT INTO `oc_city` (city_id, zone_id, name, code, jnereg, jneoke) VALUES (2912, 215, "Rogojampi", "JBR20111", "23000", "18500");
INSERT INTO `oc_city` (city_id, zone_id, name, code, jnereg, jneoke) VALUES (2913, 215, "Sempu", "JBR20121", "23000", "18500");
INSERT INTO `oc_city` (city_id, zone_id, name, code, jnereg, jneoke) VALUES (2914, 215, "Siliragung", "JBR20122", "23000", "18500");
INSERT INTO `oc_city` (city_id, zone_id, name, code, jnereg, jneoke) VALUES (2915, 215, "Singojuruh", "JBR20112", "23000", "18500");
INSERT INTO `oc_city` (city_id, zone_id, name, code, jnereg, jneoke) VALUES (2916, 215, "Songgon", "JBR20113", "23000", "18500");
INSERT INTO `oc_city` (city_id, zone_id, name, code, jnereg, jneoke) VALUES (2917, 215, "Srono", "JBR20114", "23000", "18500");
INSERT INTO `oc_city` (city_id, zone_id, name, code, jnereg, jneoke) VALUES (2918, 215, "Tegaldlimo", "JBR20115", "23000", "18500");
INSERT INTO `oc_city` (city_id, zone_id, name, code, jnereg, jneoke) VALUES (2919, 215, "Tegalsari", "JBR20123", "23000", "18500");
INSERT INTO `oc_city` (city_id, zone_id, name, code, jnereg, jneoke) VALUES (2920, 215, "Wongsorejo", "JBR20116", "23000", "18500");
INSERT INTO `oc_zone` (zone_id, country_id, name, status) VALUES (216, 15, "Kab. Blitar", 1);
INSERT INTO `oc_city` (city_id, zone_id, name, code, jnereg, jneoke) VALUES (2921, 216, "Bakung", "MXG20101", "17500", "12500");
INSERT INTO `oc_city` (city_id, zone_id, name, code, jnereg, jneoke) VALUES (2922, 216, "Binangun", "MXG20102", "17500", "12500");
INSERT INTO `oc_city` (city_id, zone_id, name, code, jnereg, jneoke) VALUES (2923, 216, "Blitar", "MXG20100", "17500", "13500");
INSERT INTO `oc_city` (city_id, zone_id, name, code, jnereg, jneoke) VALUES (2924, 216, "Doko", "MXG20103", "17500", "12500");
INSERT INTO `oc_city` (city_id, zone_id, name, code, jnereg, jneoke) VALUES (2925, 216, "Gandusari", "MXG20104", "17500", "12500");
INSERT INTO `oc_city` (city_id, zone_id, name, code, jnereg, jneoke) VALUES (2926, 216, "Garum", "MXG20105", "17500", "12500");
INSERT INTO `oc_city` (city_id, zone_id, name, code, jnereg, jneoke) VALUES (2927, 216, "Kademangan", "MXG20106", "17500", "12500");
INSERT INTO `oc_city` (city_id, zone_id, name, code, jnereg, jneoke) VALUES (2928, 216, "Kanigoro", "MXG20107", "17500", "12500");
INSERT INTO `oc_city` (city_id, zone_id, name, code, jnereg, jneoke) VALUES (2929, 216, "Kesamben", "MXG20108", "17500", "12500");
INSERT INTO `oc_city` (city_id, zone_id, name, code, jnereg, jneoke) VALUES (2930, 216, "Nglegok", "MXG20109", "17500", "12500");
INSERT INTO `oc_city` (city_id, zone_id, name, code, jnereg, jneoke) VALUES (2931, 216, "Panggungrejo", "MXG20110", "17500", "12500");
INSERT INTO `oc_city` (city_id, zone_id, name, code, jnereg, jneoke) VALUES (2932, 216, "Ponggok", "MXG20111", "17500", "12500");
INSERT INTO `oc_city` (city_id, zone_id, name, code, jnereg, jneoke) VALUES (2933, 216, "Sanankulon", "MXG20112", "17500", "12500");
INSERT INTO `oc_city` (city_id, zone_id, name, code, jnereg, jneoke) VALUES (2934, 216, "Selopuro", "MXG20122", "17500", "12500");
INSERT INTO `oc_city` (city_id, zone_id, name, code, jnereg, jneoke) VALUES (2935, 216, "Selorejo", "MXG20113", "17500", "12500");
INSERT INTO `oc_city` (city_id, zone_id, name, code, jnereg, jneoke) VALUES (2936, 216, "Srengat", "MXG20114", "17500", "12500");
INSERT INTO `oc_city` (city_id, zone_id, name, code, jnereg, jneoke) VALUES (2937, 216, "Sutojayan", "MXG20115", "17500", "12500");
INSERT INTO `oc_city` (city_id, zone_id, name, code, jnereg, jneoke) VALUES (2938, 216, "Talun", "MXG20116", "17500", "12500");
INSERT INTO `oc_city` (city_id, zone_id, name, code, jnereg, jneoke) VALUES (2939, 216, "Udanawu", "MXG20117", "17500", "12500");
INSERT INTO `oc_city` (city_id, zone_id, name, code, jnereg, jneoke) VALUES (2940, 216, "Wates", "MXG20118", "17500", "12500");
INSERT INTO `oc_city` (city_id, zone_id, name, code, jnereg, jneoke) VALUES (2941, 216, "Wlingi", "MXG20119", "17500", "12500");
INSERT INTO `oc_city` (city_id, zone_id, name, code, jnereg, jneoke) VALUES (2942, 216, "Wonodadi", "MXG20120", "17500", "12500");
INSERT INTO `oc_city` (city_id, zone_id, name, code, jnereg, jneoke) VALUES (2943, 216, "Wonotirto", "MXG20121", "17500", "12500");
INSERT INTO `oc_zone` (zone_id, country_id, name, status) VALUES (217, 15, "Kab. Bojonegoro", 1);
INSERT INTO `oc_city` (city_id, zone_id, name, code, jnereg, jneoke) VALUES (2944, 217, "Balen", "SRG20401", "23000", "18000");
INSERT INTO `oc_city` (city_id, zone_id, name, code, jnereg, jneoke) VALUES (2945, 217, "Baureno", "SRG20402", "23000", "18000");
INSERT INTO `oc_city` (city_id, zone_id, name, code, jnereg, jneoke) VALUES (2946, 217, "Bojonegoro", "SRG20400", "20000", "15000");
INSERT INTO `oc_city` (city_id, zone_id, name, code, jnereg, jneoke) VALUES (2947, 217, "Bubulan", "SRG20403", "23000", "18000");
INSERT INTO `oc_city` (city_id, zone_id, name, code, jnereg, jneoke) VALUES (2948, 217, "Dander", "SRG20404", "23000", "18000");
INSERT INTO `oc_city` (city_id, zone_id, name, code, jnereg, jneoke) VALUES (2949, 217, "Gondang", "SRG20427", "23000", "18000");
INSERT INTO `oc_city` (city_id, zone_id, name, code, jnereg, jneoke) VALUES (2950, 217, "Kalitidu", "SRG20405", "23000", "18000");
INSERT INTO `oc_city` (city_id, zone_id, name, code, jnereg, jneoke) VALUES (2951, 217, "Kanor", "SRG20406", "23000", "18000");
INSERT INTO `oc_city` (city_id, zone_id, name, code, jnereg, jneoke) VALUES (2952, 217, "Kapas", "SRG20407", "23000", "18000");
INSERT INTO `oc_city` (city_id, zone_id, name, code) VALUES (2953, 217, "Kasiman", "SRG20408");
INSERT INTO `oc_city` (city_id, zone_id, name, code, jnereg, jneoke) VALUES (2954, 217, "Kedewan", "SRG20424", "23000", "18000");
INSERT INTO `oc_city` (city_id, zone_id, name, code, jnereg, jneoke) VALUES (2955, 217, "Kedungadem", "SRG20409", "23000", "18000");
INSERT INTO `oc_city` (city_id, zone_id, name, code, jnereg, jneoke) VALUES (2956, 217, "Kepohbaru", "SRG20410", "23000", "18000");
INSERT INTO `oc_city` (city_id, zone_id, name, code, jnereg, jneoke) VALUES (2957, 217, "Malo", "SRG20411", "23000", "18000");
INSERT INTO `oc_city` (city_id, zone_id, name, code, jnereg, jneoke) VALUES (2958, 217, "Margomulyo", "SRG20412", "23000", "18000");
INSERT INTO `oc_city` (city_id, zone_id, name, code, jnereg, jneoke) VALUES (2959, 217, "Ngambon", "SRG20413", "23000", "18000");
INSERT INTO `oc_city` (city_id, zone_id, name, code, jnereg, jneoke) VALUES (2960, 217, "Ngasem", "SRG20414", "23000", "18000");
INSERT INTO `oc_city` (city_id, zone_id, name, code, jnereg, jneoke) VALUES (2961, 217, "Ngraho", "SRG20415", "23000", "18000");
INSERT INTO `oc_city` (city_id, zone_id, name, code, jnereg, jneoke) VALUES (2962, 217, "Padangan", "SRG20416", "23000", "18000");
INSERT INTO `oc_city` (city_id, zone_id, name, code, jnereg, jneoke) VALUES (2963, 217, "Purwosari", "SRG20417", "23000", "18000");
INSERT INTO `oc_city` (city_id, zone_id, name, code, jnereg, jneoke) VALUES (2964, 217, "Sekar", "SRG20425", "23000", "18000");
INSERT INTO `oc_city` (city_id, zone_id, name, code, jnereg, jneoke) VALUES (2965, 217, "Sugihwaras", "SRG20418", "23000", "18000");
INSERT INTO `oc_city` (city_id, zone_id, name, code, jnereg, jneoke) VALUES (2966, 217, "Sukosewu", "SRG20426", "23000", "18000");
INSERT INTO `oc_city` (city_id, zone_id, name, code, jnereg, jneoke) VALUES (2967, 217, "Sumberejo", "SRG20419", "23000", "18000");
INSERT INTO `oc_city` (city_id, zone_id, name, code, jnereg, jneoke) VALUES (2968, 217, "Tambakrejo", "SRG20420", "23000", "18000");
INSERT INTO `oc_city` (city_id, zone_id, name, code, jnereg, jneoke) VALUES (2969, 217, "Temayang", "SRG20421", "23000", "18000");
INSERT INTO `oc_city` (city_id, zone_id, name, code, jnereg, jneoke) VALUES (2970, 217, "Trucuk", "SRG20422", "23000", "18000");
INSERT INTO `oc_zone` (zone_id, country_id, name, status) VALUES (218, 15, "Kab. Bondowoso", 1);
INSERT INTO `oc_city` (city_id, zone_id, name, code, jnereg, jneoke) VALUES (2971, 218, "Binakal", "JBR20218", "21000", "17000");
INSERT INTO `oc_city` (city_id, zone_id, name, code, jnereg, jneoke) VALUES (2972, 218, "Bondowoso", "JBR20200", "16000", "12000");
INSERT INTO `oc_city` (city_id, zone_id, name, code, jnereg, jneoke) VALUES (2973, 218, "Cermee", "JBR20201", "21000", "17000");
INSERT INTO `oc_city` (city_id, zone_id, name, code, jnereg, jneoke) VALUES (2974, 218, "Curahdami", "JBR20202", "21000", "17000");
INSERT INTO `oc_city` (city_id, zone_id, name, code, jnereg, jneoke) VALUES (2975, 218, "Grujugan", "JBR20203", "21000", "17000");
INSERT INTO `oc_city` (city_id, zone_id, name, code, jnereg, jneoke) VALUES (2976, 218, "Klabang", "JBR20204", "21000", "17000");
INSERT INTO `oc_city` (city_id, zone_id, name, code, jnereg, jneoke) VALUES (2977, 218, "Maesan", "JBR20205", "21000", "17000");
INSERT INTO `oc_city` (city_id, zone_id, name, code, jnereg, jneoke) VALUES (2978, 218, "Pakem", "JBR20206", "21000", "17000");
INSERT INTO `oc_city` (city_id, zone_id, name, code, jnereg, jneoke) VALUES (2979, 218, "Prajekan", "JBR20207", "21000", "17000");
INSERT INTO `oc_city` (city_id, zone_id, name, code, jnereg, jneoke) VALUES (2980, 218, "Pujer", "JBR20208", "21000", "17000");
INSERT INTO `oc_city` (city_id, zone_id, name, code, jnereg, jneoke) VALUES (2981, 218, "Sempol", "JBR20209", "21000", "17000");
INSERT INTO `oc_city` (city_id, zone_id, name, code, jnereg, jneoke) VALUES (2982, 218, "Sukosari", "JBR20210", "21000", "17000");
INSERT INTO `oc_city` (city_id, zone_id, name, code, jnereg, jneoke) VALUES (2983, 218, "Sumberwringin", "JBR20219", "21000", "17000");
INSERT INTO `oc_city` (city_id, zone_id, name, code, jnereg, jneoke) VALUES (2984, 218, "Tamanan", "JBR20211", "21000", "17000");
INSERT INTO `oc_city` (city_id, zone_id, name, code, jnereg, jneoke) VALUES (2985, 218, "Tapen", "JBR20212", "21000", "17000");
INSERT INTO `oc_city` (city_id, zone_id, name, code, jnereg, jneoke) VALUES (2986, 218, "Tegalampel", "JBR20213", "21000", "17000");
INSERT INTO `oc_city` (city_id, zone_id, name, code, jnereg, jneoke) VALUES (2987, 218, "Tenggarang", "JBR20214", "21000", "17000");
INSERT INTO `oc_city` (city_id, zone_id, name, code, jnereg, jneoke) VALUES (2988, 218, "Tlogosari", "JBR20215", "21000", "17000");
INSERT INTO `oc_city` (city_id, zone_id, name, code, jnereg, jneoke) VALUES (2989, 218, "Wonosari", "JBR20216", "21000", "17000");
INSERT INTO `oc_city` (city_id, zone_id, name, code, jnereg, jneoke) VALUES (2990, 218, "Wringin", "JBR20217", "21000", "17000");
INSERT INTO `oc_zone` (zone_id, country_id, name, status) VALUES (219, 15, "Kab.Gresik", 1);
INSERT INTO `oc_city` (city_id, zone_id, name, code, jnereg, jneoke) VALUES (2991, 219, "Balongpanggang", "SUB10101", "13000", "10500");
INSERT INTO `oc_city` (city_id, zone_id, name, code, jnereg, jneoke) VALUES (2992, 219, "Benjeng", "SUB10102", "13000", "10500");
INSERT INTO `oc_city` (city_id, zone_id, name, code, jnereg, jneoke) VALUES (2993, 219, "Bungah", "SUB10103", "13000", "10500");
INSERT INTO `oc_city` (city_id, zone_id, name, code, jnereg, jneoke) VALUES (2994, 219, "Cerme", "SUB10104", "13000", "10500");
INSERT INTO `oc_city` (city_id, zone_id, name, code, jnereg, jneoke) VALUES (2995, 219, "Driyorejo", "SUB10105", "13000", "10500");
INSERT INTO `oc_city` (city_id, zone_id, name, code, jnereg, jneoke) VALUES (2996, 219, "Duduk Sampeyan", "SUB10106", "13000", "10500");
INSERT INTO `oc_city` (city_id, zone_id, name, code, jnereg, jneoke) VALUES (2997, 219, "Dukun", "SUB10107", "13000", "10500");
INSERT INTO `oc_city` (city_id, zone_id, name, code, jnereg, jneoke, jneyes) VALUES (2998, 219, "Gresik", "SUB10100", "10000", "7500", "15000");
INSERT INTO `oc_city` (city_id, zone_id, name, code, jnereg, jneoke) VALUES (2999, 219, "Kebomas", "SUB10117", "13000", "10500");
INSERT INTO `oc_city` (city_id, zone_id, name, code, jnereg, jneoke) VALUES (3000, 219, "Kedamean", "SUB10108", "13000", "10500");
INSERT INTO `oc_city` (city_id, zone_id, name, code, jnereg, jneoke) VALUES (3001, 219, "Manyar", "SUB10109", "13000", "10500");
INSERT INTO `oc_city` (city_id, zone_id, name, code, jnereg, jneoke) VALUES (3002, 219, "Menganti", "SUB10110", "13000", "10500");
INSERT INTO `oc_city` (city_id, zone_id, name, code, jnereg, jneoke) VALUES (3003, 219, "Panceng", "SUB10111", "13000", "10500");
INSERT INTO `oc_city` (city_id, zone_id, name, code, jnereg, jneoke) VALUES (3004, 219, "Sangkapura", "SUB10112", "13000", "10500");
INSERT INTO `oc_city` (city_id, zone_id, name, code, jnereg, jneoke) VALUES (3005, 219, "Sidayu", "SUB10113", "13000", "10500");
INSERT INTO `oc_city` (city_id, zone_id, name, code, jnereg, jneoke) VALUES (3006, 219, "Tambak", "SUB10114", "13000", "10500");
INSERT INTO `oc_city` (city_id, zone_id, name, code, jnereg, jneoke) VALUES (3007, 219, "Ujung Pangkah", "SUB10115", "13000", "10500");
INSERT INTO `oc_city` (city_id, zone_id, name, code, jnereg, jneoke) VALUES (3008, 219, "Wringinanom", "SUB10116", "13000", "10500");
INSERT INTO `oc_zone` (zone_id, country_id, name, status) VALUES (220, 15, "Kab. Jember", 1);
INSERT INTO `oc_city` (city_id, zone_id, name, code, jnereg, jneoke) VALUES (3009, 220, "Ajung", "JBR10026", "16500", "13500");
INSERT INTO `oc_city` (city_id, zone_id, name, code, jnereg, jneoke) VALUES (3010, 220, "Ambulu", "JBR10001", "16500", "13500");
INSERT INTO `oc_city` (city_id, zone_id, name, code, jnereg, jneoke) VALUES (3011, 220, "Arjasa", "JBR10002", "16500", "13500");
INSERT INTO `oc_city` (city_id, zone_id, name, code, jnereg, jneoke) VALUES (3012, 220, "Balung", "JBR10003", "16500", "13500");
INSERT INTO `oc_city` (city_id, zone_id, name, code, jnereg, jneoke) VALUES (3013, 220, "Bangsalsari", "JBR10004", "16500", "13500");
INSERT INTO `oc_city` (city_id, zone_id, name, code, jnereg, jneoke) VALUES (3014, 220, "Gumukmas", "JBR10005", "16500", "13500");
INSERT INTO `oc_city` (city_id, zone_id, name, code, jnereg, jneoke) VALUES (3015, 220, "Jelbuk", "JBR10006", "16500", "13500");
INSERT INTO `oc_city` (city_id, zone_id, name, code, jnereg, jneoke) VALUES (3016, 220, "Jember", "JBR10000", "13000", "10000");
INSERT INTO `oc_city` (city_id, zone_id, name, code, jnereg, jneoke) VALUES (3017, 220, "Jenggawah", "JBR10007", "16500", "13500");
INSERT INTO `oc_city` (city_id, zone_id, name, code, jnereg, jneoke) VALUES (3018, 220, "Jombang", "JBR10027", "16500", "13500");
INSERT INTO `oc_city` (city_id, zone_id, name, code, jnereg, jneoke) VALUES (3019, 220, "Kalisat", "JBR10008", "16500", "13500");
INSERT INTO `oc_city` (city_id, zone_id, name, code, jnereg, jneoke) VALUES (3020, 220, "Kaliwates", "JBR10028", "16500", "13500");
INSERT INTO `oc_city` (city_id, zone_id, name, code, jnereg, jneoke) VALUES (3021, 220, "Kencong", "JBR10009", "16500", "13500");
INSERT INTO `oc_city` (city_id, zone_id, name, code, jnereg, jneoke) VALUES (3022, 220, "Ledokombo", "JBR10010", "16500", "13500");
INSERT INTO `oc_city` (city_id, zone_id, name, code, jnereg, jneoke) VALUES (3023, 220, "Mayang", "JBR10011", "16500", "13500");
INSERT INTO `oc_city` (city_id, zone_id, name, code, jnereg, jneoke) VALUES (3024, 220, "Mumbulsari", "JBR10012", "16500", "13500");
INSERT INTO `oc_city` (city_id, zone_id, name, code, jnereg, jneoke) VALUES (3025, 220, "Pakusari", "JBR10013", "16500", "13500");
INSERT INTO `oc_city` (city_id, zone_id, name, code, jnereg, jneoke) VALUES (3026, 220, "Panti", "JBR10014", "16500", "13500");
INSERT INTO `oc_city` (city_id, zone_id, name, code, jnereg, jneoke) VALUES (3027, 220, "Patrang", "JBR10029", "16500", "13500");
INSERT INTO `oc_city` (city_id, zone_id, name, code, jnereg, jneoke) VALUES (3028, 220, "Puger", "JBR10015", "16500", "13500");
INSERT INTO `oc_city` (city_id, zone_id, name, code, jnereg, jneoke) VALUES (3029, 220, "Rambipuji", "JBR10016", "16500", "13500");
INSERT INTO `oc_city` (city_id, zone_id, name, code, jnereg, jneoke) VALUES (3030, 220, "Semboro", "JBR10030", "16500", "13500");
INSERT INTO `oc_city` (city_id, zone_id, name, code, jnereg, jneoke) VALUES (3031, 220, "Silo", "JBR10017", "16500", "13500");
INSERT INTO `oc_city` (city_id, zone_id, name, code, jnereg, jneoke) VALUES (3032, 220, "Sukorambi", "JBR10018", "16500", "13500");
INSERT INTO `oc_city` (city_id, zone_id, name, code, jnereg, jneoke) VALUES (3033, 220, "Sukowono", "JBR10019", "16500", "13500");
INSERT INTO `oc_city` (city_id, zone_id, name, code, jnereg, jneoke) VALUES (3034, 220, "Sumberbaru", "JBR10020", "16500", "13500");
INSERT INTO `oc_city` (city_id, zone_id, name, code, jnereg, jneoke) VALUES (3035, 220, "Sumberjambe", "JBR10021", "16500", "13500");
INSERT INTO `oc_city` (city_id, zone_id, name, code, jnereg, jneoke) VALUES (3036, 220, "Sumbersari", "JBR10031", "16500", "13500");
INSERT INTO `oc_city` (city_id, zone_id, name, code, jnereg, jneoke) VALUES (3037, 220, "Tanggul", "JBR10022", "16500", "13500");
INSERT INTO `oc_city` (city_id, zone_id, name, code, jnereg, jneoke) VALUES (3038, 220, "Tempurejo", "JBR10023", "16500", "13500");
INSERT INTO `oc_city` (city_id, zone_id, name, code, jnereg, jneoke) VALUES (3039, 220, "Umbulsari", "JBR10024", "16500", "13500");
INSERT INTO `oc_city` (city_id, zone_id, name, code, jnereg, jneoke) VALUES (3040, 220, "Wuluhan", "JBR10025", "16500", "13500");
INSERT INTO `oc_zone` (zone_id, country_id, name, status) VALUES (221, 15, "Kab. Jombang", 1);
INSERT INTO `oc_city` (city_id, zone_id, name, code, jnereg, jneoke) VALUES (3041, 221, "Bandar Kedungmulyo", "SUB20201", "16500", "13500");
INSERT INTO `oc_city` (city_id, zone_id, name, code, jnereg, jneoke) VALUES (3042, 221, "Bareng", "SUB20202", "16500", "13500");
INSERT INTO `oc_city` (city_id, zone_id, name, code, jnereg, jneoke) VALUES (3043, 221, "Diwek", "SUB20203", "16500", "13500");
INSERT INTO `oc_city` (city_id, zone_id, name, code, jnereg, jneoke) VALUES (3044, 221, "Gudo", "SUB20204", "16500", "13500");
INSERT INTO `oc_city` (city_id, zone_id, name, code, jnereg, jneoke) VALUES (3045, 221, "Jogoroto", "SUB20205", "16500", "13500");
INSERT INTO `oc_city` (city_id, zone_id, name, code, jnereg, jneoke) VALUES (3046, 221, "Jombang", "SUB20200", "12000", "9000");
INSERT INTO `oc_city` (city_id, zone_id, name, code, jnereg, jneoke) VALUES (3047, 221, "Kabuh", "SUB20206", "16500", "13500");
INSERT INTO `oc_city` (city_id, zone_id, name, code, jnereg, jneoke) VALUES (3048, 221, "Kesamben", "SUB20207", "16500", "13500");
INSERT INTO `oc_city` (city_id, zone_id, name, code, jnereg, jneoke) VALUES (3049, 221, "Kudu", "SUB20208", "16500", "13500");
INSERT INTO `oc_city` (city_id, zone_id, name, code, jnereg, jneoke) VALUES (3050, 221, "Megaluh", "SUB20209", "16500", "13500");
INSERT INTO `oc_city` (city_id, zone_id, name, code, jnereg, jneoke) VALUES (3051, 221, "Mojoagung", "SUB20210", "16500", "13500");
INSERT INTO `oc_city` (city_id, zone_id, name, code, jnereg, jneoke) VALUES (3052, 221, "Mojowarno", "SUB20211", "16500", "13500");
INSERT INTO `oc_city` (city_id, zone_id, name, code, jnereg, jneoke) VALUES (3053, 221, "Ngoro", "SUB20212", "16500", "13500");
INSERT INTO `oc_city` (city_id, zone_id, name, code, jnereg, jneoke) VALUES (3054, 221, "Ngusikan", "SUB20221", "16500", "13500");
INSERT INTO `oc_city` (city_id, zone_id, name, code, jnereg, jneoke) VALUES (3055, 221, "Perak", "SUB20213", "16500", "13500");
INSERT INTO `oc_city` (city_id, zone_id, name, code, jnereg, jneoke) VALUES (3056, 221, "Peterongan", "SUB20214", "16500", "13500");
INSERT INTO `oc_city` (city_id, zone_id, name, code, jnereg, jneoke) VALUES (3057, 221, "Plandaan", "SUB20215", "16500", "13500");
INSERT INTO `oc_city` (city_id, zone_id, name, code, jnereg, jneoke) VALUES (3058, 221, "Ploso", "SUB20216", "16500", "13500");
INSERT INTO `oc_city` (city_id, zone_id, name, code, jnereg, jneoke) VALUES (3059, 221, "Sumobito", "SUB20217", "16500", "13500");
INSERT INTO `oc_city` (city_id, zone_id, name, code, jnereg, jneoke) VALUES (3060, 221, "Tembelang", "SUB20218", "16500", "13500");
INSERT INTO `oc_city` (city_id, zone_id, name, code, jnereg, jneoke) VALUES (3061, 221, "Wonosalam", "SUB20219", "16500", "13500");
INSERT INTO `oc_zone` (zone_id, country_id, name, status) VALUES (222, 15, "Kab. Kediri", 1);
INSERT INTO `oc_city` (city_id, zone_id, name, code, jnereg, jneoke) VALUES (3062, 222, "Banyakan", "KDR10022", "13000", "8000");
INSERT INTO `oc_city` (city_id, zone_id, name, code, jnereg, jneoke) VALUES (3063, 222, "Gampengrejo", "KDR10001", "13000", "8000");
INSERT INTO `oc_city` (city_id, zone_id, name, code, jnereg, jneoke) VALUES (3064, 222, "Grogol", "KDR10002", "13000", "8000");
INSERT INTO `oc_city` (city_id, zone_id, name, code, jnereg, jneoke) VALUES (3065, 222, "Gurah", "KDR10003", "13000", "8000");
INSERT INTO `oc_city` (city_id, zone_id, name, code, jnereg, jneoke) VALUES (3066, 222, "Kandangan", "KDR10018", "13000", "8000");
INSERT INTO `oc_city` (city_id, zone_id, name, code, jnereg, jneoke) VALUES (3067, 222, "Kandat", "KDR10004", "13000", "8000");
INSERT INTO `oc_city` (city_id, zone_id, name, code, jnereg, jneoke) VALUES (3068, 222, "Kayen Kidul", "KDR10023", "13000", "8000");
INSERT INTO `oc_city` (city_id, zone_id, name, code, jnereg, jneoke) VALUES (3069, 222, "Kediri", "KDR10000", "13000", "10000");
INSERT INTO `oc_city` (city_id, zone_id, name, code, jnereg, jneoke) VALUES (3070, 222, "Kepung", "KDR10019", "13000", "8000");
INSERT INTO `oc_city` (city_id, zone_id, name, code, jnereg, jneoke) VALUES (3071, 222, "Kras", "KDR10005", "13000", "8000");
INSERT INTO `oc_city` (city_id, zone_id, name, code, jnereg, jneoke) VALUES (3072, 222, "Kunjang", "KDR10006", "13000", "8000");
INSERT INTO `oc_city` (city_id, zone_id, name, code, jnereg, jneoke) VALUES (3073, 222, "Mojo", "KDR10007", "13000", "8000");
INSERT INTO `oc_city` (city_id, zone_id, name, code, jnereg, jneoke) VALUES (3074, 222, "Ngadiluwih", "KDR10008", "13000", "8000");
INSERT INTO `oc_city` (city_id, zone_id, name, code, jnereg, jneoke) VALUES (3075, 222, "Ngancar", "KDR10020", "13000", "8000");
INSERT INTO `oc_city` (city_id, zone_id, name, code, jnereg, jneoke) VALUES (3076, 222, "Pagu", "KDR10009", "13000", "8000");
INSERT INTO `oc_city` (city_id, zone_id, name, code, jnereg, jneoke) VALUES (3077, 222, "Papar", "KDR10010", "13000", "8000");
INSERT INTO `oc_city` (city_id, zone_id, name, code, jnereg, jneoke) VALUES (3078, 222, "Pare", "KDR10017", "13000", "8000");
INSERT INTO `oc_city` (city_id, zone_id, name, code, jnereg, jneoke) VALUES (3079, 222, "Plemahan", "KDR10011", "13000", "8000");
INSERT INTO `oc_city` (city_id, zone_id, name, code, jnereg, jneoke) VALUES (3080, 222, "Plosoklaten", "KDR10012", "13000", "8000");
INSERT INTO `oc_city` (city_id, zone_id, name, code, jnereg, jneoke) VALUES (3081, 222, "Puncu", "KDR10021", "13000", "8000");
INSERT INTO `oc_city` (city_id, zone_id, name, code, jnereg, jneoke) VALUES (3082, 222, "Purwoasri", "KDR10013", "13000", "8000");
INSERT INTO `oc_city` (city_id, zone_id, name, code, jnereg, jneoke) VALUES (3083, 222, "Ringinrejo", "KDR10024", "13000", "8000");
INSERT INTO `oc_city` (city_id, zone_id, name, code, jnereg, jneoke) VALUES (3084, 222, "Semen", "KDR10014", "13000", "8000");
INSERT INTO `oc_city` (city_id, zone_id, name, code, jnereg, jneoke) VALUES (3085, 222, "Tarokan", "KDR10015", "13000", "8000");
INSERT INTO `oc_city` (city_id, zone_id, name, code, jnereg, jneoke) VALUES (3086, 222, "Wates", "KDR10016", "13000", "8000");
INSERT INTO `oc_zone` (zone_id, country_id, name, status) VALUES (223, 15, "Kab. Lamongan", 1);
INSERT INTO `oc_city` (city_id, zone_id, name, code, jnereg, jneoke) VALUES (3087, 223, "Babat", "SUB10201", "17500", "14500");
INSERT INTO `oc_city` (city_id, zone_id, name, code, jnereg, jneoke) VALUES (3088, 223, "Bluluk", "SUB10202", "17500", "14500");
INSERT INTO `oc_city` (city_id, zone_id, name, code, jnereg, jneoke) VALUES (3089, 223, "Brondong", "SUB10203", "17500", "14500");
INSERT INTO `oc_city` (city_id, zone_id, name, code, jnereg, jneoke) VALUES (3090, 223, "Deket", "SUB10204", "17500", "14500");
INSERT INTO `oc_city` (city_id, zone_id, name, code, jnereg, jneoke) VALUES (3091, 223, "Glagah", "SUB10205", "17500", "14500");
INSERT INTO `oc_city` (city_id, zone_id, name, code, jnereg, jneoke) VALUES (3092, 223, "Kalitengah", "SUB10206", "17500", "14500");
INSERT INTO `oc_city` (city_id, zone_id, name, code, jnereg, jneoke) VALUES (3093, 223, "Karangbinangun", "SUB10207", "17500", "14500");
INSERT INTO `oc_city` (city_id, zone_id, name, code, jnereg, jneoke) VALUES (3094, 223, "Karanggeneng", "SUB10208", "17500", "14500");
INSERT INTO `oc_city` (city_id, zone_id, name, code, jnereg, jneoke) VALUES (3095, 223, "Kedungpring", "SUB10209", "17500", "14500");
INSERT INTO `oc_city` (city_id, zone_id, name, code, jnereg, jneoke) VALUES (3096, 223, "Kembangbahu", "SUB10210", "17500", "14500");
INSERT INTO `oc_city` (city_id, zone_id, name, code, jnereg, jneoke) VALUES (3097, 223, "Lamongan", "SUB10200", "12000", "9000");
INSERT INTO `oc_city` (city_id, zone_id, name, code, jnereg, jneoke) VALUES (3098, 223, "Laren", "SUB10211", "17500", "14500");
INSERT INTO `oc_city` (city_id, zone_id, name, code, jnereg, jneoke) VALUES (3099, 223, "Maduran", "SUB10225", "17500", "14500");
INSERT INTO `oc_city` (city_id, zone_id, name, code, jnereg, jneoke) VALUES (3100, 223, "Mantup", "SUB10212", "17500", "14500");
INSERT INTO `oc_city` (city_id, zone_id, name, code, jnereg, jneoke) VALUES (3101, 223, "Modo", "SUB10213", "17500", "14500");
INSERT INTO `oc_city` (city_id, zone_id, name, code, jnereg, jneoke) VALUES (3102, 223, "Ngimbang", "SUB10214", "17500", "14500");
INSERT INTO `oc_city` (city_id, zone_id, name, code, jnereg, jneoke) VALUES (3103, 223, "Paciran", "SUB10215", "17500", "14500");
INSERT INTO `oc_city` (city_id, zone_id, name, code, jnereg, jneoke) VALUES (3104, 223, "Pucuk", "SUB10216", "17500", "14500");
INSERT INTO `oc_city` (city_id, zone_id, name, code, jnereg, jneoke) VALUES (3105, 223, "Sambeng", "SUB10217", "17500", "14500");
INSERT INTO `oc_city` (city_id, zone_id, name, code, jnereg, jneoke) VALUES (3106, 223, "Sarirejo", "SUB10226", "17500", "14500");
INSERT INTO `oc_city` (city_id, zone_id, name, code, jnereg, jneoke) VALUES (3107, 223, "Sekaran", "SUB10219", "17500", "14500");
INSERT INTO `oc_city` (city_id, zone_id, name, code, jnereg, jneoke) VALUES (3108, 223, "Solokuro", "SUB10218", "17500", "14500");
INSERT INTO `oc_city` (city_id, zone_id, name, code, jnereg, jneoke) VALUES (3109, 223, "Sugio", "SUB10220", "17500", "14500");
INSERT INTO `oc_city` (city_id, zone_id, name, code, jnereg, jneoke) VALUES (3110, 223, "Sukodadi", "SUB10221", "17500", "14500");
INSERT INTO `oc_city` (city_id, zone_id, name, code, jnereg, jneoke) VALUES (3111, 223, "Sukorame", "SUB10222", "17500", "14500");
INSERT INTO `oc_city` (city_id, zone_id, name, code, jnereg, jneoke) VALUES (3112, 223, "Tikung", "SUB10223", "17500", "14500");
INSERT INTO `oc_city` (city_id, zone_id, name, code, jnereg, jneoke) VALUES (3113, 223, "Turi", "SUB10224", "17500", "14500");
INSERT INTO `oc_zone` (zone_id, country_id, name, status) VALUES (224, 15, "Kab. Lumajang", 1);
INSERT INTO `oc_city` (city_id, zone_id, name, code, jnereg, jneoke) VALUES (3114, 224, "Candipuro", "PBL20101", "18000", "15000");
INSERT INTO `oc_city` (city_id, zone_id, name, code, jnereg, jneoke) VALUES (3115, 224, "Gucialit", "PBL20102", "18000", "15000");
INSERT INTO `oc_city` (city_id, zone_id, name, code, jnereg, jneoke) VALUES (3116, 224, "Jatiroto", "PBL20103", "18000", "15000");
INSERT INTO `oc_city` (city_id, zone_id, name, code, jnereg, jneoke) VALUES (3117, 224, "Kedungjajang", "PBL20105", "18000", "15000");
INSERT INTO `oc_city` (city_id, zone_id, name, code, jnereg, jneoke) VALUES (3118, 224, "Klakah", "PBL20104", "18000", "15000");
INSERT INTO `oc_city` (city_id, zone_id, name, code, jnereg, jneoke) VALUES (3119, 224, "Kunir", "PBL20106", "18000", "15000");
INSERT INTO `oc_city` (city_id, zone_id, name, code, jnereg, jneoke) VALUES (3120, 224, "Lumajang", "PBL20100", "13000", "10000");
INSERT INTO `oc_city` (city_id, zone_id, name, code, jnereg, jneoke) VALUES (3121, 224, "Padang", "PBL20118", "18000", "15000");
INSERT INTO `oc_city` (city_id, zone_id, name, code, jnereg, jneoke) VALUES (3122, 224, "Pasirian", "PBL20107", "18000", "15000");
INSERT INTO `oc_city` (city_id, zone_id, name, code, jnereg, jneoke) VALUES (3123, 224, "Pasrujambe", "PBL20119", "18000", "15000");
INSERT INTO `oc_city` (city_id, zone_id, name, code, jnereg, jneoke) VALUES (3124, 224, "Pronojiwo", "PBL20108", "18000", "15000");
INSERT INTO `oc_city` (city_id, zone_id, name, code, jnereg, jneoke) VALUES (3125, 224, "Randuagung", "PBL20109", "18000", "15000");
INSERT INTO `oc_city` (city_id, zone_id, name, code, jnereg, jneoke) VALUES (3126, 224, "Ranuyoso", "PBL20110", "18000", "15000");
INSERT INTO `oc_city` (city_id, zone_id, name, code, jnereg, jneoke) VALUES (3127, 224, "Rowokangkung", "PBL20111", "18000", "15000");
INSERT INTO `oc_city` (city_id, zone_id, name, code, jnereg, jneoke) VALUES (3128, 224, "Senduro", "PBL20112", "18000", "15000");
INSERT INTO `oc_city` (city_id, zone_id, name, code, jnereg, jneoke) VALUES (3129, 224, "Sukodono", "PBL20113", "18000", "15000");
INSERT INTO `oc_city` (city_id, zone_id, name, code, jnereg, jneoke) VALUES (3130, 224, "Sumbersoko", "PBL20120", "18000", "15000");
INSERT INTO `oc_city` (city_id, zone_id, name, code, jnereg, jneoke) VALUES (3131, 224, "Tekung", "PBL20114", "18000", "15000");
INSERT INTO `oc_city` (city_id, zone_id, name, code, jnereg, jneoke) VALUES (3132, 224, "Tempeh", "PBL20116", "18000", "15000");
INSERT INTO `oc_city` (city_id, zone_id, name, code, jnereg, jneoke) VALUES (3133, 224, "Tempursari", "PBL20115", "18000", "15000");
INSERT INTO `oc_city` (city_id, zone_id, name, code, jnereg, jneoke) VALUES (3134, 224, "Yosowilangun", "PBL20117", "18000", "15000");
INSERT INTO `oc_zone` (zone_id, country_id, name, status) VALUES (225, 15, "Kab. Madiun", 1);
INSERT INTO `oc_city` (city_id, zone_id, name, code, jnereg, jneoke) VALUES (3135, 225, "Balerejo", "MDN10101", "10000", "7200");
INSERT INTO `oc_city` (city_id, zone_id, name, code, jnereg, jneoke) VALUES (3136, 225, "Caruban", "MDN10100", "8000", "6000");
INSERT INTO `oc_city` (city_id, zone_id, name, code, jnereg, jneoke) VALUES (3137, 225, "Dagangan", "MDN10102", "10000", "7200");
INSERT INTO `oc_city` (city_id, zone_id, name, code, jnereg, jneoke) VALUES (3138, 225, "Dolopo", "MDN10103", "10000", "7200");
INSERT INTO `oc_city` (city_id, zone_id, name, code, jnereg, jneoke) VALUES (3139, 225, "Geger", "MDN10104", "10000", "7200");
INSERT INTO `oc_city` (city_id, zone_id, name, code, jnereg, jneoke) VALUES (3140, 225, "Gemarang", "MDN10105", "10000", "7200");
INSERT INTO `oc_city` (city_id, zone_id, name, code, jnereg, jneoke) VALUES (3141, 225, "Jiwan", "MDN10106", "10000", "7200");
INSERT INTO `oc_city` (city_id, zone_id, name, code, jnereg, jneoke) VALUES (3142, 225, "Kare", "MDN10107", "10000", "7200");
INSERT INTO `oc_city` (city_id, zone_id, name, code, jnereg, jneoke) VALUES (3143, 225, "Kebonsari", "MDN10108", "10000", "7200");
INSERT INTO `oc_city` (city_id, zone_id, name, code, jnereg, jneoke) VALUES (3144, 225, "Madiun", "MDN10109", "10000", "7200");
INSERT INTO `oc_city` (city_id, zone_id, name, code, jnereg, jneoke) VALUES (3145, 225, "Mejayan", "MDN10110", "10000", "7200");
INSERT INTO `oc_city` (city_id, zone_id, name, code, jnereg, jneoke) VALUES (3146, 225, "Pilangkenceng", "MDN10111", "10000", "7200");
INSERT INTO `oc_city` (city_id, zone_id, name, code, jnereg, jneoke) VALUES (3147, 225, "Saradan", "MDN10112", "10000", "7200");
INSERT INTO `oc_city` (city_id, zone_id, name, code, jnereg, jneoke) VALUES (3148, 225, "Sawahan", "MDN10113", "10000", "7200");
INSERT INTO `oc_city` (city_id, zone_id, name, code, jnereg, jneoke) VALUES (3149, 225, "Wonoasri", "MDN10114", "10000", "7200");
INSERT INTO `oc_city` (city_id, zone_id, name, code, jnereg, jneoke) VALUES (3150, 225, "Wungu", "MDN10115", "10000", "7200");
INSERT INTO `oc_zone` (zone_id, country_id, name, status) VALUES (226, 15, "Kab. Magetan", 1);
INSERT INTO `oc_city` (city_id, zone_id, name, code, jnereg, jneoke) VALUES (3151, 226, "Barat", "MDN20113", "13500", "7200");
INSERT INTO `oc_city` (city_id, zone_id, name, code, jnereg, jneoke) VALUES (3152, 226, "Bendo", "MDN20101", "13500", "7200");
INSERT INTO `oc_city` (city_id, zone_id, name, code, jnereg, jneoke) VALUES (3153, 226, "Karangrejo", "MDN20102", "13500", "7200");
INSERT INTO `oc_city` (city_id, zone_id, name, code, jnereg, jneoke) VALUES (3154, 226, "Karas", "MDN20114", "13500", "7200");
INSERT INTO `oc_city` (city_id, zone_id, name, code, jnereg, jneoke) VALUES (3155, 226, "Kartoharjo", "MDN20115", "13500", "7200");
INSERT INTO `oc_city` (city_id, zone_id, name, code, jnereg, jneoke) VALUES (3156, 226, "Kawedanan", "MDN20104", "13500", "7200");
INSERT INTO `oc_city` (city_id, zone_id, name, code, jnereg, jneoke) VALUES (3157, 226, "Lembeyan", "MDN20105", "13500", "7200");
INSERT INTO `oc_city` (city_id, zone_id, name, code, jnereg, jneoke) VALUES (3158, 226, "Magetan", "MDN20100", "8000", "6000");
INSERT INTO `oc_city` (city_id, zone_id, name, code, jnereg, jneoke) VALUES (3159, 226, "Maospati", "MDN20106", "13500", "7200");
INSERT INTO `oc_city` (city_id, zone_id, name, code, jnereg, jneoke) VALUES (3160, 226, "Ngariboyo", "MDN20116", "13500", "7200");
INSERT INTO `oc_city` (city_id, zone_id, name, code, jnereg, jneoke) VALUES (3161, 226, "Nguntoronadi", "MDN20117", "13500", "7200");
INSERT INTO `oc_city` (city_id, zone_id, name, code, jnereg, jneoke) VALUES (3162, 226, "Panekan", "MDN20107", "13500", "7200");
INSERT INTO `oc_city` (city_id, zone_id, name, code, jnereg, jneoke) VALUES (3163, 226, "Parang", "MDN20108", "13500", "7200");
INSERT INTO `oc_city` (city_id, zone_id, name, code, jnereg, jneoke) VALUES (3164, 226, "Plaosan", "MDN20109", "13500", "7200");
INSERT INTO `oc_city` (city_id, zone_id, name, code, jnereg, jneoke) VALUES (3165, 226, "Poncol", "MDN20110", "13500", "7200");
INSERT INTO `oc_city` (city_id, zone_id, name, code, jnereg, jneoke) VALUES (3166, 226, "Sukomoro", "MDN20111", "13500", "7200");
INSERT INTO `oc_city` (city_id, zone_id, name, code, jnereg, jneoke) VALUES (3167, 226, "Takeran", "MDN20112", "13500", "7200");
INSERT INTO `oc_zone` (zone_id, country_id, name, status) VALUES (227, 15, "Kab. Malang", 1);
INSERT INTO `oc_city` (city_id, zone_id, name, code, jnereg, jneoke) VALUES (3168, 227, "Ampelgading", "MXG20301", "16500", "13500");
INSERT INTO `oc_city` (city_id, zone_id, name, code, jnereg, jneoke) VALUES (3169, 227, "Bantur", "MXG20302", "16500", "13500");
INSERT INTO `oc_city` (city_id, zone_id, name, code, jnereg, jneoke) VALUES (3170, 227, "Bululawang", "MXG20303", "16500", "13500");
INSERT INTO `oc_city` (city_id, zone_id, name, code, jnereg, jneoke) VALUES (3171, 227, "Dampit", "MXG20304", "16500", "13500");
INSERT INTO `oc_city` (city_id, zone_id, name, code, jnereg, jneoke) VALUES (3172, 227, "Dau", "MXG20305", "16500", "13500");
INSERT INTO `oc_city` (city_id, zone_id, name, code, jnereg, jneoke) VALUES (3173, 227, "Donomulyo", "MXG20306", "16500", "13500");
INSERT INTO `oc_city` (city_id, zone_id, name, code, jnereg, jneoke) VALUES (3174, 227, "Gedangan", "MXG20307", "16500", "13500");
INSERT INTO `oc_city` (city_id, zone_id, name, code, jnereg, jneoke) VALUES (3175, 227, "Gondanglegi", "MXG20308", "16500", "13500");
INSERT INTO `oc_city` (city_id, zone_id, name, code, jnereg, jneoke) VALUES (3176, 227, "Jabung", "MXG20309", "16500", "13500");
INSERT INTO `oc_city` (city_id, zone_id, name, code, jnereg, jneoke) VALUES (3177, 227, "Kalipare", "MXG20310", "16500", "13500");
INSERT INTO `oc_city` (city_id, zone_id, name, code, jnereg, jneoke) VALUES (3178, 227, "Karangploso", "MXG20311", "16500", "13500");
INSERT INTO `oc_city` (city_id, zone_id, name, code, jnereg, jneoke) VALUES (3179, 227, "Kasembon", "MXG20330", "16500", "13500");
INSERT INTO `oc_city` (city_id, zone_id, name, code, jnereg, jneoke) VALUES (3180, 227, "Kepanjen", "MXG20300", "12000", "9000");
INSERT INTO `oc_city` (city_id, zone_id, name, code, jnereg, jneoke) VALUES (3181, 227, "Kromengan", "MXG20312", "16500", "13500");
INSERT INTO `oc_city` (city_id, zone_id, name, code, jnereg, jneoke) VALUES (3182, 227, "Lawang", "MXG20331", "16500", "13500");
INSERT INTO `oc_city` (city_id, zone_id, name, code, jnereg, jneoke) VALUES (3183, 227, "Ngajum", "MXG20313", "16500", "13500");
INSERT INTO `oc_city` (city_id, zone_id, name, code, jnereg, jneoke) VALUES (3184, 227, "Ngantang", "MXG20328", "16500", "13500");
INSERT INTO `oc_city` (city_id, zone_id, name, code, jnereg, jneoke) VALUES (3185, 227, "Pagak", "MXG20314", "16500", "13500");
INSERT INTO `oc_city` (city_id, zone_id, name, code, jnereg, jneoke) VALUES (3186, 227, "Pagelaran", "MXG20332", "16500", "13500");
INSERT INTO `oc_city` (city_id, zone_id, name, code, jnereg, jneoke) VALUES (3187, 227, "Pakis", "MXG20315", "16500", "13500");
INSERT INTO `oc_city` (city_id, zone_id, name, code, jnereg, jneoke) VALUES (3188, 227, "Pakisaji", "MXG20316", "16500", "13500");
INSERT INTO `oc_city` (city_id, zone_id, name, code, jnereg, jneoke) VALUES (3189, 227, "Poncokusumo", "MXG20317", "16500", "13500");
INSERT INTO `oc_city` (city_id, zone_id, name, code, jnereg, jneoke) VALUES (3190, 227, "Pujon", "MXG20329", "16500", "13500");
INSERT INTO `oc_city` (city_id, zone_id, name, code, jnereg, jneoke) VALUES (3191, 227, "Sumbermanjing Wetan", "MXG20320", "16500", "13500");
INSERT INTO `oc_city` (city_id, zone_id, name, code, jnereg, jneoke) VALUES (3192, 227, "Singosari", "MXG20318", "12000", "9000");
INSERT INTO `oc_city` (city_id, zone_id, name, code, jnereg, jneoke) VALUES (3193, 227, "Sumberpucung", "MXG20319", "16500", "13500");
INSERT INTO `oc_city` (city_id, zone_id, name, code, jnereg, jneoke) VALUES (3194, 227, "Tajinan", "MXG20321", "16500", "13500");
INSERT INTO `oc_city` (city_id, zone_id, name, code, jnereg, jneoke) VALUES (3195, 227, "Tirtoyudo", "MXG20322", "16500", "13500");
INSERT INTO `oc_city` (city_id, zone_id, name, code, jnereg, jneoke) VALUES (3196, 227, "Tumpang", "MXG20324", "16500", "13500");
INSERT INTO `oc_city` (city_id, zone_id, name, code, jnereg, jneoke) VALUES (3197, 227, "Turen", "MXG20323", "16500", "13500");
INSERT INTO `oc_city` (city_id, zone_id, name, code, jnereg, jneoke) VALUES (3198, 227, "Wagir", "MXG20325", "16500", "13500");
INSERT INTO `oc_city` (city_id, zone_id, name, code, jnereg, jneoke) VALUES (3199, 227, "Wajak", "MXG20326", "16500", "13500");
INSERT INTO `oc_city` (city_id, zone_id, name, code, jnereg, jneoke) VALUES (3200, 227, "Wonosari", "MXG20327", "16500", "13500");
INSERT INTO `oc_zone` (zone_id, country_id, name, status) VALUES (228, 15, "Kab. Mojokerto", 1);
INSERT INTO `oc_city` (city_id, zone_id, name, code, jnereg, jneoke) VALUES (3201, 228, "Bangsal", "MJK10001", "10000", "7500");
INSERT INTO `oc_city` (city_id, zone_id, name, code, jnereg, jneoke) VALUES (3202, 228, "Dawarblandong", "MJK10002", "10000", "7500");
INSERT INTO `oc_city` (city_id, zone_id, name, code, jnereg, jneoke) VALUES (3203, 228, "Dlanggu", "MJK10003", "10000", "7500");
INSERT INTO `oc_city` (city_id, zone_id, name, code, jnereg, jneoke) VALUES (3204, 228, "Gedeg", "MJK10004", "10000", "7500");
INSERT INTO `oc_city` (city_id, zone_id, name, code, jnereg, jneoke) VALUES (3205, 228, "Gondang", "MJK10005", "10000", "7500");
INSERT INTO `oc_city` (city_id, zone_id, name, code, jnereg, jneoke) VALUES (3206, 228, "Jatirejo", "MJK10006", "10000", "7500");
INSERT INTO `oc_city` (city_id, zone_id, name, code, jnereg, jneoke) VALUES (3207, 228, "Jetis", "MJK10007", "10000", "7500");
INSERT INTO `oc_city` (city_id, zone_id, name, code, jnereg, jneoke) VALUES (3208, 228, "Kemlagi", "MJK10008", "10000", "7500");
INSERT INTO `oc_city` (city_id, zone_id, name, code, jnereg, jneoke) VALUES (3209, 228, "Kutorejo", "MJK10009", "10000", "7500");
INSERT INTO `oc_city` (city_id, zone_id, name, code, jnereg, jneoke) VALUES (3210, 228, "Mojoanyar", "MJK10021", "10000", "7500");
INSERT INTO `oc_city` (city_id, zone_id, name, code, jnereg, jneoke) VALUES (3211, 228, "Mojokerto", "MJK10000", "10000", "7500");
INSERT INTO `oc_city` (city_id, zone_id, name, code, jnereg, jneoke) VALUES (3212, 228, "Mojosari", "MJK10010", "10000", "7500");
INSERT INTO `oc_city` (city_id, zone_id, name, code, jnereg, jneoke) VALUES (3213, 228, "Ngoro", "MJK10011", "10000", "7500");
INSERT INTO `oc_city` (city_id, zone_id, name, code, jnereg, jneoke) VALUES (3214, 228, "Pacet", "MJK10012", "10000", "7500");
INSERT INTO `oc_city` (city_id, zone_id, name, code, jnereg, jneoke) VALUES (3215, 228, "Pungging", "MJK10013", "10000", "7500");
INSERT INTO `oc_city` (city_id, zone_id, name, code, jnereg, jneoke) VALUES (3216, 228, "Puri", "MJK10014", "10000", "7500");
INSERT INTO `oc_city` (city_id, zone_id, name, code, jnereg, jneoke) VALUES (3217, 228, "Sooko", "MJK10015", "10000", "7500");
INSERT INTO `oc_city` (city_id, zone_id, name, code, jnereg, jneoke) VALUES (3218, 228, "Trawas", "MJK10016", "10000", "7500");
INSERT INTO `oc_city` (city_id, zone_id, name, code, jnereg, jneoke) VALUES (3219, 228, "Trowulan", "MJK10017", "10000", "7500");
INSERT INTO `oc_zone` (zone_id, country_id, name, status) VALUES (229, 15, "Kab. Nganjuk", 1);
INSERT INTO `oc_city` (city_id, zone_id, name, code, jnereg, jneoke) VALUES (3220, 229, "Bagor", "SUB20401", "19000", "15500");
INSERT INTO `oc_city` (city_id, zone_id, name, code, jnereg, jneoke) VALUES (3221, 229, "Baron", "SUB20415", "19000", "15500");
INSERT INTO `oc_city` (city_id, zone_id, name, code, jnereg, jneoke) VALUES (3222, 229, "Berbek", "SUB20402", "19000", "15500");
INSERT INTO `oc_city` (city_id, zone_id, name, code, jnereg, jneoke) VALUES (3223, 229, "Gondang", "SUB20403", "19000", "15500");
INSERT INTO `oc_city` (city_id, zone_id, name, code, jnereg, jneoke) VALUES (3224, 229, "Jatikalen", "SUB20416", "19000", "15500");
INSERT INTO `oc_city` (city_id, zone_id, name, code, jnereg, jneoke) VALUES (3225, 229, "Kertosono", "SUB20414", "19000", "15500");
INSERT INTO `oc_city` (city_id, zone_id, name, code, jnereg, jneoke) VALUES (3226, 229, "Lengkong", "SUB20417", "19000", "15500");
INSERT INTO `oc_city` (city_id, zone_id, name, code, jnereg, jneoke) VALUES (3227, 229, "Loceret", "SUB20404", "19000", "15500");
INSERT INTO `oc_city` (city_id, zone_id, name, code, jnereg, jneoke) VALUES (3228, 229, "Nganjuk", "SUB20400", "14000", "10500");
INSERT INTO `oc_city` (city_id, zone_id, name, code, jnereg, jneoke) VALUES (3229, 229, "Ngetos", "SUB20405", "19000", "15500");
INSERT INTO `oc_city` (city_id, zone_id, name, code, jnereg, jneoke) VALUES (3230, 229, "Ngluyu", "SUB20406", "19000", "15500");
INSERT INTO `oc_city` (city_id, zone_id, name, code, jnereg, jneoke) VALUES (3231, 229, "Ngronggot", "SUB20418", "19000", "15500");
INSERT INTO `oc_city` (city_id, zone_id, name, code, jnereg, jneoke) VALUES (3232, 229, "Pace", "SUB20407", "19000", "15500");
INSERT INTO `oc_city` (city_id, zone_id, name, code, jnereg, jneoke) VALUES (3233, 229, "Patianrowo", "SUB20419", "19000", "15500");
INSERT INTO `oc_city` (city_id, zone_id, name, code, jnereg, jneoke) VALUES (3234, 229, "Prambon", "SUB20408", "19000", "15500");
INSERT INTO `oc_city` (city_id, zone_id, name, code, jnereg, jneoke) VALUES (3235, 229, "Rejoso", "SUB20409", "19000", "15500");
INSERT INTO `oc_city` (city_id, zone_id, name, code, jnereg, jneoke) VALUES (3236, 229, "Sawahan", "SUB20410", "19000", "15500");
INSERT INTO `oc_city` (city_id, zone_id, name, code, jnereg, jneoke) VALUES (3237, 229, "Sukomoro", "SUB20411", "19000", "15500");
INSERT INTO `oc_city` (city_id, zone_id, name, code, jnereg, jneoke) VALUES (3238, 229, "Tanjunganom", "SUB20412", "19000", "15500");
INSERT INTO `oc_city` (city_id, zone_id, name, code, jnereg, jneoke) VALUES (3239, 229, "Wilangan", "SUB20413", "19000", "15500");
INSERT INTO `oc_zone` (zone_id, country_id, name, status) VALUES (230, 15, "Kab. Ngawi", 1);
INSERT INTO `oc_city` (city_id, zone_id, name, code, jnereg, jneoke) VALUES (3240, 230, "Bringin", "MDN20201", "12500", "7200");
INSERT INTO `oc_city` (city_id, zone_id, name, code, jnereg, jneoke) VALUES (3241, 230, "Geneng", "MDN20202", "12500", "7200");
INSERT INTO `oc_city` (city_id, zone_id, name, code, jnereg, jneoke) VALUES (3242, 230, "Jogorogo", "MDN20203", "12500", "7200");
INSERT INTO `oc_city` (city_id, zone_id, name, code, jnereg, jneoke) VALUES (3243, 230, "Karanganyar", "MDN20216", "12500", "7200");
INSERT INTO `oc_city` (city_id, zone_id, name, code, jnereg, jneoke) VALUES (3244, 230, "Karangjati", "MDN20204", "12500", "7200");
INSERT INTO `oc_city` (city_id, zone_id, name, code, jnereg, jneoke) VALUES (3245, 230, "Kedunggalar", "MDN20205", "12500", "7200");
INSERT INTO `oc_city` (city_id, zone_id, name, code, jnereg, jneoke) VALUES (3246, 230, "Kendal", "MDN20206", "12500", "7200");
INSERT INTO `oc_city` (city_id, zone_id, name, code, jnereg, jneoke) VALUES (3247, 230, "Kendungan", "MDN20217", "12500", "7200");
INSERT INTO `oc_city` (city_id, zone_id, name, code, jnereg, jneoke) VALUES (3248, 230, "Kwadungan", "MDN20207", "12500", "7200");
INSERT INTO `oc_city` (city_id, zone_id, name, code, jnereg, jneoke) VALUES (3249, 230, "Mantingan", "MDN20208", "12500", "7200");
INSERT INTO `oc_city` (city_id, zone_id, name, code, jnereg, jneoke) VALUES (3250, 230, "Ngawi", "MDN20200", "8000", "6000");
INSERT INTO `oc_city` (city_id, zone_id, name, code, jnereg, jneoke) VALUES (3251, 230, "Ngrambe", "MDN20209", "12500", "7200");
INSERT INTO `oc_city` (city_id, zone_id, name, code, jnereg, jneoke) VALUES (3252, 230, "Padas", "MDN20210", "12500", "7200");
INSERT INTO `oc_city` (city_id, zone_id, name, code, jnereg, jneoke) VALUES (3253, 230, "Pangkur", "MDN20211", "12500", "7200");
INSERT INTO `oc_city` (city_id, zone_id, name, code, jnereg, jneoke) VALUES (3254, 230, "Paron", "MDN20212", "12500", "7200");
INSERT INTO `oc_city` (city_id, zone_id, name, code, jnereg, jneoke) VALUES (3255, 230, "Pitu", "MDN20213", "12500", "7200");
INSERT INTO `oc_city` (city_id, zone_id, name, code, jnereg, jneoke) VALUES (3256, 230, "Sine", "MDN20214", "12500", "7200");
INSERT INTO `oc_city` (city_id, zone_id, name, code, jnereg, jneoke) VALUES (3257, 230, "Widodaren", "MDN20215", "12500", "7200");
INSERT INTO `oc_zone` (zone_id, country_id, name, status) VALUES (231, 15, "Kab. Pacitan", 1);
INSERT INTO `oc_city` (city_id, zone_id, name, code, jnereg, jneoke) VALUES (3258, 231, "Arjosari", "MDN20301", "24000", "16200");
INSERT INTO `oc_city` (city_id, zone_id, name, code, jnereg, jneoke) VALUES (3259, 231, "Bandar", "MDN20302", "24000", "16200");
INSERT INTO `oc_city` (city_id, zone_id, name, code, jnereg, jneoke) VALUES (3260, 231, "Donorojo", "MDN20303", "24000", "16200");
INSERT INTO `oc_city` (city_id, zone_id, name, code, jnereg, jneoke) VALUES (3261, 231, "Kebonagung", "MDN20304", "24000", "16200");
INSERT INTO `oc_city` (city_id, zone_id, name, code, jnereg, jneoke) VALUES (3262, 231, "Nawangan", "MDN20305", "24000", "16200");
INSERT INTO `oc_city` (city_id, zone_id, name, code, jnereg, jneoke) VALUES (3263, 231, "Ngadirojo", "MDN20306", "24000", "16200");
INSERT INTO `oc_city` (city_id, zone_id, name, code, jnereg, jneoke) VALUES (3264, 231, "Pacitan", "MDN20300", "17500", "13500");
INSERT INTO `oc_city` (city_id, zone_id, name, code, jnereg, jneoke) VALUES (3265, 231, "Pringkuku", "MDN20307", "24000", "16200");
INSERT INTO `oc_city` (city_id, zone_id, name, code, jnereg, jneoke) VALUES (3266, 231, "Punung", "MDN20308", "24000", "16200");
INSERT INTO `oc_city` (city_id, zone_id, name, code, jnereg, jneoke) VALUES (3267, 231, "Sudimoro", "MDN20309", "24000", "16200");
INSERT INTO `oc_city` (city_id, zone_id, name, code, jnereg, jneoke) VALUES (3268, 231, "Tegalombo", "MDN20310", "24000", "16200");
INSERT INTO `oc_city` (city_id, zone_id, name, code, jnereg, jneoke) VALUES (3269, 231, "Tulakan", "MDN20311", "24000", "16200");
INSERT INTO `oc_zone` (zone_id, country_id, name, status) VALUES (232, 15, "Kab. Pamekasan", 1);
INSERT INTO `oc_city` (city_id, zone_id, name, code, jnereg, jneoke) VALUES (3270, 232, "Batu Marmar", "SUB20501", "29500", "24000");
INSERT INTO `oc_city` (city_id, zone_id, name, code, jnereg, jneoke) VALUES (3271, 232, "Galis", "SUB20502", "29500", "24000");
INSERT INTO `oc_city` (city_id, zone_id, name, code, jnereg, jneoke) VALUES (3272, 232, "Kadur", "SUB20503", "29500", "24000");
INSERT INTO `oc_city` (city_id, zone_id, name, code, jnereg, jneoke) VALUES (3273, 232, "Larangan", "SUB20504", "29500", "24000");
INSERT INTO `oc_city` (city_id, zone_id, name, code, jnereg, jneoke) VALUES (3274, 232, "Pademawu", "SUB20512", "29500", "24000");
INSERT INTO `oc_city` (city_id, zone_id, name, code, jnereg, jneoke) VALUES (3275, 232, "Pakong", "SUB20505", "29500", "24000");
INSERT INTO `oc_city` (city_id, zone_id, name, code, jnereg, jneoke) VALUES (3276, 232, "Palengaan", "SUB20506", "29500", "24000");
INSERT INTO `oc_city` (city_id, zone_id, name, code, jnereg, jneoke) VALUES (3277, 232, "Pamekasan", "SUB20500", "22500", "17000");
INSERT INTO `oc_city` (city_id, zone_id, name, code, jnereg, jneoke) VALUES (3278, 232, "Pasean", "SUB20507", "29500", "24000");
INSERT INTO `oc_city` (city_id, zone_id, name, code, jnereg, jneoke) VALUES (3279, 232, "Pegantenan", "SUB20508", "29500", "24000");
INSERT INTO `oc_city` (city_id, zone_id, name, code, jnereg, jneoke) VALUES (3280, 232, "Proppo", "SUB20509", "29500", "24000");
INSERT INTO `oc_city` (city_id, zone_id, name, code, jnereg, jneoke) VALUES (3281, 232, "Tlanakan", "SUB20510", "29500", "24000");
INSERT INTO `oc_city` (city_id, zone_id, name, code, jnereg, jneoke) VALUES (3282, 232, "Waru", "SUB20511", "29500", "24000");
INSERT INTO `oc_zone` (zone_id, country_id, name, status) VALUES (233, 15, "Kab. Pasuruan", 1);
INSERT INTO `oc_city` (city_id, zone_id, name, code, jnereg, jneoke) VALUES (3283, 233, "Bangil", "PDN10001", "15000", "11500");
INSERT INTO `oc_city` (city_id, zone_id, name, code, jnereg, jneoke) VALUES (3284, 233, "Beji", "PDN10002", "15000", "11500");
INSERT INTO `oc_city` (city_id, zone_id, name, code, jnereg, jneoke) VALUES (3285, 233, "Gempol", "PDN10003", "15000", "11500");
INSERT INTO `oc_city` (city_id, zone_id, name, code, jnereg, jneoke) VALUES (3286, 233, "Gondang Wetan", "PDN10004", "15000", "11500");
INSERT INTO `oc_city` (city_id, zone_id, name, code, jnereg, jneoke) VALUES (3287, 233, "Grati", "PDN10005", "15000", "11500");
INSERT INTO `oc_city` (city_id, zone_id, name, code, jnereg, jneoke) VALUES (3288, 233, "Kedawung", "PDN10025", "15000", "11500");
INSERT INTO `oc_city` (city_id, zone_id, name, code, jnereg, jneoke) VALUES (3289, 233, "Kejayan", "PDN10006", "15000", "11500");
INSERT INTO `oc_city` (city_id, zone_id, name, code, jnereg, jneoke) VALUES (3290, 233, "Kraton", "PDN10007", "15000", "11500");
INSERT INTO `oc_city` (city_id, zone_id, name, code, jnereg, jneoke) VALUES (3291, 233, "Lekok", "PDN10008", "15000", "11500");
INSERT INTO `oc_city` (city_id, zone_id, name, code, jnereg, jneoke) VALUES (3292, 233, "Lumbang", "PDN10009", "15000", "11500");
INSERT INTO `oc_city` (city_id, zone_id, name, code, jnereg, jneoke) VALUES (3293, 233, "Nguling", "PDN10010", "15000", "11500");
INSERT INTO `oc_city` (city_id, zone_id, name, code, jnereg, jneoke) VALUES (3294, 233, "Nongko Jajar", "PDN10026", "15000", "11500");
INSERT INTO `oc_city` (city_id, zone_id, name, code, jnereg, jneoke) VALUES (3295, 233, "Pandaan", "PDN10000", "15000", "11500");
INSERT INTO `oc_city` (city_id, zone_id, name, code, jnereg, jneoke) VALUES (3296, 233, "Pasrepan", "PDN10012", "15000", "11500");
INSERT INTO `oc_city` (city_id, zone_id, name, code, jnereg, jneoke) VALUES (3297, 233, "Pohjentrek", "PDN10013", "15000", "11500");
INSERT INTO `oc_city` (city_id, zone_id, name, code, jnereg, jneoke) VALUES (3298, 233, "Prigen", "PDN10014", "15000", "11500");
INSERT INTO `oc_city` (city_id, zone_id, name, code, jnereg, jneoke) VALUES (3299, 233, "Purwodadi", "PDN10015", "15000", "11500");
INSERT INTO `oc_city` (city_id, zone_id, name, code, jnereg, jneoke) VALUES (3300, 233, "Purwosari", "PDN10016", "15000", "11500");
INSERT INTO `oc_city` (city_id, zone_id, name, code, jnereg, jneoke) VALUES (3301, 233, "Puspo", "PDN10017", "15000", "11500");
INSERT INTO `oc_city` (city_id, zone_id, name, code, jnereg, jneoke) VALUES (3302, 233, "Rejoso", "PDN10018", "15000", "11500");
INSERT INTO `oc_city` (city_id, zone_id, name, code, jnereg, jneoke) VALUES (3303, 233, "Rembang", "PDN10019", "15000", "11500");
INSERT INTO `oc_city` (city_id, zone_id, name, code, jnereg, jneoke) VALUES (3304, 233, "Sukorejo", "PDN10020", "15000", "11500");
INSERT INTO `oc_city` (city_id, zone_id, name, code, jnereg, jneoke) VALUES (3305, 233, "Tosari", "PDN10021", "15000", "11500");
INSERT INTO `oc_city` (city_id, zone_id, name, code, jnereg, jneoke) VALUES (3306, 233, "Tutur", "PDN10022", "15000", "11500");
INSERT INTO `oc_city` (city_id, zone_id, name, code, jnereg, jneoke) VALUES (3307, 233, "Winongan", "PDN10023", "15000", "11500");
INSERT INTO `oc_city` (city_id, zone_id, name, code, jnereg, jneoke) VALUES (3308, 233, "Wonorejo", "PDN10024", "15000", "11500");
INSERT INTO `oc_zone` (zone_id, country_id, name, status) VALUES (234, 15, "Kab. Ponorogo", 1);
INSERT INTO `oc_city` (city_id, zone_id, name, code, jnereg, jneoke) VALUES (3309, 234, "Babadan", "MDN20401", "13000", "7200");
INSERT INTO `oc_city` (city_id, zone_id, name, code, jnereg, jneoke) VALUES (3310, 234, "Badegan", "MDN20402", "13000", "7200");
INSERT INTO `oc_city` (city_id, zone_id, name, code, jnereg, jneoke) VALUES (3311, 234, "Balong", "MDN20403", "13000", "7200");
INSERT INTO `oc_city` (city_id, zone_id, name, code, jnereg, jneoke) VALUES (3312, 234, "Bungkal", "MDN20404", "13000", "7200");
INSERT INTO `oc_city` (city_id, zone_id, name, code, jnereg, jneoke) VALUES (3313, 234, "Jambon", "MDN20419", "13000", "7200");
INSERT INTO `oc_city` (city_id, zone_id, name, code, jnereg, jneoke) VALUES (3314, 234, "Jenangan", "MDN20405", "13000", "7200");
INSERT INTO `oc_city` (city_id, zone_id, name, code, jnereg, jneoke) VALUES (3315, 234, "Jetis", "MDN20406", "13000", "7200");
INSERT INTO `oc_city` (city_id, zone_id, name, code, jnereg, jneoke) VALUES (3316, 234, "Kauman", "MDN20407", "13000", "7200");
INSERT INTO `oc_city` (city_id, zone_id, name, code, jnereg, jneoke) VALUES (3317, 234, "Mlarak", "MDN20408", "13000", "7200");
INSERT INTO `oc_city` (city_id, zone_id, name, code, jnereg, jneoke) VALUES (3318, 234, "Ngebel", "MDN20409", "13000", "7200");
INSERT INTO `oc_city` (city_id, zone_id, name, code, jnereg, jneoke) VALUES (3319, 234, "Ngrayun", "MDN20410", "13000", "7200");
INSERT INTO `oc_city` (city_id, zone_id, name, code, jnereg, jneoke) VALUES (3320, 234, "Ponorogo", "MDN20400", "8000", "6000");
INSERT INTO `oc_city` (city_id, zone_id, name, code, jnereg, jneoke) VALUES (3321, 234, "Pudak", "MDN20420", "13000", "7200");
INSERT INTO `oc_city` (city_id, zone_id, name, code, jnereg, jneoke) VALUES (3322, 234, "Pulung", "MDN20411", "13000", "7200");
INSERT INTO `oc_city` (city_id, zone_id, name, code, jnereg, jneoke) VALUES (3323, 234, "Sambit", "MDN20412", "13000", "7200");
INSERT INTO `oc_city` (city_id, zone_id, name, code, jnereg, jneoke) VALUES (3324, 234, "Sampung", "MDN20413", "13000", "7200");
INSERT INTO `oc_city` (city_id, zone_id, name, code, jnereg, jneoke) VALUES (3325, 234, "Sawoo", "MDN20414", "13000", "7200");
INSERT INTO `oc_city` (city_id, zone_id, name, code, jnereg, jneoke) VALUES (3326, 234, "Siman", "MDN20415", "13000", "7200");
INSERT INTO `oc_city` (city_id, zone_id, name, code, jnereg, jneoke) VALUES (3327, 234, "Slahung", "MDN20416", "13000", "7200");
INSERT INTO `oc_city` (city_id, zone_id, name, code, jnereg, jneoke) VALUES (3328, 234, "Sooko", "MDN20417", "13000", "7200");
INSERT INTO `oc_city` (city_id, zone_id, name, code, jnereg, jneoke) VALUES (3329, 234, "Sukorejo", "MDN20418", "13000", "7200");
INSERT INTO `oc_zone` (zone_id, country_id, name, status) VALUES (235, 15, "Kab. Probolinggo", 1);
INSERT INTO `oc_city` (city_id, zone_id, name, code, jnereg, jneoke) VALUES (3330, 235, "Bantaran", "PBL10002", "21000", "13500");
INSERT INTO `oc_city` (city_id, zone_id, name, code, jnereg, jneoke) VALUES (3331, 235, "Banyuanyar", "PBL10001", "21000", "13500");
INSERT INTO `oc_city` (city_id, zone_id, name, code, jnereg, jneoke) VALUES (3332, 235, "Besuk", "PBL10003", "21000", "13500");
INSERT INTO `oc_city` (city_id, zone_id, name, code, jnereg, jneoke) VALUES (3333, 235, "Dringu", "PBL10004", "21000", "13500");
INSERT INTO `oc_city` (city_id, zone_id, name, code, jnereg, jneoke) VALUES (3334, 235, "Gading", "PBL10027", "21000", "13500");
INSERT INTO `oc_city` (city_id, zone_id, name, code, jnereg, jneoke) VALUES (3335, 235, "Gending", "PBL10005", "21000", "13500");
INSERT INTO `oc_city` (city_id, zone_id, name, code, jnereg, jneoke) VALUES (3336, 235, "Kotaanyar", "PBL10006", "21000", "13500");
INSERT INTO `oc_city` (city_id, zone_id, name, code, jnereg, jneoke) VALUES (3337, 235, "Kraksaan", "PBL10007", "21000", "13500");
INSERT INTO `oc_city` (city_id, zone_id, name, code, jnereg, jneoke) VALUES (3338, 235, "Krejengan", "PBL10008", "21000", "13500");
INSERT INTO `oc_city` (city_id, zone_id, name, code, jnereg, jneoke) VALUES (3339, 235, "Krucil", "PBL10009", "21000", "13500");
INSERT INTO `oc_city` (city_id, zone_id, name, code, jnereg, jneoke) VALUES (3340, 235, "Kuripan", "PBL10010", "21000", "13500");
INSERT INTO `oc_city` (city_id, zone_id, name, code, jnereg, jneoke) VALUES (3341, 235, "Leces", "PBL10011", "21000", "13500");
INSERT INTO `oc_city` (city_id, zone_id, name, code, jnereg, jneoke) VALUES (3342, 235, "Lumbang", "PBL10012", "21000", "13500");
INSERT INTO `oc_city` (city_id, zone_id, name, code, jnereg, jneoke) VALUES (3343, 235, "Maron", "PBL10013", "21000", "13500");
INSERT INTO `oc_city` (city_id, zone_id, name, code, jnereg, jneoke) VALUES (3344, 235, "Paiton", "PBL10014", "15000", "11500");
INSERT INTO `oc_city` (city_id, zone_id, name, code, jnereg, jneoke) VALUES (3345, 235, "Pajarakan", "PBL10015", "21000", "13500");
INSERT INTO `oc_city` (city_id, zone_id, name, code, jnereg, jneoke) VALUES (3346, 235, "Pakuniran", "PBL10016", "21000", "13500");
INSERT INTO `oc_city` (city_id, zone_id, name, code, jnereg, jneoke) VALUES (3347, 235, "Probolinggo", "PBL10000", "12000", "13500");
INSERT INTO `oc_city` (city_id, zone_id, name, code, jnereg, jneoke) VALUES (3348, 235, "Sukapura", "PBL10017", "21000", "13500");
INSERT INTO `oc_city` (city_id, zone_id, name, code, jnereg, jneoke) VALUES (3349, 235, "Sumber", "PBL10018", "21000", "13500");
INSERT INTO `oc_city` (city_id, zone_id, name, code, jnereg, jneoke) VALUES (3350, 235, "Sumberasih", "PBL10019", "21000", "13500");
INSERT INTO `oc_city` (city_id, zone_id, name, code, jnereg, jneoke) VALUES (3351, 235, "Tegalsiwalan", "PBL10020", "21000", "13500");
INSERT INTO `oc_city` (city_id, zone_id, name, code, jnereg, jneoke) VALUES (3352, 235, "Tiris", "PBL10021", "21000", "13500");
INSERT INTO `oc_city` (city_id, zone_id, name, code, jnereg, jneoke) VALUES (3353, 235, "Tongas", "PBL10022", "21000", "13500");
INSERT INTO `oc_city` (city_id, zone_id, name, code, jnereg, jneoke) VALUES (3354, 235, "Wonomerto", "PBL10024", "21000", "13500");
INSERT INTO `oc_zone` (zone_id, country_id, name, status) VALUES (236, 15, "Kab. Sampang", 1);
INSERT INTO `oc_city` (city_id, zone_id, name, code, jnereg, jneoke) VALUES (3355, 236, "Banyuates", "SUB20601", "31500", "26000");
INSERT INTO `oc_city` (city_id, zone_id, name, code, jnereg, jneoke) VALUES (3356, 236, "Camplong", "SUB20602", "31500", "26000");
INSERT INTO `oc_city` (city_id, zone_id, name, code, jnereg, jneoke) VALUES (3357, 236, "Jrengik", "SUB20603", "31500", "26000");
INSERT INTO `oc_city` (city_id, zone_id, name, code, jnereg, jneoke) VALUES (3358, 236, "Kedungdung", "SUB20604", "31500", "26000");
INSERT INTO `oc_city` (city_id, zone_id, name, code, jnereg, jneoke) VALUES (3359, 236, "Ketapang", "SUB20605", "31500", "26000");
INSERT INTO `oc_city` (city_id, zone_id, name, code, jnereg, jneoke) VALUES (3360, 236, "Omben", "SUB20606", "31500", "26000");
INSERT INTO `oc_city` (city_id, zone_id, name, code, jnereg, jneoke) VALUES (3361, 236, "Robatal", "SUB20607", "31500", "26000");
INSERT INTO `oc_city` (city_id, zone_id, name, code, jnereg, jneoke) VALUES (3362, 236, "Sampang", "SUB20600", "22500", "17000");
INSERT INTO `oc_city` (city_id, zone_id, name, code, jnereg, jneoke) VALUES (3363, 236, "Sokobanah", "SUB20608", "31500", "26000");
INSERT INTO `oc_city` (city_id, zone_id, name, code, jnereg, jneoke) VALUES (3364, 236, "Sreseh", "SUB20609", "31500", "26000");
INSERT INTO `oc_city` (city_id, zone_id, name, code, jnereg, jneoke) VALUES (3365, 236, "Tambelangan", "SUB20610", "31500", "26000");
INSERT INTO `oc_city` (city_id, zone_id, name, code, jnereg, jneoke) VALUES (3366, 236, "Torjun", "SUB20611", "31500", "26000");
INSERT INTO `oc_zone` (zone_id, country_id, name, status) VALUES (237, 15, "Kab. Sidoarjo", 1);
INSERT INTO `oc_city` (city_id, zone_id, name, code, jnereg, jneoke) VALUES (3367, 237, "Balongbendo", "MJK10020", "11500", "9000");
INSERT INTO `oc_city` (city_id, zone_id, name, code, jnereg, jneoke) VALUES (3368, 237, "Buduran", "SUB20702", "11500", "9000");
INSERT INTO `oc_city` (city_id, zone_id, name, code, jnereg, jneoke) VALUES (3369, 237, "Candi", "SUB20703", "11500", "9000");
INSERT INTO `oc_city` (city_id, zone_id, name, code, jnereg, jneoke) VALUES (3370, 237, "Gedangan", "SUB20704", "11500", "9000");
INSERT INTO `oc_city` (city_id, zone_id, name, code, jnereg, jneoke) VALUES (3371, 237, "Jabon", "SUB20705", "11500", "9000");
INSERT INTO `oc_city` (city_id, zone_id, name, code, jnereg, jneoke) VALUES (3372, 237, "Krembung", "SUB20706", "11500", "9000");
INSERT INTO `oc_city` (city_id, zone_id, name, code) VALUES (3373, 237, "Krian", "SUB20719");
INSERT INTO `oc_city` (city_id, zone_id, name, code, jnereg, jneoke) VALUES (3374, 237, "Porong", "SUB20708", "11500", "9000");
INSERT INTO `oc_city` (city_id, zone_id, name, code, jnereg, jneoke) VALUES (3375, 237, "Prambon", "MJK10026", "11500", "9000");
INSERT INTO `oc_city` (city_id, zone_id, name, code, jnereg, jneoke) VALUES (3376, 237, "Sedati", "SUB20710", "11500", "9000");
INSERT INTO `oc_city` (city_id, zone_id, name, code, jnereg, jneoke, jneyes) VALUES (3377, 237, "Sidoarjo", "SUB20700", "8000", "6000", "14000");
INSERT INTO `oc_city` (city_id, zone_id, name, code, jnereg, jneoke) VALUES (3378, 237, "Sukodono", "SUB20711", "11500", "9000");
INSERT INTO `oc_city` (city_id, zone_id, name, code) VALUES (3379, 237, "Taman", "SUB20720");
INSERT INTO `oc_city` (city_id, zone_id, name, code, jnereg, jneoke) VALUES (3380, 237, "Tanggulangin", "SUB20713", "11500", "9000");
INSERT INTO `oc_city` (city_id, zone_id, name, code, jnereg, jneoke) VALUES (3381, 237, "Tarik", "MJK10025", "11500", "9000");
INSERT INTO `oc_city` (city_id, zone_id, name, code, jnereg, jneoke) VALUES (3382, 237, "Tulangan", "SUB20715", "11500", "9000");
INSERT INTO `oc_city` (city_id, zone_id, name, code, jnereg, jneoke) VALUES (3383, 237, "Waru", "SUB20716", "11500", "9000");
INSERT INTO `oc_city` (city_id, zone_id, name, code, jnereg, jneoke) VALUES (3384, 237, "Wonoayu", "SUB20717", "11500", "9000");
INSERT INTO `oc_zone` (zone_id, country_id, name, status) VALUES (238, 15, "Kab Situbondo", 1);
INSERT INTO `oc_city` (city_id, zone_id, name, code, jnereg, jneoke) VALUES (3385, 238, "Arjasa", "PBL20201", "21000", "17500");
INSERT INTO `oc_city` (city_id, zone_id, name, code, jnereg, jneoke) VALUES (3386, 238, "Asembagus", "PBL20202", "21000", "17500");
INSERT INTO `oc_city` (city_id, zone_id, name, code, jnereg, jneoke) VALUES (3387, 238, "Banyugluglur", "PBL20204", "21000", "17500");
INSERT INTO `oc_city` (city_id, zone_id, name, code, jnereg, jneoke) VALUES (3388, 238, "Banyuputih", "PBL20203", "21000", "17500");
INSERT INTO `oc_city` (city_id, zone_id, name, code, jnereg, jneoke) VALUES (3389, 238, "Besuki", "PBL20205", "21000", "17500");
INSERT INTO `oc_city` (city_id, zone_id, name, code, jnereg, jneoke) VALUES (3390, 238, "Bungatan", "PBL20206", "21000", "17500");
INSERT INTO `oc_city` (city_id, zone_id, name, code, jnereg, jneoke) VALUES (3391, 238, "Jangkar", "PBL20207", "21000", "17500");
INSERT INTO `oc_city` (city_id, zone_id, name, code, jnereg, jneoke) VALUES (3392, 238, "Jatibanteng", "PBL20208", "21000", "17500");
INSERT INTO `oc_city` (city_id, zone_id, name, code, jnereg, jneoke) VALUES (3393, 238, "Kapongan", "PBL20209", "21000", "17500");
INSERT INTO `oc_city` (city_id, zone_id, name, code, jnereg, jneoke) VALUES (3394, 238, "Kendit", "PBL20210", "21000", "17500");
INSERT INTO `oc_city` (city_id, zone_id, name, code, jnereg, jneoke) VALUES (3395, 238, "Mangaran", "PBL20211", "21000", "17500");
INSERT INTO `oc_city` (city_id, zone_id, name, code, jnereg, jneoke) VALUES (3396, 238, "Mlandingan", "PBL20212", "21000", "17500");
INSERT INTO `oc_city` (city_id, zone_id, name, code, jnereg, jneoke) VALUES (3397, 238, "Panarukan", "PBL20213", "21000", "17500");
INSERT INTO `oc_city` (city_id, zone_id, name, code, jnereg, jneoke) VALUES (3398, 238, "Panji", "PBL20216", "21000", "17500");
INSERT INTO `oc_city` (city_id, zone_id, name, code, jnereg, jneoke) VALUES (3399, 238, "Situbondo", "PBL20200", "15000", "11500");
INSERT INTO `oc_city` (city_id, zone_id, name, code, jnereg, jneoke) VALUES (3400, 238, "Suboh", "PBL20214", "21000", "17500");
INSERT INTO `oc_city` (city_id, zone_id, name, code, jnereg, jneoke) VALUES (3401, 238, "Sumber Malang", "PBL20215", "21000", "17500");
INSERT INTO `oc_zone` (zone_id, country_id, name, status) VALUES (239, 15, "Kab. Sumenep", 1);
INSERT INTO `oc_city` (city_id, zone_id, name, code, jnereg, jneoke) VALUES (3402, 239, "Ambunten", "SUB20801", "30000", "24500");
INSERT INTO `oc_city` (city_id, zone_id, name, code, jnereg, jneoke) VALUES (3403, 239, "Arjasa", "SUB20802", "30000", "24500");
INSERT INTO `oc_city` (city_id, zone_id, name, code, jnereg, jneoke) VALUES (3404, 239, "Batang Batang", "SUB20803", "30000", "24500");
INSERT INTO `oc_city` (city_id, zone_id, name, code, jnereg, jneoke) VALUES (3405, 239, "Batuan", "SUB20825", "30000", "24500");
INSERT INTO `oc_city` (city_id, zone_id, name, code, jnereg, jneoke) VALUES (3406, 239, "Batuputih", "SUB20804", "30000", "24500");
INSERT INTO `oc_city` (city_id, zone_id, name, code, jnereg, jneoke) VALUES (3407, 239, "Bluto", "SUB20805", "30000", "24500");
INSERT INTO `oc_city` (city_id, zone_id, name, code, jnereg, jneoke) VALUES (3408, 239, "Dasuk", "SUB20806", "30000", "24500");
INSERT INTO `oc_city` (city_id, zone_id, name, code, jnereg, jneoke) VALUES (3409, 239, "Dungkek", "SUB20807", "30000", "24500");
INSERT INTO `oc_city` (city_id, zone_id, name, code, jnereg, jneoke) VALUES (3410, 239, "Ganding", "SUB20808", "30000", "24500");
INSERT INTO `oc_city` (city_id, zone_id, name, code, jnereg, jneoke) VALUES (3411, 239, "Gapura", "SUB20809", "30000", "24500");
INSERT INTO `oc_city` (city_id, zone_id, name, code, jnereg, jneoke) VALUES (3412, 239, "Gayam", "SUB20810", "30000", "24500");
INSERT INTO `oc_city` (city_id, zone_id, name, code, jnereg, jneoke) VALUES (3413, 239, "Giligenteng", "SUB20811", "30000", "24500");
INSERT INTO `oc_city` (city_id, zone_id, name, code, jnereg, jneoke) VALUES (3414, 239, "Guluk-Guluk", "SUB20812", "30000", "24500");
INSERT INTO `oc_city` (city_id, zone_id, name, code, jnereg, jneoke) VALUES (3415, 239, "Kalianget", "SUB20813", "30000", "24500");
INSERT INTO `oc_city` (city_id, zone_id, name, code, jnereg, jneoke) VALUES (3416, 239, "Kangean", "SUB20826", "30000", "24500");
INSERT INTO `oc_city` (city_id, zone_id, name, code, jnereg, jneoke) VALUES (3417, 239, "Sumenep", "SUB20800", "22500", "17000");
INSERT INTO `oc_city` (city_id, zone_id, name, code, jnereg, jneoke) VALUES (3418, 239, "Lenteng", "SUB20814", "30000", "24500");
INSERT INTO `oc_city` (city_id, zone_id, name, code, jnereg, jneoke) VALUES (3419, 239, "Manding", "SUB20815", "30000", "24500");
INSERT INTO `oc_city` (city_id, zone_id, name, code, jnereg, jneoke) VALUES (3420, 239, "Masalembu", "SUB20816", "30000", "24500");
INSERT INTO `oc_city` (city_id, zone_id, name, code, jnereg, jneoke) VALUES (3421, 239, "Nonggunong", "SUB20817", "30000", "24500");
INSERT INTO `oc_city` (city_id, zone_id, name, code, jnereg, jneoke) VALUES (3422, 239, "Pasongsongan", "SUB20818", "30000", "24500");
INSERT INTO `oc_city` (city_id, zone_id, name, code, jnereg, jneoke) VALUES (3423, 239, "Pragaan", "SUB20819", "30000", "24500");
INSERT INTO `oc_city` (city_id, zone_id, name, code, jnereg, jneoke) VALUES (3424, 239, "Raas", "SUB20820", "30000", "24500");
INSERT INTO `oc_city` (city_id, zone_id, name, code, jnereg, jneoke) VALUES (3425, 239, "Rubaru", "SUB20821", "30000", "24500");
INSERT INTO `oc_city` (city_id, zone_id, name, code, jnereg, jneoke) VALUES (3426, 239, "Sapeken", "SUB20822", "30000", "24500");
INSERT INTO `oc_city` (city_id, zone_id, name, code, jnereg, jneoke) VALUES (3427, 239, "Saronggi", "SUB20823", "30000", "24500");
INSERT INTO `oc_city` (city_id, zone_id, name, code, jnereg, jneoke) VALUES (3428, 239, "Talango", "SUB20824", "30000", "24500");
INSERT INTO `oc_zone` (zone_id, country_id, name, status) VALUES (240, 15, "Kab. Trenggalek", 1);
INSERT INTO `oc_city` (city_id, zone_id, name, code, jnereg, jneoke) VALUES (3429, 240, "Bendungan", "SUB22001", "17500", "14500");
INSERT INTO `oc_city` (city_id, zone_id, name, code, jnereg, jneoke) VALUES (3430, 240, "Dongko", "SUB22002", "17500", "14500");
INSERT INTO `oc_city` (city_id, zone_id, name, code, jnereg, jneoke) VALUES (3431, 240, "Durenan", "SUB22003", "17500", "14500");
INSERT INTO `oc_city` (city_id, zone_id, name, code, jnereg, jneoke) VALUES (3432, 240, "Gandusari", "SUB22004", "17500", "14500");
INSERT INTO `oc_city` (city_id, zone_id, name, code, jnereg, jneoke) VALUES (3433, 240, "Kampak", "SUB22005", "17500", "14500");
INSERT INTO `oc_city` (city_id, zone_id, name, code, jnereg, jneoke) VALUES (3434, 240, "Karangan", "SUB22006", "17500", "14500");
INSERT INTO `oc_city` (city_id, zone_id, name, code, jnereg, jneoke) VALUES (3435, 240, "Munjungan", "SUB22007", "17500", "14500");
INSERT INTO `oc_city` (city_id, zone_id, name, code, jnereg, jneoke) VALUES (3436, 240, "Panggul", "SUB22008", "17500", "14500");
INSERT INTO `oc_city` (city_id, zone_id, name, code, jnereg, jneoke) VALUES (3437, 240, "Pogalan", "SUB22009", "17500", "14500");
INSERT INTO `oc_city` (city_id, zone_id, name, code, jnereg, jneoke) VALUES (3438, 240, "Pule", "SUB22010", "17500", "14500");
INSERT INTO `oc_city` (city_id, zone_id, name, code, jnereg, jneoke) VALUES (3439, 240, "Suruh", "SUB22013", "17500", "14500");
INSERT INTO `oc_city` (city_id, zone_id, name, code, jnereg, jneoke) VALUES (3440, 240, "Trenggalek", "SUB22000", "12000", "9000");
INSERT INTO `oc_city` (city_id, zone_id, name, code, jnereg, jneoke) VALUES (3441, 240, "Tugu", "SUB22011", "17500", "14500");
INSERT INTO `oc_city` (city_id, zone_id, name, code, jnereg, jneoke) VALUES (3442, 240, "Watulimo", "SUB22012", "17500", "14500");
INSERT INTO `oc_zone` (zone_id, country_id, name, status) VALUES (241, 15, "Kab. Tuban", 1);
INSERT INTO `oc_city` (city_id, zone_id, name, code, jnereg, jneoke) VALUES (3443, 241, "Bancar", "SUB20901", "16500", "13500");
INSERT INTO `oc_city` (city_id, zone_id, name, code, jnereg, jneoke) VALUES (3444, 241, "Bangilan", "SUB20902", "16500", "13500");
INSERT INTO `oc_city` (city_id, zone_id, name, code, jnereg, jneoke) VALUES (3445, 241, "Grabagan", "SUB20919", "16500", "13500");
INSERT INTO `oc_city` (city_id, zone_id, name, code, jnereg, jneoke) VALUES (3446, 241, "Jatirogo", "SUB20903", "16500", "13500");
INSERT INTO `oc_city` (city_id, zone_id, name, code, jnereg, jneoke) VALUES (3447, 241, "Jenu", "SUB20904", "16500", "13500");
INSERT INTO `oc_city` (city_id, zone_id, name, code, jnereg, jneoke) VALUES (3448, 241, "Kenduruan", "SUB20905", "16500", "13500");
INSERT INTO `oc_city` (city_id, zone_id, name, code, jnereg, jneoke) VALUES (3449, 241, "Kerek", "SUB20906", "16500", "13500");
INSERT INTO `oc_city` (city_id, zone_id, name, code, jnereg, jneoke) VALUES (3450, 241, "Merakurak", "SUB20907", "16500", "13500");
INSERT INTO `oc_city` (city_id, zone_id, name, code, jnereg, jneoke) VALUES (3451, 241, "Montong", "SUB20908", "16500", "13500");
INSERT INTO `oc_city` (city_id, zone_id, name, code, jnereg, jneoke) VALUES (3452, 241, "Palang", "SUB20909", "16500", "13500");
INSERT INTO `oc_city` (city_id, zone_id, name, code, jnereg, jneoke) VALUES (3453, 241, "Parengan", "SUB20910", "16500", "13500");
INSERT INTO `oc_city` (city_id, zone_id, name, code, jnereg, jneoke) VALUES (3454, 241, "Plumbang", "SUB20911", "16500", "13500");
INSERT INTO `oc_city` (city_id, zone_id, name, code, jnereg, jneoke) VALUES (3455, 241, "Rengel", "SUB20912", "16500", "13500");
INSERT INTO `oc_city` (city_id, zone_id, name, code, jnereg, jneoke) VALUES (3456, 241, "Semanding", "SUB20913", "16500", "13500");
INSERT INTO `oc_city` (city_id, zone_id, name, code, jnereg, jneoke) VALUES (3457, 241, "Senori", "SUB20914", "16500", "13500");
INSERT INTO `oc_city` (city_id, zone_id, name, code, jnereg, jneoke) VALUES (3458, 241, "Singgahan", "SUB20915", "16500", "13500");
INSERT INTO `oc_city` (city_id, zone_id, name, code, jnereg, jneoke) VALUES (3459, 241, "Soko", "SUB20916", "16500", "13500");
INSERT INTO `oc_city` (city_id, zone_id, name, code, jnereg, jneoke) VALUES (3460, 241, "Tambakboyo", "SUB20917", "16500", "13500");
INSERT INTO `oc_city` (city_id, zone_id, name, code, jnereg, jneoke) VALUES (3461, 241, "Tuban", "SUB20900", "12000", "9000");
INSERT INTO `oc_city` (city_id, zone_id, name, code, jnereg, jneoke) VALUES (3462, 241, "Widang", "SUB20918", "16500", "13500");
INSERT INTO `oc_zone` (zone_id, country_id, name, status) VALUES (242, 15, "Kab. Tulungagung", 1);
INSERT INTO `oc_city` (city_id, zone_id, name, code, jnereg, jneoke) VALUES (3463, 242, "Bandung", "SUB21001", "18000", "14500");
INSERT INTO `oc_city` (city_id, zone_id, name, code, jnereg, jneoke) VALUES (3464, 242, "Besuki", "SUB21002", "18000", "14500");
INSERT INTO `oc_city` (city_id, zone_id, name, code, jnereg, jneoke) VALUES (3465, 242, "Boyolangu", "SUB21017", "18000", "14500");
INSERT INTO `oc_city` (city_id, zone_id, name, code, jnereg, jneoke) VALUES (3466, 242, "Campurdarat", "SUB21003", "18000", "14500");
INSERT INTO `oc_city` (city_id, zone_id, name, code, jnereg, jneoke) VALUES (3467, 242, "Gondang", "SUB21004", "18000", "14500");
INSERT INTO `oc_city` (city_id, zone_id, name, code, jnereg, jneoke) VALUES (3468, 242, "Kedungwaru", "SUB21019", "18000", "14500");
INSERT INTO `oc_city` (city_id, zone_id, name, code, jnereg, jneoke) VALUES (3469, 242, "Kalidawir", "SUB21005", "18000", "14500");
INSERT INTO `oc_city` (city_id, zone_id, name, code, jnereg, jneoke) VALUES (3470, 242, "Karangrejo", "SUB21006", "18000", "14500");
INSERT INTO `oc_city` (city_id, zone_id, name, code) VALUES (3471, 242, "Kauman", "SUB21018");
INSERT INTO `oc_city` (city_id, zone_id, name, code, jnereg, jneoke) VALUES (3472, 242, "Ngantru", "SUB21008", "18000", "14500");
INSERT INTO `oc_city` (city_id, zone_id, name, code, jnereg, jneoke) VALUES (3473, 242, "Ngunut", "SUB21009", "18000", "14500");
INSERT INTO `oc_city` (city_id, zone_id, name, code, jnereg, jneoke) VALUES (3474, 242, "Pagerwojo", "SUB21010", "18000", "14500");
INSERT INTO `oc_city` (city_id, zone_id, name, code, jnereg, jneoke) VALUES (3475, 242, "Pakel", "SUB21011", "18000", "14500");
INSERT INTO `oc_city` (city_id, zone_id, name, code, jnereg, jneoke) VALUES (3476, 242, "Pucanglaban", "SUB21012", "18000", "14500");
INSERT INTO `oc_city` (city_id, zone_id, name, code, jnereg, jneoke) VALUES (3477, 242, "Rejotangan", "SUB21013", "18000", "14500");
INSERT INTO `oc_city` (city_id, zone_id, name, code, jnereg, jneoke) VALUES (3478, 242, "Sendang", "SUB21014", "18000", "14500");
INSERT INTO `oc_city` (city_id, zone_id, name, code, jnereg, jneoke) VALUES (3479, 242, "Sumbergempol", "SUB21015", "18000", "14500");
INSERT INTO `oc_city` (city_id, zone_id, name, code, jnereg, jneoke) VALUES (3480, 242, "Tanggung Gunung", "SUB21016", "18000", "14500");
INSERT INTO `oc_city` (city_id, zone_id, name, code, jnereg, jneoke) VALUES (3481, 242, "Tulungagung", "SUB21000", "12000", "9000");
INSERT INTO `oc_zone` (zone_id, country_id, name, status) VALUES (243, 15, "Kota Batu", 1);
INSERT INTO `oc_city` (city_id, zone_id, name, code, jnereg, jneoke) VALUES (3482, 243, "Batu", "MXG20200", "15000", "11500");
INSERT INTO `oc_city` (city_id, zone_id, name, code, jnereg, jneoke) VALUES (3483, 243, "Bumiaji", "MXG20204", "15000", "11500");
INSERT INTO `oc_city` (city_id, zone_id, name, code, jnereg, jneoke) VALUES (3484, 243, "Junrejo", "MXG20205", "15000", "11500");
INSERT INTO `oc_zone` (zone_id, country_id, name, status) VALUES (244, 15, "Kota Blitar", 1);
INSERT INTO `oc_city` (city_id, zone_id, name, code, jnereg, jneoke) VALUES (3485, 244, "Kepanjenkidul", "MXG20123", "17500", "13500");
INSERT INTO `oc_city` (city_id, zone_id, name, code, jnereg, jneoke) VALUES (3486, 244, "Sananwetan", "MXG20124", "17500", "13500");
INSERT INTO `oc_city` (city_id, zone_id, name, code, jnereg, jneoke) VALUES (3487, 244, "Sukorejo", "MXG20125", "17500", "13500");
INSERT INTO `oc_zone` (zone_id, country_id, name, status) VALUES (245, 15, "Kota Kediri", 1);
INSERT INTO `oc_city` (city_id, zone_id, name, code, jnereg, jneoke) VALUES (3488, 245, "Kediri", "KDR10000", "13000", "10000");
INSERT INTO `oc_city` (city_id, zone_id, name, code, jnereg, jneoke) VALUES (3489, 245, "Mojoroto", "KDR10025", "13000", "10000");
INSERT INTO `oc_city` (city_id, zone_id, name, code, jnereg, jneoke) VALUES (3490, 245, "Pesantren", "KDR10026", "13000", "10000");
INSERT INTO `oc_zone` (zone_id, country_id, name, status) VALUES (246, 15, "Kota Madiun", 1);
INSERT INTO `oc_city` (city_id, zone_id, name, code, jnereg, jneoke) VALUES (3491, 246, "Kartoharjo", "MDN10016", "6000", "4500");
INSERT INTO `oc_city` (city_id, zone_id, name, code, jnereg, jneoke) VALUES (3492, 246, "Madiun", "MDN10000", "6000", "4500");
INSERT INTO `oc_city` (city_id, zone_id, name, code, jnereg, jneoke) VALUES (3493, 246, "Manguharjo", "MDN10017", "6000", "4500");
INSERT INTO `oc_city` (city_id, zone_id, name, code, jnereg, jneoke) VALUES (3494, 246, "Taman", "MDN10018", "6000", "4500");
INSERT INTO `oc_zone` (zone_id, country_id, name, status) VALUES (247, 15, "Kota Malang", 1);
INSERT INTO `oc_city` (city_id, zone_id, name, code, jnereg, jneoke) VALUES (3495, 247, "Blimbing", "MXG10035", "10000", "7500");
INSERT INTO `oc_city` (city_id, zone_id, name, code, jnereg, jneoke) VALUES (3496, 247, "Kedungkandang", "MXG10036", "10000", "7500");
INSERT INTO `oc_city` (city_id, zone_id, name, code, jnereg, jneoke) VALUES (3497, 247, "Klojen", "MXG10037", "10000", "7500");
INSERT INTO `oc_city` (city_id, zone_id, name, code, jnereg, jneoke) VALUES (3498, 247, "Lowokwaru", "MXG10038", "10000", "7500");
INSERT INTO `oc_city` (city_id, zone_id, name, code, jnereg, jneoke, jneyes) VALUES (3499, 247, "Malang", "MXG10000", "10000", "7500", "15000");
INSERT INTO `oc_city` (city_id, zone_id, name, code, jnereg, jneoke) VALUES (3500, 247, "Sukun", "MXG10039", "10000", "7500");
INSERT INTO `oc_zone` (zone_id, country_id, name, status) VALUES (248, 15, "Kota Mojokerto", 1);
INSERT INTO `oc_city` (city_id, zone_id, name, code, jnereg, jneoke) VALUES (3501, 248, "Magersari", "MJK10022", "10000", "7500");
INSERT INTO `oc_city` (city_id, zone_id, name, code, jnereg, jneoke) VALUES (3502, 248, "Parajurit Kulon", "MJK10023", "10000", "7500");
INSERT INTO `oc_zone` (zone_id, country_id, name, status) VALUES (249, 15, "Kota Pasuruan", 1);
INSERT INTO `oc_city` (city_id, zone_id, name, code, jnereg, jneoke) VALUES (3503, 249, "Bugulkidul", "PDN20101", "12000", "13500");
INSERT INTO `oc_city` (city_id, zone_id, name, code, jnereg, jneoke) VALUES (3504, 249, "Gadingrejo", "PDN20102", "12000", "13500");
INSERT INTO `oc_city` (city_id, zone_id, name, code, jnereg, jneoke) VALUES (3505, 249, "Pasuruan", "PDN20100", "12000", "9000");
INSERT INTO `oc_city` (city_id, zone_id, name, code, jnereg, jneoke) VALUES (3506, 249, "Purworejo", "PDN20103", "12000", "13500");
INSERT INTO `oc_zone` (zone_id, country_id, name, status) VALUES (250, 15, "Kota Probolinggo", 1);
INSERT INTO `oc_city` (city_id, zone_id, name, code, jnereg, jneoke) VALUES (3507, 250, "Dupok", "PBL10029", "12000", "13500");
INSERT INTO `oc_city` (city_id, zone_id, name, code, jnereg, jneoke) VALUES (3508, 250, "Kademangan", "PBL10025", "12000", "13500");
INSERT INTO `oc_city` (city_id, zone_id, name, code) VALUES (3509, 250, "Kanigaran", "PBL10030");
INSERT INTO `oc_city` (city_id, zone_id, name, code, jnereg, jneoke) VALUES (3510, 250, "Mayangan", "PBL10026", "12000", "13500");
INSERT INTO `oc_city` (city_id, zone_id, name, code, jnereg, jneoke) VALUES (3511, 250, "Wonoasih", "PBL10028", "12000", "13500");
INSERT INTO `oc_zone` (zone_id, country_id, name, status) VALUES (251, 15, "Kota Surabaya", 1);
INSERT INTO `oc_city` (city_id, zone_id, name, code, jnereg, jneoke) VALUES (3512, 251, "Asemrowo", "SUB10001", "7000", "5000");
INSERT INTO `oc_city` (city_id, zone_id, name, code, jnereg, jneoke) VALUES (3513, 251, "Benowo", "SUB10002", "7000", "5000");
INSERT INTO `oc_city` (city_id, zone_id, name, code, jnereg, jneoke) VALUES (3514, 251, "Bubutan", "SUB10003", "7000", "5000");
INSERT INTO `oc_city` (city_id, zone_id, name, code, jnereg, jneoke) VALUES (3515, 251, "Bulak", "SUB10004", "7000", "5000");
INSERT INTO `oc_city` (city_id, zone_id, name, code, jnereg, jneoke) VALUES (3516, 251, "Dukuh Pakis", "SUB10005", "7000", "5000");
INSERT INTO `oc_city` (city_id, zone_id, name, code, jnereg, jneoke) VALUES (3517, 251, "Gayungan", "SUB10006", "7000", "5000");
INSERT INTO `oc_city` (city_id, zone_id, name, code, jnereg, jneoke) VALUES (3518, 251, "Genteng", "SUB10007", "7000", "5000");
INSERT INTO `oc_city` (city_id, zone_id, name, code, jnereg, jneoke) VALUES (3519, 251, "Gubeng", "SUB10008", "7000", "5000");
INSERT INTO `oc_city` (city_id, zone_id, name, code, jnereg, jneoke) VALUES (3520, 251, "Gununganyar", "SUB10009", "7000", "5000");
INSERT INTO `oc_city` (city_id, zone_id, name, code, jnereg, jneoke) VALUES (3521, 251, "Jambangan", "SUB10010", "7000", "5000");
INSERT INTO `oc_city` (city_id, zone_id, name, code, jnereg, jneoke) VALUES (3522, 251, "Karangpilang", "SUB10011", "7000", "5000");
INSERT INTO `oc_city` (city_id, zone_id, name, code, jnereg, jneoke) VALUES (3523, 251, "Kenjeran", "SUB10012", "7000", "5000");
INSERT INTO `oc_city` (city_id, zone_id, name, code, jnereg, jneoke) VALUES (3524, 251, "Krembangan", "SUB10013", "7000", "5000");
INSERT INTO `oc_city` (city_id, zone_id, name, code, jnereg, jneoke) VALUES (3525, 251, "Lakarsantri", "SUB10014", "7000", "5000");
INSERT INTO `oc_city` (city_id, zone_id, name, code, jnereg, jneoke) VALUES (3526, 251, "Mulyorejo", "SUB10015", "7000", "5000");
INSERT INTO `oc_city` (city_id, zone_id, name, code, jnereg, jneoke) VALUES (3527, 251, "Pabean Cantikan", "SUB10016", "7000", "5000");
INSERT INTO `oc_city` (city_id, zone_id, name, code, jnereg, jneoke) VALUES (3528, 251, "Pakal", "SUB10017", "7000", "5000");
INSERT INTO `oc_city` (city_id, zone_id, name, code, jnereg, jneoke) VALUES (3529, 251, "Rungkut", "SUB10018", "7000", "5000");
INSERT INTO `oc_city` (city_id, zone_id, name, code, jnereg, jneoke) VALUES (3530, 251, "Sambikerep", "SUB10019", "7000", "5000");
INSERT INTO `oc_city` (city_id, zone_id, name, code, jnereg, jneoke) VALUES (3531, 251, "Sawahan", "SUB10020", "7000", "5000");
INSERT INTO `oc_city` (city_id, zone_id, name, code, jnereg, jneoke) VALUES (3532, 251, "Semampir", "SUB10021", "7000", "5000");
INSERT INTO `oc_city` (city_id, zone_id, name, code, jnereg, jneoke) VALUES (3533, 251, "Simokerto", "SUB10022", "7000", "5000");
INSERT INTO `oc_city` (city_id, zone_id, name, code, jnereg, jneoke) VALUES (3534, 251, "Sukolilo", "SUB10023", "7000", "5000");
INSERT INTO `oc_city` (city_id, zone_id, name, code, jnereg, jneoke) VALUES (3535, 251, "Sukomanunggal", "SUB10024", "7000", "5000");
INSERT INTO `oc_city` (city_id, zone_id, name, code, jnereg, jneoke, jneyes) VALUES (3536, 251, "Surabaya", "SUB10000", "7000", "5000", "12000");
INSERT INTO `oc_city` (city_id, zone_id, name, code, jnereg, jneoke) VALUES (3537, 251, "Tambaksari", "SUB10025", "7000", "5000");
INSERT INTO `oc_city` (city_id, zone_id, name, code, jnereg, jneoke) VALUES (3538, 251, "Tandes", "SUB10026", "7000", "5000");
INSERT INTO `oc_city` (city_id, zone_id, name, code, jnereg, jneoke) VALUES (3539, 251, "Tegalsari", "SUB10027", "7000", "5000");
INSERT INTO `oc_city` (city_id, zone_id, name, code, jnereg, jneoke) VALUES (3540, 251, "Tenggilis Mejoyo", "SUB10028", "7000", "5000");
INSERT INTO `oc_city` (city_id, zone_id, name, code, jnereg, jneoke) VALUES (3541, 251, "Wiyung", "SUB10029", "7000", "5000");
INSERT INTO `oc_city` (city_id, zone_id, name, code, jnereg, jneoke) VALUES (3542, 251, "Wonocolo", "SUB10030", "7000", "5000");
INSERT INTO `oc_city` (city_id, zone_id, name, code, jnereg, jneoke) VALUES (3543, 251, "Wonokromo", "SUB10031", "7000", "5000");
INSERT INTO `oc_country` (country_id, name, iso_code_2, iso_code_3, postcode_required, status) VALUES (16, "D.I. Yogyakarta", "ID", "IDN", 1, 1);
INSERT INTO `oc_zone` (zone_id, country_id, name, status) VALUES (252, 16, "Kab. Bantul", 1);
INSERT INTO `oc_city` (city_id, zone_id, name, code, jnereg, jneoke) VALUES (3544, 252, "Bambanglipuro", "JOG20101", "10500", "8500");
INSERT INTO `oc_city` (city_id, zone_id, name, code, jnereg, jneoke) VALUES (3545, 252, "Banguntapan", "JOG20114", "10500", "8500");
INSERT INTO `oc_city` (city_id, zone_id, name, code, jnereg, jneoke, jneyes) VALUES (3546, 252, "Bantul", "JOG20100", "7500", "5500", "12500");
INSERT INTO `oc_city` (city_id, zone_id, name, code, jnereg, jneoke) VALUES (3547, 252, "Dlingo", "JOG20102", "10500", "8500");
INSERT INTO `oc_city` (city_id, zone_id, name, code, jnereg, jneoke) VALUES (3548, 252, "Imogiri", "JOG20103", "10500", "8500");
INSERT INTO `oc_city` (city_id, zone_id, name, code, jnereg, jneoke) VALUES (3549, 252, "Jetis", "JOG20104", "10500", "8500");
INSERT INTO `oc_city` (city_id, zone_id, name, code, jnereg, jneoke) VALUES (3550, 252, "Kasihan", "JOG20115", "10500", "8500");
INSERT INTO `oc_city` (city_id, zone_id, name, code, jnereg, jneoke) VALUES (3551, 252, "Kretek", "JOG20105", "10500", "8500");
INSERT INTO `oc_city` (city_id, zone_id, name, code, jnereg, jneoke) VALUES (3552, 252, "Pajangan", "JOG20106", "10500", "8500");
INSERT INTO `oc_city` (city_id, zone_id, name, code, jnereg, jneoke) VALUES (3553, 252, "Pandak", "JOG20107", "10500", "8500");
INSERT INTO `oc_city` (city_id, zone_id, name, code, jnereg, jneoke) VALUES (3554, 252, "Piyungan", "JOG20108", "10500", "8500");
INSERT INTO `oc_city` (city_id, zone_id, name, code, jnereg, jneoke) VALUES (3555, 252, "Pleret", "JOG20109", "10500", "8500");
INSERT INTO `oc_city` (city_id, zone_id, name, code, jnereg, jneoke) VALUES (3556, 252, "Pundong", "JOG20110", "10500", "8500");
INSERT INTO `oc_city` (city_id, zone_id, name, code, jnereg, jneoke) VALUES (3557, 252, "Sanden", "JOG20111", "10500", "8500");
INSERT INTO `oc_city` (city_id, zone_id, name, code, jnereg, jneoke) VALUES (3558, 252, "Sedayu", "JOG20112", "10500", "8500");
INSERT INTO `oc_city` (city_id, zone_id, name, code, jnereg, jneoke) VALUES (3559, 252, "Sewon", "JOG20116", "10500", "8500");
INSERT INTO `oc_city` (city_id, zone_id, name, code, jnereg, jneoke) VALUES (3560, 252, "Srandakan", "JOG20113", "10500", "8500");
INSERT INTO `oc_zone` (zone_id, country_id, name, status) VALUES (253, 16, "Kab. Gunung Kidul", 1);
INSERT INTO `oc_city` (city_id, zone_id, name, code, jnereg, jneoke) VALUES (3561, 253, "Gedangsari", "JOG20513", "15500", "12500");
INSERT INTO `oc_city` (city_id, zone_id, name, code, jnereg, jneoke) VALUES (3562, 253, "Girisubo", "JOG20514", "15500", "12500");
INSERT INTO `oc_city` (city_id, zone_id, name, code, jnereg, jneoke) VALUES (3563, 253, "Karangmojo", "JOG20501", "15500", "12500");
INSERT INTO `oc_city` (city_id, zone_id, name, code, jnereg, jneoke) VALUES (3564, 253, "Ngawen", "JOG20502", "15500", "12500");
INSERT INTO `oc_city` (city_id, zone_id, name, code, jnereg, jneoke) VALUES (3565, 253, "Nglipar", "JOG20503", "15500", "12500");
INSERT INTO `oc_city` (city_id, zone_id, name, code, jnereg, jneoke) VALUES (3566, 253, "Paliyan", "JOG20504", "15500", "12500");
INSERT INTO `oc_city` (city_id, zone_id, name, code, jnereg, jneoke) VALUES (3567, 253, "Panggang", "JOG20505", "15500", "12500");
INSERT INTO `oc_city` (city_id, zone_id, name, code, jnereg, jneoke) VALUES (3568, 253, "Patuk", "JOG20506", "15500", "12500");
INSERT INTO `oc_city` (city_id, zone_id, name, code, jnereg, jneoke) VALUES (3569, 253, "Playen", "JOG20507", "15500", "12500");
INSERT INTO `oc_city` (city_id, zone_id, name, code, jnereg, jneoke) VALUES (3570, 253, "Ponjong", "JOG20508", "15500", "12500");
INSERT INTO `oc_city` (city_id, zone_id, name, code, jnereg, jneoke) VALUES (3571, 253, "Purwosari", "JOG20515", "15500", "12500");
INSERT INTO `oc_city` (city_id, zone_id, name, code, jnereg, jneoke) VALUES (3572, 253, "Rongkop", "JOG20509", "15500", "12500");
INSERT INTO `oc_city` (city_id, zone_id, name, code, jnereg, jneoke) VALUES (3573, 253, "Saptosari", "JOG20516", "15500", "12500");
INSERT INTO `oc_city` (city_id, zone_id, name, code, jnereg, jneoke) VALUES (3574, 253, "Semanu", "JOG20511", "15500", "12500");
INSERT INTO `oc_city` (city_id, zone_id, name, code, jnereg, jneoke) VALUES (3575, 253, "Semin", "JOG20510", "15500", "12500");
INSERT INTO `oc_city` (city_id, zone_id, name, code, jnereg, jneoke) VALUES (3576, 253, "Tanjungsari", "JOG20517", "15500", "12500");
INSERT INTO `oc_city` (city_id, zone_id, name, code, jnereg, jneoke) VALUES (3577, 253, "Tepus", "JOG20512", "15500", "12500");
INSERT INTO `oc_city` (city_id, zone_id, name, code, jnereg, jneoke) VALUES (3578, 253, "Wonosari", "JOG20500", "12000", "9000");
INSERT INTO `oc_zone` (zone_id, country_id, name, status) VALUES (254, 16, "Kab. Kulon Progo", 1);
INSERT INTO `oc_city` (city_id, zone_id, name, code, jnereg, jneoke) VALUES (3579, 254, "Girimulyo", "JOG20402", "7500", "5500");
INSERT INTO `oc_city` (city_id, zone_id, name, code, jnereg, jneoke) VALUES (3580, 254, "Galur", "JOG20401", "7500", "5500");
INSERT INTO `oc_city` (city_id, zone_id, name, code, jnereg, jneoke) VALUES (3581, 254, "Kalibawang", "JOG20403", "7500", "5500");
INSERT INTO `oc_city` (city_id, zone_id, name, code, jnereg, jneoke) VALUES (3582, 254, "Kokap", "JOG20404", "7500", "5500");
INSERT INTO `oc_city` (city_id, zone_id, name, code, jnereg, jneoke) VALUES (3583, 254, "Lendah", "JOG20405", "7500", "5500");
INSERT INTO `oc_city` (city_id, zone_id, name, code, jnereg, jneoke) VALUES (3584, 254, "Nanggulan", "JOG20406", "7500", "5500");
INSERT INTO `oc_city` (city_id, zone_id, name, code, jnereg, jneoke) VALUES (3585, 254, "Panjatan", "JOG20407", "7500", "5500");
INSERT INTO `oc_city` (city_id, zone_id, name, code, jnereg, jneoke) VALUES (3586, 254, "Pengasih", "JOG20408", "7500", "5500");
INSERT INTO `oc_city` (city_id, zone_id, name, code, jnereg, jneoke) VALUES (3587, 254, "Samigaluh", "JOG20409", "7500", "5500");
INSERT INTO `oc_city` (city_id, zone_id, name, code, jnereg, jneoke) VALUES (3588, 254, "Sentolo", "JOG20410", "7500", "5500");
INSERT INTO `oc_city` (city_id, zone_id, name, code, jnereg, jneoke) VALUES (3589, 254, "Temon", "JOG20411", "16000", "5500");
INSERT INTO `oc_city` (city_id, zone_id, name, code, jnereg, jneoke) VALUES (3590, 254, "Wates", "JOG20400", "7500", "5500");
INSERT INTO `oc_zone` (zone_id, country_id, name, status) VALUES (255, 16, "Kab. Sleman", 1);
INSERT INTO `oc_city` (city_id, zone_id, name, code, jnereg, jneoke) VALUES (3591, 255, "Berbah", "JOG20301", "10000", "8000");
INSERT INTO `oc_city` (city_id, zone_id, name, code, jnereg, jneoke) VALUES (3592, 255, "Cangkringan", "JOG20302", "10000", "8000");
INSERT INTO `oc_city` (city_id, zone_id, name, code, jnereg, jneoke) VALUES (3593, 255, "Depok", "JOG20314", "10000", "8000");
INSERT INTO `oc_city` (city_id, zone_id, name, code, jnereg, jneoke) VALUES (3594, 255, "Gamping", "JOG20315", "10000", "8000");
INSERT INTO `oc_city` (city_id, zone_id, name, code, jnereg, jneoke) VALUES (3595, 255, "Godean", "JOG20303", "10000", "8000");
INSERT INTO `oc_city` (city_id, zone_id, name, code, jnereg, jneoke) VALUES (3596, 255, "Kalasan", "JOG20304", "10000", "8000");
INSERT INTO `oc_city` (city_id, zone_id, name, code, jnereg, jneoke) VALUES (3597, 255, "Minggir", "JOG20305", "10000", "8000");
INSERT INTO `oc_city` (city_id, zone_id, name, code, jnereg, jneoke) VALUES (3598, 255, "Mlati", "JOG20316", "10000", "8000");
INSERT INTO `oc_city` (city_id, zone_id, name, code, jnereg, jneoke) VALUES (3599, 255, "Moyudan", "JOG20306", "10000", "8000");
INSERT INTO `oc_city` (city_id, zone_id, name, code, jnereg, jneoke) VALUES (3600, 255, "Ngaglik", "JOG20307", "10000", "8000");
INSERT INTO `oc_city` (city_id, zone_id, name, code, jnereg, jneoke) VALUES (3601, 255, "Ngemplak", "JOG20308", "10000", "8000");
INSERT INTO `oc_city` (city_id, zone_id, name, code, jnereg, jneoke) VALUES (3602, 255, "Pakem", "JOG20309", "10000", "8000");
INSERT INTO `oc_city` (city_id, zone_id, name, code, jnereg, jneoke) VALUES (3603, 255, "Prambanan", "JOG20310", "7500", "8000");
INSERT INTO `oc_city` (city_id, zone_id, name, code, jnereg, jneoke) VALUES (3604, 255, "Seyegan", "JOG20311", "10000", "8000");
INSERT INTO `oc_city` (city_id, zone_id, name, code, jnereg, jneoke, jneyes) VALUES (3605, 255, "Sleman", "JOG20300", "7500", "5500", "12500");
INSERT INTO `oc_city` (city_id, zone_id, name, code, jnereg, jneoke) VALUES (3606, 255, "Tempel", "JOG20312", "10000", "8000");
INSERT INTO `oc_city` (city_id, zone_id, name, code, jnereg, jneoke) VALUES (3607, 255, "Turi", "JOG20313", "10000", "8000");
INSERT INTO `oc_zone` (zone_id, country_id, name, status) VALUES (256, 16, "Kota Yogyakarta", 1);
INSERT INTO `oc_city` (city_id, zone_id, name, code, jnereg, jneoke) VALUES (3608, 256, "Danurejan", "JOG10003", "6000", "4500");
INSERT INTO `oc_city` (city_id, zone_id, name, code, jnereg, jneoke) VALUES (3609, 256, "Gedongtengen", "JOG10004", "6000", "4500");
INSERT INTO `oc_city` (city_id, zone_id, name, code, jnereg, jneoke) VALUES (3610, 256, "Gondokusuman", "JOG10005", "6000", "4500");
INSERT INTO `oc_city` (city_id, zone_id, name, code, jnereg, jneoke) VALUES (3611, 256, "Gondomanan", "JOG10006", "6000", "4500");
INSERT INTO `oc_city` (city_id, zone_id, name, code, jnereg, jneoke) VALUES (3612, 256, "Jetis", "JOG10002", "6000", "4500");
INSERT INTO `oc_city` (city_id, zone_id, name, code, jnereg, jneoke) VALUES (3613, 256, "Kotagede", "JOG10007", "6000", "4500");
INSERT INTO `oc_city` (city_id, zone_id, name, code, jnereg, jneoke) VALUES (3614, 256, "Kraton", "JOG10008", "6000", "4500");
INSERT INTO `oc_city` (city_id, zone_id, name, code, jnereg, jneoke) VALUES (3615, 256, "Mantrijeron", "JOG10009", "6000", "4500");
INSERT INTO `oc_city` (city_id, zone_id, name, code, jnereg, jneoke) VALUES (3616, 256, "Mergangsan", "JOG10010", "6000", "4500");
INSERT INTO `oc_city` (city_id, zone_id, name, code, jnereg, jneoke) VALUES (3617, 256, "Ngampilan", "JOG10011", "6000", "4500");
INSERT INTO `oc_city` (city_id, zone_id, name, code, jnereg, jneoke) VALUES (3618, 256, "Pakualaman", "JOG10012", "6000", "4500");
INSERT INTO `oc_city` (city_id, zone_id, name, code, jnereg, jneoke) VALUES (3619, 256, "Tegalrejo", "JOG10001", "6000", "4500");
INSERT INTO `oc_city` (city_id, zone_id, name, code, jnereg, jneoke) VALUES (3620, 256, "Umbulharjo", "JOG10013", "6000", "4500");
INSERT INTO `oc_city` (city_id, zone_id, name, code, jnereg, jneoke, jneyes) VALUES (3621, 256, "Yogyakarta", "JOG10000", "6000", "4500", "10000");
INSERT INTO `oc_city` (city_id, zone_id, name, code, jnereg, jneoke) VALUES (3622, 256, "Wirobrajan", "JOG10014", "6000", "4500");
INSERT INTO `oc_country` (country_id, name, iso_code_2, iso_code_3, postcode_required, status) VALUES (17, "Bali", "ID", "IDN", 1, 1);
INSERT INTO `oc_zone` (zone_id, country_id, name, status) VALUES (257, 17, "Kab. Badung", 1);
INSERT INTO `oc_city` (city_id, zone_id, name, code, jnereg, jneoke) VALUES (3623, 257, "Abiansemal", "DPS21101", "20000", "13800");
INSERT INTO `oc_city` (city_id, zone_id, name, code, jnereg, jneoke, jneyes) VALUES (3624, 257, "Kuta", "DPS21102", "10000", "7000", "15000");
INSERT INTO `oc_city` (city_id, zone_id, name, code, jnereg, jneoke) VALUES (3625, 257, "Legian", "DPS21103", "10000", "7000");
INSERT INTO `oc_city` (city_id, zone_id, name, code, jnereg, jneoke, jneyes) VALUES (3626, 257, "Ngurah Rai", "DPS21104", "10000", "7000", "15000");
INSERT INTO `oc_city` (city_id, zone_id, name, code, jnereg, jneoke, jneyes) VALUES (3627, 257, "Sanur", "DPS21105", "10000", "7000", "15000");
INSERT INTO `oc_city` (city_id, zone_id, name, code, jnereg, jneoke, jneyes) VALUES (3628, 257, "Jimbaran", "DPS21106", "10000", "7000", "15000");
INSERT INTO `oc_city` (city_id, zone_id, name, code, jnereg, jneoke, jneyes) VALUES (3629, 257, "Nusa Dua", "DPS21107", "10000", "7000", "15000");
INSERT INTO `oc_city` (city_id, zone_id, name, code, jnereg, jneoke) VALUES (3630, 257, "Menguwi", "DPS21100", "15000", "11500");
INSERT INTO `oc_city` (city_id, zone_id, name, code, jnereg, jneoke) VALUES (3631, 257, "Petang", "DPS21108", "20000", "13800");
INSERT INTO `oc_zone` (zone_id, country_id, name, status) VALUES (258, 17, "Kab. Bangli", 1);
INSERT INTO `oc_city` (city_id, zone_id, name, code, jnereg, jneoke) VALUES (3632, 258, "Bangli", "DPS20200", "15000", "11500");
INSERT INTO `oc_city` (city_id, zone_id, name, code, jnereg, jneoke) VALUES (3633, 258, "Kintamani", "DPS20201", "20000", "13800");
INSERT INTO `oc_city` (city_id, zone_id, name, code, jnereg, jneoke) VALUES (3634, 258, "Susut", "DPS20202", "20000", "13800");
INSERT INTO `oc_city` (city_id, zone_id, name, code, jnereg, jneoke) VALUES (3635, 258, "Tembuku", "DPS20203", "20000", "13800");
INSERT INTO `oc_zone` (zone_id, country_id, name, status) VALUES (259, 17, "Kab. Buleleng", 1);
INSERT INTO `oc_city` (city_id, zone_id, name, code, jnereg, jneoke) VALUES (3636, 259, "Banjar", "DPS20601", "20000", "15000");
INSERT INTO `oc_city` (city_id, zone_id, name, code) VALUES (3637, 259, "Buleleng", "DPS20609");
INSERT INTO `oc_city` (city_id, zone_id, name, code, jnereg, jneoke) VALUES (3638, 259, "Busung Biu", "DPS20602", "20000", "15000");
INSERT INTO `oc_city` (city_id, zone_id, name, code, jnereg, jneoke) VALUES (3639, 259, "Gerokgak", "DPS20603", "20000", "15000");
INSERT INTO `oc_city` (city_id, zone_id, name, code, jnereg, jneoke) VALUES (3640, 259, "Kubutambahan", "DPS20604", "20000", "15000");
INSERT INTO `oc_city` (city_id, zone_id, name, code, jnereg, jneoke) VALUES (3641, 259, "Sawan", "DPS20605", "20000", "15000");
INSERT INTO `oc_city` (city_id, zone_id, name, code, jnereg, jneoke) VALUES (3642, 259, "Seririt", "DPS20606", "20000", "15000");
INSERT INTO `oc_city` (city_id, zone_id, name, code, jnereg, jneoke) VALUES (3643, 259, "Singaraja", "DPS20600", "20000", "15000");
INSERT INTO `oc_city` (city_id, zone_id, name, code, jnereg, jneoke) VALUES (3644, 259, "Sukasada", "DPS20607", "20000", "15000");
INSERT INTO `oc_city` (city_id, zone_id, name, code, jnereg, jneoke) VALUES (3645, 259, "Tejakula", "DPS20608", "20000", "15000");
INSERT INTO `oc_zone` (zone_id, country_id, name, status) VALUES (260, 17, "Kab. Gianyar", 1);
INSERT INTO `oc_city` (city_id, zone_id, name, code, jnereg, jneoke) VALUES (3646, 260, "Blahbatuh", "DPS20301", "20000", "13800");
INSERT INTO `oc_city` (city_id, zone_id, name, code, jnereg, jneoke) VALUES (3647, 260, "Gianyar", "DPS20300", "15000", "11500");
INSERT INTO `oc_city` (city_id, zone_id, name, code, jnereg, jneoke) VALUES (3648, 260, "Payangan", "DPS20302", "20000", "13800");
INSERT INTO `oc_city` (city_id, zone_id, name, code, jnereg, jneoke) VALUES (3649, 260, "Sukawati", "DPS20303", "20000", "13800");
INSERT INTO `oc_city` (city_id, zone_id, name, code, jnereg, jneoke) VALUES (3650, 260, "Tampaksiring", "DPS20304", "20000", "13800");
INSERT INTO `oc_city` (city_id, zone_id, name, code, jnereg, jneoke) VALUES (3651, 260, "Tegal Lalang", "DPS20305", "20000", "13800");
INSERT INTO `oc_city` (city_id, zone_id, name, code, jnereg, jneoke) VALUES (3652, 260, "Ubud", "DPS20306", "20000", "13800");
INSERT INTO `oc_zone` (zone_id, country_id, name, status) VALUES (261, 17, "Kab. Jembrana", 1);
INSERT INTO `oc_city` (city_id, zone_id, name, code) VALUES (3653, 261, "gilimanuk (desa)", "");
INSERT INTO `oc_city` (city_id, zone_id, name, code, jnereg, jneoke) VALUES (3654, 261, "Melaya", "DPS20401", "30500", "24600");
INSERT INTO `oc_city` (city_id, zone_id, name, code, jnereg, jneoke) VALUES (3655, 261, "Mendoyo", "DPS20402", "30500", "24600");
INSERT INTO `oc_city` (city_id, zone_id, name, code, jnereg, jneoke) VALUES (3656, 261, "Negara", "DPS20400", "27500", "20500");
INSERT INTO `oc_city` (city_id, zone_id, name, code, jnereg, jneoke) VALUES (3657, 261, "Pekutatan", "DPS20403", "30500", "24600");
INSERT INTO `oc_zone` (zone_id, country_id, name, status) VALUES (262, 17, "Kab. Karangasem", 1);
INSERT INTO `oc_city` (city_id, zone_id, name, code, jnereg, jneoke) VALUES (3658, 262, "Abang", "DPS20101", "26000", "18000");
INSERT INTO `oc_city` (city_id, zone_id, name, code, jnereg, jneoke) VALUES (3659, 262, "Amlapura", "DPS20100", "20000", "15000");
INSERT INTO `oc_city` (city_id, zone_id, name, code, jnereg, jneoke) VALUES (3660, 262, "Bebandem", "DPS20102", "26000", "18000");
INSERT INTO `oc_city` (city_id, zone_id, name, code, jnereg, jneoke) VALUES (3661, 262, "Karangasem", "DPS20108", "20000", "15000");
INSERT INTO `oc_city` (city_id, zone_id, name, code, jnereg, jneoke) VALUES (3662, 262, "Kubu", "DPS20103", "26000", "18000");
INSERT INTO `oc_city` (city_id, zone_id, name, code, jnereg, jneoke) VALUES (3663, 262, "Manggis", "DPS20104", "26000", "18000");
INSERT INTO `oc_city` (city_id, zone_id, name, code, jnereg, jneoke) VALUES (3664, 262, "Rendang", "DPS20105", "26000", "18000");
INSERT INTO `oc_city` (city_id, zone_id, name, code, jnereg, jneoke) VALUES (3665, 262, "Selat", "DPS20106", "26000", "18000");
INSERT INTO `oc_city` (city_id, zone_id, name, code, jnereg, jneoke) VALUES (3666, 262, "Sidemen", "DPS20107", "26000", "18000");
INSERT INTO `oc_zone` (zone_id, country_id, name, status) VALUES (263, 17, "Kab. Klungkung", 1);
INSERT INTO `oc_city` (city_id, zone_id, name, code, jnereg, jneoke) VALUES (3667, 263, "Banjarangkan", "DPS20504", "22000", "15600");
INSERT INTO `oc_city` (city_id, zone_id, name, code, jnereg, jneoke) VALUES (3668, 263, "Dawan", "DPS20501", "22000", "15600");
INSERT INTO `oc_city` (city_id, zone_id, name, code, jnereg, jneoke) VALUES (3669, 263, "Klungkung", "DPS20502", "17000", "15600");
INSERT INTO `oc_city` (city_id, zone_id, name, code, jnereg, jneoke) VALUES (3670, 263, "Nusapenida", "DPS20503", "22000", "15600");
INSERT INTO `oc_zone` (zone_id, country_id, name, status) VALUES (264, 17, "Kab. Tabanan", 1);
INSERT INTO `oc_city` (city_id, zone_id, name, code, jnereg, jneoke) VALUES (3671, 264, "Baturiti", "DPS20701", "22500", "15600");
INSERT INTO `oc_city` (city_id, zone_id, name, code, jnereg, jneoke) VALUES (3672, 264, "Kediri", "DPS20702", "22500", "15600");
INSERT INTO `oc_city` (city_id, zone_id, name, code, jnereg, jneoke) VALUES (3673, 264, "Kerambitan", "DPS20703", "22500", "15600");
INSERT INTO `oc_city` (city_id, zone_id, name, code, jnereg, jneoke) VALUES (3674, 264, "Marga", "DPS20704", "22500", "15600");
INSERT INTO `oc_city` (city_id, zone_id, name, code, jnereg, jneoke) VALUES (3675, 264, "Penebel", "DPS20706", "22500", "15600");
INSERT INTO `oc_city` (city_id, zone_id, name, code, jnereg, jneoke) VALUES (3676, 264, "Pupuan", "DPS20705", "22500", "15600");
INSERT INTO `oc_city` (city_id, zone_id, name, code, jnereg, jneoke) VALUES (3677, 264, "Selemadeg", "DPS20707", "22500", "15600");
INSERT INTO `oc_city` (city_id, zone_id, name, code, jnereg, jneoke) VALUES (3678, 264, "Selemadeg Barat", "DPS20709", "22500", "15600");
INSERT INTO `oc_city` (city_id, zone_id, name, code, jnereg, jneoke) VALUES (3679, 264, "Selemadeg Timur", "DPS20710", "22500", "15600");
INSERT INTO `oc_city` (city_id, zone_id, name, code, jnereg, jneoke) VALUES (3680, 264, "Tabanan/ Bajera", "DPS20700", "17000", "13000");
INSERT INTO `oc_zone` (zone_id, country_id, name, status) VALUES (265, 17, "Kota Denpasar", 1);
INSERT INTO `oc_city` (city_id, zone_id, name, code, jnereg, jneoke, jneyes) VALUES (3681, 265, "Denpasar", "DPS10000", "10000", "7500", "15000");
INSERT INTO `oc_city` (city_id, zone_id, name, code, jnereg, jneoke) VALUES (3682, 265, "Denpasar Barat", "DPS10009", "10000", "7500");
INSERT INTO `oc_city` (city_id, zone_id, name, code, jnereg, jneoke) VALUES (3683, 265, "Denpasar Selatan", "DPS10010", "10000", "7500");
INSERT INTO `oc_city` (city_id, zone_id, name, code, jnereg, jneoke) VALUES (3684, 265, "Denpasar Timur", "DPS10011", "10000", "7500");
INSERT INTO `oc_country` (country_id, name, iso_code_2, iso_code_3, postcode_required, status) VALUES (18, "Nusa Tenggara Barat", "ID", "IDN", 1, 1);
INSERT INTO `oc_zone` (zone_id, country_id, name, status) VALUES (266, 18, "Kab. Bima", 1);
INSERT INTO `oc_city` (city_id, zone_id, name, code, jnereg, jneoke) VALUES (3685, 266, "Ambalawi", "AMI21101", "33000", "28000");
INSERT INTO `oc_city` (city_id, zone_id, name, code, jnereg, jneoke) VALUES (3686, 266, "Belo", "AMI21102", "33000", "28000");
INSERT INTO `oc_city` (city_id, zone_id, name, code, jnereg, jneoke) VALUES (3687, 266, "Bolo", "AMI21103", "33000", "28000");
INSERT INTO `oc_city` (city_id, zone_id, name, code, jnereg, jneoke) VALUES (3688, 266, "Donggo", "AMI21104", "33000", "28000");
INSERT INTO `oc_city` (city_id, zone_id, name, code, jnereg, jneoke) VALUES (3689, 266, "Lambu", "AMI21105", "33000", "28000");
INSERT INTO `oc_city` (city_id, zone_id, name, code, jnereg, jneoke) VALUES (3690, 266, "Langgudu", "AMI21106", "33000", "28000");
INSERT INTO `oc_city` (city_id, zone_id, name, code, jnereg, jneoke) VALUES (3691, 266, "Mada Pangga", "AMI21107", "33000", "28000");
INSERT INTO `oc_city` (city_id, zone_id, name, code, jnereg, jneoke) VALUES (3692, 266, "Monta", "AMI21108", "33000", "28000");
INSERT INTO `oc_city` (city_id, zone_id, name, code, jnereg, jneoke) VALUES (3693, 266, "Sanggar", "AMI21109", "33000", "28000");
INSERT INTO `oc_city` (city_id, zone_id, name, code, jnereg, jneoke) VALUES (3694, 266, "Sape", "AMI21110", "33000", "28000");
INSERT INTO `oc_city` (city_id, zone_id, name, code, jnereg, jneoke) VALUES (3695, 266, "Tambora", "AMI21111", "33000", "28000");
INSERT INTO `oc_city` (city_id, zone_id, name, code, jnereg, jneoke) VALUES (3696, 266, "Wawo", "AMI21112", "33000", "28000");
INSERT INTO `oc_city` (city_id, zone_id, name, code, jnereg, jneoke) VALUES (3697, 266, "Wera", "AMI21113", "33000", "28000");
INSERT INTO `oc_city` (city_id, zone_id, name, code, jnereg, jneoke) VALUES (3698, 266, "Woha", "AMI21100", "25000", "20000");
INSERT INTO `oc_zone` (zone_id, country_id, name, status) VALUES (267, 18, "Kab. Dompu", 1);
INSERT INTO `oc_city` (city_id, zone_id, name, code, jnereg, jneoke) VALUES (3699, 267, "Dompu", "AMI20200", "27000", "21500");
INSERT INTO `oc_city` (city_id, zone_id, name, code, jnereg, jneoke) VALUES (3700, 267, "Hu'u", "AMI20201", "35500", "30000");
INSERT INTO `oc_city` (city_id, zone_id, name, code) VALUES (3701, 267, "Kilo", "AMI20203");
INSERT INTO `oc_city` (city_id, zone_id, name, code, jnereg, jneoke) VALUES (3702, 267, "Manggelewa", "AMI20207", "35500", "30000");
INSERT INTO `oc_city` (city_id, zone_id, name, code, jnereg, jneoke) VALUES (3703, 267, "Pajo", "AMI20204", "35500", "30000");
INSERT INTO `oc_city` (city_id, zone_id, name, code, jnereg, jneoke) VALUES (3704, 267, "Pekat", "AMI20205", "35500", "30000");
INSERT INTO `oc_city` (city_id, zone_id, name, code, jnereg, jneoke) VALUES (3705, 267, "Woja", "AMI20206", "35500", "30000");
INSERT INTO `oc_city` (city_id, zone_id, name, code, jnereg, jneoke) VALUES (3706, 267, "Kempo", "AMI20202", "35500", "30000");
INSERT INTO `oc_zone` (zone_id, country_id, name, status) VALUES (268, 18, "Kab. Lombok Barat", 1);
INSERT INTO `oc_city` (city_id, zone_id, name, code, jnereg, jneoke) VALUES (3707, 268, "Batu Layar", "AMI20808", "25500", "21500");
INSERT INTO `oc_city` (city_id, zone_id, name, code, jnereg, jneoke) VALUES (3708, 268, "Bayan", "AMI20801", "25500", "21500");
INSERT INTO `oc_city` (city_id, zone_id, name, code, jnereg, jneoke) VALUES (3709, 268, "Gangga", "AMI20802", "25500", "21500");
INSERT INTO `oc_city` (city_id, zone_id, name, code, jnereg, jneoke) VALUES (3710, 268, "Gerung", "AMI20800", "20000", "21500");
INSERT INTO `oc_city` (city_id, zone_id, name, code, jnereg, jneoke) VALUES (3711, 268, "Gunung Sari", "AMI20809", "25500", "21500");
INSERT INTO `oc_city` (city_id, zone_id, name, code, jnereg, jneoke) VALUES (3712, 268, "Kayangan", "AMI20810", "25500", "21500");
INSERT INTO `oc_city` (city_id, zone_id, name, code, jnereg, jneoke) VALUES (3713, 268, "Kediri", "AMI20803", "25500", "21500");
INSERT INTO `oc_city` (city_id, zone_id, name, code, jnereg, jneoke) VALUES (3714, 268, "Kuripan", "AMI20811", "25500", "21500");
INSERT INTO `oc_city` (city_id, zone_id, name, code, jnereg, jneoke) VALUES (3715, 268, "Labu Api", "AMI20804", "25500", "21500");
INSERT INTO `oc_city` (city_id, zone_id, name, code, jnereg, jneoke) VALUES (3716, 268, "Lembar", "AMI20812", "25500", "21500");
INSERT INTO `oc_city` (city_id, zone_id, name, code, jnereg, jneoke) VALUES (3717, 268, "Lingsar", "AMI20813", "25500", "21500");
INSERT INTO `oc_city` (city_id, zone_id, name, code, jnereg, jneoke) VALUES (3718, 268, "Narmada", "AMI20805", "25500", "21500");
INSERT INTO `oc_city` (city_id, zone_id, name, code, jnereg, jneoke) VALUES (3719, 268, "Pemenang", "AMI20814", "25500", "21500");
INSERT INTO `oc_city` (city_id, zone_id, name, code, jnereg, jneoke) VALUES (3720, 268, "Sekotong Tengah", "AMI20806", "25500", "21500");
INSERT INTO `oc_city` (city_id, zone_id, name, code, jnereg, jneoke) VALUES (3721, 268, "Tanjung", "AMI20807", "25500", "21500");
INSERT INTO `oc_zone` (zone_id, country_id, name, status) VALUES (269, 18, "Kab. Lombok Tengah", 1);
INSERT INTO `oc_city` (city_id, zone_id, name, code, jnereg, jneoke) VALUES (3722, 269, "Batukliang Utara", "AMI20310", "25500", "21500");
INSERT INTO `oc_city` (city_id, zone_id, name, code, jnereg, jneoke) VALUES (3723, 269, "Batukliang", "AMI20301", "25500", "21500");
INSERT INTO `oc_city` (city_id, zone_id, name, code, jnereg, jneoke) VALUES (3724, 269, "Janapria", "AMI20302", "25500", "21500");
INSERT INTO `oc_city` (city_id, zone_id, name, code, jnereg, jneoke) VALUES (3725, 269, "Jonggat", "AMI20303", "25500", "21500");
INSERT INTO `oc_city` (city_id, zone_id, name, code, jnereg, jneoke) VALUES (3726, 269, "Kopang", "AMI20304", "25500", "21500");
INSERT INTO `oc_city` (city_id, zone_id, name, code, jnereg, jneoke) VALUES (3727, 269, "Praya Barat Daya", "AMI20311", "25500", "21500");
INSERT INTO `oc_city` (city_id, zone_id, name, code, jnereg, jneoke) VALUES (3728, 269, "Praya Barat", "AMI20305", "25500", "21500");
INSERT INTO `oc_city` (city_id, zone_id, name, code, jnereg, jneoke) VALUES (3729, 269, "Praya Tengah", "AMI20312", "25500", "21500");
INSERT INTO `oc_city` (city_id, zone_id, name, code, jnereg, jneoke) VALUES (3730, 269, "Praya Timur", "AMI20306", "25500", "21500");
INSERT INTO `oc_city` (city_id, zone_id, name, code, jnereg, jneoke) VALUES (3731, 269, "Praya", "AMI20300", "20000", "16000");
INSERT INTO `oc_city` (city_id, zone_id, name, code, jnereg, jneoke) VALUES (3732, 269, "Pringgarata", "AMI20307", "25500", "21500");
INSERT INTO `oc_city` (city_id, zone_id, name, code, jnereg, jneoke) VALUES (3733, 269, "Pujut", "AMI20308", "25500", "21500");
INSERT INTO `oc_zone` (zone_id, country_id, name, status) VALUES (270, 18, "Kab. Lombok Timur", 1);
INSERT INTO `oc_city` (city_id, zone_id, name, code, jnereg, jneoke) VALUES (3734, 270, "Aikmel", "AMI20401", "25500", "21500");
INSERT INTO `oc_city` (city_id, zone_id, name, code, jnereg, jneoke) VALUES (3735, 270, "Jerowaru", "AMI20411", "25500", "21500");
INSERT INTO `oc_city` (city_id, zone_id, name, code, jnereg, jneoke) VALUES (3736, 270, "Keruak", "AMI20402", "25500", "21500");
INSERT INTO `oc_city` (city_id, zone_id, name, code, jnereg, jneoke) VALUES (3737, 270, "Labuhan Haji", "AMI20421", "25500", "21500");
INSERT INTO `oc_city` (city_id, zone_id, name, code, jnereg, jneoke) VALUES (3738, 270, "Mas Bagik", "AMI20403", "25500", "21500");
INSERT INTO `oc_city` (city_id, zone_id, name, code, jnereg, jneoke) VALUES (3739, 270, "Montong Gading", "AMI20413", "25500", "21500");
INSERT INTO `oc_city` (city_id, zone_id, name, code, jnereg, jneoke) VALUES (3740, 270, "Pringgabaya", "AMI20404", "25500", "21500");
INSERT INTO `oc_city` (city_id, zone_id, name, code, jnereg, jneoke) VALUES (3741, 270, "Pringgasela", "AMI20414", "25500", "21500");
INSERT INTO `oc_city` (city_id, zone_id, name, code, jnereg, jneoke) VALUES (3742, 270, "Sakra Barat", "AMI20415", "25500", "21500");
INSERT INTO `oc_city` (city_id, zone_id, name, code, jnereg, jneoke) VALUES (3743, 270, "Sakra Timur", "AMI20416", "25500", "21500");
INSERT INTO `oc_city` (city_id, zone_id, name, code, jnereg, jneoke) VALUES (3744, 270, "Sakra", "AMI20405", "25500", "21500");
INSERT INTO `oc_city` (city_id, zone_id, name, code, jnereg, jneoke) VALUES (3745, 270, "Sambelia", "AMI20406", "25500", "21500");
INSERT INTO `oc_city` (city_id, zone_id, name, code, jnereg, jneoke) VALUES (3746, 270, "Selong", "AMI20400", "20000", "16000");
INSERT INTO `oc_city` (city_id, zone_id, name, code, jnereg, jneoke) VALUES (3747, 270, "Sembalun", "AMI20417", "25500", "21500");
INSERT INTO `oc_city` (city_id, zone_id, name, code, jnereg, jneoke) VALUES (3748, 270, "Sikur", "AMI20407", "25500", "21500");
INSERT INTO `oc_city` (city_id, zone_id, name, code, jnereg, jneoke) VALUES (3749, 270, "Suela", "AMI20418", "25500", "21500");
INSERT INTO `oc_city` (city_id, zone_id, name, code, jnereg, jneoke) VALUES (3750, 270, "Sukamulia", "AMI20408", "25500", "21500");
INSERT INTO `oc_city` (city_id, zone_id, name, code, jnereg, jneoke) VALUES (3751, 270, "Suralaga", "AMI20419", "25500", "21500");
INSERT INTO `oc_city` (city_id, zone_id, name, code, jnereg, jneoke) VALUES (3752, 270, "Terara", "AMI20409", "25500", "21500");
INSERT INTO `oc_city` (city_id, zone_id, name, code, jnereg, jneoke) VALUES (3753, 270, "Wanasaba", "AMI20420", "25500", "21500");
INSERT INTO `oc_zone` (zone_id, country_id, name, status) VALUES (271, 18, "Kab. Sumbawa", 1);
INSERT INTO `oc_city` (city_id, zone_id, name, code, jnereg, jneoke) VALUES (3754, 271, "Alas Barat", "AMI20514", "35500", "30000");
INSERT INTO `oc_city` (city_id, zone_id, name, code, jnereg, jneoke) VALUES (3755, 271, "Alas", "AMI20501", "35500", "30000");
INSERT INTO `oc_city` (city_id, zone_id, name, code, jnereg, jneoke) VALUES (3756, 271, "Batu Lanteh", "AMI20502", "35500", "30000");
INSERT INTO `oc_city` (city_id, zone_id, name, code, jnereg, jneoke) VALUES (3757, 271, "Empang", "AMI20503", "35500", "30000");
INSERT INTO `oc_city` (city_id, zone_id, name, code, jnereg, jneoke) VALUES (3758, 271, "Labangka", "AMI20515", "35500", "30000");
INSERT INTO `oc_city` (city_id, zone_id, name, code, jnereg, jneoke) VALUES (3759, 271, "Labuhan Badas", "AMI20516", "35500", "30000");
INSERT INTO `oc_city` (city_id, zone_id, name, code, jnereg, jneoke) VALUES (3760, 271, "Lape-Lopok", "AMI20505", "35500", "30000");
INSERT INTO `oc_city` (city_id, zone_id, name, code, jnereg, jneoke) VALUES (3761, 271, "Lunyuk", "AMI20506", "35500", "30000");
INSERT INTO `oc_city` (city_id, zone_id, name, code, jnereg, jneoke) VALUES (3762, 271, "Moyohilir", "AMI20507", "35500", "30000");
INSERT INTO `oc_city` (city_id, zone_id, name, code, jnereg, jneoke) VALUES (3763, 271, "Moyohulu", "AMI20508", "35500", "30000");
INSERT INTO `oc_city` (city_id, zone_id, name, code, jnereg, jneoke) VALUES (3764, 271, "Plampang", "AMI20509", "35500", "30000");
INSERT INTO `oc_city` (city_id, zone_id, name, code, jnereg, jneoke) VALUES (3765, 271, "Ropang", "AMI20510", "35500", "30000");
INSERT INTO `oc_city` (city_id, zone_id, name, code, jnereg, jneoke) VALUES (3766, 271, "Sumbawa Besar", "AMI20500", "27000", "21500");
INSERT INTO `oc_city` (city_id, zone_id, name, code, jnereg, jneoke) VALUES (3767, 271, "Sumbawa", "AMI20517", "35500", "30000");
INSERT INTO `oc_city` (city_id, zone_id, name, code, jnereg, jneoke) VALUES (3768, 271, "Utan-Rhee", "AMI20513", "35500", "30000");
INSERT INTO `oc_zone` (zone_id, country_id, name, status) VALUES (272, 18, "Kab. Sumbawa Barat", 1);
INSERT INTO `oc_city` (city_id, zone_id, name, code, jnereg, jneoke) VALUES (3769, 272, "Taliwang", "AMI20900", "27000", "21500");
INSERT INTO `oc_city` (city_id, zone_id, name, code, jnereg, jneoke) VALUES (3770, 272, "Jereweh", "AMI20901", "35000", "21500");
INSERT INTO `oc_city` (city_id, zone_id, name, code, jnereg, jneoke) VALUES (3771, 272, "Sekongkang", "AMI20903", "27000", "29500");
INSERT INTO `oc_city` (city_id, zone_id, name, code, jnereg, jneoke) VALUES (3772, 272, "Seteluk", "AMI20902", "35000", "29500");
INSERT INTO `oc_city` (city_id, zone_id, name, code, jnereg, jneoke) VALUES (3773, 272, "Brang Rea", "AMI20904", "35000", "29500");
INSERT INTO `oc_zone` (zone_id, country_id, name, status) VALUES (273, 18, "Kota Mataram", 1);
INSERT INTO `oc_city` (city_id, zone_id, name, code, jnereg, jneoke) VALUES (3774, 273, "Ampenan", "AMI10011", "17000", "13500");
INSERT INTO `oc_city` (city_id, zone_id, name, code, jnereg, jneoke) VALUES (3775, 273, "Cakranegara", "AMI10012", "17000", "13500");
INSERT INTO `oc_city` (city_id, zone_id, name, code, jnereg, jneoke, jneyes) VALUES (3776, 273, "Mataram", "AMI10000", "17000", "13500", "30000");
INSERT INTO `oc_zone` (zone_id, country_id, name, status) VALUES (274, 18, "Kota Bima", 1);
INSERT INTO `oc_city` (city_id, zone_id, name, code, jnereg, jneoke) VALUES (3777, 274, "Asakota", "AMI20111", "32000", "17500");
INSERT INTO `oc_city` (city_id, zone_id, name, code, jnereg, jneoke) VALUES (3778, 274, "Bima", "AMI20100", "32000", "17500");
INSERT INTO `oc_city` (city_id, zone_id, name, code, jnereg, jneoke) VALUES (3779, 274, "Rasanae Barat", "AMI20112", "32000", "17500");
INSERT INTO `oc_city` (city_id, zone_id, name, code, jnereg, jneoke) VALUES (3780, 274, "Rasanae Timur", "AMI20113", "32000", "17500");
INSERT INTO `oc_city` (city_id, zone_id, name, code, jnereg, jneoke) VALUES (3781, 274, "Raba", "AMI20114", "32000", "17500");
INSERT INTO `oc_city` (city_id, zone_id, name, code, jnereg, jneoke) VALUES (3782, 274, "Mpunda", "AMI20115", "32000", "17500");
INSERT INTO `oc_country` (country_id, name, iso_code_2, iso_code_3, postcode_required, status) VALUES (19, "Nusa Tenggara Timur", "ID", "IDN", 1, 1);
INSERT INTO `oc_zone` (zone_id, country_id, name, status) VALUES (275, 19, "Kab. Alor", 1);
INSERT INTO `oc_city` (city_id, zone_id, name, code, jnereg, jneoke) VALUES (3783, 275, "Alor Barat Daya", "KOE20204", "71000", "70500");
INSERT INTO `oc_city` (city_id, zone_id, name, code, jnereg, jneoke) VALUES (3784, 275, "Alor Barat Laut", "KOE20205", "71000", "70500");
INSERT INTO `oc_city` (city_id, zone_id, name, code, jnereg, jneoke) VALUES (3785, 275, "Alor Selatan", "KOE20203", "71000", "70500");
INSERT INTO `oc_city` (city_id, zone_id, name, code, jnereg, jneoke) VALUES (3786, 275, "Alor Tengah Utara", "KOE20206", "71000", "70500");
INSERT INTO `oc_city` (city_id, zone_id, name, code, jnereg, jneoke) VALUES (3787, 275, "Alor Timur Laut", "KOE20207", "71000", "70500");
INSERT INTO `oc_city` (city_id, zone_id, name, code, jnereg, jneoke) VALUES (3788, 275, "Alor Timur", "KOE20201", "71000", "70500");
INSERT INTO `oc_city` (city_id, zone_id, name, code, jnereg, jneoke) VALUES (3789, 275, "Kalabahi", "KOE20200", "51000", "50500");
INSERT INTO `oc_city` (city_id, zone_id, name, code, jnereg, jneoke) VALUES (3790, 275, "Pantar Barat", "KOE20208", "71000", "70500");
INSERT INTO `oc_city` (city_id, zone_id, name, code, jnereg, jneoke) VALUES (3791, 275, "Pantar", "KOE20202", "71000", "70500");
INSERT INTO `oc_city` (city_id, zone_id, name, code, jnereg, jneoke) VALUES (3792, 275, "Teluk Mutiara", "KOE20209", "71000", "70500");
INSERT INTO `oc_zone` (zone_id, country_id, name, status) VALUES (276, 19, "Kab. Belu", 1);
INSERT INTO `oc_city` (city_id, zone_id, name, code, jnereg, jneoke) VALUES (3793, 276, "Atambua", "KOE20100", "63000", "41000");
INSERT INTO `oc_city` (city_id, zone_id, name, code, jnereg, jneoke) VALUES (3794, 276, "Kakuluk Mesak", "KOE20110", "83500", "61500");
INSERT INTO `oc_city` (city_id, zone_id, name, code, jnereg, jneoke) VALUES (3795, 276, "Kobalima", "KOE20101", "83500", "61500");
INSERT INTO `oc_city` (city_id, zone_id, name, code, jnereg, jneoke) VALUES (3796, 276, "Lamakmen", "KOE20102", "83500", "61500");
INSERT INTO `oc_city` (city_id, zone_id, name, code, jnereg, jneoke) VALUES (3797, 276, "Malaka Barat", "KOE20106", "83500", "61500");
INSERT INTO `oc_city` (city_id, zone_id, name, code, jnereg, jneoke) VALUES (3798, 276, "Malaka Tengah", "KOE20104", "83500", "61500");
INSERT INTO `oc_city` (city_id, zone_id, name, code, jnereg, jneoke) VALUES (3799, 276, "Malaka Timur", "KOE20103", "83500", "61500");
INSERT INTO `oc_city` (city_id, zone_id, name, code, jnereg, jneoke) VALUES (3800, 276, "Raihat", "KOE20111", "83500", "61500");
INSERT INTO `oc_city` (city_id, zone_id, name, code, jnereg, jneoke) VALUES (3801, 276, "Rinhat", "KOE20112", "83500", "61500");
INSERT INTO `oc_city` (city_id, zone_id, name, code, jnereg, jneoke) VALUES (3802, 276, "Sasita Mean", "KOE20113", "83500", "61500");
INSERT INTO `oc_city` (city_id, zone_id, name, code, jnereg, jneoke) VALUES (3803, 276, "Tasefeto Barat", "KOE20108", "83500", "61500");
INSERT INTO `oc_city` (city_id, zone_id, name, code, jnereg, jneoke) VALUES (3804, 276, "Tasifeto Timur", "KOE20109", "83500", "61500");
INSERT INTO `oc_zone` (zone_id, country_id, name, status) VALUES (277, 19, "Kab. Ende", 1);
INSERT INTO `oc_city` (city_id, zone_id, name, code, jnereg, jneoke) VALUES (3805, 277, "Detukeli", "KOE20806", "71000", "70500");
INSERT INTO `oc_city` (city_id, zone_id, name, code, jnereg, jneoke) VALUES (3806, 277, "Detusoko", "KOE20801", "71000", "70500");
INSERT INTO `oc_city` (city_id, zone_id, name, code, jnereg, jneoke) VALUES (3807, 277, "Ende Selatan", "KOE20807", "71000", "50500");
INSERT INTO `oc_city` (city_id, zone_id, name, code, jnereg, jneoke) VALUES (3808, 277, "Ende Tengah", "KOE20808", "71000", "50500");
INSERT INTO `oc_city` (city_id, zone_id, name, code, jnereg, jneoke) VALUES (3809, 277, "Ende Timur", "KOE20809", "71000", "50500");
INSERT INTO `oc_city` (city_id, zone_id, name, code, jnereg, jneoke) VALUES (3810, 277, "Ende Utara", "KOE20810", "71000", "50500");
INSERT INTO `oc_city` (city_id, zone_id, name, code, jnereg, jneoke) VALUES (3811, 277, "Ende", "KOE20800", "51000", "50500");
INSERT INTO `oc_city` (city_id, zone_id, name, code, jnereg, jneoke) VALUES (3812, 277, "Kelimutu", "KOE20811", "71000", "70500");
INSERT INTO `oc_city` (city_id, zone_id, name, code, jnereg, jneoke) VALUES (3813, 277, "Kotabaru", "KOE20812", "71000", "70500");
INSERT INTO `oc_city` (city_id, zone_id, name, code, jnereg, jneoke) VALUES (3814, 277, "Lio Timur", "KOE20813", "71000", "70500");
INSERT INTO `oc_city` (city_id, zone_id, name, code, jnereg, jneoke) VALUES (3815, 277, "Magekoba/Maurole", "KOE20820", "71000", "70500");
INSERT INTO `oc_city` (city_id, zone_id, name, code, jnereg, jneoke) VALUES (3816, 277, "Maukaro", "KOE20814", "71000", "70500");
INSERT INTO `oc_city` (city_id, zone_id, name, code, jnereg, jneoke) VALUES (3817, 277, "Nanga Panda", "KOE20803", "71000", "70500");
INSERT INTO `oc_city` (city_id, zone_id, name, code, jnereg, jneoke) VALUES (3818, 277, "Ndona Timur", "KOE20815", "71000", "70500");
INSERT INTO `oc_city` (city_id, zone_id, name, code, jnereg, jneoke) VALUES (3819, 277, "Ndona", "KOE20804", "71000", "70500");
INSERT INTO `oc_city` (city_id, zone_id, name, code, jnereg, jneoke) VALUES (3820, 277, "Pulau Ende", "KOE20816", "71000", "70500");
INSERT INTO `oc_city` (city_id, zone_id, name, code, jnereg, jneoke) VALUES (3821, 277, "Wewaria", "KOE20817", "71000", "70500");
INSERT INTO `oc_city` (city_id, zone_id, name, code, jnereg, jneoke) VALUES (3822, 277, "Wolo Waru", "KOE20805", "71000", "70500");
INSERT INTO `oc_city` (city_id, zone_id, name, code, jnereg, jneoke) VALUES (3823, 277, "Wolojita", "KOE20818", "71000", "70500");
INSERT INTO `oc_zone` (zone_id, country_id, name, status) VALUES (278, 19, "Kab. Flores Timur", 1);
INSERT INTO `oc_city` (city_id, zone_id, name, code, jnereg, jneoke) VALUES (3824, 278, "Adonara Barat", "KOE20401", "83000", "70500");
INSERT INTO `oc_city` (city_id, zone_id, name, code, jnereg, jneoke) VALUES (3825, 278, "Adonara Timur", "KOE20402", "83000", "70500");
INSERT INTO `oc_city` (city_id, zone_id, name, code, jnereg, jneoke) VALUES (3826, 278, "Ile Boleng", "KOE20414", "83000", "70500");
INSERT INTO `oc_city` (city_id, zone_id, name, code, jnereg, jneoke) VALUES (3827, 278, "Ile Mandiri", "KOE20415", "83000", "70500");
INSERT INTO `oc_city` (city_id, zone_id, name, code, jnereg, jneoke) VALUES (3828, 278, "Kelubagolit", "KOE20416", "83000", "70500");
INSERT INTO `oc_city` (city_id, zone_id, name, code, jnereg, jneoke) VALUES (3829, 278, "Larantuka", "KOE20400", "63000", "50500");
INSERT INTO `oc_city` (city_id, zone_id, name, code, jnereg, jneoke) VALUES (3830, 278, "Solor Barat", "KOE20409", "83000", "70500");
INSERT INTO `oc_city` (city_id, zone_id, name, code, jnereg, jneoke) VALUES (3831, 278, "Solor Timur", "KOE20410", "83000", "70500");
INSERT INTO `oc_city` (city_id, zone_id, name, code, jnereg, jneoke) VALUES (3832, 278, "Tanjung Bunga", "KOE20411", "83000", "70500");
INSERT INTO `oc_city` (city_id, zone_id, name, code, jnereg, jneoke) VALUES (3833, 278, "Titihena", "KOE20417", "83000", "70500");
INSERT INTO `oc_city` (city_id, zone_id, name, code, jnereg, jneoke) VALUES (3834, 278, "Witihama", "KOE20418", "83000", "70500");
INSERT INTO `oc_city` (city_id, zone_id, name, code, jnereg, jneoke) VALUES (3835, 278, "Wotan Ulu mado", "KOE20419", "83000", "70500");
INSERT INTO `oc_city` (city_id, zone_id, name, code, jnereg, jneoke) VALUES (3836, 278, "Wulanggitan", "KOE20412", "83000", "70500");
INSERT INTO `oc_zone` (zone_id, country_id, name, status) VALUES (279, 19, "Kab. Kupang", 1);
INSERT INTO `oc_city` (city_id, zone_id, name, code, jnereg, jneoke) VALUES (3837, 279, "Amabioefeto Timur", "KOE21901", "71000", "58500");
INSERT INTO `oc_city` (city_id, zone_id, name, code, jnereg, jneoke) VALUES (3838, 279, "Amarasi Barat", "KOE21902", "71000", "58500");
INSERT INTO `oc_city` (city_id, zone_id, name, code, jnereg, jneoke) VALUES (3839, 279, "Amarasi Selatan", "KOE21903", "71000", "58500");
INSERT INTO `oc_city` (city_id, zone_id, name, code, jnereg, jneoke) VALUES (3840, 279, "Amarasi Timur", "KOE21904", "71000", "58500");
INSERT INTO `oc_city` (city_id, zone_id, name, code, jnereg, jneoke) VALUES (3841, 279, "Amarasi", "KOE21905", "71000", "58500");
INSERT INTO `oc_city` (city_id, zone_id, name, code, jnereg, jneoke) VALUES (3842, 279, "Amfoang Barat Daya", "KOE21906", "71000", "58500");
INSERT INTO `oc_city` (city_id, zone_id, name, code, jnereg, jneoke) VALUES (3843, 279, "Amfoang Barat Laut", "KOE21907", "71000", "58500");
INSERT INTO `oc_city` (city_id, zone_id, name, code, jnereg, jneoke) VALUES (3844, 279, "Amfoang Selatan", "KOE21908", "71000", "58500");
INSERT INTO `oc_city` (city_id, zone_id, name, code, jnereg, jneoke) VALUES (3845, 279, "Amfoang Utara", "KOE21909", "71000", "58500");
INSERT INTO `oc_city` (city_id, zone_id, name, code, jnereg, jneoke) VALUES (3846, 279, "Fatuleu", "KOE21910", "71000", "58500");
INSERT INTO `oc_city` (city_id, zone_id, name, code, jnereg, jneoke) VALUES (3847, 279, "Fatuleu Barat", "KOE21911", "71000", "58500");
INSERT INTO `oc_city` (city_id, zone_id, name, code, jnereg, jneoke) VALUES (3848, 279, "Fatuleu Tengah", "KOE21912", "71000", "58500");
INSERT INTO `oc_city` (city_id, zone_id, name, code, jnereg, jneoke) VALUES (3849, 279, "Hawu Mehara", "KOE21913", "71000", "58500");
INSERT INTO `oc_city` (city_id, zone_id, name, code, jnereg, jneoke) VALUES (3850, 279, "Kupang Barat", "KOE21914", "71000", "31500");
INSERT INTO `oc_city` (city_id, zone_id, name, code, jnereg, jneoke) VALUES (3851, 279, "Kupang Tengah", "KOE21915", "71000", "31500");
INSERT INTO `oc_city` (city_id, zone_id, name, code, jnereg, jneoke) VALUES (3852, 279, "Kupang Timur", "KOE21916", "71000", "31500");
INSERT INTO `oc_city` (city_id, zone_id, name, code, jnereg, jneoke) VALUES (3853, 279, "Nekemese", "KOE21917", "71000", "58500");
INSERT INTO `oc_city` (city_id, zone_id, name, code, jnereg, jneoke) VALUES (3854, 279, "Oelamasi", "KOE21900", "63000", "50500");
INSERT INTO `oc_city` (city_id, zone_id, name, code, jnereg, jneoke) VALUES (3855, 279, "Raijua", "KOE21918", "71000", "58500");
INSERT INTO `oc_city` (city_id, zone_id, name, code, jnereg, jneoke) VALUES (3856, 279, "Sabu Barat", "KOE21919", "71000", "58500");
INSERT INTO `oc_city` (city_id, zone_id, name, code, jnereg, jneoke) VALUES (3857, 279, "Sabu Liae", "KOE21920", "71000", "58500");
INSERT INTO `oc_city` (city_id, zone_id, name, code, jnereg, jneoke) VALUES (3858, 279, "Sabu Timur", "KOE21921", "71000", "58500");
INSERT INTO `oc_city` (city_id, zone_id, name, code, jnereg, jneoke) VALUES (3859, 279, "Semau", "KOE21922", "71000", "58500");
INSERT INTO `oc_city` (city_id, zone_id, name, code, jnereg, jneoke) VALUES (3860, 279, "Semau Selatan", "KOE21923", "71000", "58500");
INSERT INTO `oc_city` (city_id, zone_id, name, code, jnereg, jneoke) VALUES (3861, 279, "Sulamu", "KOE21924", "71000", "58500");
INSERT INTO `oc_city` (city_id, zone_id, name, code, jnereg, jneoke) VALUES (3862, 279, "Taebenu", "KOE21925", "71000", "58500");
INSERT INTO `oc_city` (city_id, zone_id, name, code, jnereg, jneoke) VALUES (3863, 279, "Takari", "KOE21926", "71000", "58500");
INSERT INTO `oc_zone` (zone_id, country_id, name, status) VALUES (280, 19, "Kab. Lembata", 1);
INSERT INTO `oc_city` (city_id, zone_id, name, code, jnereg, jneoke) VALUES (3864, 280, "Buyasuri", "KOE21801", "75500", "63000");
INSERT INTO `oc_city` (city_id, zone_id, name, code, jnereg, jneoke) VALUES (3865, 280, "Omesuri", "KOE21802", "75500", "63000");
INSERT INTO `oc_city` (city_id, zone_id, name, code, jnereg, jneoke) VALUES (3866, 280, "Lebatukan", "KOE21803", "75500", "63000");
INSERT INTO `oc_city` (city_id, zone_id, name, code, jnereg, jneoke) VALUES (3867, 280, "Lembata", "KOE21800", "63000", "50500");
INSERT INTO `oc_city` (city_id, zone_id, name, code, jnereg, jneoke) VALUES (3868, 280, "Ile Ape", "KOE21804", "75500", "63000");
INSERT INTO `oc_city` (city_id, zone_id, name, code, jnereg, jneoke) VALUES (3869, 280, "Nubatukan", "KOE21805", "75500", "63000");
INSERT INTO `oc_city` (city_id, zone_id, name, code, jnereg, jneoke) VALUES (3870, 280, "Atadei", "KOE21806", "75500", "63000");
INSERT INTO `oc_city` (city_id, zone_id, name, code, jnereg, jneoke) VALUES (3871, 280, "Nagawutung", "KOE21807", "75500", "63000");
INSERT INTO `oc_city` (city_id, zone_id, name, code, jnereg, jneoke) VALUES (3872, 280, "Wulandoni", "KOE21808", "75500", "63000");
INSERT INTO `oc_zone` (zone_id, country_id, name, status) VALUES (281, 19, "Kab. Manggarai", 1);
INSERT INTO `oc_city` (city_id, zone_id, name, code, jnereg, jneoke) VALUES (3873, 281, "Reo", "KOE20613", "82000", "50500");
INSERT INTO `oc_city` (city_id, zone_id, name, code) VALUES (3874, 281, "Cibal", "KOE20603");
INSERT INTO `oc_city` (city_id, zone_id, name, code, jnereg, jneoke) VALUES (3875, 281, "Komba", "KOE20616", "82000", "50500");
INSERT INTO `oc_city` (city_id, zone_id, name, code, jnereg, jneoke) VALUES (3876, 281, "Lambaleda", "KOE20611", "82000", "50500");
INSERT INTO `oc_city` (city_id, zone_id, name, code, jnereg, jneoke) VALUES (3877, 281, "Mborong", "KOE20617", "82000", "50500");
INSERT INTO `oc_city` (city_id, zone_id, name, code, jnereg, jneoke) VALUES (3878, 281, "Ponco Ranaka", "KOE20618", "82000", "50500");
INSERT INTO `oc_city` (city_id, zone_id, name, code, jnereg, jneoke) VALUES (3879, 281, "Sambi Rambas", "KOE20619", "82000", "50500");
INSERT INTO `oc_city` (city_id, zone_id, name, code, jnereg, jneoke) VALUES (3880, 281, "Satarmese", "KOE20614", "82000", "50500");
INSERT INTO `oc_city` (city_id, zone_id, name, code, jnereg, jneoke) VALUES (3881, 281, "Wae Rii", "KOE20620", "82000", "50500");
INSERT INTO `oc_city` (city_id, zone_id, name, code, jnereg, jneoke) VALUES (3882, 281, "Ruteng", "KOE20600", "63000", "50500");
INSERT INTO `oc_zone` (zone_id, country_id, name, status) VALUES (282, 19, "Kab. Manggarai Barat", 1);
INSERT INTO `oc_city` (city_id, zone_id, name, code, jnereg, jneoke) VALUES (3883, 282, "Komodo", "KOE21201", "89000", "74500");
INSERT INTO `oc_city` (city_id, zone_id, name, code, jnereg, jneoke) VALUES (3884, 282, "Kuwus", "KOE21202", "89000", "74500");
INSERT INTO `oc_city` (city_id, zone_id, name, code, jnereg, jneoke) VALUES (3885, 282, "Labuan Bajo", "KOE21200", "74000", "59500");
INSERT INTO `oc_city` (city_id, zone_id, name, code, jnereg, jneoke) VALUES (3886, 282, "Lembor", "KOE21203", "89000", "74500");
INSERT INTO `oc_city` (city_id, zone_id, name, code, jnereg, jneoke) VALUES (3887, 282, "Macang Pacar", "KOE21204", "89000", "74500");
INSERT INTO `oc_city` (city_id, zone_id, name, code, jnereg, jneoke) VALUES (3888, 282, "Sanonggoang", "KOE21205", "89000", "74500");
INSERT INTO `oc_zone` (zone_id, country_id, name, status) VALUES (283, 19, "Kab. Manggarai Timur", 1);
INSERT INTO `oc_city` (city_id, zone_id, name, code, jnereg, jneoke) VALUES (3889, 283, "Poco Ranaka", "KOE21303", "92000", "74500");
INSERT INTO `oc_city` (city_id, zone_id, name, code, jnereg, jneoke) VALUES (3890, 283, "Borong", "KOE21300", "87000", "69500");
INSERT INTO `oc_city` (city_id, zone_id, name, code, jnereg, jneoke) VALUES (3891, 283, "Lomba", "KOE21304", "92000", "74500");
INSERT INTO `oc_city` (city_id, zone_id, name, code, jnereg, jneoke) VALUES (3892, 283, "Lamba Leda", "KOE21302", "92000", "74500");
INSERT INTO `oc_city` (city_id, zone_id, name, code, jnereg, jneoke) VALUES (3893, 283, "Elar", "KOE21301", "92000", "74500");
INSERT INTO `oc_city` (city_id, zone_id, name, code, jnereg, jneoke) VALUES (3894, 283, "Sambi Rampas", "KOE21305", "92000", "74500");
INSERT INTO `oc_zone` (zone_id, country_id, name, status) VALUES (284, 19, "Kab. Nagekeo", 1);
INSERT INTO `oc_city` (city_id, zone_id, name, code, jnereg, jneoke) VALUES (3895, 284, "Mbay", "KOE21400", "51000", "41000");
INSERT INTO `oc_city` (city_id, zone_id, name, code, jnereg, jneoke) VALUES (3896, 284, "Aesesa", "KOE21401", "66000", "56000");
INSERT INTO `oc_city` (city_id, zone_id, name, code, jnereg, jneoke) VALUES (3897, 284, "Boawae", "KOE21403", "66000", "56000");
INSERT INTO `oc_city` (city_id, zone_id, name, code, jnereg, jneoke) VALUES (3898, 284, "Mauponggo", "KOE21404", "66000", "56000");
INSERT INTO `oc_city` (city_id, zone_id, name, code, jnereg, jneoke) VALUES (3899, 284, "Nangaroro", "KOE21405", "66000", "56000");
INSERT INTO `oc_city` (city_id, zone_id, name, code, jnereg, jneoke) VALUES (3900, 284, "Keo Tengah", "KOE21406", "66000", "56000");
INSERT INTO `oc_city` (city_id, zone_id, name, code, jnereg, jneoke) VALUES (3901, 284, "Wolo Wae", "KOE21407", "66000", "56000");
INSERT INTO `oc_city` (city_id, zone_id, name, code, jnereg, jneoke) VALUES (3902, 284, "Aesesa Selatan", "KOE21408", "66000", "56000");
INSERT INTO `oc_zone` (zone_id, country_id, name, status) VALUES (285, 19, "Kab. Ngada", 1);
INSERT INTO `oc_city` (city_id, zone_id, name, code, jnereg, jneoke) VALUES (3903, 285, "Aimere", "KOE20902", "83500", "79500");
INSERT INTO `oc_city` (city_id, zone_id, name, code, jnereg, jneoke) VALUES (3904, 285, "Bajawa", "KOE20900", "63000", "59500");
INSERT INTO `oc_city` (city_id, zone_id, name, code, jnereg, jneoke) VALUES (3905, 285, "Jere Buu", "KOE20908", "83500", "79500");
INSERT INTO `oc_city` (city_id, zone_id, name, code, jnereg, jneoke) VALUES (3906, 285, "Ngada Bawa", "KOE20912", "83500", "79500");
INSERT INTO `oc_city` (city_id, zone_id, name, code, jnereg, jneoke) VALUES (3907, 285, "Riung Barat", "KOE20913", "83500", "79500");
INSERT INTO `oc_city` (city_id, zone_id, name, code, jnereg, jneoke) VALUES (3908, 285, "Riung", "KOE20907", "83500", "79500");
INSERT INTO `oc_city` (city_id, zone_id, name, code, jnereg, jneoke) VALUES (3909, 285, "Soa", "KOE20914", "83500", "79500");
INSERT INTO `oc_city` (city_id, zone_id, name, code, jnereg, jneoke) VALUES (3910, 285, "Wogomang Ulewa", "KOE20915", "83500", "79500");
INSERT INTO `oc_city` (city_id, zone_id, name, code, jnereg, jneoke) VALUES (3911, 285, "Golewa", "KOE20917", "83500", "79500");
INSERT INTO `oc_zone` (zone_id, country_id, name, status) VALUES (286, 19, "Kab. Rote Ndao", 1);
INSERT INTO `oc_city` (city_id, zone_id, name, code, jnereg, jneoke) VALUES (3912, 286, "Baa", "KOE21500", "74000", "59000");
INSERT INTO `oc_city` (city_id, zone_id, name, code, jnereg, jneoke) VALUES (3913, 286, "Lobalain", "KOE21501", "74000", "77000");
INSERT INTO `oc_city` (city_id, zone_id, name, code, jnereg, jneoke) VALUES (3914, 286, "Pantai Baru", "KOE21502", "74000", "77000");
INSERT INTO `oc_city` (city_id, zone_id, name, code, jnereg, jneoke) VALUES (3915, 286, "Rote Barat Daya", "KOE21503", "74000", "77000");
INSERT INTO `oc_city` (city_id, zone_id, name, code, jnereg, jneoke) VALUES (3916, 286, "Rote Barat Laut", "KOE21504", "74000", "77000");
INSERT INTO `oc_city` (city_id, zone_id, name, code, jnereg, jneoke) VALUES (3917, 286, "Rote Tengah", "KOE21505", "74000", "77000");
INSERT INTO `oc_city` (city_id, zone_id, name, code, jnereg, jneoke) VALUES (3918, 286, "Rote Timur", "KOE21506", "74000", "77000");
INSERT INTO `oc_zone` (zone_id, country_id, name, status) VALUES (287, 19, "Kab. Sikka", 1);
INSERT INTO `oc_city` (city_id, zone_id, name, code, jnereg, jneoke) VALUES (3919, 287, "Alok", "KOE20507", "83000", "70500");
INSERT INTO `oc_city` (city_id, zone_id, name, code, jnereg, jneoke) VALUES (3920, 287, "Bola", "KOE20501", "83000", "70500");
INSERT INTO `oc_city` (city_id, zone_id, name, code, jnereg, jneoke) VALUES (3921, 287, "Kewapante", "KOE20502", "83000", "70500");
INSERT INTO `oc_city` (city_id, zone_id, name, code, jnereg, jneoke) VALUES (3922, 287, "Lela", "KOE20503", "83000", "70500");
INSERT INTO `oc_city` (city_id, zone_id, name, code, jnereg, jneoke) VALUES (3923, 287, "Maumere", "KOE20500", "63000", "50500");
INSERT INTO `oc_city` (city_id, zone_id, name, code) VALUES (3924, 287, "Mego", "KOE20508");
INSERT INTO `oc_city` (city_id, zone_id, name, code, jnereg, jneoke) VALUES (3925, 287, "Nitta", "KOE20504", "83000", "70500");
INSERT INTO `oc_city` (city_id, zone_id, name, code, jnereg, jneoke) VALUES (3926, 287, "Paga", "KOE20505", "83000", "70500");
INSERT INTO `oc_city` (city_id, zone_id, name, code, jnereg, jneoke) VALUES (3927, 287, "Palue", "KOE20509", "83000", "70500");
INSERT INTO `oc_city` (city_id, zone_id, name, code, jnereg, jneoke) VALUES (3928, 287, "Talibura", "KOE20506", "83000", "70500");
INSERT INTO `oc_city` (city_id, zone_id, name, code, jnereg, jneoke) VALUES (3929, 287, "Waigete", "KOE20510", "83000", "70500");
INSERT INTO `oc_zone` (zone_id, country_id, name, status) VALUES (288, 19, "Kab. Sumba Barat", 1);
INSERT INTO `oc_city` (city_id, zone_id, name, code, jnereg, jneoke) VALUES (3930, 288, "Laratama", "KOE21103", "77000", "62500");
INSERT INTO `oc_city` (city_id, zone_id, name, code, jnereg, jneoke) VALUES (3931, 288, "Waikabubak", "KOE21100", "74000", "59500");
INSERT INTO `oc_city` (city_id, zone_id, name, code, jnereg, jneoke) VALUES (3932, 288, "Walakaka", "KOE21104", "77000", "62500");
INSERT INTO `oc_zone` (zone_id, country_id, name, status) VALUES (289, 19, "Kab. Sumba Barat Daya", 1);
INSERT INTO `oc_city` (city_id, zone_id, name, code, jnereg, jneoke) VALUES (3933, 289, "Kodi", "KOE21601", "77000", "62500");
INSERT INTO `oc_city` (city_id, zone_id, name, code, jnereg, jneoke) VALUES (3934, 289, "Kodi Bangedo", "KOE21604", "77000", "62500");
INSERT INTO `oc_city` (city_id, zone_id, name, code) VALUES (3935, 289, "Kodi Utara", "KOE21605");
INSERT INTO `oc_city` (city_id, zone_id, name, code) VALUES (3936, 289, "Laura", "KOE21606");
INSERT INTO `oc_city` (city_id, zone_id, name, code, jnereg, jneoke) VALUES (3937, 289, "Tambolaka", "KOE21600", "74000", "59500");
INSERT INTO `oc_city` (city_id, zone_id, name, code, jnereg, jneoke) VALUES (3938, 289, "Wewewa Barat", "KOE21602", "77000", "62500");
INSERT INTO `oc_city` (city_id, zone_id, name, code, jnereg, jneoke) VALUES (3939, 289, "Wewewa Selatan", "KOE21607", "77000", "62500");
INSERT INTO `oc_city` (city_id, zone_id, name, code, jnereg, jneoke) VALUES (3940, 289, "Wewewa Timur", "KOE21603", "77000", "62500");
INSERT INTO `oc_city` (city_id, zone_id, name, code, jnereg, jneoke) VALUES (3941, 289, "Wewewa Utara", "KOE21608", "77000", "62500");
INSERT INTO `oc_zone` (zone_id, country_id, name, status) VALUES (290, 19, "Kab. Sumba Tengah", 1);
INSERT INTO `oc_city` (city_id, zone_id, name, code, jnereg, jneoke) VALUES (3942, 290, "Katikutana", "KOE10104", "78000", "62500");
INSERT INTO `oc_city` (city_id, zone_id, name, code, jnereg, jneoke) VALUES (3943, 290, "Mamboro", "KOE10101", "78000", "75500");
INSERT INTO `oc_city` (city_id, zone_id, name, code, jnereg, jneoke) VALUES (3944, 290, "Umbu Ratu Nggay", "KOE10102", "78000", "75500");
INSERT INTO `oc_city` (city_id, zone_id, name, code, jnereg, jneoke) VALUES (3945, 290, "Umbu Ratu Nggay Barat", "KOE10103", "78000", "75500");
INSERT INTO `oc_city` (city_id, zone_id, name, code, jnereg, jneoke) VALUES (3946, 290, "Waibakul", "KOE10100", "63000", "50500");
INSERT INTO `oc_zone` (zone_id, country_id, name, status) VALUES (291, 19, "Kab. Sumba Timur", 1);
INSERT INTO `oc_city` (city_id, zone_id, name, code, jnereg, jneoke) VALUES (3947, 291, "Haharu", "KOE21006", "86000", "73500");
INSERT INTO `oc_city` (city_id, zone_id, name, code, jnereg, jneoke) VALUES (3948, 291, "Kahaungu Eti", "KOE21007", "86000", "73500");
INSERT INTO `oc_city` (city_id, zone_id, name, code, jnereg, jneoke) VALUES (3949, 291, "Karera", "KOE21008", "86000", "73500");
INSERT INTO `oc_city` (city_id, zone_id, name, code, jnereg, jneoke) VALUES (3950, 291, "Waingapu", "KOE21000", "63000", "50500");
INSERT INTO `oc_city` (city_id, zone_id, name, code, jnereg, jneoke) VALUES (3951, 291, "Lewa", "KOE21001", "86000", "73500");
INSERT INTO `oc_city` (city_id, zone_id, name, code, jnereg, jneoke) VALUES (3952, 291, "Matawai Lapau", "KOE21010", "86000", "73500");
INSERT INTO `oc_city` (city_id, zone_id, name, code, jnereg, jneoke) VALUES (3953, 291, "Nggaha Oriangu", "KOE21011", "86000", "73500");
INSERT INTO `oc_city` (city_id, zone_id, name, code, jnereg, jneoke) VALUES (3954, 291, "Paberiwai", "KOE21002", "86000", "73500");
INSERT INTO `oc_city` (city_id, zone_id, name, code, jnereg, jneoke) VALUES (3955, 291, "Pahunga Lodu", "KOE21003", "86000", "73500");
INSERT INTO `oc_city` (city_id, zone_id, name, code, jnereg, jneoke) VALUES (3956, 291, "Pandawai", "KOE21012", "86000", "73500");
INSERT INTO `oc_city` (city_id, zone_id, name, code, jnereg, jneoke) VALUES (3957, 291, "Pinu Pahar", "KOE21013", "86000", "73500");
INSERT INTO `oc_city` (city_id, zone_id, name, code, jnereg, jneoke) VALUES (3958, 291, "Rindi", "KOE21014", "86000", "73500");
INSERT INTO `oc_city` (city_id, zone_id, name, code, jnereg, jneoke) VALUES (3959, 291, "Tabundung", "KOE21005", "86000", "73500");
INSERT INTO `oc_city` (city_id, zone_id, name, code, jnereg, jneoke) VALUES (3960, 291, "Umalulu", "KOE21015", "86000", "73500");
INSERT INTO `oc_city` (city_id, zone_id, name, code, jnereg, jneoke) VALUES (3961, 291, "Wulla Waijelu", "KOE21016", "86000", "73500");
INSERT INTO `oc_zone` (zone_id, country_id, name, status) VALUES (292, 19, "Kab. Timor Tengah Selatan", 1);
INSERT INTO `oc_city` (city_id, zone_id, name, code, jnereg, jneoke) VALUES (3962, 292, "Amanatun Selatan", "KOE20702", "73000", "63000");
INSERT INTO `oc_city` (city_id, zone_id, name, code, jnereg, jneoke) VALUES (3963, 292, "Amanatun Tengah", "KOE20709", "73000", "63000");
INSERT INTO `oc_city` (city_id, zone_id, name, code, jnereg, jneoke) VALUES (3964, 292, "Amanatun Timur", "KOE20710", "73000", "63000");
INSERT INTO `oc_city` (city_id, zone_id, name, code, jnereg, jneoke) VALUES (3965, 292, "Amanatun Utara", "KOE20701", "73000", "63000");
INSERT INTO `oc_city` (city_id, zone_id, name, code, jnereg, jneoke) VALUES (3966, 292, "Amanuban Barat", "KOE20706", "73000", "63000");
INSERT INTO `oc_city` (city_id, zone_id, name, code, jnereg, jneoke) VALUES (3967, 292, "Amanuban Selatan", "KOE20704", "73000", "63000");
INSERT INTO `oc_city` (city_id, zone_id, name, code, jnereg, jneoke) VALUES (3968, 292, "Batu Putih", "KOE20711", "73000", "63000");
INSERT INTO `oc_city` (city_id, zone_id, name, code, jnereg, jneoke) VALUES (3969, 292, "Boking", "KOE20712", "73000", "63000");
INSERT INTO `oc_city` (city_id, zone_id, name, code, jnereg, jneoke) VALUES (3970, 292, "Fatumnasi", "KOE20713", "73000", "63000");
INSERT INTO `oc_city` (city_id, zone_id, name, code, jnereg, jneoke) VALUES (3971, 292, "Kalbano", "KOE20714", "73000", "63000");
INSERT INTO `oc_city` (city_id, zone_id, name, code, jnereg, jneoke) VALUES (3972, 292, "Kie", "KOE20715", "73000", "63000");
INSERT INTO `oc_city` (city_id, zone_id, name, code, jnereg, jneoke) VALUES (3973, 292, "Soe", "KOE20700", "51000", "41000");
INSERT INTO `oc_city` (city_id, zone_id, name, code, jnereg, jneoke) VALUES (3974, 292, "Kot'olin", "KOE20716", "73000", "63000");
INSERT INTO `oc_city` (city_id, zone_id, name, code, jnereg, jneoke) VALUES (3975, 292, "Kualin", "KOE20717", "73000", "63000");
INSERT INTO `oc_city` (city_id, zone_id, name, code, jnereg, jneoke) VALUES (3976, 292, "Kuan Fatu", "KOE20718", "73000", "63000");
INSERT INTO `oc_city` (city_id, zone_id, name, code, jnereg, jneoke) VALUES (3977, 292, "Mollo Selatan", "KOE20708", "73000", "63000");
INSERT INTO `oc_city` (city_id, zone_id, name, code, jnereg, jneoke) VALUES (3978, 292, "Mollo Utara", "KOE20707", "73000", "63000");
INSERT INTO `oc_city` (city_id, zone_id, name, code, jnereg, jneoke) VALUES (3979, 292, "Nunkolo", "KOE20719", "73000", "63000");
INSERT INTO `oc_city` (city_id, zone_id, name, code, jnereg, jneoke) VALUES (3980, 292, "Oenino", "KOE20720", "73000", "63000");
INSERT INTO `oc_city` (city_id, zone_id, name, code, jnereg, jneoke) VALUES (3981, 292, "Polen", "KOE20721", "73000", "63000");
INSERT INTO `oc_city` (city_id, zone_id, name, code, jnereg, jneoke) VALUES (3982, 292, "Tionas", "KOE20722", "73000", "63000");
INSERT INTO `oc_zone` (zone_id, country_id, name, status) VALUES (293, 19, "Kab. Timor Tengah Utara", 1);
INSERT INTO `oc_city` (city_id, zone_id, name, code, jnereg, jneoke) VALUES (3983, 293, "Biboki Anleu", "KOE20306", "75000", "53000");
INSERT INTO `oc_city` (city_id, zone_id, name, code, jnereg, jneoke) VALUES (3984, 293, "Biboki Selatan", "KOE20301", "75000", "53000");
INSERT INTO `oc_city` (city_id, zone_id, name, code, jnereg, jneoke) VALUES (3985, 293, "Biboki Utara", "KOE20302", "75000", "53000");
INSERT INTO `oc_city` (city_id, zone_id, name, code, jnereg, jneoke) VALUES (3986, 293, "Insana", "KOE20303", "75000", "53000");
INSERT INTO `oc_city` (city_id, zone_id, name, code, jnereg, jneoke) VALUES (3987, 293, "Insana Utara", "KOE20307", "75000", "53000");
INSERT INTO `oc_city` (city_id, zone_id, name, code, jnereg, jneoke) VALUES (3988, 293, "Kefamenanu", "KOE20300", "63000", "41000");
INSERT INTO `oc_city` (city_id, zone_id, name, code, jnereg, jneoke) VALUES (3989, 293, "Miomafo Barat", "KOE20304", "75000", "53000");
INSERT INTO `oc_city` (city_id, zone_id, name, code, jnereg, jneoke) VALUES (3990, 293, "Miomafo Timur", "KOE20305", "75000", "53000");
INSERT INTO `oc_city` (city_id, zone_id, name, code, jnereg, jneoke) VALUES (3991, 293, "Neomuti", "KOE20309", "75000", "53000");
INSERT INTO `oc_zone` (zone_id, country_id, name, status) VALUES (294, 19, "Kota Kupang", 1);
INSERT INTO `oc_city` (city_id, zone_id, name, code, jnereg, jneoke) VALUES (3992, 294, "Alak", "KOE10029", "42000", "31500");
INSERT INTO `oc_city` (city_id, zone_id, name, code, jnereg, jneoke) VALUES (3993, 294, "Kelapa Lima", "KOE10030", "42000", "31500");
INSERT INTO `oc_city` (city_id, zone_id, name, code, jnereg, jneoke) VALUES (3994, 294, "Kupang", "KOE10000", "42000", "31500");
INSERT INTO `oc_city` (city_id, zone_id, name, code, jnereg, jneoke) VALUES (3995, 294, "Mawlapa", "KOE10031", "42000", "31500");
INSERT INTO `oc_city` (city_id, zone_id, name, code, jnereg, jneoke) VALUES (3996, 294, "Oebobo", "KOE10032", "42000", "31500");
INSERT INTO `oc_country` (country_id, name, iso_code_2, iso_code_3, postcode_required, status) VALUES (20, "Kalimantan Barat", "ID", "IDN", 1, 1);
INSERT INTO `oc_zone` (zone_id, country_id, name, status) VALUES (295, 20, "Kab. Bengkayang", 1);
INSERT INTO `oc_city` (city_id, zone_id, name, code, jnereg, jneoke) VALUES (3997, 295, "Bengkayang", "PNK20600", "30000", "24000");
INSERT INTO `oc_city` (city_id, zone_id, name, code, jnereg, jneoke) VALUES (3998, 295, "Jagoi Babang", "PNK20606", "39000", "28800");
INSERT INTO `oc_city` (city_id, zone_id, name, code, jnereg, jneoke) VALUES (3999, 295, "Ledo", "PNK20601", "39000", "28800");
INSERT INTO `oc_city` (city_id, zone_id, name, code, jnereg, jneoke) VALUES (4000, 295, "Monterado", "PNK20607", "39000", "28800");
INSERT INTO `oc_city` (city_id, zone_id, name, code, jnereg, jneoke) VALUES (4001, 295, "Samalantan", "PNK20602", "39000", "28800");
INSERT INTO `oc_city` (city_id, zone_id, name, code, jnereg, jneoke) VALUES (4002, 295, "Sanggau Ledo", "PNK20603", "39000", "28800");
INSERT INTO `oc_city` (city_id, zone_id, name, code, jnereg, jneoke) VALUES (4003, 295, "Seluas", "PNK20604", "39000", "28800");
INSERT INTO `oc_city` (city_id, zone_id, name, code, jnereg, jneoke) VALUES (4004, 295, "Sungai Raya", "PNK20605", "39000", "28800");
INSERT INTO `oc_city` (city_id, zone_id, name, code, jnereg, jneoke) VALUES (4005, 295, "Suti Semarang", "PNK20608", "39000", "28800");
INSERT INTO `oc_city` (city_id, zone_id, name, code, jnereg, jneoke) VALUES (4006, 295, "Teriak", "PNK20609", "39000", "28800");
INSERT INTO `oc_zone` (zone_id, country_id, name, status) VALUES (296, 20, "Kab. Kapuas Hulu", 1);
INSERT INTO `oc_city` (city_id, zone_id, name, code, jnereg, jneoke) VALUES (4007, 296, "Badau", "PNK20201", "50000", "38400");
INSERT INTO `oc_city` (city_id, zone_id, name, code, jnereg, jneoke) VALUES (4008, 296, "Batang Lupar", "PNK20202", "50000", "38400");
INSERT INTO `oc_city` (city_id, zone_id, name, code, jnereg, jneoke) VALUES (4009, 296, "Batu Datu", "PNK20218", "50000", "38400");
INSERT INTO `oc_city` (city_id, zone_id, name, code, jnereg, jneoke) VALUES (4010, 296, "Boyan Tanjung", "PNK20219", "50000", "38400");
INSERT INTO `oc_city` (city_id, zone_id, name, code, jnereg, jneoke) VALUES (4011, 296, "Bunut Hilir", "PNK20203", "50000", "38400");
INSERT INTO `oc_city` (city_id, zone_id, name, code, jnereg, jneoke) VALUES (4012, 296, "Bunut Hulu", "PNK20204", "50000", "38400");
INSERT INTO `oc_city` (city_id, zone_id, name, code, jnereg, jneoke) VALUES (4013, 296, "Embaloh Hilir", "PNK20205", "50000", "38400");
INSERT INTO `oc_city` (city_id, zone_id, name, code, jnereg, jneoke) VALUES (4014, 296, "Embaloh Hulu", "PNK20206", "50000", "38400");
INSERT INTO `oc_city` (city_id, zone_id, name, code, jnereg, jneoke) VALUES (4015, 296, "Embau", "PNK20207", "50000", "38400");
INSERT INTO `oc_city` (city_id, zone_id, name, code, jnereg, jneoke) VALUES (4016, 296, "Empanang", "PNK20208", "50000", "38400");
INSERT INTO `oc_city` (city_id, zone_id, name, code, jnereg, jneoke) VALUES (4017, 296, "Hulu Gurung", "PNK20209", "50000", "38400");
INSERT INTO `oc_city` (city_id, zone_id, name, code, jnereg, jneoke) VALUES (4018, 296, "Kalis", "PNK20220", "50000", "38400");
INSERT INTO `oc_city` (city_id, zone_id, name, code, jnereg, jneoke) VALUES (4019, 296, "Kedamin", "PNK20221", "50000", "38400");
INSERT INTO `oc_city` (city_id, zone_id, name, code, jnereg, jneoke) VALUES (4020, 296, "Manday", "PNK20210", "50000", "38400");
INSERT INTO `oc_city` (city_id, zone_id, name, code, jnereg, jneoke) VALUES (4021, 296, "Mentebah", "PNK20222", "50000", "38400");
INSERT INTO `oc_city` (city_id, zone_id, name, code, jnereg, jneoke) VALUES (4022, 296, "Puring Kencana", "PNK20223", "50000", "38400");
INSERT INTO `oc_city` (city_id, zone_id, name, code, jnereg, jneoke) VALUES (4023, 296, "Putussibau", "PNK20200", "40000", "32000");
INSERT INTO `oc_city` (city_id, zone_id, name, code, jnereg, jneoke) VALUES (4024, 296, "Seberuang", "PNK20211", "50000", "38400");
INSERT INTO `oc_city` (city_id, zone_id, name, code, jnereg, jneoke) VALUES (4025, 296, "Selimbau", "PNK20212", "50000", "38400");
INSERT INTO `oc_city` (city_id, zone_id, name, code, jnereg, jneoke) VALUES (4026, 296, "Semitau", "PNK20213", "50000", "38400");
INSERT INTO `oc_city` (city_id, zone_id, name, code, jnereg, jneoke) VALUES (4027, 296, "Silat Hilir", "PNK20214", "50000", "38400");
INSERT INTO `oc_city` (city_id, zone_id, name, code, jnereg, jneoke) VALUES (4028, 296, "Silat Hulu", "PNK20215", "50000", "38400");
INSERT INTO `oc_city` (city_id, zone_id, name, code, jnereg, jneoke) VALUES (4029, 296, "Suhaid", "PNK20224", "50000", "38400");
INSERT INTO `oc_zone` (zone_id, country_id, name, status) VALUES (297, 20, "Kab. Ketapang", 1);
INSERT INTO `oc_city` (city_id, zone_id, name, code, jnereg, jneoke) VALUES (4030, 297, "Benua Kayong", "PNK10113", "50000", "38400");
INSERT INTO `oc_city` (city_id, zone_id, name, code, jnereg, jneoke) VALUES (4031, 297, "Air Upas", "PNK10114", "50000", "38400");
INSERT INTO `oc_city` (city_id, zone_id, name, code, jnereg, jneoke) VALUES (4032, 297, "Delta Pawan", "PNK10115", "50000", "38400");
INSERT INTO `oc_city` (city_id, zone_id, name, code, jnereg, jneoke) VALUES (4033, 297, "Hulu Sungai", "PNK10116", "50000", "38400");
INSERT INTO `oc_city` (city_id, zone_id, name, code, jnereg, jneoke) VALUES (4034, 297, "Jelai Hulu", "PNK10101", "50000", "38400");
INSERT INTO `oc_city` (city_id, zone_id, name, code, jnereg, jneoke) VALUES (4035, 297, "Kendawangan", "PNK10102", "50000", "38400");
INSERT INTO `oc_city` (city_id, zone_id, name, code, jnereg, jneoke) VALUES (4036, 297, "Ketapang", "PNK10100", "40000", "32000");
INSERT INTO `oc_city` (city_id, zone_id, name, code, jnereg, jneoke) VALUES (4037, 297, "Manis Mata", "PNK10103", "50000", "38400");
INSERT INTO `oc_city` (city_id, zone_id, name, code, jnereg, jneoke) VALUES (4038, 297, "Marau", "PNK10104", "50000", "38400");
INSERT INTO `oc_city` (city_id, zone_id, name, code, jnereg, jneoke) VALUES (4039, 297, "Matan Hilir Selatan", "PNK10118", "50000", "38400");
INSERT INTO `oc_city` (city_id, zone_id, name, code, jnereg, jneoke) VALUES (4040, 297, "Matan Hilir Utara", "PNK10119", "50000", "38400");
INSERT INTO `oc_city` (city_id, zone_id, name, code, jnereg, jneoke) VALUES (4041, 297, "Muara Pawan", "PNK10120", "50000", "38400");
INSERT INTO `oc_city` (city_id, zone_id, name, code, jnereg, jneoke) VALUES (4042, 297, "Nanga Tayap", "PNK10105", "50000", "38400");
INSERT INTO `oc_city` (city_id, zone_id, name, code, jnereg, jneoke) VALUES (4043, 297, "Pemaham", "PNK10121", "50000", "38400");
INSERT INTO `oc_city` (city_id, zone_id, name, code, jnereg, jneoke) VALUES (4044, 297, "Sandai", "PNK10107", "50000", "38400");
INSERT INTO `oc_city` (city_id, zone_id, name, code, jnereg, jneoke) VALUES (4045, 297, "Simpang Dua", "PNK10123", "50000", "38400");
INSERT INTO `oc_city` (city_id, zone_id, name, code, jnereg, jneoke) VALUES (4046, 297, "Simpang Hulu", "PNK10109", "50000", "38400");
INSERT INTO `oc_city` (city_id, zone_id, name, code, jnereg, jneoke) VALUES (4047, 297, "Singkup", "PNK10124", "50000", "38400");
INSERT INTO `oc_city` (city_id, zone_id, name, code, jnereg, jneoke) VALUES (4048, 297, "Sungai Laur", "PNK10111", "50000", "38400");
INSERT INTO `oc_city` (city_id, zone_id, name, code, jnereg, jneoke) VALUES (4049, 297, "Tumbang Titi", "PNK10112", "50000", "38400");
INSERT INTO `oc_zone` (zone_id, country_id, name, status) VALUES (298, 20, "Kab. Kayong Utara", 1);
INSERT INTO `oc_city` (city_id, zone_id, name, code, jnereg, jneoke) VALUES (4050, 298, "Pulau Maya Karimata", "PNK21301", "50000", "38400");
INSERT INTO `oc_city` (city_id, zone_id, name, code, jnereg, jneoke) VALUES (4051, 298, "Simpang Hilir", "PNK21302", "50000", "38400");
INSERT INTO `oc_city` (city_id, zone_id, name, code, jnereg, jneoke) VALUES (4052, 298, "Sukadana", "PNK21300", "40000", "32000");
INSERT INTO `oc_city` (city_id, zone_id, name, code, jnereg, jneoke) VALUES (4053, 298, "Teluk Batang", "PNK21303", "50000", "38400");
INSERT INTO `oc_city` (city_id, zone_id, name, code, jnereg, jneoke) VALUES (4054, 298, "Seponti Jaya", "PNK21304", "50000", "38400");
INSERT INTO `oc_zone` (zone_id, country_id, name, status) VALUES (299, 20, "Kab. Landak", 1);
INSERT INTO `oc_city` (city_id, zone_id, name, code, jnereg, jneoke) VALUES (4055, 299, "Air Besar", "PNK20701", "39500", "28800");
INSERT INTO `oc_city` (city_id, zone_id, name, code, jnereg, jneoke) VALUES (4056, 299, "Kuala Behe", "PNK20707", "39500", "28800");
INSERT INTO `oc_city` (city_id, zone_id, name, code, jnereg, jneoke) VALUES (4057, 299, "Mandor", "PNK20702", "39500", "28800");
INSERT INTO `oc_city` (city_id, zone_id, name, code, jnereg, jneoke) VALUES (4058, 299, "Mempawah Hulu", "PNK20703", "39500", "28800");
INSERT INTO `oc_city` (city_id, zone_id, name, code, jnereg, jneoke) VALUES (4059, 299, "Menjalin", "PNK20704", "39500", "28800");
INSERT INTO `oc_city` (city_id, zone_id, name, code, jnereg, jneoke) VALUES (4060, 299, "Menyuke", "PNK20705", "39500", "28800");
INSERT INTO `oc_city` (city_id, zone_id, name, code, jnereg, jneoke) VALUES (4061, 299, "Meranti", "PNK20708", "39500", "28800");
INSERT INTO `oc_city` (city_id, zone_id, name, code, jnereg, jneoke) VALUES (4062, 299, "Ngabang", "PNK20700", "30000", "24000");
INSERT INTO `oc_city` (city_id, zone_id, name, code, jnereg, jneoke) VALUES (4063, 299, "Sebangki", "PNK20709", "39500", "28800");
INSERT INTO `oc_city` (city_id, zone_id, name, code, jnereg, jneoke) VALUES (4064, 299, "Sengah Temila", "PNK20706", "39500", "28800");
INSERT INTO `oc_zone` (zone_id, country_id, name, status) VALUES (300, 20, "Kab. Melawi", 1);
INSERT INTO `oc_city` (city_id, zone_id, name, code, jnereg, jneoke) VALUES (4065, 300, "Ambalau", "PNK20801", "45000", "33600");
INSERT INTO `oc_city` (city_id, zone_id, name, code, jnereg, jneoke) VALUES (4066, 300, "Belimbing", "PNK20802", "45000", "33600");
INSERT INTO `oc_city` (city_id, zone_id, name, code, jnereg, jneoke) VALUES (4067, 300, "Ella Hilir", "PNK20803", "45000", "33600");
INSERT INTO `oc_city` (city_id, zone_id, name, code, jnereg, jneoke) VALUES (4068, 300, "Menukung", "PNK20804", "45000", "33600");
INSERT INTO `oc_city` (city_id, zone_id, name, code, jnereg, jneoke) VALUES (4069, 300, "Nanga Pinoh", "PNK20800", "35000", "28000");
INSERT INTO `oc_city` (city_id, zone_id, name, code, jnereg, jneoke) VALUES (4070, 300, "Sayan", "PNK20805", "45000", "33600");
INSERT INTO `oc_city` (city_id, zone_id, name, code, jnereg, jneoke) VALUES (4071, 300, "Serawai", "PNK20806", "45000", "33600");
INSERT INTO `oc_city` (city_id, zone_id, name, code, jnereg, jneoke) VALUES (4072, 300, "Sokan", "PNK20807", "45000", "33600");
INSERT INTO `oc_city` (city_id, zone_id, name, code, jnereg, jneoke) VALUES (4073, 300, "Tanah Pinoh", "PNK20808", "45000", "33600");
INSERT INTO `oc_zone` (zone_id, country_id, name, status) VALUES (301, 20, "Kab. Pontianak", 1);
INSERT INTO `oc_city` (city_id, zone_id, name, code, jnereg, jneoke) VALUES (4074, 301, "Kubu", "PNK20902", "37000", "28800");
INSERT INTO `oc_city` (city_id, zone_id, name, code, jnereg, jneoke) VALUES (4075, 301, "Mempawah", "PNK20900", "30000", "24000");
INSERT INTO `oc_city` (city_id, zone_id, name, code, jnereg, jneoke) VALUES (4076, 301, "Rasau Jaya", "PNK20913", "37000", "28800");
INSERT INTO `oc_city` (city_id, zone_id, name, code, jnereg, jneoke) VALUES (4077, 301, "Siantan/ Wajok", "PNK20908", "30000", "24000");
INSERT INTO `oc_city` (city_id, zone_id, name, code, jnereg, jneoke) VALUES (4078, 301, "Sungai Ambawang", "PNK20903", "37000", "28800");
INSERT INTO `oc_city` (city_id, zone_id, name, code, jnereg, jneoke) VALUES (4079, 301, "Sungai Kakap", "PNK20904", "37000", "28800");
INSERT INTO `oc_city` (city_id, zone_id, name, code, jnereg, jneoke) VALUES (4080, 301, "Sungai Kunyit", "PNK20905", "37000", "28800");
INSERT INTO `oc_city` (city_id, zone_id, name, code, jnereg, jneoke) VALUES (4081, 301, "Sungai Pinyuh", "PNK20906", "37000", "28800");
INSERT INTO `oc_city` (city_id, zone_id, name, code, jnereg, jneoke) VALUES (4082, 301, "Sungai Raya", "PNK20907", "37000", "28800");
INSERT INTO `oc_city` (city_id, zone_id, name, code, jnereg, jneoke) VALUES (4083, 301, "Telok Pa'kedai", "PNK20909", "37000", "28800");
INSERT INTO `oc_city` (city_id, zone_id, name, code, jnereg, jneoke) VALUES (4084, 301, "Toho", "PNK20911", "37000", "28800");
INSERT INTO `oc_zone` (zone_id, country_id, name, status) VALUES (302, 20, "Kab. Sambas", 1);
INSERT INTO `oc_city` (city_id, zone_id, name, code, jnereg, jneoke) VALUES (4085, 302, "Galing", "PNK21008", "38000", "28800");
INSERT INTO `oc_city` (city_id, zone_id, name, code, jnereg, jneoke) VALUES (4086, 302, "Jawai", "PNK21001", "38000", "28800");
INSERT INTO `oc_city` (city_id, zone_id, name, code, jnereg, jneoke) VALUES (4087, 302, "Jawai Selatan", "PNK21009", "38000", "28800");
INSERT INTO `oc_city` (city_id, zone_id, name, code, jnereg, jneoke) VALUES (4088, 302, "Paloh", "PNK21002", "38000", "28800");
INSERT INTO `oc_city` (city_id, zone_id, name, code, jnereg, jneoke) VALUES (4089, 302, "Pemangkat", "PNK21003", "38000", "28800");
INSERT INTO `oc_city` (city_id, zone_id, name, code, jnereg, jneoke) VALUES (4090, 302, "Sajingan", "PNK21010", "38000", "28800");
INSERT INTO `oc_city` (city_id, zone_id, name, code, jnereg, jneoke) VALUES (4091, 302, "Sambas", "PNK21000", "30000", "24000");
INSERT INTO `oc_city` (city_id, zone_id, name, code, jnereg, jneoke) VALUES (4092, 302, "Sajad", "PNK21011", "38000", "28800");
INSERT INTO `oc_city` (city_id, zone_id, name, code, jnereg, jneoke) VALUES (4093, 302, "Sebawi", "PNK21012", "38000", "28800");
INSERT INTO `oc_city` (city_id, zone_id, name, code, jnereg, jneoke) VALUES (4094, 302, "Sejangkung", "PNK21004", "38000", "28800");
INSERT INTO `oc_city` (city_id, zone_id, name, code, jnereg, jneoke) VALUES (4095, 302, "Selakau", "PNK21005", "38000", "28800");
INSERT INTO `oc_city` (city_id, zone_id, name, code, jnereg, jneoke) VALUES (4096, 302, "Semparuk", "PNK21013", "38000", "28800");
INSERT INTO `oc_city` (city_id, zone_id, name, code, jnereg, jneoke) VALUES (4097, 302, "Subah", "PNK21014", "38000", "28800");
INSERT INTO `oc_city` (city_id, zone_id, name, code, jnereg, jneoke) VALUES (4098, 302, "Tanggaran", "PNK21015", "38000", "28800");
INSERT INTO `oc_city` (city_id, zone_id, name, code, jnereg, jneoke) VALUES (4099, 302, "Tebas", "PNK21006", "38000", "28800");
INSERT INTO `oc_city` (city_id, zone_id, name, code, jnereg, jneoke) VALUES (4100, 302, "Tekarang", "PNK21016", "38000", "28800");
INSERT INTO `oc_city` (city_id, zone_id, name, code, jnereg, jneoke) VALUES (4101, 302, "Teluk Keramat", "PNK21007", "38000", "28800");
INSERT INTO `oc_zone` (zone_id, country_id, name, status) VALUES (303, 20, "Kab. Sanggau", 1);
INSERT INTO `oc_city` (city_id, zone_id, name, code, jnereg, jneoke) VALUES (4102, 303, "Balai", "PNK10201", "44500", "33600");
INSERT INTO `oc_city` (city_id, zone_id, name, code, jnereg, jneoke) VALUES (4103, 303, "Beduwai", "PNK10202", "44500", "33600");
INSERT INTO `oc_city` (city_id, zone_id, name, code, jnereg, jneoke) VALUES (4104, 303, "Bonti", "PNK10205", "44500", "33600");
INSERT INTO `oc_city` (city_id, zone_id, name, code, jnereg, jneoke) VALUES (4105, 303, "Entikong", "PNK10223", "44500", "33600");
INSERT INTO `oc_city` (city_id, zone_id, name, code, jnereg, jneoke) VALUES (4106, 303, "Jangkang", "PNK10206", "44500", "33600");
INSERT INTO `oc_city` (city_id, zone_id, name, code, jnereg, jneoke) VALUES (4107, 303, "Kembayan", "PNK10207", "44500", "33600");
INSERT INTO `oc_city` (city_id, zone_id, name, code, jnereg, jneoke) VALUES (4108, 303, "Meliau", "PNK10208", "44500", "33600");
INSERT INTO `oc_city` (city_id, zone_id, name, code, jnereg, jneoke) VALUES (4109, 303, "Mukok", "PNK10209", "44500", "33600");
INSERT INTO `oc_city` (city_id, zone_id, name, code, jnereg, jneoke) VALUES (4110, 303, "Noyan", "PNK10212", "44500", "33600");
INSERT INTO `oc_city` (city_id, zone_id, name, code, jnereg, jneoke) VALUES (4111, 303, "Parindu", "PNK10213", "44500", "33600");
INSERT INTO `oc_city` (city_id, zone_id, name, code, jnereg, jneoke) VALUES (4112, 303, "Sanggau", "PNK10200", "35000", "28000");
INSERT INTO `oc_city` (city_id, zone_id, name, code, jnereg, jneoke) VALUES (4113, 303, "Sekayam", "PNK10214", "44500", "33600");
INSERT INTO `oc_city` (city_id, zone_id, name, code, jnereg, jneoke) VALUES (4114, 303, "Tayan Hilir", "PNK10218", "44500", "33600");
INSERT INTO `oc_city` (city_id, zone_id, name, code, jnereg, jneoke) VALUES (4115, 303, "Tayan Hulu", "PNK10217", "44500", "33600");
INSERT INTO `oc_city` (city_id, zone_id, name, code, jnereg, jneoke) VALUES (4116, 303, "Toba", "PNK10219", "44500", "33600");
INSERT INTO `oc_zone` (zone_id, country_id, name, status) VALUES (304, 20, "Kab. Sekadau", 1);
INSERT INTO `oc_city` (city_id, zone_id, name, code, jnereg, jneoke) VALUES (4117, 304, "Belitang", "PNK21107", "44500", "33600");
INSERT INTO `oc_city` (city_id, zone_id, name, code, jnereg, jneoke) VALUES (4118, 304, "Belitang Hilir", "PNK21101", "44500", "33600");
INSERT INTO `oc_city` (city_id, zone_id, name, code, jnereg, jneoke) VALUES (4119, 304, "Belitang Hulu", "PNK21102", "44500", "33600");
INSERT INTO `oc_city` (city_id, zone_id, name, code, jnereg, jneoke) VALUES (4120, 304, "Nanga Mahap", "PNK21104", "44500", "28000");
INSERT INTO `oc_city` (city_id, zone_id, name, code, jnereg, jneoke) VALUES (4121, 304, "Nanga Taman", "PNK21103", "44500", "28000");
INSERT INTO `oc_city` (city_id, zone_id, name, code, jnereg, jneoke) VALUES (4122, 304, "Sekadau Hilir", "PNK21105", "44500", "28000");
INSERT INTO `oc_city` (city_id, zone_id, name, code, jnereg, jneoke) VALUES (4123, 304, "Sekadau Hulu", "PNK21106", "44500", "28000");
INSERT INTO `oc_zone` (zone_id, country_id, name, status) VALUES (305, 20, "Kab. Sintang", 1);
INSERT INTO `oc_city` (city_id, zone_id, name, code, jnereg, jneoke) VALUES (4124, 305, "Ambalau", "PNK10401", "45500", "33600");
INSERT INTO `oc_city` (city_id, zone_id, name, code, jnereg, jneoke) VALUES (4125, 305, "Binjai Hulu", "PNK10419", "45500", "33600");
INSERT INTO `oc_city` (city_id, zone_id, name, code, jnereg, jneoke) VALUES (4126, 305, "Dedai", "PNK10403", "45500", "33600");
INSERT INTO `oc_city` (city_id, zone_id, name, code, jnereg, jneoke) VALUES (4127, 305, "Kayan Hilir", "PNK10406", "45500", "33600");
INSERT INTO `oc_city` (city_id, zone_id, name, code, jnereg, jneoke) VALUES (4128, 305, "Kayan Hulu", "PNK10405", "45500", "33600");
INSERT INTO `oc_city` (city_id, zone_id, name, code, jnereg, jneoke) VALUES (4129, 305, "Kelam Permai", "PNK10420", "45500", "33600");
INSERT INTO `oc_city` (city_id, zone_id, name, code, jnereg, jneoke) VALUES (4130, 305, "Ketungau Hilir", "PNK10407", "45500", "33600");
INSERT INTO `oc_city` (city_id, zone_id, name, code, jnereg, jneoke) VALUES (4131, 305, "Ketungau Hulu", "PNK10409", "45500", "33600");
INSERT INTO `oc_city` (city_id, zone_id, name, code, jnereg, jneoke) VALUES (4132, 305, "Ketungau Tengah", "PNK10408", "45500", "33600");
INSERT INTO `oc_city` (city_id, zone_id, name, code, jnereg, jneoke) VALUES (4133, 305, "Sepauk", "PNK10413", "45500", "33600");
INSERT INTO `oc_city` (city_id, zone_id, name, code, jnereg, jneoke) VALUES (4134, 305, "Sintang", "PNK10400", "35000", "28000");
INSERT INTO `oc_city` (city_id, zone_id, name, code, jnereg, jneoke) VALUES (4135, 305, "Sungai Tebelian", "PNK10421", "45500", "33600");
INSERT INTO `oc_city` (city_id, zone_id, name, code, jnereg, jneoke) VALUES (4136, 305, "Tempunak", "PNK10417", "45500", "33600");
INSERT INTO `oc_zone` (zone_id, country_id, name, status) VALUES (306, 20, "Kab. Kubu Raya", 1);
INSERT INTO `oc_city` (city_id, zone_id, name, code, jnereg, jneoke) VALUES (4137, 306, "Batu Ampar", "PNK21208", "40500", "28800");
INSERT INTO `oc_city` (city_id, zone_id, name, code, jnereg, jneoke) VALUES (4138, 306, "Kubu Raya", "PNK21200", "30000", "24000");
INSERT INTO `oc_city` (city_id, zone_id, name, code, jnereg, jneoke) VALUES (4139, 306, "Sui Raya", "PNK21204", "40500", "28800");
INSERT INTO `oc_city` (city_id, zone_id, name, code, jnereg, jneoke) VALUES (4140, 306, "Rasau Jaya", "PNK21207", "40500", "28800");
INSERT INTO `oc_city` (city_id, zone_id, name, code, jnereg, jneoke) VALUES (4141, 306, "Terentang", "PNK21206", "40500", "28800");
INSERT INTO `oc_city` (city_id, zone_id, name, code, jnereg, jneoke) VALUES (4142, 306, "Sui Ambawang", "PNK21202", "40500", "28800");
INSERT INTO `oc_city` (city_id, zone_id, name, code, jnereg, jneoke) VALUES (4143, 306, "Kuala Mandor B.", "PNK21201", "40500", "28800");
INSERT INTO `oc_city` (city_id, zone_id, name, code, jnereg, jneoke) VALUES (4144, 306, "Sui. Kakap", "PNK21203", "40500", "28800");
INSERT INTO `oc_city` (city_id, zone_id, name, code, jnereg, jneoke) VALUES (4145, 306, "Sungai Raya", "PNK21200", "30000", "24000");
INSERT INTO `oc_city` (city_id, zone_id, name, code, jnereg, jneoke) VALUES (4146, 306, "Teluk Pakedai", "PNK21205", "40500", "28800");
INSERT INTO `oc_zone` (zone_id, country_id, name, status) VALUES (307, 20, "Kota Pontianak", 1);
INSERT INTO `oc_city` (city_id, zone_id, name, code, jnereg, jneoke, jneyes) VALUES (4147, 307, "Pontianak", "PNK10000", "25000", "18500", "35000");
INSERT INTO `oc_city` (city_id, zone_id, name, code, jnereg, jneoke) VALUES (4148, 307, "Pontianak Barat", "PNK10027", "25000", "18500");
INSERT INTO `oc_city` (city_id, zone_id, name, code, jnereg, jneoke) VALUES (4149, 307, "Pontianak Kota", "PNK10028", "25000", "18500");
INSERT INTO `oc_city` (city_id, zone_id, name, code, jnereg, jneoke) VALUES (4150, 307, "Pontianak Selatan", "PNK10029", "25000", "18500");
INSERT INTO `oc_city` (city_id, zone_id, name, code, jnereg, jneoke) VALUES (4151, 307, "Pontianak Tenggara", "PNK10030", "25000", "18500");
INSERT INTO `oc_city` (city_id, zone_id, name, code, jnereg, jneoke) VALUES (4152, 307, "Pontianak Timur/ Jungkat", "PNK10031", "25000", "18500");
INSERT INTO `oc_city` (city_id, zone_id, name, code, jnereg, jneoke) VALUES (4153, 307, "Pontianak Utara", "PNK10032", "25000", "18500");
INSERT INTO `oc_zone` (zone_id, country_id, name, status) VALUES (308, 20, "Kota Singkawang", 1);
INSERT INTO `oc_city` (city_id, zone_id, name, code, jnereg, jneoke) VALUES (4154, 308, "Singkawang", "PNK10300", "30000", "24000");
INSERT INTO `oc_city` (city_id, zone_id, name, code, jnereg, jneoke) VALUES (4155, 308, "Singkawang Barat", "PNK10325", "30000", "24000");
INSERT INTO `oc_city` (city_id, zone_id, name, code, jnereg, jneoke) VALUES (4156, 308, "Singkawang Utara", "PNK10326", "30000", "24000");
INSERT INTO `oc_city` (city_id, zone_id, name, code, jnereg, jneoke) VALUES (4157, 308, "Singkawang Selatan", "PNK10327", "30000", "24000");
INSERT INTO `oc_city` (city_id, zone_id, name, code, jnereg, jneoke) VALUES (4158, 308, "Singkawang Timur", "PNK10328", "30000", "24000");
INSERT INTO `oc_city` (city_id, zone_id, name, code, jnereg, jneoke) VALUES (4159, 308, "Singkawang Tengah", "PNK10329", "30000", "24000");
INSERT INTO `oc_country` (country_id, name, iso_code_2, iso_code_3, postcode_required, status) VALUES (21, "Kalimantan Selatan", "ID", "IDN", 1, 1);
INSERT INTO `oc_zone` (zone_id, country_id, name, status) VALUES (309, 21, "Kab. Balangan", 1);
INSERT INTO `oc_city` (city_id, zone_id, name, code, jnereg, jneoke) VALUES (4160, 309, "Awayan", "BDJ21201", "37000", "39500");
INSERT INTO `oc_city` (city_id, zone_id, name, code, jnereg, jneoke) VALUES (4161, 309, "Batu Mandi", "BDJ21202", "37000", "39500");
INSERT INTO `oc_city` (city_id, zone_id, name, code, jnereg, jneoke) VALUES (4162, 309, "Halong", "BDJ21203", "37000", "39500");
INSERT INTO `oc_city` (city_id, zone_id, name, code, jnereg, jneoke) VALUES (4163, 309, "Juai", "BDJ21204", "37000", "39500");
INSERT INTO `oc_city` (city_id, zone_id, name, code, jnereg, jneoke) VALUES (4164, 309, "Lampihong", "BDJ21205", "37000", "39500");
INSERT INTO `oc_city` (city_id, zone_id, name, code, jnereg, jneoke) VALUES (4165, 309, "Paringin", "BDJ21200", "37000", "29500");
INSERT INTO `oc_zone` (zone_id, country_id, name, status) VALUES (310, 21, "Kab. Banjar", 1);
INSERT INTO `oc_city` (city_id, zone_id, name, code, jnereg, jneoke) VALUES (4166, 310, "Aluh Aluh", "BDJ20301", "32000", "27000");
INSERT INTO `oc_city` (city_id, zone_id, name, code, jnereg, jneoke) VALUES (4167, 310, "Aranio", "BDJ20310", "32000", "27000");
INSERT INTO `oc_city` (city_id, zone_id, name, code, jnereg, jneoke) VALUES (4168, 310, "Astambul", "BDJ20302", "32000", "27000");
INSERT INTO `oc_city` (city_id, zone_id, name, code, jnereg, jneoke) VALUES (4169, 310, "Gambut", "BDJ20303", "32000", "27000");
INSERT INTO `oc_city` (city_id, zone_id, name, code, jnereg, jneoke) VALUES (4170, 310, "Karang Intan", "BDJ20304", "32000", "27000");
INSERT INTO `oc_city` (city_id, zone_id, name, code, jnereg, jneoke) VALUES (4171, 310, "Kertak Hanyar", "BDJ20305", "32000", "27000");
INSERT INTO `oc_city` (city_id, zone_id, name, code, jnereg, jneoke) VALUES (4172, 310, "Martapura", "BDJ20300", "25000", "20000");
INSERT INTO `oc_city` (city_id, zone_id, name, code, jnereg, jneoke) VALUES (4173, 310, "Mataraman", "BDJ20311", "32000", "27000");
INSERT INTO `oc_city` (city_id, zone_id, name, code, jnereg, jneoke) VALUES (4174, 310, "Pengaron", "BDJ20306", "32000", "27000");
INSERT INTO `oc_city` (city_id, zone_id, name, code, jnereg, jneoke) VALUES (4175, 310, "Simpang Empat", "BDJ20307", "32000", "27000");
INSERT INTO `oc_city` (city_id, zone_id, name, code, jnereg, jneoke) VALUES (4176, 310, "Sungai Pinang", "BDJ20309", "32000", "27000");
INSERT INTO `oc_city` (city_id, zone_id, name, code, jnereg, jneoke) VALUES (4177, 310, "Sungai Tabuk", "BDJ20308", "32000", "27000");
INSERT INTO `oc_zone` (zone_id, country_id, name, status) VALUES (311, 21, "Kab. Barito Kuala", 1);
INSERT INTO `oc_city` (city_id, zone_id, name, code, jnereg, jneoke) VALUES (4178, 311, "Alalak", "BDJ20201", "30000", "24000");
INSERT INTO `oc_city` (city_id, zone_id, name, code, jnereg, jneoke) VALUES (4179, 311, "Anjir Muara", "BDJ20203", "30000", "24000");
INSERT INTO `oc_city` (city_id, zone_id, name, code, jnereg, jneoke) VALUES (4180, 311, "Anjir Pasar", "BDJ20202", "30000", "24000");
INSERT INTO `oc_city` (city_id, zone_id, name, code, jnereg, jneoke) VALUES (4181, 311, "Bakumpai", "BDJ20214", "30000", "24000");
INSERT INTO `oc_city` (city_id, zone_id, name, code, jnereg, jneoke) VALUES (4182, 311, "Barambai", "BDJ20204", "30000", "24000");
INSERT INTO `oc_city` (city_id, zone_id, name, code, jnereg, jneoke) VALUES (4183, 311, "Belawang", "BDJ20205", "30000", "24000");
INSERT INTO `oc_city` (city_id, zone_id, name, code, jnereg, jneoke) VALUES (4184, 311, "Cerbon", "BDJ20206", "30000", "24000");
INSERT INTO `oc_city` (city_id, zone_id, name, code, jnereg, jneoke) VALUES (4185, 311, "Kuripan", "BDJ20207", "30000", "24000");
INSERT INTO `oc_city` (city_id, zone_id, name, code, jnereg, jneoke) VALUES (4186, 311, "Mandastana", "BDJ20208", "30000", "24000");
INSERT INTO `oc_city` (city_id, zone_id, name, code, jnereg, jneoke) VALUES (4187, 311, "Marabahan", "BDJ20200", "30000", "24000");
INSERT INTO `oc_city` (city_id, zone_id, name, code, jnereg, jneoke) VALUES (4188, 311, "Mekar Sari", "BDJ20209", "30000", "24000");
INSERT INTO `oc_city` (city_id, zone_id, name, code, jnereg, jneoke) VALUES (4189, 311, "Rantau Badauh", "BDJ20210", "30000", "24000");
INSERT INTO `oc_city` (city_id, zone_id, name, code, jnereg, jneoke) VALUES (4190, 311, "Tabukan", "BDJ20212", "30000", "24000");
INSERT INTO `oc_city` (city_id, zone_id, name, code, jnereg, jneoke) VALUES (4191, 311, "Tabunganen", "BDJ20211", "30000", "24000");
INSERT INTO `oc_city` (city_id, zone_id, name, code, jnereg, jneoke) VALUES (4192, 311, "Tamban", "BDJ20213", "30000", "24000");
INSERT INTO `oc_city` (city_id, zone_id, name, code, jnereg, jneoke) VALUES (4193, 311, "Wanaraya", "BDJ20215", "30000", "24000");
INSERT INTO `oc_zone` (zone_id, country_id, name, status) VALUES (312, 21, "Kab. Hulu Sungai Selatan", 1);
INSERT INTO `oc_city` (city_id, zone_id, name, code, jnereg, jneoke) VALUES (4194, 312, "Angkinang", "BDJ10201", "37000", "31000");
INSERT INTO `oc_city` (city_id, zone_id, name, code, jnereg, jneoke) VALUES (4195, 312, "Daha Barat", "BDJ10210", "37000", "31000");
INSERT INTO `oc_city` (city_id, zone_id, name, code, jnereg, jneoke) VALUES (4196, 312, "Daha Selatan", "BDJ10202", "37000", "31000");
INSERT INTO `oc_city` (city_id, zone_id, name, code, jnereg, jneoke) VALUES (4197, 312, "Daha Utara", "BDJ10203", "37000", "31000");
INSERT INTO `oc_city` (city_id, zone_id, name, code, jnereg, jneoke) VALUES (4198, 312, "Kalumpang", "BDJ10204", "37000", "31000");
INSERT INTO `oc_city` (city_id, zone_id, name, code, jnereg, jneoke) VALUES (4199, 312, "Kandangan", "BDJ10200", "30000", "24000");
INSERT INTO `oc_city` (city_id, zone_id, name, code, jnereg, jneoke) VALUES (4200, 312, "Loksado", "BDJ10205", "37000", "31000");
INSERT INTO `oc_city` (city_id, zone_id, name, code, jnereg, jneoke) VALUES (4201, 312, "Padang Batung", "BDJ10206", "37000", "31000");
INSERT INTO `oc_city` (city_id, zone_id, name, code, jnereg, jneoke) VALUES (4202, 312, "Simpur", "BDJ10207", "37000", "31000");
INSERT INTO `oc_city` (city_id, zone_id, name, code, jnereg, jneoke) VALUES (4203, 312, "Sungai Raya", "BDJ10208", "37000", "31000");
INSERT INTO `oc_city` (city_id, zone_id, name, code, jnereg, jneoke) VALUES (4204, 312, "Telaga Langsat", "BDJ10209", "37000", "31000");
INSERT INTO `oc_zone` (zone_id, country_id, name, status) VALUES (313, 21, "Kab. Hulu Sungai Tengah", 1);
INSERT INTO `oc_city` (city_id, zone_id, name, code, jnereg, jneoke) VALUES (4205, 313, "Barabai", "BDJ10100", "30000", "24000");
INSERT INTO `oc_city` (city_id, zone_id, name, code, jnereg, jneoke) VALUES (4206, 313, "Batang Alai Selatan", "BDJ10101", "37000", "31000");
INSERT INTO `oc_city` (city_id, zone_id, name, code, jnereg, jneoke) VALUES (4207, 313, "Batang Alai Tengah", "BDJ10108", "37000", "31000");
INSERT INTO `oc_city` (city_id, zone_id, name, code, jnereg, jneoke) VALUES (4208, 313, "Batang Alai Utara", "BDJ10103", "37000", "31000");
INSERT INTO `oc_city` (city_id, zone_id, name, code, jnereg, jneoke) VALUES (4209, 313, "Batu Benawa", "BDJ10102", "37000", "31000");
INSERT INTO `oc_city` (city_id, zone_id, name, code, jnereg, jneoke) VALUES (4210, 313, "Hantakan", "BDJ10109", "37000", "31000");
INSERT INTO `oc_city` (city_id, zone_id, name, code, jnereg, jneoke) VALUES (4211, 313, "Haruyan", "BDJ10104", "37000", "31000");
INSERT INTO `oc_city` (city_id, zone_id, name, code, jnereg, jneoke) VALUES (4212, 313, "Labuan Amas Selatan", "BDJ10105", "37000", "31000");
INSERT INTO `oc_city` (city_id, zone_id, name, code, jnereg, jneoke) VALUES (4213, 313, "Labuan Amas Utara", "BDJ10106", "37000", "31000");
INSERT INTO `oc_city` (city_id, zone_id, name, code, jnereg, jneoke) VALUES (4214, 313, "Pandawan", "BDJ10107", "37000", "31000");
INSERT INTO `oc_zone` (zone_id, country_id, name, status) VALUES (314, 21, "Kab. Hulu Sungai Utara", 1);
INSERT INTO `oc_city` (city_id, zone_id, name, code, jnereg, jneoke) VALUES (4215, 314, "Amuntai", "BDJ20100", "30000", "24000");
INSERT INTO `oc_city` (city_id, zone_id, name, code, jnereg, jneoke) VALUES (4216, 314, "Amuntai Selatan", "BDJ20102", "37000", "31000");
INSERT INTO `oc_city` (city_id, zone_id, name, code, jnereg, jneoke) VALUES (4217, 314, "Amuntai Tengah", "BDJ20112", "37000", "31000");
INSERT INTO `oc_city` (city_id, zone_id, name, code, jnereg, jneoke) VALUES (4218, 314, "Amuntai Utara", "BDJ20101", "37000", "31000");
INSERT INTO `oc_city` (city_id, zone_id, name, code, jnereg, jneoke) VALUES (4219, 314, "Babirik", "BDJ20104", "37000", "31000");
INSERT INTO `oc_city` (city_id, zone_id, name, code, jnereg, jneoke) VALUES (4220, 314, "Banjang", "BDJ20113", "37000", "31000");
INSERT INTO `oc_city` (city_id, zone_id, name, code, jnereg, jneoke) VALUES (4221, 314, "Danau Panggang", "BDJ20106", "37000", "31000");
INSERT INTO `oc_city` (city_id, zone_id, name, code, jnereg, jneoke) VALUES (4222, 314, "Sungai Pandan", "BDJ20111", "37000", "31000");
INSERT INTO `oc_zone` (zone_id, country_id, name, status) VALUES (315, 21, "Kab. Kota Baru", 1);
INSERT INTO `oc_city` (city_id, zone_id, name, code, jnereg, jneoke) VALUES (4223, 315, "Hampang", "BDJ10302", "45000", "38500");
INSERT INTO `oc_city` (city_id, zone_id, name, code, jnereg, jneoke) VALUES (4224, 315, "Kelumpang Hulu", "BDJ10305", "45000", "38500");
INSERT INTO `oc_city` (city_id, zone_id, name, code, jnereg, jneoke) VALUES (4225, 315, "Kelumpang Selatan", "BDJ10306", "45000", "38500");
INSERT INTO `oc_city` (city_id, zone_id, name, code, jnereg, jneoke) VALUES (4226, 315, "Kelumpang Tengah", "BDJ10304", "45000", "38500");
INSERT INTO `oc_city` (city_id, zone_id, name, code, jnereg, jneoke) VALUES (4227, 315, "Kelumpang Utara", "BDJ10303", "45000", "38500");
INSERT INTO `oc_city` (city_id, zone_id, name, code, jnereg, jneoke) VALUES (4228, 315, "Kota Baru", "BDJ10300", "33000", "26500");
INSERT INTO `oc_city` (city_id, zone_id, name, code, jnereg, jneoke) VALUES (4229, 315, "Pamukan Selatan", "BDJ10310", "45000", "38500");
INSERT INTO `oc_city` (city_id, zone_id, name, code, jnereg, jneoke) VALUES (4230, 315, "Pamukan Utara", "BDJ10309", "45000", "38500");
INSERT INTO `oc_city` (city_id, zone_id, name, code, jnereg, jneoke) VALUES (4231, 315, "Pulau Laut Barat", "BDJ10312", "45000", "38500");
INSERT INTO `oc_city` (city_id, zone_id, name, code, jnereg, jneoke) VALUES (4232, 315, "Pulau Laut Selatan", "BDJ10311", "45000", "38500");
INSERT INTO `oc_city` (city_id, zone_id, name, code, jnereg, jneoke) VALUES (4233, 315, "Pulau Laut Timur", "BDJ10313", "45000", "38500");
INSERT INTO `oc_city` (city_id, zone_id, name, code, jnereg, jneoke) VALUES (4234, 315, "Pulau Laut Utara", "BDJ10319", "45000", "38500");
INSERT INTO `oc_city` (city_id, zone_id, name, code, jnereg, jneoke) VALUES (4235, 315, "Pulau Sebuku", "BDJ10315", "45000", "38500");
INSERT INTO `oc_city` (city_id, zone_id, name, code, jnereg, jneoke) VALUES (4236, 315, "Pulau Sembilan", "BDJ10314", "45000", "38500");
INSERT INTO `oc_city` (city_id, zone_id, name, code, jnereg, jneoke) VALUES (4237, 315, "Sampanahan", "BDJ10316", "45000", "38500");
INSERT INTO `oc_city` (city_id, zone_id, name, code, jnereg, jneoke) VALUES (4238, 315, "Sungai Durian", "BDJ10318", "45000", "38500");
INSERT INTO `oc_zone` (zone_id, country_id, name, status) VALUES (316, 21, "Kab. Tanah Laut", 1);
INSERT INTO `oc_city` (city_id, zone_id, name, code, jnereg, jneoke) VALUES (4239, 316, "Bati Bati", "BDJ20401", "39000", "38500");
INSERT INTO `oc_city` (city_id, zone_id, name, code, jnereg, jneoke) VALUES (4240, 316, "Batu Ampar", "BDJ20407", "39000", "38500");
INSERT INTO `oc_city` (city_id, zone_id, name, code, jnereg, jneoke) VALUES (4241, 316, "Jorong", "BDJ20402", "39000", "38500");
INSERT INTO `oc_city` (city_id, zone_id, name, code, jnereg, jneoke) VALUES (4242, 316, "Kintap", "BDJ20403", "39000", "38500");
INSERT INTO `oc_city` (city_id, zone_id, name, code, jnereg, jneoke) VALUES (4243, 316, "Kurau", "BDJ20404", "39000", "38500");
INSERT INTO `oc_city` (city_id, zone_id, name, code, jnereg, jneoke) VALUES (4244, 316, "Panyipatan", "BDJ20405", "39000", "38500");
INSERT INTO `oc_city` (city_id, zone_id, name, code, jnereg, jneoke) VALUES (4245, 316, "Pelaihari", "BDJ20400", "30000", "38500");
INSERT INTO `oc_city` (city_id, zone_id, name, code, jnereg, jneoke) VALUES (4246, 316, "Takisung", "BDJ20406", "39000", "38500");
INSERT INTO `oc_city` (city_id, zone_id, name, code, jnereg, jneoke) VALUES (4247, 316, "Tambang Ulang", "BDJ20408", "39000", "38500");
INSERT INTO `oc_zone` (zone_id, country_id, name, status) VALUES (317, 21, "Kab. Tabalong", 1);
INSERT INTO `oc_city` (city_id, zone_id, name, code, jnereg, jneoke) VALUES (4248, 317, "Banua Lawas", "BDJ10401", "46000", "40000");
INSERT INTO `oc_city` (city_id, zone_id, name, code, jnereg, jneoke) VALUES (4249, 317, "Bintang Ara", "BDJ10412", "46000", "40000");
INSERT INTO `oc_city` (city_id, zone_id, name, code, jnereg, jneoke) VALUES (4250, 317, "Haruai", "BDJ10402", "46000", "40000");
INSERT INTO `oc_city` (city_id, zone_id, name, code, jnereg, jneoke) VALUES (4251, 317, "Jaro", "BDJ10403", "46000", "40000");
INSERT INTO `oc_city` (city_id, zone_id, name, code, jnereg, jneoke) VALUES (4252, 317, "Kelua", "BDJ10404", "46000", "40000");
INSERT INTO `oc_city` (city_id, zone_id, name, code, jnereg, jneoke) VALUES (4253, 317, "Muara Harus", "BDJ10405", "46000", "40000");
INSERT INTO `oc_city` (city_id, zone_id, name, code, jnereg, jneoke) VALUES (4254, 317, "Muara Uya", "BDJ10406", "46000", "40000");
INSERT INTO `oc_city` (city_id, zone_id, name, code, jnereg, jneoke) VALUES (4255, 317, "Murung Pudak", "BDJ10407", "46000", "40000");
INSERT INTO `oc_city` (city_id, zone_id, name, code, jnereg, jneoke) VALUES (4256, 317, "Pugaan", "BDJ10408", "46000", "40000");
INSERT INTO `oc_city` (city_id, zone_id, name, code, jnereg, jneoke) VALUES (4257, 317, "Tanjung", "BDJ10400", "30000", "24000");
INSERT INTO `oc_city` (city_id, zone_id, name, code, jnereg, jneoke) VALUES (4258, 317, "Tanta", "BDJ10409", "46000", "40000");
INSERT INTO `oc_city` (city_id, zone_id, name, code, jnereg, jneoke) VALUES (4259, 317, "Upau", "BDJ10410", "46000", "40000");
INSERT INTO `oc_zone` (zone_id, country_id, name, status) VALUES (318, 21, "Kab. Tanah Bambu", 1);
INSERT INTO `oc_city` (city_id, zone_id, name, code, jnereg, jneoke) VALUES (4260, 318, "Batu Licin", "BDJ21300", "30000", "24000");
INSERT INTO `oc_city` (city_id, zone_id, name, code, jnereg, jneoke) VALUES (4261, 318, "Kusan Hilir", "BDJ21301", "39000", "33000");
INSERT INTO `oc_city` (city_id, zone_id, name, code, jnereg, jneoke) VALUES (4262, 318, "Kusan Hulu", "BDJ21302", "39000", "33000");
INSERT INTO `oc_city` (city_id, zone_id, name, code, jnereg, jneoke) VALUES (4263, 318, "Satui", "BDJ21303", "39000", "33000");
INSERT INTO `oc_city` (city_id, zone_id, name, code, jnereg, jneoke) VALUES (4264, 318, "Sungai Loban", "BDJ21304", "39000", "33000");
INSERT INTO `oc_city` (city_id, zone_id, name, code) VALUES (4265, 318, "sungai danau (desa)", "");
INSERT INTO `oc_zone` (zone_id, country_id, name, status) VALUES (319, 21, "Kab. Tampin", 1);
INSERT INTO `oc_city` (city_id, zone_id, name, code, jnereg, jneoke) VALUES (4266, 319, "Bakarangan", "BDJ20501", "39000", "33000");
INSERT INTO `oc_city` (city_id, zone_id, name, code, jnereg, jneoke) VALUES (4267, 319, "Binuang", "BDJ20502", "39000", "33000");
INSERT INTO `oc_city` (city_id, zone_id, name, code, jnereg, jneoke) VALUES (4268, 319, "Bungur", "BDJ20503", "39000", "33000");
INSERT INTO `oc_city` (city_id, zone_id, name, code, jnereg, jneoke) VALUES (4269, 319, "Candi Laras Selatan", "BDJ20505", "39000", "33000");
INSERT INTO `oc_city` (city_id, zone_id, name, code, jnereg, jneoke) VALUES (4270, 319, "Candi Laras Utara", "BDJ20504", "39000", "33000");
INSERT INTO `oc_city` (city_id, zone_id, name, code, jnereg, jneoke) VALUES (4271, 319, "Lokpaikat", "BDJ20507", "39000", "33000");
INSERT INTO `oc_city` (city_id, zone_id, name, code, jnereg, jneoke) VALUES (4272, 319, "Piani", "BDJ20508", "39000", "33000");
INSERT INTO `oc_city` (city_id, zone_id, name, code, jnereg, jneoke) VALUES (4273, 319, "Tapin Selatan", "BDJ20511", "39000", "33000");
INSERT INTO `oc_city` (city_id, zone_id, name, code, jnereg, jneoke) VALUES (4274, 319, "Tapin Tengah", "BDJ20510", "39000", "33000");
INSERT INTO `oc_city` (city_id, zone_id, name, code, jnereg, jneoke) VALUES (4275, 319, "Tapin Utara", "BDJ20512", "39000", "33000");
INSERT INTO `oc_city` (city_id, zone_id, name, code, jnereg, jneoke) VALUES (4276, 319, "Hatungun", "BDJ20506", "39000", "33000");
INSERT INTO `oc_city` (city_id, zone_id, name, code, jnereg, jneoke) VALUES (4277, 319, "Rantau", "BDJ20500", "30000", "24000");
INSERT INTO `oc_city` (city_id, zone_id, name, code, jnereg, jneoke) VALUES (4278, 319, "Salam Babaris", "BDJ20509", "39000", "33000");
INSERT INTO `oc_zone` (zone_id, country_id, name, status) VALUES (320, 21, "Kota Banjarbaru", 1);
INSERT INTO `oc_city` (city_id, zone_id, name, code, jnereg, jneoke) VALUES (4279, 320, "Banjar Baru", "BDJ10500", "25000", "20000");
INSERT INTO `oc_city` (city_id, zone_id, name, code, jnereg, jneoke) VALUES (4280, 320, "Cempaka", "BDJ10501", "25000", "27000");
INSERT INTO `oc_city` (city_id, zone_id, name, code, jnereg, jneoke) VALUES (4281, 320, "Landasan Ulin", "BDJ10502", "25000", "27000");
INSERT INTO `oc_zone` (zone_id, country_id, name, status) VALUES (321, 21, "Kota Banjarmasin", 1);
INSERT INTO `oc_city` (city_id, zone_id, name, code, jnereg, jneoke, jneyes) VALUES (4282, 321, "Banjarmasin", "BDJ10000", "23000", "17500", "33000");
INSERT INTO `oc_city` (city_id, zone_id, name, code, jnereg, jneoke) VALUES (4283, 321, "Banjarmasin Barat", "BDJ10001", "23000", "17500");
INSERT INTO `oc_city` (city_id, zone_id, name, code, jnereg, jneoke) VALUES (4284, 321, "Banjarmasin Selatan", "BDJ10002", "23000", "17500");
INSERT INTO `oc_city` (city_id, zone_id, name, code, jnereg, jneoke) VALUES (4285, 321, "Banjarmasin Tengah", "BDJ10003", "23000", "17500");
INSERT INTO `oc_city` (city_id, zone_id, name, code, jnereg, jneoke) VALUES (4286, 321, "Banjarmasin Timur", "BDJ10004", "23000", "17500");
INSERT INTO `oc_city` (city_id, zone_id, name, code, jnereg, jneoke) VALUES (4287, 321, "Banjarmasin Utara", "BDJ10005", "23000", "17500");
INSERT INTO `oc_country` (country_id, name, iso_code_2, iso_code_3, postcode_required, status) VALUES (22, "Kalimantan Tengah", "ID", "IDN", 1, 1);
INSERT INTO `oc_zone` (zone_id, country_id, name, status) VALUES (322, 22, "Kab. Barito Selatan", 1);
INSERT INTO `oc_city` (city_id, zone_id, name, code, jnereg, jneoke) VALUES (4288, 322, "Buntok", "BDJ21100", "35000", "28000");
INSERT INTO `oc_city` (city_id, zone_id, name, code, jnereg, jneoke) VALUES (4289, 322, "Dusun Hilir", "BDJ21102", "46000", "39000");
INSERT INTO `oc_city` (city_id, zone_id, name, code) VALUES (4290, 322, "Dusun Selatan", "BDJ21107");
INSERT INTO `oc_city` (city_id, zone_id, name, code, jnereg, jneoke) VALUES (4291, 322, "Dusun Utara", "BDJ21103", "46000", "39000");
INSERT INTO `oc_city` (city_id, zone_id, name, code, jnereg, jneoke) VALUES (4292, 322, "Gunung Bintang Awai", "BDJ21108", "46000", "39000");
INSERT INTO `oc_city` (city_id, zone_id, name, code, jnereg, jneoke) VALUES (4293, 322, "Jenamas", "BDJ21104", "46000", "39000");
INSERT INTO `oc_city` (city_id, zone_id, name, code, jnereg, jneoke) VALUES (4294, 322, "Karau Kuala", "BDJ21105", "46000", "39000");
INSERT INTO `oc_zone` (zone_id, country_id, name, status) VALUES (323, 22, "Kab. Barito Timur", 1);
INSERT INTO `oc_city` (city_id, zone_id, name, code, jnereg, jneoke) VALUES (4295, 323, "Awang", "BDJ20801", "62000", "52000");
INSERT INTO `oc_city` (city_id, zone_id, name, code, jnereg, jneoke) VALUES (4296, 323, "Benua Lima", "BDJ20802", "62000", "52000");
INSERT INTO `oc_city` (city_id, zone_id, name, code, jnereg, jneoke) VALUES (4297, 323, "Dusun Tengah", "BDJ20803", "62000", "52000");
INSERT INTO `oc_city` (city_id, zone_id, name, code, jnereg, jneoke) VALUES (4298, 323, "Dusun Timur", "BDJ20806", "62000", "52000");
INSERT INTO `oc_city` (city_id, zone_id, name, code, jnereg, jneoke) VALUES (4299, 323, "Patangkep Tutui", "BDJ20804", "62000", "52000");
INSERT INTO `oc_city` (city_id, zone_id, name, code, jnereg, jneoke) VALUES (4300, 323, "Pematang Karau", "BDJ20805", "62000", "52000");
INSERT INTO `oc_city` (city_id, zone_id, name, code, jnereg, jneoke) VALUES (4301, 323, "Tamiang Layang", "BDJ20800", "50000", "40000");
INSERT INTO `oc_zone` (zone_id, country_id, name, status) VALUES (324, 22, "Kab. Barito Utara", 1);
INSERT INTO `oc_city` (city_id, zone_id, name, code, jnereg, jneoke) VALUES (4302, 324, "Gunung Purei", "BDJ20701", "45000", "38000");
INSERT INTO `oc_city` (city_id, zone_id, name, code, jnereg, jneoke) VALUES (4303, 324, "Gunung Timang", "BDJ20702", "45000", "38000");
INSERT INTO `oc_city` (city_id, zone_id, name, code, jnereg, jneoke) VALUES (4304, 324, "Lahei", "BDJ20703", "45000", "38000");
INSERT INTO `oc_city` (city_id, zone_id, name, code, jnereg, jneoke) VALUES (4305, 324, "Montalat", "BDJ20704", "45000", "38000");
INSERT INTO `oc_city` (city_id, zone_id, name, code, jnereg, jneoke) VALUES (4306, 324, "Muara Teweh", "BDJ20700", "35000", "28000");
INSERT INTO `oc_city` (city_id, zone_id, name, code, jnereg, jneoke) VALUES (4307, 324, "Teweh Tengah", "BDJ20705", "45000", "38000");
INSERT INTO `oc_city` (city_id, zone_id, name, code, jnereg, jneoke) VALUES (4308, 324, "Teweh Timur", "BDJ20706", "45000", "38000");
INSERT INTO `oc_zone` (zone_id, country_id, name, status) VALUES (325, 22, "Kab. Gunung Mas", 1);
INSERT INTO `oc_city` (city_id, zone_id, name, code, jnereg, jneoke) VALUES (4309, 325, "Kahayan Hulu Utara", "PKY20401", "57500", "47500");
INSERT INTO `oc_city` (city_id, zone_id, name, code, jnereg, jneoke) VALUES (4310, 325, "Kurun", "PKY20400", "50000", "40000");
INSERT INTO `oc_city` (city_id, zone_id, name, code) VALUES (4311, 325, "Munuhing", "PKY20408");
INSERT INTO `oc_city` (city_id, zone_id, name, code, jnereg, jneoke) VALUES (4312, 325, "Rungan", "PKY20404", "57500", "47500");
INSERT INTO `oc_city` (city_id, zone_id, name, code, jnereg, jneoke) VALUES (4313, 325, "Sepang", "PKY20405", "57500", "47500");
INSERT INTO `oc_city` (city_id, zone_id, name, code, jnereg, jneoke) VALUES (4314, 325, "Tewah", "PKY20406", "57500", "47500");
INSERT INTO `oc_zone` (zone_id, country_id, name, status) VALUES (326, 22, "Kab. Kapuas", 1);
INSERT INTO `oc_city` (city_id, zone_id, name, code, jnereg, jneoke) VALUES (4315, 326, "Basarang", "PKY20302", "55000", "46000");
INSERT INTO `oc_city` (city_id, zone_id, name, code, jnereg, jneoke) VALUES (4316, 326, "Kapuas Barat", "PKY20306", "55000", "46000");
INSERT INTO `oc_city` (city_id, zone_id, name, code, jnereg, jneoke) VALUES (4317, 326, "Kapuas Hilir", "PKY20317", "55000", "46000");
INSERT INTO `oc_city` (city_id, zone_id, name, code, jnereg, jneoke) VALUES (4318, 326, "Kapuas Hulu", "PKY20316", "55000", "46000");
INSERT INTO `oc_city` (city_id, zone_id, name, code, jnereg, jneoke) VALUES (4319, 326, "Kapuas Kuala", "PKY20310", "55000", "46000");
INSERT INTO `oc_city` (city_id, zone_id, name, code, jnereg, jneoke) VALUES (4320, 326, "Kapuas Murung", "PKY20307", "55000", "46000");
INSERT INTO `oc_city` (city_id, zone_id, name, code, jnereg, jneoke) VALUES (4321, 326, "Kapuas Tengah", "PKY20308", "55000", "46000");
INSERT INTO `oc_city` (city_id, zone_id, name, code, jnereg, jneoke) VALUES (4322, 326, "Kapuas Timur", "PKY20309", "55000", "46000");
INSERT INTO `oc_city` (city_id, zone_id, name, code, jnereg, jneoke) VALUES (4323, 326, "Kuala Kapuas", "PKY20300", "45000", "36000");
INSERT INTO `oc_city` (city_id, zone_id, name, code, jnereg, jneoke) VALUES (4324, 326, "Mantangai", "PKY20311", "55000", "46000");
INSERT INTO `oc_city` (city_id, zone_id, name, code, jnereg, jneoke) VALUES (4325, 326, "Pulau Petak", "PKY20313", "55000", "46000");
INSERT INTO `oc_city` (city_id, zone_id, name, code, jnereg, jneoke) VALUES (4326, 326, "Selat", "PKY20318", "55000", "46000");
INSERT INTO `oc_city` (city_id, zone_id, name, code, jnereg, jneoke) VALUES (4327, 326, "Timpah", "PKY20314", "55000", "46000");
INSERT INTO `oc_zone` (zone_id, country_id, name, status) VALUES (327, 22, "Kab. Katingan", 1);
INSERT INTO `oc_city` (city_id, zone_id, name, code, jnereg, jneoke) VALUES (4328, 327, "Kamipang", "PKY20201", "42000", "35000");
INSERT INTO `oc_city` (city_id, zone_id, name, code, jnereg, jneoke) VALUES (4329, 327, "Kasongan", "PKY20200", "35000", "28000");
INSERT INTO `oc_city` (city_id, zone_id, name, code, jnereg, jneoke) VALUES (4330, 327, "Katingan Hilir", "PKY20213", "42000", "35000");
INSERT INTO `oc_city` (city_id, zone_id, name, code, jnereg, jneoke) VALUES (4331, 327, "Katingan Hulu", "PKY20202", "42000", "35000");
INSERT INTO `oc_city` (city_id, zone_id, name, code, jnereg, jneoke) VALUES (4332, 327, "Katingan Kuala", "PKY20203", "42000", "35000");
INSERT INTO `oc_city` (city_id, zone_id, name, code, jnereg, jneoke) VALUES (4333, 327, "Katingan Tengah", "PKY20204", "42000", "35000");
INSERT INTO `oc_city` (city_id, zone_id, name, code, jnereg, jneoke) VALUES (4334, 327, "Marikit", "PKY20205", "42000", "35000");
INSERT INTO `oc_city` (city_id, zone_id, name, code, jnereg, jneoke) VALUES (4335, 327, "Mendawai", "PKY20212", "42000", "35000");
INSERT INTO `oc_city` (city_id, zone_id, name, code, jnereg, jneoke) VALUES (4336, 327, "Pulau Malan", "PKY20206", "42000", "35000");
INSERT INTO `oc_city` (city_id, zone_id, name, code, jnereg, jneoke) VALUES (4337, 327, "Sanaman Mantikei", "PKY20207", "42000", "35000");
INSERT INTO `oc_city` (city_id, zone_id, name, code, jnereg, jneoke) VALUES (4338, 327, "Tasik Payawan", "PKY20208", "42000", "35000");
INSERT INTO `oc_city` (city_id, zone_id, name, code, jnereg, jneoke) VALUES (4339, 327, "Tewang Sangalang Garing", "PKY20209", "42000", "35000");
INSERT INTO `oc_zone` (zone_id, country_id, name, status) VALUES (328, 22, "Kab. Kotawaringin Barat", 1);
INSERT INTO `oc_city` (city_id, zone_id, name, code, jnereg, jneoke) VALUES (4340, 328, "Arut Selatan", "PKY20710", "46000", "38000");
INSERT INTO `oc_city` (city_id, zone_id, name, code, jnereg, jneoke) VALUES (4341, 328, "Arut Utara", "PKY20701", "46000", "38000");
INSERT INTO `oc_city` (city_id, zone_id, name, code, jnereg, jneoke) VALUES (4342, 328, "Kotawaringin Lama", "PKY20706", "46000", "38000");
INSERT INTO `oc_city` (city_id, zone_id, name, code, jnereg, jneoke) VALUES (4343, 328, "Kumai", "PKY20707", "46000", "38000");
INSERT INTO `oc_city` (city_id, zone_id, name, code, jnereg, jneoke) VALUES (4344, 328, "Pangkalan Bun", "PKY20700", "40000", "32000");
INSERT INTO `oc_city` (city_id, zone_id, name, code, jnereg, jneoke) VALUES (4345, 328, "Pangkalan Lada", "PKY20711", "46000", "38000");
INSERT INTO `oc_city` (city_id, zone_id, name, code, jnereg, jneoke) VALUES (4346, 328, "Pangkalan Banteng", "PKY20712", "46000", "38000");
INSERT INTO `oc_zone` (zone_id, country_id, name, status) VALUES (329, 22, "Kab. Kotawaringin Timur", 1);
INSERT INTO `oc_city` (city_id, zone_id, name, code, jnereg, jneoke) VALUES (4347, 329, "Antang Kalang", "PKY20808", "46000", "38000");
INSERT INTO `oc_city` (city_id, zone_id, name, code, jnereg, jneoke) VALUES (4348, 329, "Baamang", "PKY20809", "46000", "38000");
INSERT INTO `oc_city` (city_id, zone_id, name, code, jnereg, jneoke) VALUES (4349, 329, "Cempaga", "PKY20801", "46000", "38000");
INSERT INTO `oc_city` (city_id, zone_id, name, code, jnereg, jneoke) VALUES (4350, 329, "Kota Besi", "PKY20802", "46000", "38000");
INSERT INTO `oc_city` (city_id, zone_id, name, code, jnereg, jneoke) VALUES (4351, 329, "Mentawa Baru", "PKY20810", "46000", "38000");
INSERT INTO `oc_city` (city_id, zone_id, name, code, jnereg, jneoke) VALUES (4352, 329, "Mentaya Hilir Selatan", "PKY20803", "46000", "38000");
INSERT INTO `oc_city` (city_id, zone_id, name, code, jnereg, jneoke) VALUES (4353, 329, "Mentaya Hilir Utara", "PKY20805", "46000", "38000");
INSERT INTO `oc_city` (city_id, zone_id, name, code, jnereg, jneoke) VALUES (4354, 329, "Mentaya Hulu", "PKY20804", "46000", "38000");
INSERT INTO `oc_city` (city_id, zone_id, name, code, jnereg, jneoke) VALUES (4355, 329, "Parenggean", "PKY20806", "46000", "38000");
INSERT INTO `oc_city` (city_id, zone_id, name, code, jnereg, jneoke) VALUES (4356, 329, "Pulau Hanaut", "PKY20807", "46000", "38000");
INSERT INTO `oc_city` (city_id, zone_id, name, code, jnereg, jneoke) VALUES (4357, 329, "Sampit", "PKY20800", "40000", "32000");
INSERT INTO `oc_zone` (zone_id, country_id, name, status) VALUES (330, 22, "Kab. Lamandau", 1);
INSERT INTO `oc_city` (city_id, zone_id, name, code, jnereg, jneoke) VALUES (4358, 330, "Bulik", "PKY21101", "107000", "88000");
INSERT INTO `oc_city` (city_id, zone_id, name, code, jnereg, jneoke) VALUES (4359, 330, "Delang", "PKY21102", "107000", "88000");
INSERT INTO `oc_city` (city_id, zone_id, name, code, jnereg, jneoke) VALUES (4360, 330, "Lamandau", "PKY21103", "95000", "88000");
INSERT INTO `oc_city` (city_id, zone_id, name, code, jnereg, jneoke) VALUES (4361, 330, "Nanga Bulik", "PKY21100", "95000", "76000");
INSERT INTO `oc_zone` (zone_id, country_id, name, status) VALUES (331, 22, "Kab. Murung Raya", 1);
INSERT INTO `oc_city` (city_id, zone_id, name, code, jnereg, jneoke) VALUES (4362, 331, "Laung Tuhup", "BDJ20901", "54500", "44500");
INSERT INTO `oc_city` (city_id, zone_id, name, code, jnereg, jneoke) VALUES (4363, 331, "Murung", "BDJ20905", "54500", "44500");
INSERT INTO `oc_city` (city_id, zone_id, name, code, jnereg, jneoke) VALUES (4364, 331, "Permata Intan", "BDJ20902", "54500", "44500");
INSERT INTO `oc_city` (city_id, zone_id, name, code, jnereg, jneoke) VALUES (4365, 331, "Puruk Cahu", "BDJ20900", "50000", "40000");
INSERT INTO `oc_city` (city_id, zone_id, name, code, jnereg, jneoke) VALUES (4366, 331, "Sumber Barito", "BDJ20903", "54500", "44500");
INSERT INTO `oc_city` (city_id, zone_id, name, code, jnereg, jneoke) VALUES (4367, 331, "Tanah Siang", "BDJ20904", "54500", "44500");
INSERT INTO `oc_zone` (zone_id, country_id, name, status) VALUES (332, 22, "Kab. Pulang Pisau", 1);
INSERT INTO `oc_city` (city_id, zone_id, name, code, jnereg, jneoke) VALUES (4368, 332, "Banamatingang", "PKY21201", "72000", "60000");
INSERT INTO `oc_city` (city_id, zone_id, name, code, jnereg, jneoke) VALUES (4369, 332, "Kahayan Hilir", "PKY21202", "72000", "60000");
INSERT INTO `oc_city` (city_id, zone_id, name, code, jnereg, jneoke) VALUES (4370, 332, "Kahayan Kuala", "PKY21204", "72000", "60000");
INSERT INTO `oc_city` (city_id, zone_id, name, code, jnereg, jneoke) VALUES (4371, 332, "Kahayan Tengah", "PKY21203", "72000", "60000");
INSERT INTO `oc_city` (city_id, zone_id, name, code, jnereg, jneoke) VALUES (4372, 332, "Maliku", "PKY21206", "72000", "60000");
INSERT INTO `oc_city` (city_id, zone_id, name, code, jnereg, jneoke) VALUES (4373, 332, "Pandih Batu", "PKY21205", "72000", "60000");
INSERT INTO `oc_city` (city_id, zone_id, name, code, jnereg, jneoke) VALUES (4374, 332, "Pulang Pisau", "PKY21200", "60000", "48000");
INSERT INTO `oc_zone` (zone_id, country_id, name, status) VALUES (333, 22, "Kab. Sukamara", 1);
INSERT INTO `oc_city` (city_id, zone_id, name, code, jnereg, jneoke) VALUES (4375, 333, "Balai Riam", "PKY21301", "107000", "88000");
INSERT INTO `oc_city` (city_id, zone_id, name, code, jnereg, jneoke) VALUES (4376, 333, "Jelai", "PKY21302", "107000", "88000");
INSERT INTO `oc_city` (city_id, zone_id, name, code, jnereg, jneoke) VALUES (4377, 333, "Sukamara", "PKY21300", "95000", "76000");
INSERT INTO `oc_zone` (zone_id, country_id, name, status) VALUES (334, 22, "Kab. Seruyan", 1);
INSERT INTO `oc_city` (city_id, zone_id, name, code, jnereg, jneoke) VALUES (4378, 334, "Danau Sembuluh", "PKY20501", "94500", "77500");
INSERT INTO `oc_city` (city_id, zone_id, name, code, jnereg, jneoke) VALUES (4379, 334, "Hanau", "PKY20502", "94500", "77500");
INSERT INTO `oc_city` (city_id, zone_id, name, code, jnereg, jneoke) VALUES (4380, 334, "Kuala Pembuang", "PKY20500", "85000", "68000");
INSERT INTO `oc_city` (city_id, zone_id, name, code, jnereg, jneoke) VALUES (4381, 334, "Seruyan Hilir", "PKY20505", "94500", "77500");
INSERT INTO `oc_city` (city_id, zone_id, name, code, jnereg, jneoke) VALUES (4382, 334, "Seruyan Hulu", "PKY20503", "94500", "77500");
INSERT INTO `oc_city` (city_id, zone_id, name, code, jnereg, jneoke) VALUES (4383, 334, "Seruyan Tengah", "PKY20504", "94500", "77500");
INSERT INTO `oc_zone` (zone_id, country_id, name, status) VALUES (335, 22, "Kota Palangkaraya", 1);
INSERT INTO `oc_city` (city_id, zone_id, name, code, jnereg, jneoke) VALUES (4384, 335, "Bukit Batu", "PKY10001", "29000", "22000");
INSERT INTO `oc_city` (city_id, zone_id, name, code, jnereg, jneoke) VALUES (4385, 335, "Jekan Raya", "PKY10002", "29000", "22000");
INSERT INTO `oc_city` (city_id, zone_id, name, code, jnereg, jneoke) VALUES (4386, 335, "Pahandut", "PKY10003", "29000", "22000");
INSERT INTO `oc_city` (city_id, zone_id, name, code, jnereg, jneoke, jneyes) VALUES (4387, 335, "Palangkaraya", "PKY10000", "29000", "22000", "39000");
INSERT INTO `oc_city` (city_id, zone_id, name, code, jnereg, jneoke) VALUES (4388, 335, "Rakumpit", "PKY10004", "29000", "22000");
INSERT INTO `oc_city` (city_id, zone_id, name, code, jnereg, jneoke) VALUES (4389, 335, "Sebangau", "PKY10005", "29000", "22000");
INSERT INTO `oc_country` (country_id, name, iso_code_2, iso_code_3, postcode_required, status) VALUES (23, "Kalimantan Timur", "ID", "IDN", 1, 1);
INSERT INTO `oc_zone` (zone_id, country_id, name, status) VALUES (336, 23, "Kab. Berau", 1);
INSERT INTO `oc_city` (city_id, zone_id, name, code, jnereg, jneoke) VALUES (4390, 336, "Biduk Biduk", "BPN20201", "46000", "38000");
INSERT INTO `oc_city` (city_id, zone_id, name, code, jnereg, jneoke) VALUES (4391, 336, "Gunung Tabur", "BPN20202", "46000", "38000");
INSERT INTO `oc_city` (city_id, zone_id, name, code, jnereg, jneoke) VALUES (4392, 336, "Kelay", "BPN20203", "46000", "38000");
INSERT INTO `oc_city` (city_id, zone_id, name, code, jnereg, jneoke) VALUES (4393, 336, "Maratua", "BPN20210", "46000", "38000");
INSERT INTO `oc_city` (city_id, zone_id, name, code, jnereg, jneoke) VALUES (4394, 336, "Pulau Derawan", "BPN20204", "46000", "38000");
INSERT INTO `oc_city` (city_id, zone_id, name, code, jnereg, jneoke) VALUES (4395, 336, "Sambaliung", "BPN20205", "46000", "38000");
INSERT INTO `oc_city` (city_id, zone_id, name, code, jnereg, jneoke) VALUES (4396, 336, "Segah", "BPN20206", "46000", "38000");
INSERT INTO `oc_city` (city_id, zone_id, name, code, jnereg, jneoke) VALUES (4397, 336, "Talisayan", "BPN20207", "46000", "38000");
INSERT INTO `oc_city` (city_id, zone_id, name, code, jnereg, jneoke) VALUES (4398, 336, "Tanjung Redeb", "BPN20200", "40000", "32000");
INSERT INTO `oc_city` (city_id, zone_id, name, code, jnereg, jneoke) VALUES (4399, 336, "Teluk Bayur", "BPN20211", "46000", "38000");
INSERT INTO `oc_city` (city_id, zone_id, name, code, jnereg, jneoke) VALUES (4400, 336, "Tubaan", "BPN20212", "46000", "38000");
INSERT INTO `oc_zone` (zone_id, country_id, name, status) VALUES (337, 23, "Kab. Bulungan", 1);
INSERT INTO `oc_city` (city_id, zone_id, name, code, jnereg, jneoke) VALUES (4401, 337, "Peso Hilir", "TRK20106", "65000", "60000");
INSERT INTO `oc_city` (city_id, zone_id, name, code, jnereg, jneoke) VALUES (4402, 337, "Pulau Bunyu", "TRK20105", "65000", "60000");
INSERT INTO `oc_city` (city_id, zone_id, name, code, jnereg, jneoke) VALUES (4403, 337, "Sekatak", "TRK20107", "65000", "60000");
INSERT INTO `oc_city` (city_id, zone_id, name, code, jnereg, jneoke) VALUES (4404, 337, "Tanjung Palas", "TRK20108", "65000", "60000");
INSERT INTO `oc_city` (city_id, zone_id, name, code, jnereg, jneoke) VALUES (4405, 337, "Tanjung Palas Barat", "TRK20109", "65000", "60000");
INSERT INTO `oc_city` (city_id, zone_id, name, code, jnereg, jneoke) VALUES (4406, 337, "Tanjung Palas Tengah", "TRK20110", "65000", "60000");
INSERT INTO `oc_city` (city_id, zone_id, name, code) VALUES (4407, 337, "Tanjung Palas Timur", "TRK201111");
INSERT INTO `oc_city` (city_id, zone_id, name, code, jnereg, jneoke) VALUES (4408, 337, "Tanjung Palas Utara", "TRK20112", "65000", "60000");
INSERT INTO `oc_city` (city_id, zone_id, name, code, jnereg, jneoke) VALUES (4409, 337, "Tanjung Selor", "TRK20100", "50000", "46000");
INSERT INTO `oc_city` (city_id, zone_id, name, code, jnereg, jneoke) VALUES (4410, 337, "Peso/Longpeso", "TRK20103", "65000", "60000");
INSERT INTO `oc_zone` (zone_id, country_id, name, status) VALUES (338, 23, "Kab. Kutai Barat", 1);
INSERT INTO `oc_city` (city_id, zone_id, name, code, jnereg, jneoke) VALUES (4411, 338, "Barong Tongkok", "SMD20201", "40000", "38000");
INSERT INTO `oc_city` (city_id, zone_id, name, code, jnereg, jneoke) VALUES (4412, 338, "Bentian Besar", "SMD20202", "40000", "38000");
INSERT INTO `oc_city` (city_id, zone_id, name, code, jnereg, jneoke) VALUES (4413, 338, "Bongan", "SMD20203", "40000", "38000");
INSERT INTO `oc_city` (city_id, zone_id, name, code) VALUES (4414, 338, "Damai", "SMD20204");
INSERT INTO `oc_city` (city_id, zone_id, name, code, jnereg, jneoke) VALUES (4415, 338, "Jempang", "SMD20205", "40000", "38000");
INSERT INTO `oc_city` (city_id, zone_id, name, code, jnereg, jneoke) VALUES (4416, 338, "Linggang Bigung", "SMD20214", "40000", "38000");
INSERT INTO `oc_city` (city_id, zone_id, name, code, jnereg, jneoke) VALUES (4417, 338, "Long Apari", "SMD20206", "40000", "38000");
INSERT INTO `oc_city` (city_id, zone_id, name, code, jnereg, jneoke) VALUES (4418, 338, "Long Bagun", "SMD20209", "40000", "38000");
INSERT INTO `oc_city` (city_id, zone_id, name, code, jnereg, jneoke) VALUES (4419, 338, "Long Hubung", "SMD20215", "40000", "38000");
INSERT INTO `oc_city` (city_id, zone_id, name, code, jnereg, jneoke) VALUES (4420, 338, "Long Iram", "SMD20207", "40000", "38000");
INSERT INTO `oc_city` (city_id, zone_id, name, code, jnereg, jneoke) VALUES (4421, 338, "Long Pahangai", "SMD20208", "40000", "38000");
INSERT INTO `oc_city` (city_id, zone_id, name, code, jnereg, jneoke) VALUES (4422, 338, "Melak", "SMD20210", "40000", "38000");
INSERT INTO `oc_city` (city_id, zone_id, name, code, jnereg, jneoke) VALUES (4423, 338, "Muara Lawa", "SMD20212", "40000", "38000");
INSERT INTO `oc_city` (city_id, zone_id, name, code, jnereg, jneoke) VALUES (4424, 338, "Muara Pahu", "SMD20211", "40000", "38000");
INSERT INTO `oc_city` (city_id, zone_id, name, code, jnereg, jneoke) VALUES (4425, 338, "Nyuwatan", "SMD20216", "40000", "38000");
INSERT INTO `oc_city` (city_id, zone_id, name, code, jnereg, jneoke) VALUES (4426, 338, "Penyinggahan", "SMD20213", "40000", "38000");
INSERT INTO `oc_city` (city_id, zone_id, name, code, jnereg, jneoke) VALUES (4427, 338, "Sendawar", "SMD20200", "40000", "32000");
INSERT INTO `oc_zone` (zone_id, country_id, name, status) VALUES (339, 23, "Kab. Kutai Kartanegara", 1);
INSERT INTO `oc_city` (city_id, zone_id, name, code, jnereg, jneoke) VALUES (4428, 339, "Anggana", "SMD20133", "31000", "36000");
INSERT INTO `oc_city` (city_id, zone_id, name, code, jnereg, jneoke) VALUES (4429, 339, "Kembang Janggut", "SMD20106", "42000", "36000");
INSERT INTO `oc_city` (city_id, zone_id, name, code, jnereg, jneoke) VALUES (4430, 339, "Kenohan", "SMD20107", "42000", "36000");
INSERT INTO `oc_city` (city_id, zone_id, name, code, jnereg, jneoke) VALUES (4431, 339, "Kota Bangun", "SMD20108", "42000", "36000");
INSERT INTO `oc_city` (city_id, zone_id, name, code, jnereg, jneoke) VALUES (4432, 339, "Loa Janan", "SMD20126", "42000", "36000");
INSERT INTO `oc_city` (city_id, zone_id, name, code, jnereg, jneoke) VALUES (4433, 339, "Loa Kulu", "SMD20109", "50000", "40000");
INSERT INTO `oc_city` (city_id, zone_id, name, code, jnereg, jneoke) VALUES (4434, 339, "Marang Kayu", "SMD20130", "42000", "36000");
INSERT INTO `oc_city` (city_id, zone_id, name, code, jnereg, jneoke) VALUES (4435, 339, "Muara Badak", "SMD20127", "42000", "36000");
INSERT INTO `oc_city` (city_id, zone_id, name, code, jnereg, jneoke) VALUES (4436, 339, "Muara Jawa", "BPN10014", "24000", "18000");
INSERT INTO `oc_city` (city_id, zone_id, name, code, jnereg, jneoke) VALUES (4437, 339, "Muara Kaman", "SMD20117", "42000", "36000");
INSERT INTO `oc_city` (city_id, zone_id, name, code, jnereg, jneoke) VALUES (4438, 339, "Muara Muntai", "SMD20120", "42000", "36000");
INSERT INTO `oc_city` (city_id, zone_id, name, code, jnereg, jneoke) VALUES (4439, 339, "Muara Wis", "SMD20131", "42000", "36000");
INSERT INTO `oc_city` (city_id, zone_id, name, code, jnereg, jneoke) VALUES (4440, 339, "Sanga-Sanga", "SMD20128", "37000", "29500");
INSERT INTO `oc_city` (city_id, zone_id, name, code, jnereg, jneoke) VALUES (4441, 339, "Sebulu", "SMD20123", "42000", "36000");
INSERT INTO `oc_city` (city_id, zone_id, name, code, jnereg, jneoke) VALUES (4442, 339, "Samboja", "BPN10008", "24000", "18000");
INSERT INTO `oc_city` (city_id, zone_id, name, code, jnereg, jneoke) VALUES (4443, 339, "Tabang", "SMD20124", "42000", "36000");
INSERT INTO `oc_city` (city_id, zone_id, name, code, jnereg, jneoke) VALUES (4444, 339, "Tenggarong", "SMD20100", "31000", "25000");
INSERT INTO `oc_city` (city_id, zone_id, name, code, jnereg, jneoke) VALUES (4445, 339, "Tenggarong Seberang", "SMD20132", "42000", "25000");
INSERT INTO `oc_zone` (zone_id, country_id, name, status) VALUES (340, 23, "Kab. Kutai Timur", 1);
INSERT INTO `oc_city` (city_id, zone_id, name, code, jnereg, jneoke) VALUES (4446, 340, "Batu Ampar", "BTG20102", "54000", "45000");
INSERT INTO `oc_city` (city_id, zone_id, name, code, jnereg, jneoke) VALUES (4447, 340, "Bengalon", "BTG20103", "54000", "45000");
INSERT INTO `oc_city` (city_id, zone_id, name, code, jnereg, jneoke) VALUES (4448, 340, "Busang", "BTG20104", "54000", "45000");
INSERT INTO `oc_city` (city_id, zone_id, name, code, jnereg, jneoke) VALUES (4449, 340, "Kaliorang", "BTG20105", "54000", "45000");
INSERT INTO `oc_city` (city_id, zone_id, name, code, jnereg, jneoke) VALUES (4450, 340, "Karangan", "BTG20106", "54000", "45000");
INSERT INTO `oc_city` (city_id, zone_id, name, code, jnereg, jneoke) VALUES (4451, 340, "Kaubun", "BTG20107", "54000", "45000");
INSERT INTO `oc_city` (city_id, zone_id, name, code, jnereg, jneoke) VALUES (4452, 340, "Kongbeng", "BTG20108", "54000", "45000");
INSERT INTO `oc_city` (city_id, zone_id, name, code, jnereg, jneoke) VALUES (4453, 340, "Long Masengat", "BTG20109", "54000", "45000");
INSERT INTO `oc_city` (city_id, zone_id, name, code, jnereg, jneoke) VALUES (4454, 340, "Muara Ancalong", "BTG20110", "54000", "45000");
INSERT INTO `oc_city` (city_id, zone_id, name, code, jnereg, jneoke) VALUES (4455, 340, "Muara Bengkal", "BTG20111", "54000", "45000");
INSERT INTO `oc_city` (city_id, zone_id, name, code, jnereg, jneoke) VALUES (4456, 340, "Muara Wahau", "BTG20112", "54000", "45000");
INSERT INTO `oc_city` (city_id, zone_id, name, code, jnereg, jneoke) VALUES (4457, 340, "Rantau Pulung", "BTG20113", "54000", "45000");
INSERT INTO `oc_city` (city_id, zone_id, name, code, jnereg, jneoke) VALUES (4458, 340, "Sandaran", "BTG20114", "54000", "45000");
INSERT INTO `oc_city` (city_id, zone_id, name, code, jnereg, jneoke) VALUES (4459, 340, "Sangatta", "BTG20100", "45000", "36000");
INSERT INTO `oc_city` (city_id, zone_id, name, code, jnereg, jneoke) VALUES (4460, 340, "Sangatta Selatan", "BTG20115", "54000", "36000");
INSERT INTO `oc_city` (city_id, zone_id, name, code, jnereg, jneoke) VALUES (4461, 340, "Sangkulirang", "BTG20116", "54000", "45000");
INSERT INTO `oc_city` (city_id, zone_id, name, code) VALUES (4462, 340, "Sangkima", "BTG20120");
INSERT INTO `oc_city` (city_id, zone_id, name, code) VALUES (4463, 340, "Swarga Bara", "BTG20121");
INSERT INTO `oc_city` (city_id, zone_id, name, code) VALUES (4464, 340, "Singa Gembara", "BTG20122");
INSERT INTO `oc_city` (city_id, zone_id, name, code, jnereg, jneoke) VALUES (4465, 340, "Telen", "BTG20117", "54000", "45000");
INSERT INTO `oc_city` (city_id, zone_id, name, code, jnereg, jneoke) VALUES (4466, 340, "Teluk Pandan", "BTG20101", "45000", "36000");
INSERT INTO `oc_zone` (zone_id, country_id, name, status) VALUES (341, 23, "Kab. Malinau", 1);
INSERT INTO `oc_city` (city_id, zone_id, name, code, jnereg, jneoke) VALUES (4467, 341, "Kayan Hilir", "TRK20203", "65000", "60000");
INSERT INTO `oc_city` (city_id, zone_id, name, code, jnereg, jneoke) VALUES (4468, 341, "Kayan Hulu", "TRK20202", "65000", "60000");
INSERT INTO `oc_city` (city_id, zone_id, name, code, jnereg, jneoke) VALUES (4469, 341, "Malinau", "TRK20200", "50000", "46000");
INSERT INTO `oc_city` (city_id, zone_id, name, code, jnereg, jneoke) VALUES (4470, 341, "Malinau Barat", "TRK20205", "65000", "60000");
INSERT INTO `oc_city` (city_id, zone_id, name, code, jnereg, jneoke) VALUES (4471, 341, "Malinau Selatan", "TRK20206", "65000", "60000");
INSERT INTO `oc_city` (city_id, zone_id, name, code, jnereg, jneoke) VALUES (4472, 341, "Malinau Utara", "TRK20207", "65000", "60000");
INSERT INTO `oc_city` (city_id, zone_id, name, code, jnereg, jneoke) VALUES (4473, 341, "Mentarang", "TRK20201", "65000", "60000");
INSERT INTO `oc_city` (city_id, zone_id, name, code, jnereg, jneoke) VALUES (4474, 341, "Pujungan", "TRK20204", "65000", "60000");
INSERT INTO `oc_city` (city_id, zone_id, name, code, jnereg, jneoke) VALUES (4475, 341, "Sungai Boh", "TRK20208", "65000", "60000");
INSERT INTO `oc_zone` (zone_id, country_id, name, status) VALUES (342, 23, "Kab. Nunukan", 1);
INSERT INTO `oc_city` (city_id, zone_id, name, code, jnereg, jneoke) VALUES (4476, 342, "Krayan", "TRK20301", "65000", "60000");
INSERT INTO `oc_city` (city_id, zone_id, name, code, jnereg, jneoke) VALUES (4477, 342, "Krayan Selatan", "TRK20303", "65000", "60000");
INSERT INTO `oc_city` (city_id, zone_id, name, code, jnereg, jneoke) VALUES (4478, 342, "Lumbis", "TRK20302", "65000", "60000");
INSERT INTO `oc_city` (city_id, zone_id, name, code, jnereg, jneoke) VALUES (4479, 342, "Nunukan", "TRK20300", "50000", "46000");
INSERT INTO `oc_city` (city_id, zone_id, name, code, jnereg, jneoke) VALUES (4480, 342, "Sebatik", "TRK20304", "50000", "46000");
INSERT INTO `oc_city` (city_id, zone_id, name, code, jnereg, jneoke) VALUES (4481, 342, "Sebuku", "TRK20305", "65000", "60000");
INSERT INTO `oc_zone` (zone_id, country_id, name, status) VALUES (343, 23, "Kab. Paser", 1);
INSERT INTO `oc_city` (city_id, zone_id, name, code, jnereg, jneoke) VALUES (4482, 343, "Long Ikis", "BPN20104", "47000", "39000");
INSERT INTO `oc_city` (city_id, zone_id, name, code, jnereg, jneoke) VALUES (4483, 343, "Muara Komam", "BPN20105", "47000", "39000");
INSERT INTO `oc_city` (city_id, zone_id, name, code, jnereg, jneoke) VALUES (4484, 343, "Batu Engau", "BPN20109", "47000", "39000");
INSERT INTO `oc_city` (city_id, zone_id, name, code, jnereg, jneoke) VALUES (4485, 343, "Tanjung Harapan", "BPN20110", "47000", "39000");
INSERT INTO `oc_city` (city_id, zone_id, name, code, jnereg, jneoke) VALUES (4486, 343, "Pasir Balengkong", "BPN20106", "47000", "39000");
INSERT INTO `oc_city` (city_id, zone_id, name, code, jnereg, jneoke) VALUES (4487, 343, "Tanah Grogot", "BPN20100", "40000", "32000");
INSERT INTO `oc_city` (city_id, zone_id, name, code, jnereg, jneoke) VALUES (4488, 343, "Muara Samu", "BPN20111", "47000", "39000");
INSERT INTO `oc_city` (city_id, zone_id, name, code, jnereg, jneoke) VALUES (4489, 343, "Batu Sopang", "BPN20101", "47000", "39000");
INSERT INTO `oc_city` (city_id, zone_id, name, code, jnereg, jneoke) VALUES (4490, 343, "Kuaro", "BPN20102", "47000", "39000");
INSERT INTO `oc_city` (city_id, zone_id, name, code, jnereg, jneoke) VALUES (4491, 343, "Long Kali", "BPN20103", "47000", "39000");
INSERT INTO `oc_zone` (zone_id, country_id, name, status) VALUES (344, 23, "Kab. Panajam Paser Utara", 1);
INSERT INTO `oc_city` (city_id, zone_id, name, code, jnereg, jneoke) VALUES (4492, 344, "Babulu", "BPN20302", "50000", "42000");
INSERT INTO `oc_city` (city_id, zone_id, name, code, jnereg, jneoke) VALUES (4493, 344, "Penajam", "BPN20300", "40000", "32000");
INSERT INTO `oc_city` (city_id, zone_id, name, code, jnereg, jneoke) VALUES (4494, 344, "Sepaku", "BPN20303", "50000", "42000");
INSERT INTO `oc_city` (city_id, zone_id, name, code, jnereg, jneoke) VALUES (4495, 344, "Waru", "BPN20301", "50000", "42000");
INSERT INTO `oc_zone` (zone_id, country_id, name, status) VALUES (345, 23, "Kab. Tana Tidung", 1);
INSERT INTO `oc_city` (city_id, zone_id, name, code) VALUES (4496, 345, "Sesayap", "TRK20402");
INSERT INTO `oc_city` (city_id, zone_id, name, code) VALUES (4497, 345, "Sesayap Hilir", "TRK20403");
INSERT INTO `oc_city` (city_id, zone_id, name, code) VALUES (4498, 345, "Tanah Lia", "TRK20404");
INSERT INTO `oc_city` (city_id, zone_id, name, code) VALUES (4499, 345, "Sembakung", "TRK20401");
INSERT INTO `oc_city` (city_id, zone_id, name, code) VALUES (4500, 345, "Tanah Tidung", "TRK20400");
INSERT INTO `oc_zone` (zone_id, country_id, name, status) VALUES (346, 23, "Kota Balikpapan", 1);
INSERT INTO `oc_city` (city_id, zone_id, name, code, jnereg, jneoke, jneyes) VALUES (4501, 346, "Balikpapan", "BPN10000", "24000", "18000", "34000");
INSERT INTO `oc_city` (city_id, zone_id, name, code, jnereg, jneoke) VALUES (4502, 346, "Balikpapan Barat", "BPN10009", "24000", "18000");
INSERT INTO `oc_city` (city_id, zone_id, name, code, jnereg, jneoke) VALUES (4503, 346, "Balikpapan Selatan", "BPN10010", "24000", "18000");
INSERT INTO `oc_city` (city_id, zone_id, name, code, jnereg, jneoke) VALUES (4504, 346, "Balikpapan Tengah", "BPN10011", "24000", "18000");
INSERT INTO `oc_city` (city_id, zone_id, name, code, jnereg, jneoke) VALUES (4505, 346, "Balikpapan Timur", "BPN10012", "24000", "18000");
INSERT INTO `oc_city` (city_id, zone_id, name, code, jnereg, jneoke) VALUES (4506, 346, "Balikpapan Utara", "BPN10013", "24000", "18000");
INSERT INTO `oc_zone` (zone_id, country_id, name, status) VALUES (347, 23, "Kota Bontang", 1);
INSERT INTO `oc_city` (city_id, zone_id, name, code, jnereg, jneoke) VALUES (4507, 347, "Bontang", "BTG10000", "40000", "32000");
INSERT INTO `oc_city` (city_id, zone_id, name, code, jnereg, jneoke) VALUES (4508, 347, "Bontang Barat", "BTG10002", "40000", "32000");
INSERT INTO `oc_city` (city_id, zone_id, name, code, jnereg, jneoke) VALUES (4509, 347, "Bontang Selatan", "BTG10003", "40000", "32000");
INSERT INTO `oc_city` (city_id, zone_id, name, code) VALUES (4510, 347, "Bontang Utara", "BTG10004");
INSERT INTO `oc_zone` (zone_id, country_id, name, status) VALUES (348, 23, "Kota Samarinda", 1);
INSERT INTO `oc_city` (city_id, zone_id, name, code, jnereg, jneoke) VALUES (4511, 348, "Palaran", "SMD10007", "31000", "25000");
INSERT INTO `oc_city` (city_id, zone_id, name, code, jnereg, jneoke) VALUES (4512, 348, "Samarinda", "SMD10000", "27000", "20500");
INSERT INTO `oc_city` (city_id, zone_id, name, code, jnereg, jneoke) VALUES (4513, 348, "Samarinda Ilir", "SMD10009", "27000", "20500");
INSERT INTO `oc_city` (city_id, zone_id, name, code, jnereg, jneoke) VALUES (4514, 348, "Samarinda Seberang", "SMD10005", "27000", "20500");
INSERT INTO `oc_city` (city_id, zone_id, name, code, jnereg, jneoke) VALUES (4515, 348, "Samarinda Ulu", "SMD10010", "27000", "20500");
INSERT INTO `oc_city` (city_id, zone_id, name, code, jnereg, jneoke) VALUES (4516, 348, "Samarinda Utara", "SMD10011", "27000", "20500");
INSERT INTO `oc_city` (city_id, zone_id, name, code, jnereg, jneoke) VALUES (4517, 348, "Sungai Kunjang", "SMD10012", "27000", "20500");
INSERT INTO `oc_zone` (zone_id, country_id, name, status) VALUES (349, 23, "Kota Tarakan", 1);
INSERT INTO `oc_city` (city_id, zone_id, name, code, jnereg, jneoke) VALUES (4518, 349, "Tarakan", "TRK10000", "40000", "32000");
INSERT INTO `oc_city` (city_id, zone_id, name, code) VALUES (4519, 349, "Tarakan Barat", "TRK10011");
INSERT INTO `oc_city` (city_id, zone_id, name, code) VALUES (4520, 349, "Tarakan Tengah", "TRK10012");
INSERT INTO `oc_city` (city_id, zone_id, name, code) VALUES (4521, 349, "Tarakan Timur", "TRK10013");
INSERT INTO `oc_city` (city_id, zone_id, name, code) VALUES (4522, 349, "Tarakan Utara", "TRK10014");
INSERT INTO `oc_country` (country_id, name, iso_code_2, iso_code_3, postcode_required, status) VALUES (24, "Gorontalo", "ID", "IDN", 1, 1);
INSERT INTO `oc_zone` (zone_id, country_id, name, status) VALUES (350, 24, "Kab. Boalemo", 1);
INSERT INTO `oc_city` (city_id, zone_id, name, code, jnereg, jneoke) VALUES (4523, 350, "Botumoito", "GTO20201", "77000", "64000");
INSERT INTO `oc_city` (city_id, zone_id, name, code, jnereg, jneoke) VALUES (4524, 350, "Dulupi", "GTO20202", "77000", "64000");
INSERT INTO `oc_city` (city_id, zone_id, name, code, jnereg, jneoke) VALUES (4525, 350, "Mananggu", "GTO20203", "77000", "64000");
INSERT INTO `oc_city` (city_id, zone_id, name, code, jnereg, jneoke) VALUES (4526, 350, "Paguyaman", "GTO20204", "77000", "64000");
INSERT INTO `oc_city` (city_id, zone_id, name, code, jnereg, jneoke) VALUES (4527, 350, "Tilamuta", "GTO20200", "65000", "52000");
INSERT INTO `oc_city` (city_id, zone_id, name, code, jnereg, jneoke) VALUES (4528, 350, "Wonosari", "GTO20206", "77000", "64000");
INSERT INTO `oc_zone` (zone_id, country_id, name, status) VALUES (351, 24, "Kota Bone Bolango", 1);
INSERT INTO `oc_city` (city_id, zone_id, name, code, jnereg, jneoke) VALUES (4529, 351, "Bone Panta", "GTO20301", "60000", "50000");
INSERT INTO `oc_city` (city_id, zone_id, name, code, jnereg, jneoke) VALUES (4530, 351, "Kabila", "GTO20302", "60000", "50000");
INSERT INTO `oc_city` (city_id, zone_id, name, code, jnereg, jneoke) VALUES (4531, 351, "Suwawa", "GTO20300", "50000", "40000");
INSERT INTO `oc_city` (city_id, zone_id, name, code, jnereg, jneoke) VALUES (4532, 351, "Tapa", "GTO20303", "60000", "50000");
INSERT INTO `oc_zone` (zone_id, country_id, name, status) VALUES (352, 24, "Kab. Gorontalo", 1);
INSERT INTO `oc_city` (city_id, zone_id, name, code, jnereg, jneoke) VALUES (4533, 352, "Anggrek", "GTO20111", "63000", "53000");
INSERT INTO `oc_city` (city_id, zone_id, name, code, jnereg, jneoke) VALUES (4534, 352, "Atinggola", "GTO20101", "63000", "53000");
INSERT INTO `oc_city` (city_id, zone_id, name, code, jnereg, jneoke) VALUES (4535, 352, "Batudaa", "GTO20102", "63000", "53000");
INSERT INTO `oc_city` (city_id, zone_id, name, code, jnereg, jneoke) VALUES (4536, 352, "Boliyohuto", "GTO20112", "63000", "53000");
INSERT INTO `oc_city` (city_id, zone_id, name, code, jnereg, jneoke) VALUES (4537, 352, "Bongomeme", "GTO20113", "63000", "53000");
INSERT INTO `oc_city` (city_id, zone_id, name, code, jnereg, jneoke) VALUES (4538, 352, "Limboto", "GTO20100", "50000", "40000");
INSERT INTO `oc_city` (city_id, zone_id, name, code, jnereg, jneoke) VALUES (4539, 352, "Limboto Barat", "GTO20114", "63000", "53000");
INSERT INTO `oc_city` (city_id, zone_id, name, code, jnereg, jneoke) VALUES (4540, 352, "Mootilango", "GTO20115", "63000", "53000");
INSERT INTO `oc_city` (city_id, zone_id, name, code, jnereg, jneoke) VALUES (4541, 352, "Pulubala", "GTO20116", "63000", "53000");
INSERT INTO `oc_city` (city_id, zone_id, name, code, jnereg, jneoke) VALUES (4542, 352, "Sumalata", "GTO20108", "63000", "53000");
INSERT INTO `oc_city` (city_id, zone_id, name, code, jnereg, jneoke) VALUES (4543, 352, "Telaga", "GTO20117", "63000", "53000");
INSERT INTO `oc_city` (city_id, zone_id, name, code, jnereg, jneoke) VALUES (4544, 352, "Tibawa", "GTO20109", "63000", "53000");
INSERT INTO `oc_city` (city_id, zone_id, name, code, jnereg, jneoke) VALUES (4545, 352, "Tolangohula", "GTO20118", "63000", "53000");
INSERT INTO `oc_city` (city_id, zone_id, name, code, jnereg, jneoke) VALUES (4546, 352, "Tolinggula", "GTO20119", "63000", "53000");
INSERT INTO `oc_zone` (zone_id, country_id, name, status) VALUES (353, 24, "Kab. Gorontalo Utara", 1);
INSERT INTO `oc_city` (city_id, zone_id, name, code, jnereg, jneoke) VALUES (4547, 353, "Anggrek", "GTO20401", "72500", "72500");
INSERT INTO `oc_city` (city_id, zone_id, name, code, jnereg, jneoke) VALUES (4548, 353, "Atinggota", "GTO20402", "72500", "72500");
INSERT INTO `oc_city` (city_id, zone_id, name, code, jnereg, jneoke) VALUES (4549, 353, "Kwandang", "GTO20400", "65000", "65000");
INSERT INTO `oc_city` (city_id, zone_id, name, code, jnereg, jneoke) VALUES (4550, 353, "Sumalata", "GTO20403", "72500", "72500");
INSERT INTO `oc_city` (city_id, zone_id, name, code, jnereg, jneoke) VALUES (4551, 353, "Tolingula", "GTO20404", "72500", "72500");
INSERT INTO `oc_zone` (zone_id, country_id, name, status) VALUES (354, 24, "Kab. Pahuwalo", 1);
INSERT INTO `oc_city` (city_id, zone_id, name, code, jnereg, jneoke) VALUES (4552, 354, "Lemito", "GTO20501", "78000", "64000");
INSERT INTO `oc_city` (city_id, zone_id, name, code, jnereg, jneoke) VALUES (4553, 354, "Marisa", "GTO20500", "70000", "56000");
INSERT INTO `oc_city` (city_id, zone_id, name, code, jnereg, jneoke) VALUES (4554, 354, "Paguat", "GTO20502", "78000", "64000");
INSERT INTO `oc_city` (city_id, zone_id, name, code, jnereg, jneoke) VALUES (4555, 354, "Patilanggio", "GTO20503", "78000", "64000");
INSERT INTO `oc_city` (city_id, zone_id, name, code, jnereg, jneoke) VALUES (4556, 354, "Popayato", "GTO20504", "78000", "64000");
INSERT INTO `oc_city` (city_id, zone_id, name, code, jnereg, jneoke) VALUES (4557, 354, "Randangan", "GTO20505", "78000", "64000");
INSERT INTO `oc_city` (city_id, zone_id, name, code, jnereg, jneoke) VALUES (4558, 354, "Taluditi", "GTO20506", "78000", "64000");
INSERT INTO `oc_zone` (zone_id, country_id, name, status) VALUES (355, 24, "Kota Gorontalo", 1);
INSERT INTO `oc_city` (city_id, zone_id, name, code, jnereg, jneoke) VALUES (4559, 355, "Dungingi", "GTO10008", "45000", "33000");
INSERT INTO `oc_city` (city_id, zone_id, name, code, jnereg, jneoke) VALUES (4560, 355, "Gorontalo", "GTO10000", "45000", "33000");
INSERT INTO `oc_city` (city_id, zone_id, name, code, jnereg, jneoke) VALUES (4561, 355, "Kota Barat", "GTO10009", "45000", "33000");
INSERT INTO `oc_city` (city_id, zone_id, name, code, jnereg, jneoke) VALUES (4562, 355, "Kota Selatan", "GTO10010", "45000", "33000");
INSERT INTO `oc_city` (city_id, zone_id, name, code, jnereg, jneoke) VALUES (4563, 355, "Kota Timur", "GTO10011", "45000", "33000");
INSERT INTO `oc_city` (city_id, zone_id, name, code, jnereg, jneoke) VALUES (4564, 355, "Kota Utara", "GTO10012", "45000", "33000");
INSERT INTO `oc_country` (country_id, name, iso_code_2, iso_code_3, postcode_required, status) VALUES (25, "Sulawesi Selatan", "ID", "IDN", 1, 1);
INSERT INTO `oc_zone` (zone_id, country_id, name, status) VALUES (356, 25, "Kab. Bantaeng", 1);
INSERT INTO `oc_city` (city_id, zone_id, name, code, jnereg, jneoke) VALUES (4565, 356, "Bantaeng", "UPG20100", "40000", "32000");
INSERT INTO `oc_city` (city_id, zone_id, name, code, jnereg, jneoke) VALUES (4566, 356, "Bissappu", "UPG20101", "51000", "43000");
INSERT INTO `oc_city` (city_id, zone_id, name, code, jnereg, jneoke) VALUES (4567, 356, "Eremerasa", "UPG20104", "51000", "43000");
INSERT INTO `oc_city` (city_id, zone_id, name, code, jnereg, jneoke) VALUES (4568, 356, "Pajukukang", "UPG20105", "51000", "43000");
INSERT INTO `oc_city` (city_id, zone_id, name, code) VALUES (4569, 356, "Tompobulu", "UPG20103");
INSERT INTO `oc_city` (city_id, zone_id, name, code, jnereg, jneoke) VALUES (4570, 356, "Uluere", "UPG20106", "51000", "43000");
INSERT INTO `oc_zone` (zone_id, country_id, name, status) VALUES (357, 25, "Kab. Barru", 1);
INSERT INTO `oc_city` (city_id, zone_id, name, code, jnereg, jneoke) VALUES (4571, 357, "Balusu", "UPG20205", "49000", "38500");
INSERT INTO `oc_city` (city_id, zone_id, name, code, jnereg, jneoke) VALUES (4572, 357, "Barru", "UPG20200", "37000", "29500");
INSERT INTO `oc_city` (city_id, zone_id, name, code, jnereg, jneoke) VALUES (4573, 357, "Mallusetasi", "UPG20201", "49000", "38500");
INSERT INTO `oc_city` (city_id, zone_id, name, code, jnereg, jneoke) VALUES (4574, 357, "Pujananting", "UPG20206", "49000", "38500");
INSERT INTO `oc_city` (city_id, zone_id, name, code, jnereg, jneoke) VALUES (4575, 357, "Soppeng Riaja", "UPG20202", "49000", "38500");
INSERT INTO `oc_city` (city_id, zone_id, name, code, jnereg, jneoke) VALUES (4576, 357, "Tanete Riaja", "UPG20203", "49000", "38500");
INSERT INTO `oc_city` (city_id, zone_id, name, code, jnereg, jneoke) VALUES (4577, 357, "Tanete Rilau", "UPG20204", "49000", "38500");
INSERT INTO `oc_zone` (zone_id, country_id, name, status) VALUES (358, 25, "Kab. Bone", 1);
INSERT INTO `oc_city` (city_id, zone_id, name, code, jnereg, jneoke) VALUES (4578, 358, "Ajangale", "UPG21801", "40000", "32000");
INSERT INTO `oc_city` (city_id, zone_id, name, code, jnereg, jneoke) VALUES (4579, 358, "Amali", "UPG21819", "40000", "32000");
INSERT INTO `oc_city` (city_id, zone_id, name, code, jnereg, jneoke) VALUES (4580, 358, "Awangpone", "UPG21820", "40000", "32000");
INSERT INTO `oc_city` (city_id, zone_id, name, code, jnereg, jneoke) VALUES (4581, 358, "Barebbo", "UPG21802", "40000", "32000");
INSERT INTO `oc_city` (city_id, zone_id, name, code, jnereg, jneoke) VALUES (4582, 358, "Bengo", "UPG21821", "40000", "32000");
INSERT INTO `oc_city` (city_id, zone_id, name, code, jnereg, jneoke) VALUES (4583, 358, "Bontocani", "UPG21803", "40000", "32000");
INSERT INTO `oc_city` (city_id, zone_id, name, code, jnereg, jneoke) VALUES (4584, 358, "Cenrana", "UPG21804", "40000", "32000");
INSERT INTO `oc_city` (city_id, zone_id, name, code, jnereg, jneoke) VALUES (4585, 358, "Cina", "UPG21805", "40000", "32000");
INSERT INTO `oc_city` (city_id, zone_id, name, code, jnereg, jneoke) VALUES (4586, 358, "Dua Boccoe", "UPG21806", "40000", "32000");
INSERT INTO `oc_city` (city_id, zone_id, name, code, jnereg, jneoke) VALUES (4587, 358, "Kahu", "UPG21807", "40000", "32000");
INSERT INTO `oc_city` (city_id, zone_id, name, code, jnereg, jneoke) VALUES (4588, 358, "Kajuara", "UPG21808", "40000", "32000");
INSERT INTO `oc_city` (city_id, zone_id, name, code, jnereg, jneoke) VALUES (4589, 358, "Lamuru", "UPG21809", "40000", "32000");
INSERT INTO `oc_city` (city_id, zone_id, name, code, jnereg, jneoke) VALUES (4590, 358, "Lappariaja", "UPG21810", "40000", "32000");
INSERT INTO `oc_city` (city_id, zone_id, name, code, jnereg, jneoke) VALUES (4591, 358, "Libureng", "UPG21811", "40000", "32000");
INSERT INTO `oc_city` (city_id, zone_id, name, code, jnereg, jneoke) VALUES (4592, 358, "Mare", "UPG21812", "40000", "32000");
INSERT INTO `oc_city` (city_id, zone_id, name, code, jnereg, jneoke) VALUES (4593, 358, "Palakka", "UPG21822", "40000", "32000");
INSERT INTO `oc_city` (city_id, zone_id, name, code, jnereg, jneoke) VALUES (4594, 358, "Patimpeng", "UPG21823", "40000", "32000");
INSERT INTO `oc_city` (city_id, zone_id, name, code, jnereg, jneoke) VALUES (4595, 358, "Ponre", "UPG21813", "40000", "32000");
INSERT INTO `oc_city` (city_id, zone_id, name, code, jnereg, jneoke) VALUES (4596, 358, "Salomekko", "UPG21814", "40000", "32000");
INSERT INTO `oc_city` (city_id, zone_id, name, code, jnereg, jneoke) VALUES (4597, 358, "Sibulue", "UPG21815", "40000", "32000");
INSERT INTO `oc_city` (city_id, zone_id, name, code, jnereg, jneoke) VALUES (4598, 358, "Tanete Riattang", "UPG21825", "40000", "32000");
INSERT INTO `oc_city` (city_id, zone_id, name, code, jnereg, jneoke) VALUES (4599, 358, "Tanete Riattang Barat", "UPG21826", "40000", "32000");
INSERT INTO `oc_city` (city_id, zone_id, name, code, jnereg, jneoke) VALUES (4600, 358, "Tanete Riattang Timur", "UPG21827", "40000", "32000");
INSERT INTO `oc_city` (city_id, zone_id, name, code) VALUES (4601, 358, "Tellu Limpoe", "UPG21828");
INSERT INTO `oc_city` (city_id, zone_id, name, code, jnereg, jneoke) VALUES (4602, 358, "Tellu Siattinge", "UPG21816", "40000", "32000");
INSERT INTO `oc_city` (city_id, zone_id, name, code, jnereg, jneoke) VALUES (4603, 358, "Tonra", "UPG21817", "40000", "32000");
INSERT INTO `oc_city` (city_id, zone_id, name, code, jnereg, jneoke) VALUES (4604, 358, "Ulaweng", "UPG21818", "40000", "32000");
INSERT INTO `oc_city` (city_id, zone_id, name, code, jnereg, jneoke) VALUES (4605, 358, "Watampone", "UPG21800", "40000", "32000");
INSERT INTO `oc_zone` (zone_id, country_id, name, status) VALUES (359, 25, "Kab. Bulukumba", 1);
INSERT INTO `oc_city` (city_id, zone_id, name, code, jnereg, jneoke) VALUES (4606, 359, "Bonto Bahari", "UPG20301", "46500", "41500");
INSERT INTO `oc_city` (city_id, zone_id, name, code, jnereg, jneoke) VALUES (4607, 359, "Bontotiro", "UPG20302", "46500", "41500");
INSERT INTO `oc_city` (city_id, zone_id, name, code, jnereg, jneoke) VALUES (4608, 359, "Bulukumba", "UPG20300", "37000", "29500");
INSERT INTO `oc_city` (city_id, zone_id, name, code) VALUES (4609, 359, "Gantarang /", "");
INSERT INTO `oc_city` (city_id, zone_id, name, code, jnereg, jneoke) VALUES (4610, 359, "Gantarangkindang/Ganking", "UPG20304", "46500", "41500");
INSERT INTO `oc_city` (city_id, zone_id, name, code) VALUES (4611, 359, "Hero Lange-Lange /", "");
INSERT INTO `oc_city` (city_id, zone_id, name, code, jnereg, jneoke) VALUES (4612, 359, "Heralangelange/Herlang", "UPG20305", "46500", "41500");
INSERT INTO `oc_city` (city_id, zone_id, name, code, jnereg, jneoke) VALUES (4613, 359, "Kajang", "UPG20306", "46500", "41500");
INSERT INTO `oc_city` (city_id, zone_id, name, code, jnereg, jneoke) VALUES (4614, 359, "Kindang", "UPG20307", "46500", "41500");
INSERT INTO `oc_city` (city_id, zone_id, name, code, jnereg, jneoke) VALUES (4615, 359, "Riau Ale", "UPG20308", "46500", "41500");
INSERT INTO `oc_city` (city_id, zone_id, name, code, jnereg, jneoke) VALUES (4616, 359, "Ujung Bulu", "UPG20309", "46500", "41500");
INSERT INTO `oc_city` (city_id, zone_id, name, code, jnereg, jneoke) VALUES (4617, 359, "Ujung Loe", "UPG20310", "46500", "41500");
INSERT INTO `oc_zone` (zone_id, country_id, name, status) VALUES (360, 25, "Kab. Enrekang", 1);
INSERT INTO `oc_city` (city_id, zone_id, name, code, jnereg, jneoke) VALUES (4618, 360, "Alla", "UPG20401", "59000", "49000");
INSERT INTO `oc_city` (city_id, zone_id, name, code, jnereg, jneoke) VALUES (4619, 360, "Alla Timur", "UPG20405", "59000", "49000");
INSERT INTO `oc_city` (city_id, zone_id, name, code, jnereg, jneoke) VALUES (4620, 360, "Anggeraja", "UPG20402", "59000", "49000");
INSERT INTO `oc_city` (city_id, zone_id, name, code, jnereg, jneoke) VALUES (4621, 360, "Anggeraja Timur", "UPG20406", "59000", "49000");
INSERT INTO `oc_city` (city_id, zone_id, name, code, jnereg, jneoke) VALUES (4622, 360, "Baraka", "UPG20403", "59000", "49000");
INSERT INTO `oc_city` (city_id, zone_id, name, code, jnereg, jneoke) VALUES (4623, 360, "Enrekang", "UPG20400", "50000", "40000");
INSERT INTO `oc_city` (city_id, zone_id, name, code, jnereg, jneoke) VALUES (4624, 360, "Enrekang Selatan", "UPG20407", "59000", "49000");
INSERT INTO `oc_city` (city_id, zone_id, name, code, jnereg, jneoke) VALUES (4625, 360, "Maiwa", "UPG20404", "59000", "49000");
INSERT INTO `oc_city` (city_id, zone_id, name, code, jnereg, jneoke) VALUES (4626, 360, "Maiwa Atas", "UPG20408", "59000", "49000");
INSERT INTO `oc_zone` (zone_id, country_id, name, status) VALUES (361, 25, "Kab. Goa", 1);
INSERT INTO `oc_city` (city_id, zone_id, name, code, jnereg, jneoke) VALUES (4627, 361, "Bajeng", "UPG21601", "38000", "32000");
INSERT INTO `oc_city` (city_id, zone_id, name, code, jnereg, jneoke) VALUES (4628, 361, "Barombong", "UPG21609", "38000", "32000");
INSERT INTO `oc_city` (city_id, zone_id, name, code, jnereg, jneoke) VALUES (4629, 361, "Biringbulu", "UPG21610", "38000", "32000");
INSERT INTO `oc_city` (city_id, zone_id, name, code, jnereg, jneoke) VALUES (4630, 361, "Bontomarannu", "UPG21602", "38000", "32000");
INSERT INTO `oc_city` (city_id, zone_id, name, code, jnereg, jneoke) VALUES (4631, 361, "Bontonompo", "UPG21603", "38000", "32000");
INSERT INTO `oc_city` (city_id, zone_id, name, code, jnereg, jneoke) VALUES (4632, 361, "Bungaya", "UPG21604", "38000", "32000");
INSERT INTO `oc_city` (city_id, zone_id, name, code, jnereg, jneoke) VALUES (4633, 361, "Pallangga", "UPG21605", "38000", "32000");
INSERT INTO `oc_city` (city_id, zone_id, name, code, jnereg, jneoke) VALUES (4634, 361, "Parangloe", "UPG21606", "38000", "32000");
INSERT INTO `oc_city` (city_id, zone_id, name, code, jnereg, jneoke) VALUES (4635, 361, "Somba Opu", "UPG21611", "38000", "32000");
INSERT INTO `oc_city` (city_id, zone_id, name, code, jnereg, jneoke) VALUES (4636, 361, "Sungguminasa", "UPG21600", "30000", "24000");
INSERT INTO `oc_city` (city_id, zone_id, name, code, jnereg, jneoke) VALUES (4637, 361, "Tinggimoncong", "UPG21607", "38000", "32000");
INSERT INTO `oc_city` (city_id, zone_id, name, code, jnereg, jneoke) VALUES (4638, 361, "Tombolo Pao", "UPG21612", "38000", "32000");
INSERT INTO `oc_city` (city_id, zone_id, name, code, jnereg, jneoke) VALUES (4639, 361, "Tompobulu", "UPG21608", "38000", "32000");
INSERT INTO `oc_zone` (zone_id, country_id, name, status) VALUES (362, 25, "Kab. Jeneponto", 1);
INSERT INTO `oc_city` (city_id, zone_id, name, code, jnereg, jneoke) VALUES (4640, 362, "Arungkeke", "UPG20509", "47000", "39500");
INSERT INTO `oc_city` (city_id, zone_id, name, code, jnereg, jneoke) VALUES (4641, 362, "Bangkala", "UPG20501", "47000", "39500");
INSERT INTO `oc_city` (city_id, zone_id, name, code, jnereg, jneoke) VALUES (4642, 362, "Bangkala Barat", "UPG20505", "47000", "39500");
INSERT INTO `oc_city` (city_id, zone_id, name, code, jnereg, jneoke) VALUES (4643, 362, "Batang", "UPG20502", "47000", "39500");
INSERT INTO `oc_city` (city_id, zone_id, name, code, jnereg, jneoke) VALUES (4644, 362, "Binamu", "UPG20506", "47000", "39500");
INSERT INTO `oc_city` (city_id, zone_id, name, code, jnereg, jneoke) VALUES (4645, 362, "Bontoramba", "UPG20507", "47000", "39500");
INSERT INTO `oc_city` (city_id, zone_id, name, code, jnereg, jneoke) VALUES (4646, 362, "Jeneponto", "UPG20500", "37000", "29500");
INSERT INTO `oc_city` (city_id, zone_id, name, code, jnereg, jneoke) VALUES (4647, 362, "Kelara", "UPG20503", "47000", "39500");
INSERT INTO `oc_city` (city_id, zone_id, name, code, jnereg, jneoke) VALUES (4648, 362, "Tamalatea", "UPG20504", "47000", "39500");
INSERT INTO `oc_city` (city_id, zone_id, name, code, jnereg, jneoke) VALUES (4649, 362, "Turatea", "UPG20508", "47000", "39500");
INSERT INTO `oc_zone` (zone_id, country_id, name, status) VALUES (363, 25, "Kab. Luwu", 1);
INSERT INTO `oc_city` (city_id, zone_id, name, code, jnereg, jneoke) VALUES (4650, 363, "Bajo", "UPG23101", "55000", "55000");
INSERT INTO `oc_city` (city_id, zone_id, name, code, jnereg, jneoke) VALUES (4651, 363, "Bassesangtempe", "UPG23102", "55000", "55000");
INSERT INTO `oc_city` (city_id, zone_id, name, code, jnereg, jneoke) VALUES (4652, 363, "Belopa", "UPG23100", "41000", "41000");
INSERT INTO `oc_city` (city_id, zone_id, name, code, jnereg, jneoke) VALUES (4653, 363, "Bua", "UPG23103", "55000", "55000");
INSERT INTO `oc_city` (city_id, zone_id, name, code, jnereg, jneoke) VALUES (4654, 363, "Bua Ponrang", "UPG23104", "55000", "55000");
INSERT INTO `oc_city` (city_id, zone_id, name, code, jnereg, jneoke) VALUES (4655, 363, "Kamanre", "UPG23105", "55000", "55000");
INSERT INTO `oc_city` (city_id, zone_id, name, code, jnereg, jneoke) VALUES (4656, 363, "Lamasi", "UPG23106", "55000", "55000");
INSERT INTO `oc_city` (city_id, zone_id, name, code, jnereg, jneoke) VALUES (4657, 363, "Larompong", "UPG23107", "55000", "55000");
INSERT INTO `oc_city` (city_id, zone_id, name, code, jnereg, jneoke) VALUES (4658, 363, "Laronpong Selatan", "UPG23108", "55000", "55000");
INSERT INTO `oc_city` (city_id, zone_id, name, code, jnereg, jneoke) VALUES (4659, 363, "Latimojong", "UPG23109", "55000", "55000");
INSERT INTO `oc_city` (city_id, zone_id, name, code, jnereg, jneoke) VALUES (4660, 363, "Poncang", "UPG23110", "55000", "55000");
INSERT INTO `oc_city` (city_id, zone_id, name, code, jnereg, jneoke) VALUES (4661, 363, "Suli", "UPG23111", "55000", "55000");
INSERT INTO `oc_city` (city_id, zone_id, name, code, jnereg, jneoke) VALUES (4662, 363, "Walenrang", "UPG23112", "55000", "55000");
INSERT INTO `oc_zone` (zone_id, country_id, name, status) VALUES (364, 25, "Kab. Luwu Timur", 1);
INSERT INTO `oc_city` (city_id, zone_id, name, code, jnereg, jneoke) VALUES (4663, 364, "Angkona", "UPG23201", "55000", "45000");
INSERT INTO `oc_city` (city_id, zone_id, name, code, jnereg, jneoke) VALUES (4664, 364, "Burau", "UPG23202", "55000", "45000");
INSERT INTO `oc_city` (city_id, zone_id, name, code, jnereg, jneoke) VALUES (4665, 364, "Malili/ Soroako", "UPG23200", "45000", "45000");
INSERT INTO `oc_city` (city_id, zone_id, name, code, jnereg, jneoke) VALUES (4666, 364, "Mangkutana", "UPG23203", "55000", "45000");
INSERT INTO `oc_city` (city_id, zone_id, name, code, jnereg, jneoke) VALUES (4667, 364, "Nuha", "UPG23204", "55000", "45000");
INSERT INTO `oc_city` (city_id, zone_id, name, code, jnereg, jneoke) VALUES (4668, 364, "Tomoni", "UPG23205", "55000", "45000");
INSERT INTO `oc_city` (city_id, zone_id, name, code, jnereg, jneoke) VALUES (4669, 364, "Towuti", "UPG23206", "55000", "45000");
INSERT INTO `oc_city` (city_id, zone_id, name, code, jnereg, jneoke) VALUES (4670, 364, "Wotu", "UPG23207", "55000", "45000");
INSERT INTO `oc_zone` (zone_id, country_id, name, status) VALUES (365, 25, "Kab. Luwu Utara", 1);
INSERT INTO `oc_city` (city_id, zone_id, name, code, jnereg, jneoke) VALUES (4671, 365, "Baebunta", "UPG23301", "54000", "54000");
INSERT INTO `oc_city` (city_id, zone_id, name, code, jnereg, jneoke) VALUES (4672, 365, "Bone-Bone", "UPG23302", "54000", "54000");
INSERT INTO `oc_city` (city_id, zone_id, name, code, jnereg, jneoke) VALUES (4673, 365, "Limbong", "UPG23303", "54000", "54000");
INSERT INTO `oc_city` (city_id, zone_id, name, code, jnereg, jneoke) VALUES (4674, 365, "Malangke", "UPG23304", "54000", "54000");
INSERT INTO `oc_city` (city_id, zone_id, name, code, jnereg, jneoke) VALUES (4675, 365, "Malangke Barat", "UPG23305", "54000", "54000");
INSERT INTO `oc_city` (city_id, zone_id, name, code, jnereg, jneoke) VALUES (4676, 365, "Mappedeceng", "UPG23306", "54000", "54000");
INSERT INTO `oc_city` (city_id, zone_id, name, code, jnereg, jneoke) VALUES (4677, 365, "Masamba", "UPG23300", "50000", "40000");
INSERT INTO `oc_city` (city_id, zone_id, name, code, jnereg, jneoke) VALUES (4678, 365, "Rampi", "UPG23307", "54000", "54000");
INSERT INTO `oc_city` (city_id, zone_id, name, code, jnereg, jneoke) VALUES (4679, 365, "Sabbang", "UPG23308", "54000", "54000");
INSERT INTO `oc_city` (city_id, zone_id, name, code, jnereg, jneoke) VALUES (4680, 365, "Seko", "UPG23309", "54000", "54000");
INSERT INTO `oc_city` (city_id, zone_id, name, code, jnereg, jneoke) VALUES (4681, 365, "Sukamaju", "UPG23310", "54000", "54000");
INSERT INTO `oc_zone` (zone_id, country_id, name, status) VALUES (366, 25, "Kab. Maros", 1);
INSERT INTO `oc_city` (city_id, zone_id, name, code, jnereg, jneoke) VALUES (4682, 366, "Bantimurung", "UPG20801", "42000", "35500");
INSERT INTO `oc_city` (city_id, zone_id, name, code, jnereg, jneoke) VALUES (4683, 366, "Camba", "UPG20802", "42000", "35500");
INSERT INTO `oc_city` (city_id, zone_id, name, code, jnereg, jneoke) VALUES (4684, 366, "Cenrana", "UPG20807", "42000", "35500");
INSERT INTO `oc_city` (city_id, zone_id, name, code, jnereg, jneoke) VALUES (4685, 366, "Lau", "UPG20808", "42000", "35500");
INSERT INTO `oc_city` (city_id, zone_id, name, code, jnereg, jneoke) VALUES (4686, 366, "Mallawa", "UPG20803", "42000", "35500");
INSERT INTO `oc_city` (city_id, zone_id, name, code, jnereg, jneoke) VALUES (4687, 366, "Mandai", "UPG20804", "42000", "35500");
INSERT INTO `oc_city` (city_id, zone_id, name, code, jnereg, jneoke) VALUES (4688, 366, "Maros", "UPG20800", "32000", "25500");
INSERT INTO `oc_city` (city_id, zone_id, name, code, jnereg, jneoke) VALUES (4689, 366, "Maros Baru", "UPG20809", "42000", "35500");
INSERT INTO `oc_city` (city_id, zone_id, name, code, jnereg, jneoke) VALUES (4690, 366, "Maros Utara", "UPG20805", "42000", "35500");
INSERT INTO `oc_city` (city_id, zone_id, name, code, jnereg, jneoke) VALUES (4691, 366, "Marusu", "UPG20810", "42000", "35500");
INSERT INTO `oc_city` (city_id, zone_id, name, code, jnereg, jneoke) VALUES (4692, 366, "Moncongloe", "UPG20811", "42000", "35500");
INSERT INTO `oc_city` (city_id, zone_id, name, code, jnereg, jneoke) VALUES (4693, 366, "Simbang", "UPG20812", "42000", "35500");
INSERT INTO `oc_city` (city_id, zone_id, name, code, jnereg, jneoke) VALUES (4694, 366, "Tanralili", "UPG20806", "42000", "35500");
INSERT INTO `oc_city` (city_id, zone_id, name, code, jnereg, jneoke) VALUES (4695, 366, "Tompu Bulu", "UPG20813", "42000", "35500");
INSERT INTO `oc_city` (city_id, zone_id, name, code, jnereg, jneoke) VALUES (4696, 366, "Turikale", "UPG20814", "42000", "35500");
INSERT INTO `oc_zone` (zone_id, country_id, name, status) VALUES (367, 25, "Kab. Pangkajene Kepulauan", 1);
INSERT INTO `oc_city` (city_id, zone_id, name, code, jnereg, jneoke) VALUES (4697, 367, "Balocci", "UPG22101", "65000", "60000");
INSERT INTO `oc_city` (city_id, zone_id, name, code, jnereg, jneoke) VALUES (4698, 367, "Bungoro", "UPG22102", "65000", "60000");
INSERT INTO `oc_city` (city_id, zone_id, name, code, jnereg, jneoke) VALUES (4699, 367, "Kalukuang Masalima", "UPG22109", "65000", "60000");
INSERT INTO `oc_city` (city_id, zone_id, name, code, jnereg, jneoke) VALUES (4700, 367, "Labakkang", "UPG22103", "65000", "60000");
INSERT INTO `oc_city` (city_id, zone_id, name, code, jnereg, jneoke) VALUES (4701, 367, "Liukang Tangaya", "UPG22105", "65000", "60000");
INSERT INTO `oc_city` (city_id, zone_id, name, code, jnereg, jneoke) VALUES (4702, 367, "Liukang Tupabbiring", "UPG22106", "65000", "60000");
INSERT INTO `oc_city` (city_id, zone_id, name, code, jnereg, jneoke) VALUES (4703, 367, "Mandalle", "UPG22110", "65000", "60000");
INSERT INTO `oc_city` (city_id, zone_id, name, code, jnereg, jneoke) VALUES (4704, 367, "Ma'Rang", "UPG22107", "65000", "60000");
INSERT INTO `oc_city` (city_id, zone_id, name, code, jnereg, jneoke) VALUES (4705, 367, "Minasa Te'ne", "UPG22111", "65000", "60000");
INSERT INTO `oc_city` (city_id, zone_id, name, code, jnereg, jneoke) VALUES (4706, 367, "Pangkajene", "UPG22100", "50000", "46000");
INSERT INTO `oc_city` (city_id, zone_id, name, code, jnereg, jneoke) VALUES (4707, 367, "Segeri", "UPG22108", "65000", "60000");
INSERT INTO `oc_city` (city_id, zone_id, name, code, jnereg, jneoke) VALUES (4708, 367, "Tondong Talasa", "UPG22112", "65000", "60000");
INSERT INTO `oc_zone` (zone_id, country_id, name, status) VALUES (368, 25, "Kab. Pinrang", 1);
INSERT INTO `oc_city` (city_id, zone_id, name, code, jnereg, jneoke) VALUES (4709, 368, "Batulappa", "UPG21108", "50500", "42500");
INSERT INTO `oc_city` (city_id, zone_id, name, code, jnereg, jneoke) VALUES (4710, 368, "Cempa", "UPG21101", "50500", "42500");
INSERT INTO `oc_city` (city_id, zone_id, name, code, jnereg, jneoke) VALUES (4711, 368, "Duampanua", "UPG21102", "50500", "42500");
INSERT INTO `oc_city` (city_id, zone_id, name, code, jnereg, jneoke) VALUES (4712, 368, "Lanrisang", "UPG21109", "50500", "42500");
INSERT INTO `oc_city` (city_id, zone_id, name, code, jnereg, jneoke) VALUES (4713, 368, "Lembang", "UPG21103", "50500", "42500");
INSERT INTO `oc_city` (city_id, zone_id, name, code, jnereg, jneoke) VALUES (4714, 368, "Mattiro Bulu", "UPG21104", "50500", "42500");
INSERT INTO `oc_city` (city_id, zone_id, name, code, jnereg, jneoke) VALUES (4715, 368, "Mattirosompe", "UPG21105", "50500", "42500");
INSERT INTO `oc_city` (city_id, zone_id, name, code, jnereg, jneoke) VALUES (4716, 368, "Paleteang", "UPG21110", "50500", "42500");
INSERT INTO `oc_city` (city_id, zone_id, name, code, jnereg, jneoke) VALUES (4717, 368, "Patampanua", "UPG21106", "50500", "42500");
INSERT INTO `oc_city` (city_id, zone_id, name, code, jnereg, jneoke) VALUES (4718, 368, "Pinrang", "UPG21100", "40000", "32000");
INSERT INTO `oc_city` (city_id, zone_id, name, code, jnereg, jneoke) VALUES (4719, 368, "Suppa", "UPG21107", "50500", "42500");
INSERT INTO `oc_city` (city_id, zone_id, name, code, jnereg, jneoke) VALUES (4720, 368, "Tiroang", "UPG21111", "50500", "42500");
INSERT INTO `oc_city` (city_id, zone_id, name, code, jnereg, jneoke) VALUES (4721, 368, "Watang Sawitto", "UPG21112", "50500", "42500");
INSERT INTO `oc_zone` (zone_id, country_id, name, status) VALUES (369, 25, "Kab. Selayar", 1);
INSERT INTO `oc_city` (city_id, zone_id, name, code, jnereg, jneoke) VALUES (4722, 369, "Benteng", "UPG22000", "48000", "38500");
INSERT INTO `oc_city` (city_id, zone_id, name, code, jnereg, jneoke) VALUES (4723, 369, "Bontoharu", "UPG22005", "60000", "50500");
INSERT INTO `oc_city` (city_id, zone_id, name, code, jnereg, jneoke) VALUES (4724, 369, "Bontomanai", "UPG22006", "60000", "50500");
INSERT INTO `oc_city` (city_id, zone_id, name, code, jnereg, jneoke) VALUES (4725, 369, "Bontomatene", "UPG22002", "60000", "50500");
INSERT INTO `oc_city` (city_id, zone_id, name, code, jnereg, jneoke) VALUES (4726, 369, "Bontosikuyu", "UPG22001", "60000", "50500");
INSERT INTO `oc_city` (city_id, zone_id, name, code, jnereg, jneoke) VALUES (4727, 369, "Pasilambena", "UPG22007", "60000", "50500");
INSERT INTO `oc_city` (city_id, zone_id, name, code, jnereg, jneoke) VALUES (4728, 369, "Pasimarannu", "UPG22003", "60000", "50500");
INSERT INTO `oc_city` (city_id, zone_id, name, code, jnereg, jneoke) VALUES (4729, 369, "Pasimassunggu", "UPG22004", "60000", "50500");
INSERT INTO `oc_city` (city_id, zone_id, name, code, jnereg, jneoke) VALUES (4730, 369, "Takabonerate", "UPG22008", "60000", "50500");
INSERT INTO `oc_zone` (zone_id, country_id, name, status) VALUES (370, 25, "Kab. Sinjai", 1);
INSERT INTO `oc_city` (city_id, zone_id, name, code, jnereg, jneoke) VALUES (4731, 370, "Bulupoddo", "UPG21507", "51000", "51000");
INSERT INTO `oc_city` (city_id, zone_id, name, code, jnereg, jneoke) VALUES (4732, 370, "Pulau Sembilan", "UPG21508", "51000", "51000");
INSERT INTO `oc_city` (city_id, zone_id, name, code, jnereg, jneoke) VALUES (4733, 370, "Sinjai", "UPG21500", "41000", "41000");
INSERT INTO `oc_city` (city_id, zone_id, name, code, jnereg, jneoke) VALUES (4734, 370, "Sinjai Barat", "UPG21501", "51000", "41000");
INSERT INTO `oc_city` (city_id, zone_id, name, code, jnereg, jneoke) VALUES (4735, 370, "Sinjai Borong", "UPG21509", "51000", "51000");
INSERT INTO `oc_city` (city_id, zone_id, name, code) VALUES (4736, 370, "Sinjai Selatan", "UPG21503");
INSERT INTO `oc_city` (city_id, zone_id, name, code, jnereg, jneoke) VALUES (4737, 370, "Sinjai Tengah", "UPG21504", "51000", "41000");
INSERT INTO `oc_city` (city_id, zone_id, name, code, jnereg, jneoke) VALUES (4738, 370, "Sinjai Timur", "UPG21505", "51000", "41000");
INSERT INTO `oc_city` (city_id, zone_id, name, code, jnereg, jneoke) VALUES (4739, 370, "Sinjai Utara", "UPG21506", "51000", "41000");
INSERT INTO `oc_city` (city_id, zone_id, name, code, jnereg, jneoke) VALUES (4740, 370, "Tellu Limpoe", "UPG21510", "51000", "51000");
INSERT INTO `oc_zone` (zone_id, country_id, name, status) VALUES (371, 25, "Kab. Sindenreng Rappang", 1);
INSERT INTO `oc_city` (city_id, zone_id, name, code, jnereg, jneoke) VALUES (4741, 371, "Baranti", "UPG21301", "40500", "35500");
INSERT INTO `oc_city` (city_id, zone_id, name, code, jnereg, jneoke) VALUES (4742, 371, "Duapitue", "UPG21302", "40500", "35500");
INSERT INTO `oc_city` (city_id, zone_id, name, code, jnereg, jneoke) VALUES (4743, 371, "Kulo", "UPG21307", "40500", "35500");
INSERT INTO `oc_city` (city_id, zone_id, name, code, jnereg, jneoke) VALUES (4744, 371, "Maritengngae", "UPG21308", "40500", "35500");
INSERT INTO `oc_city` (city_id, zone_id, name, code, jnereg, jneoke) VALUES (4745, 371, "Panca Lautang", "UPG21304", "40500", "35500");
INSERT INTO `oc_city` (city_id, zone_id, name, code, jnereg, jneoke) VALUES (4746, 371, "Panca Rijang", "UPG21303", "40500", "35500");
INSERT INTO `oc_city` (city_id, zone_id, name, code, jnereg, jneoke) VALUES (4747, 371, "Pitu Riase", "UPG21309", "40500", "35500");
INSERT INTO `oc_city` (city_id, zone_id, name, code, jnereg, jneoke) VALUES (4748, 371, "Pitu Riawa", "UPG21310", "40500", "35500");
INSERT INTO `oc_city` (city_id, zone_id, name, code, jnereg, jneoke) VALUES (4749, 371, "Sidenreng", "UPG21300", "38000", "33000");
INSERT INTO `oc_city` (city_id, zone_id, name, code, jnereg, jneoke) VALUES (4750, 371, "Tellulimpo E", "UPG21305", "40500", "35500");
INSERT INTO `oc_city` (city_id, zone_id, name, code, jnereg, jneoke) VALUES (4751, 371, "Watang Pulu", "UPG21306", "40500", "35500");
INSERT INTO `oc_city` (city_id, zone_id, name, code, jnereg, jneoke) VALUES (4752, 371, "Sidrap", "UPG21312", "40500", "35500");
INSERT INTO `oc_zone` (zone_id, country_id, name, status) VALUES (372, 25, "Kab. Soppeng", 1);
INSERT INTO `oc_city` (city_id, zone_id, name, code, jnereg, jneoke) VALUES (4753, 372, "Donri Donri", "UPG21901", "53000", "53000");
INSERT INTO `oc_city` (city_id, zone_id, name, code, jnereg, jneoke) VALUES (4754, 372, "Ganra", "UPG21906", "53000", "53000");
INSERT INTO `oc_city` (city_id, zone_id, name, code, jnereg, jneoke) VALUES (4755, 372, "Lalabata", "UPG21907", "53000", "53000");
INSERT INTO `oc_city` (city_id, zone_id, name, code, jnereg, jneoke) VALUES (4756, 372, "Lili Riaja", "UPG21902", "53000", "53000");
INSERT INTO `oc_city` (city_id, zone_id, name, code, jnereg, jneoke) VALUES (4757, 372, "Lili Rilau", "UPG21903", "53000", "53000");
INSERT INTO `oc_city` (city_id, zone_id, name, code, jnereg, jneoke) VALUES (4758, 372, "Mario Riawa", "UPG21905", "53000", "53000");
INSERT INTO `oc_city` (city_id, zone_id, name, code, jnereg, jneoke) VALUES (4759, 372, "Mario Riwawo", "UPG21904", "53000", "53000");
INSERT INTO `oc_city` (city_id, zone_id, name, code, jnereg, jneoke) VALUES (4760, 372, "Watansoppeng", "UPG21900", "40000", "40000");
INSERT INTO `oc_zone` (zone_id, country_id, name, status) VALUES (373, 25, "Kab. Takalar", 1);
INSERT INTO `oc_city` (city_id, zone_id, name, code, jnereg, jneoke) VALUES (4761, 373, "Galesong Selatan", "UPG21701", "42000", "42000");
INSERT INTO `oc_city` (city_id, zone_id, name, code, jnereg, jneoke) VALUES (4762, 373, "Galesong Utara", "UPG21702", "42000", "42000");
INSERT INTO `oc_city` (city_id, zone_id, name, code, jnereg, jneoke) VALUES (4763, 373, "Kota Takalar", "UPG21700", "32000", "32000");
INSERT INTO `oc_city` (city_id, zone_id, name, code, jnereg, jneoke) VALUES (4764, 373, "Mangara Bombang", "UPG21703", "42000", "42000");
INSERT INTO `oc_city` (city_id, zone_id, name, code, jnereg, jneoke) VALUES (4765, 373, "Mappakasunggu", "UPG21704", "42000", "42000");
INSERT INTO `oc_city` (city_id, zone_id, name, code, jnereg, jneoke) VALUES (4766, 373, "Patallassang", "UPG21705", "42000", "42000");
INSERT INTO `oc_city` (city_id, zone_id, name, code, jnereg, jneoke) VALUES (4767, 373, "Polobangkeng Selatan", "UPG21706", "42000", "42000");
INSERT INTO `oc_city` (city_id, zone_id, name, code, jnereg, jneoke) VALUES (4768, 373, "Polobangkeng Utara", "UPG21707", "42000", "42000");
INSERT INTO `oc_zone` (zone_id, country_id, name, status) VALUES (374, 25, "Kab. Tana Toraja", 1);
INSERT INTO `oc_city` (city_id, zone_id, name, code, jnereg, jneoke) VALUES (4769, 374, "Bituang", "UPG20609", "52000", "43500");
INSERT INTO `oc_city` (city_id, zone_id, name, code, jnereg, jneoke) VALUES (4770, 374, "Bonggakaradeng", "UPG20601", "52000", "43500");
INSERT INTO `oc_city` (city_id, zone_id, name, code, jnereg, jneoke) VALUES (4771, 374, "Makale", "UPG20600", "43000", "34500");
INSERT INTO `oc_city` (city_id, zone_id, name, code, jnereg, jneoke) VALUES (4772, 374, "Mengkendek", "UPG20602", "52000", "43500");
INSERT INTO `oc_city` (city_id, zone_id, name, code, jnereg, jneoke) VALUES (4773, 374, "Rantetayo", "UPG20611", "52000", "43500");
INSERT INTO `oc_city` (city_id, zone_id, name, code, jnereg, jneoke) VALUES (4774, 374, "Saluputti", "UPG20603", "52000", "43500");
INSERT INTO `oc_city` (city_id, zone_id, name, code, jnereg, jneoke) VALUES (4775, 374, "Sangalla", "UPG20604", "52000", "43500");
INSERT INTO `oc_city` (city_id, zone_id, name, code, jnereg, jneoke) VALUES (4776, 374, "Simbuang", "UPG20613", "52000", "43500");
INSERT INTO `oc_city` (city_id, zone_id, name, code) VALUES (4777, 374, "Gandang Batu Silang", "UPG20616");
INSERT INTO `oc_city` (city_id, zone_id, name, code) VALUES (4778, 374, "Kurra", "UPG20617");
INSERT INTO `oc_city` (city_id, zone_id, name, code) VALUES (4779, 374, "Makale Selatan", "UPG20618");
INSERT INTO `oc_city` (city_id, zone_id, name, code) VALUES (4780, 374, "Makale Utara", "UPG20619");
INSERT INTO `oc_city` (city_id, zone_id, name, code) VALUES (4781, 374, "Mappak", "UPG20620");
INSERT INTO `oc_city` (city_id, zone_id, name, code) VALUES (4782, 374, "Masanda", "UPG20621");
INSERT INTO `oc_city` (city_id, zone_id, name, code) VALUES (4783, 374, "Malimbong Balepe", "UPG20622");
INSERT INTO `oc_city` (city_id, zone_id, name, code) VALUES (4784, 374, "Rano", "UPG20623");
INSERT INTO `oc_city` (city_id, zone_id, name, code) VALUES (4785, 374, "Rembon", "UPG20624");
INSERT INTO `oc_zone` (zone_id, country_id, name, status) VALUES (375, 25, "Kab. Tana Toraja Utara", 1);
INSERT INTO `oc_city` (city_id, zone_id, name, code) VALUES (4786, 375, "Awan Rante Karua", "UPG20626");
INSERT INTO `oc_city` (city_id, zone_id, name, code) VALUES (4787, 375, "Balusu", "UPG20627");
INSERT INTO `oc_city` (city_id, zone_id, name, code) VALUES (4788, 375, "Bangkelekila", "UPG20628");
INSERT INTO `oc_city` (city_id, zone_id, name, code) VALUES (4789, 375, "Baruppu", "UPG20629");
INSERT INTO `oc_city` (city_id, zone_id, name, code, jnereg, jneoke) VALUES (4790, 375, "Buntao Rantebua", "UPG20610", "52000", "43500");
INSERT INTO `oc_city` (city_id, zone_id, name, code) VALUES (4791, 375, "Buntu Pepasan", "UPG20630");
INSERT INTO `oc_city` (city_id, zone_id, name, code) VALUES (4792, 375, "Denpina/Dende Piongan Napo", "UPG20631");
INSERT INTO `oc_city` (city_id, zone_id, name, code) VALUES (4793, 375, "Kapala Pitu", "UPG20632");
INSERT INTO `oc_city` (city_id, zone_id, name, code) VALUES (4794, 375, "Kesu", "UPG20633");
INSERT INTO `oc_city` (city_id, zone_id, name, code) VALUES (4795, 375, "Nanggala", "UPG20634");
INSERT INTO `oc_city` (city_id, zone_id, name, code) VALUES (4796, 375, "Rantebua", "UPG20635");
INSERT INTO `oc_city` (city_id, zone_id, name, code, jnereg, jneoke) VALUES (4797, 375, "Rantepao", "UPG20605", "52000", "43500");
INSERT INTO `oc_city` (city_id, zone_id, name, code, jnereg, jneoke) VALUES (4798, 375, "Rindingalo", "UPG20606", "52000", "43500");
INSERT INTO `oc_city` (city_id, zone_id, name, code, jnereg, jneoke) VALUES (4799, 375, "Sa'dan Balusu", "UPG20612", "52000", "43500");
INSERT INTO `oc_city` (city_id, zone_id, name, code, jnereg, jneoke) VALUES (4800, 375, "Sanggalangi", "UPG20607", "52000", "43500");
INSERT INTO `oc_city` (city_id, zone_id, name, code, jnereg, jneoke) VALUES (4801, 375, "Sesean", "UPG20608", "52000", "43500");
INSERT INTO `oc_city` (city_id, zone_id, name, code) VALUES (4802, 375, "Soloara", "UPG20625");
INSERT INTO `oc_city` (city_id, zone_id, name, code) VALUES (4803, 375, "Sopai", "UPG20637");
INSERT INTO `oc_city` (city_id, zone_id, name, code) VALUES (4804, 375, "Tallunglipu", "UPG20638");
INSERT INTO `oc_city` (city_id, zone_id, name, code) VALUES (4805, 375, "Tikala", "UPG20639");
INSERT INTO `oc_city` (city_id, zone_id, name, code, jnereg, jneoke) VALUES (4806, 375, "Tondon Nanggala", "UPG20614", "52000", "43500");
INSERT INTO `oc_zone` (zone_id, country_id, name, status) VALUES (376, 25, "Kota Wajo", 1);
INSERT INTO `oc_city` (city_id, zone_id, name, code, jnereg, jneoke) VALUES (4807, 376, "Belawa", "UPG21401", "47000", "34500");
INSERT INTO `oc_city` (city_id, zone_id, name, code, jnereg, jneoke) VALUES (4808, 376, "Bola", "UPG21410", "47000", "34500");
INSERT INTO `oc_city` (city_id, zone_id, name, code, jnereg, jneoke) VALUES (4809, 376, "Gilireng", "UPG21411", "47000", "34500");
INSERT INTO `oc_city` (city_id, zone_id, name, code, jnereg, jneoke) VALUES (4810, 376, "Keera", "UPG21412", "47000", "34500");
INSERT INTO `oc_city` (city_id, zone_id, name, code, jnereg, jneoke) VALUES (4811, 376, "Majauleng", "UPG21402", "47000", "34500");
INSERT INTO `oc_city` (city_id, zone_id, name, code, jnereg, jneoke) VALUES (4812, 376, "Maniang Pajo", "UPG21403", "47000", "34500");
INSERT INTO `oc_city` (city_id, zone_id, name, code, jnereg, jneoke) VALUES (4813, 376, "Penrang", "UPG21413", "47000", "34500");
INSERT INTO `oc_city` (city_id, zone_id, name, code, jnereg, jneoke) VALUES (4814, 376, "Pitumpanua", "UPG21405", "47000", "34500");
INSERT INTO `oc_city` (city_id, zone_id, name, code, jnereg, jneoke) VALUES (4815, 376, "Sabbang Paru", "UPG21406", "47000", "34500");
INSERT INTO `oc_city` (city_id, zone_id, name, code, jnereg, jneoke) VALUES (4816, 376, "Sajoanging", "UPG21407", "47000", "34500");
INSERT INTO `oc_city` (city_id, zone_id, name, code, jnereg, jneoke) VALUES (4817, 376, "Sengkang", "UPG21400", "38000", "25500");
INSERT INTO `oc_city` (city_id, zone_id, name, code, jnereg, jneoke) VALUES (4818, 376, "Takkalalla", "UPG21408", "47000", "34500");
INSERT INTO `oc_city` (city_id, zone_id, name, code, jnereg, jneoke) VALUES (4819, 376, "Tana Sitolo", "UPG21409", "47000", "34500");
INSERT INTO `oc_city` (city_id, zone_id, name, code, jnereg, jneoke) VALUES (4820, 376, "Tempe", "UPG21414", "47000", "34500");
INSERT INTO `oc_city` (city_id, zone_id, name, code, jnereg, jneoke) VALUES (4821, 376, "Pamanna", "UPG21404", "47000", "34500");
INSERT INTO `oc_zone` (zone_id, country_id, name, status) VALUES (377, 25, "Kota Makassar", 1);
INSERT INTO `oc_city` (city_id, zone_id, name, code, jnereg, jneoke) VALUES (4822, 377, "Biring Kanaya", "UPG10004", "27000", "20000");
INSERT INTO `oc_city` (city_id, zone_id, name, code, jnereg, jneoke) VALUES (4823, 377, "Bontoala", "UPG10005", "27000", "20000");
INSERT INTO `oc_city` (city_id, zone_id, name, code, jnereg, jneoke, jneyes) VALUES (4824, 377, "Makassar/Ujung Pandang", "UPG10000", "27000", "20000", "40000");
INSERT INTO `oc_city` (city_id, zone_id, name, code, jnereg, jneoke) VALUES (4825, 377, "Mamajang", "UPG10006", "27000", "20000");
INSERT INTO `oc_city` (city_id, zone_id, name, code, jnereg, jneoke) VALUES (4826, 377, "Manggala", "UPG10007", "27000", "20000");
INSERT INTO `oc_city` (city_id, zone_id, name, code, jnereg, jneoke) VALUES (4827, 377, "Mariso", "UPG10008", "27000", "20000");
INSERT INTO `oc_city` (city_id, zone_id, name, code, jnereg, jneoke) VALUES (4828, 377, "Panakkukang", "UPG10009", "27000", "20000");
INSERT INTO `oc_city` (city_id, zone_id, name, code, jnereg, jneoke) VALUES (4829, 377, "Rappocini", "UPG10010", "27000", "20000");
INSERT INTO `oc_city` (city_id, zone_id, name, code, jnereg, jneoke) VALUES (4830, 377, "Tallo", "UPG10011", "27000", "20000");
INSERT INTO `oc_city` (city_id, zone_id, name, code, jnereg, jneoke) VALUES (4831, 377, "Tamalanrea", "UPG10012", "27000", "20000");
INSERT INTO `oc_city` (city_id, zone_id, name, code, jnereg, jneoke) VALUES (4832, 377, "Tamalate", "UPG10003", "27000", "20000");
INSERT INTO `oc_city` (city_id, zone_id, name, code, jnereg, jneoke) VALUES (4833, 377, "Ujung Tanah", "UPG10013", "27000", "20000");
INSERT INTO `oc_city` (city_id, zone_id, name, code, jnereg, jneoke) VALUES (4834, 377, "Wajo", "UPG10014", "27000", "20000");
INSERT INTO `oc_zone` (zone_id, country_id, name, status) VALUES (378, 25, "Kota Palopo", 1);
INSERT INTO `oc_city` (city_id, zone_id, name, code, jnereg, jneoke) VALUES (4835, 378, "Palopo", "UPG21000", "45000", "36000");
INSERT INTO `oc_city` (city_id, zone_id, name, code, jnereg, jneoke) VALUES (4836, 378, "Telluwanua", "UPG21020", "45000", "36000");
INSERT INTO `oc_city` (city_id, zone_id, name, code, jnereg, jneoke) VALUES (4837, 378, "Wara", "UPG21021", "45000", "36000");
INSERT INTO `oc_city` (city_id, zone_id, name, code, jnereg, jneoke) VALUES (4838, 378, "Wara Selatan", "UPG21022", "45000", "36000");
INSERT INTO `oc_city` (city_id, zone_id, name, code, jnereg, jneoke) VALUES (4839, 378, "Wara Utara", "UPG21023", "45000", "36000");
INSERT INTO `oc_zone` (zone_id, country_id, name, status) VALUES (379, 25, "Kota Pare-pare", 1);
INSERT INTO `oc_city` (city_id, zone_id, name, code, jnereg, jneoke) VALUES (4840, 379, "Bacukiki", "UPG22301", "40000", "32000");
INSERT INTO `oc_city` (city_id, zone_id, name, code, jnereg, jneoke) VALUES (4841, 379, "Pare - Pare", "UPG22300", "40000", "32000");
INSERT INTO `oc_city` (city_id, zone_id, name, code, jnereg, jneoke) VALUES (4842, 379, "Soreang", "UPG22302", "40000", "32000");
INSERT INTO `oc_city` (city_id, zone_id, name, code, jnereg, jneoke) VALUES (4843, 379, "Ujung", "UPG22303", "40000", "32000");
INSERT INTO `oc_country` (country_id, name, iso_code_2, iso_code_3, postcode_required, status) VALUES (26, "Sulawesi Tenggara", "ID", "IDN", 1, 1);
INSERT INTO `oc_zone` (zone_id, country_id, name, status) VALUES (380, 26, "Kab. Bombana", 1);
INSERT INTO `oc_city` (city_id, zone_id, name, code, jnereg, jneoke) VALUES (4844, 380, "Kabaena", "KDI20501", "62000", "50000");
INSERT INTO `oc_city` (city_id, zone_id, name, code, jnereg, jneoke) VALUES (4845, 380, "Kabaena Timur", "KDI20502", "62000", "50000");
INSERT INTO `oc_city` (city_id, zone_id, name, code, jnereg, jneoke) VALUES (4846, 380, "Poleang", "KDI20503", "62000", "50000");
INSERT INTO `oc_city` (city_id, zone_id, name, code, jnereg, jneoke) VALUES (4847, 380, "Poleang Barat", "KDI20504", "62000", "50000");
INSERT INTO `oc_city` (city_id, zone_id, name, code, jnereg, jneoke) VALUES (4848, 380, "Poleang Timur", "KDI20505", "62000", "50000");
INSERT INTO `oc_city` (city_id, zone_id, name, code, jnereg, jneoke) VALUES (4849, 380, "Rarowatu", "KDI20506", "62000", "50000");
INSERT INTO `oc_city` (city_id, zone_id, name, code, jnereg, jneoke) VALUES (4850, 380, "Rumbia", "KDI20500", "60000", "48000");
INSERT INTO `oc_zone` (zone_id, country_id, name, status) VALUES (381, 26, "Kab. Buton & Buton Utara", 1);
INSERT INTO `oc_city` (city_id, zone_id, name, code, jnereg, jneoke) VALUES (4851, 381, "Batauga", "KDI20601", "73000", "58500");
INSERT INTO `oc_city` (city_id, zone_id, name, code, jnereg, jneoke) VALUES (4852, 381, "Batu Atas", "KDI20602", "73000", "58500");
INSERT INTO `oc_city` (city_id, zone_id, name, code, jnereg, jneoke) VALUES (4853, 381, "Gu", "KDI20603", "73000", "58500");
INSERT INTO `oc_city` (city_id, zone_id, name, code, jnereg, jneoke) VALUES (4854, 381, "Kadatua", "KDI20604", "73000", "58500");
INSERT INTO `oc_city` (city_id, zone_id, name, code, jnereg, jneoke) VALUES (4855, 381, "Kapontori", "KDI20605", "73000", "58500");
INSERT INTO `oc_city` (city_id, zone_id, name, code, jnereg, jneoke) VALUES (4856, 381, "Lakudo", "KDI20606", "73000", "58500");
INSERT INTO `oc_city` (city_id, zone_id, name, code, jnereg, jneoke) VALUES (4857, 381, "Lasalimu", "KDI20607", "73000", "58500");
INSERT INTO `oc_city` (city_id, zone_id, name, code, jnereg, jneoke) VALUES (4858, 381, "Lasalimu Selatan", "KDI20608", "73000", "58500");
INSERT INTO `oc_city` (city_id, zone_id, name, code, jnereg, jneoke) VALUES (4859, 381, "Mawasangka", "KDI20609", "73000", "58500");
INSERT INTO `oc_city` (city_id, zone_id, name, code, jnereg, jneoke) VALUES (4860, 381, "Mawasangka Timur", "KDI20610", "73000", "58500");
INSERT INTO `oc_city` (city_id, zone_id, name, code, jnereg, jneoke) VALUES (4861, 381, "Pasar Wajo", "KDI20600", "72000", "57500");
INSERT INTO `oc_city` (city_id, zone_id, name, code, jnereg, jneoke) VALUES (4862, 381, "Sampolawa", "KDI20611", "73000", "58500");
INSERT INTO `oc_city` (city_id, zone_id, name, code, jnereg, jneoke) VALUES (4863, 381, "Siompu", "KDI20612", "73000", "58500");
INSERT INTO `oc_city` (city_id, zone_id, name, code, jnereg, jneoke) VALUES (4864, 381, "Talaga Raya", "KDI20613", "73000", "58500");
INSERT INTO `oc_city` (city_id, zone_id, name, code, jnereg, jneoke) VALUES (4865, 381, "Buranga", "KDI20614", "73000", "58500");
INSERT INTO `oc_zone` (zone_id, country_id, name, status) VALUES (382, 26, "Kab. Kolaka", 1);
INSERT INTO `oc_city` (city_id, zone_id, name, code, jnereg, jneoke) VALUES (4866, 382, "Baula", "KDI20213", "67000", "56000");
INSERT INTO `oc_city` (city_id, zone_id, name, code, jnereg, jneoke) VALUES (4867, 382, "Kolaka", "KDI20200", "55000", "44000");
INSERT INTO `oc_city` (city_id, zone_id, name, code, jnereg, jneoke) VALUES (4868, 382, "Ladongi", "KDI20202", "67000", "56000");
INSERT INTO `oc_city` (city_id, zone_id, name, code, jnereg, jneoke) VALUES (4869, 382, "Lambadia", "KDI20214", "67000", "56000");
INSERT INTO `oc_city` (city_id, zone_id, name, code, jnereg, jneoke) VALUES (4870, 382, "Latambaga", "KDI20215", "67000", "56000");
INSERT INTO `oc_city` (city_id, zone_id, name, code, jnereg, jneoke) VALUES (4871, 382, "Mowewe", "KDI20204", "67000", "56000");
INSERT INTO `oc_city` (city_id, zone_id, name, code, jnereg, jneoke) VALUES (4872, 382, "Pomalaa", "KDI20206", "67000", "56000");
INSERT INTO `oc_city` (city_id, zone_id, name, code, jnereg, jneoke) VALUES (4873, 382, "Samaturu", "KDI20216", "67000", "56000");
INSERT INTO `oc_city` (city_id, zone_id, name, code, jnereg, jneoke) VALUES (4874, 382, "Tanggetada", "KDI20217", "67000", "56000");
INSERT INTO `oc_city` (city_id, zone_id, name, code, jnereg, jneoke) VALUES (4875, 382, "Tirawuta", "KDI20209", "67000", "56000");
INSERT INTO `oc_city` (city_id, zone_id, name, code, jnereg, jneoke) VALUES (4876, 382, "Uluiwoi", "KDI20218", "67000", "56000");
INSERT INTO `oc_city` (city_id, zone_id, name, code, jnereg, jneoke) VALUES (4877, 382, "Watubangga", "KDI20210", "67000", "56000");
INSERT INTO `oc_city` (city_id, zone_id, name, code, jnereg, jneoke) VALUES (4878, 382, "Wolo", "KDI20211", "67000", "56000");
INSERT INTO `oc_city` (city_id, zone_id, name, code, jnereg, jneoke) VALUES (4879, 382, "Wundulako", "KDI20212", "67000", "56000");
INSERT INTO `oc_zone` (zone_id, country_id, name, status) VALUES (383, 26, "Kab. Kolaka Utara", 1);
INSERT INTO `oc_city` (city_id, zone_id, name, code, jnereg, jneoke) VALUES (4880, 383, "Batu Putih", "KDI20701", "95000", "78000");
INSERT INTO `oc_city` (city_id, zone_id, name, code, jnereg, jneoke) VALUES (4881, 383, "Kodeoha", "KDI20702", "95000", "78000");
INSERT INTO `oc_city` (city_id, zone_id, name, code, jnereg, jneoke) VALUES (4882, 383, "Lasusua", "KDI20700", "85000", "68000");
INSERT INTO `oc_city` (city_id, zone_id, name, code, jnereg, jneoke) VALUES (4883, 383, "Ngapa", "KDI20703", "95000", "78000");
INSERT INTO `oc_city` (city_id, zone_id, name, code, jnereg, jneoke) VALUES (4884, 383, "Pakue", "KDI20704", "95000", "78000");
INSERT INTO `oc_city` (city_id, zone_id, name, code, jnereg, jneoke) VALUES (4885, 383, "Ranteangin", "KDI20705", "95000", "78000");
INSERT INTO `oc_zone` (zone_id, country_id, name, status) VALUES (384, 26, "Kab. Konawe", 1);
INSERT INTO `oc_city` (city_id, zone_id, name, code, jnereg, jneoke) VALUES (4886, 384, "Abuki", "KDI20401", "63000", "55500");
INSERT INTO `oc_city` (city_id, zone_id, name, code, jnereg, jneoke) VALUES (4887, 384, "Asera", "KDI20405", "63000", "55500");
INSERT INTO `oc_city` (city_id, zone_id, name, code, jnereg, jneoke) VALUES (4888, 384, "Bondoala Sampara", "KDI20410", "63000", "55500");
INSERT INTO `oc_city` (city_id, zone_id, name, code, jnereg, jneoke) VALUES (4889, 384, "Lambuya", "KDI20402", "63000", "55500");
INSERT INTO `oc_city` (city_id, zone_id, name, code, jnereg, jneoke) VALUES (4890, 384, "Lasolo", "KDI20406", "63000", "55500");
INSERT INTO `oc_city` (city_id, zone_id, name, code, jnereg, jneoke) VALUES (4891, 384, "Latoma", "KDI20411", "63000", "55500");
INSERT INTO `oc_city` (city_id, zone_id, name, code, jnereg, jneoke) VALUES (4892, 384, "Pondidaha", "KDI20403", "63000", "55500");
INSERT INTO `oc_city` (city_id, zone_id, name, code, jnereg, jneoke) VALUES (4893, 384, "Sawa", "KDI20412", "63000", "55500");
INSERT INTO `oc_city` (city_id, zone_id, name, code, jnereg, jneoke) VALUES (4894, 384, "Soropia", "KDI20407", "63000", "55500");
INSERT INTO `oc_city` (city_id, zone_id, name, code, jnereg, jneoke) VALUES (4895, 384, "Tongauna", "KDI20413", "63000", "55500");
INSERT INTO `oc_city` (city_id, zone_id, name, code, jnereg, jneoke) VALUES (4896, 384, "Uepai", "KDI20414", "63000", "55500");
INSERT INTO `oc_city` (city_id, zone_id, name, code, jnereg, jneoke) VALUES (4897, 384, "Unaaha", "KDI20400", "60000", "48000");
INSERT INTO `oc_city` (city_id, zone_id, name, code, jnereg, jneoke) VALUES (4898, 384, "Wawonii", "KDI20408", "63000", "55500");
INSERT INTO `oc_city` (city_id, zone_id, name, code, jnereg, jneoke) VALUES (4899, 384, "Waworete", "KDI20409", "63000", "55500");
INSERT INTO `oc_city` (city_id, zone_id, name, code, jnereg, jneoke) VALUES (4900, 384, "Wawotobi", "KDI20404", "63000", "55500");
INSERT INTO `oc_city` (city_id, zone_id, name, code, jnereg, jneoke) VALUES (4901, 384, "Wonggeduku", "KDI20415", "63000", "55500");
INSERT INTO `oc_zone` (zone_id, country_id, name, status) VALUES (385, 26, "Kab. Konawe Utara/ Selatan", 1);
INSERT INTO `oc_city` (city_id, zone_id, name, code, jnereg, jneoke) VALUES (4902, 385, "Andolo/Wanggodo", "KDI20800", "57000", "45500");
INSERT INTO `oc_city` (city_id, zone_id, name, code, jnereg, jneoke) VALUES (4903, 385, "Angata", "KDI20801", "64500", "53000");
INSERT INTO `oc_city` (city_id, zone_id, name, code, jnereg, jneoke) VALUES (4904, 385, "Kolono", "KDI20802", "64500", "53000");
INSERT INTO `oc_city` (city_id, zone_id, name, code, jnereg, jneoke) VALUES (4905, 385, "Konda", "KDI20803", "64500", "53000");
INSERT INTO `oc_city` (city_id, zone_id, name, code, jnereg, jneoke) VALUES (4906, 385, "Lainea", "KDI20804", "64500", "53000");
INSERT INTO `oc_city` (city_id, zone_id, name, code, jnereg, jneoke) VALUES (4907, 385, "Landono", "KDI20805", "64500", "53000");
INSERT INTO `oc_city` (city_id, zone_id, name, code, jnereg, jneoke) VALUES (4908, 385, "Laonti", "KDI20806", "64500", "53000");
INSERT INTO `oc_city` (city_id, zone_id, name, code, jnereg, jneoke) VALUES (4909, 385, "Moramo", "KDI20807", "64500", "53000");
INSERT INTO `oc_city` (city_id, zone_id, name, code, jnereg, jneoke) VALUES (4910, 385, "Palangga", "KDI20808", "64500", "53000");
INSERT INTO `oc_city` (city_id, zone_id, name, code, jnereg, jneoke) VALUES (4911, 385, "Ranomeeto", "KDI20809", "64500", "53000");
INSERT INTO `oc_city` (city_id, zone_id, name, code, jnereg, jneoke) VALUES (4912, 385, "Tinanggea", "KDI20810", "64500", "53000");
INSERT INTO `oc_zone` (zone_id, country_id, name, status) VALUES (386, 26, "Kab. Muna", 1);
INSERT INTO `oc_city` (city_id, zone_id, name, code, jnereg, jneoke) VALUES (4913, 386, "Barangka", "KDI20332", "63000", "55500");
INSERT INTO `oc_city` (city_id, zone_id, name, code, jnereg, jneoke) VALUES (4914, 386, "Batalaiworu", "KDI20318", "63000", "55500");
INSERT INTO `oc_city` (city_id, zone_id, name, code, jnereg, jneoke) VALUES (4915, 386, "Bonegunu", "KDI20301", "63000", "55500");
INSERT INTO `oc_city` (city_id, zone_id, name, code, jnereg, jneoke) VALUES (4916, 386, "Duruka Bone", "KDI20302", "63000", "55500");
INSERT INTO `oc_city` (city_id, zone_id, name, code, jnereg, jneoke) VALUES (4917, 386, "Kabangka", "KDI20304", "63000", "55500");
INSERT INTO `oc_city` (city_id, zone_id, name, code, jnereg, jneoke) VALUES (4918, 386, "Kabawo", "KDI20305", "63000", "55500");
INSERT INTO `oc_city` (city_id, zone_id, name, code, jnereg, jneoke) VALUES (4919, 386, "Kambowa", "KDI20333", "63000", "55500");
INSERT INTO `oc_city` (city_id, zone_id, name, code, jnereg, jneoke) VALUES (4920, 386, "Katobu", "KDI20319", "63000", "55500");
INSERT INTO `oc_city` (city_id, zone_id, name, code, jnereg, jneoke) VALUES (4921, 386, "Kontunaga", "KDI20320", "63000", "55500");
INSERT INTO `oc_city` (city_id, zone_id, name, code, jnereg, jneoke) VALUES (4922, 386, "Kulisusu", "KDI20306", "63000", "55500");
INSERT INTO `oc_city` (city_id, zone_id, name, code, jnereg, jneoke) VALUES (4923, 386, "Kulisusu Barat", "KDI20321", "63000", "55500");
INSERT INTO `oc_city` (city_id, zone_id, name, code, jnereg, jneoke) VALUES (4924, 386, "Kulisusu Utara", "KDI20322", "63000", "55500");
INSERT INTO `oc_city` (city_id, zone_id, name, code, jnereg, jneoke) VALUES (4925, 386, "Kusambi", "KDI20323", "63000", "55500");
INSERT INTO `oc_city` (city_id, zone_id, name, code, jnereg, jneoke) VALUES (4926, 386, "Lasalepa", "KDI20324", "63000", "55500");
INSERT INTO `oc_city` (city_id, zone_id, name, code, jnereg, jneoke) VALUES (4927, 386, "Lawa", "KDI20307", "63000", "55500");
INSERT INTO `oc_city` (city_id, zone_id, name, code, jnereg, jneoke) VALUES (4928, 386, "Lohia", "KDI20308", "63000", "55500");
INSERT INTO `oc_city` (city_id, zone_id, name, code, jnereg, jneoke) VALUES (4929, 386, "Maginti", "KDI20325", "63000", "55500");
INSERT INTO `oc_city` (city_id, zone_id, name, code, jnereg, jneoke) VALUES (4930, 386, "Maligano", "KDI20326", "63000", "55500");
INSERT INTO `oc_city` (city_id, zone_id, name, code, jnereg, jneoke) VALUES (4931, 386, "Napabalano", "KDI20309", "63000", "55500");
INSERT INTO `oc_city` (city_id, zone_id, name, code, jnereg, jneoke) VALUES (4932, 386, "Parigi", "KDI20310", "63000", "55500");
INSERT INTO `oc_city` (city_id, zone_id, name, code, jnereg, jneoke) VALUES (4933, 386, "Pasir Putih", "KDI20327", "63000", "55500");
INSERT INTO `oc_city` (city_id, zone_id, name, code, jnereg, jneoke) VALUES (4934, 386, "Raha", "KDI20300", "55000", "44000");
INSERT INTO `oc_city` (city_id, zone_id, name, code, jnereg, jneoke) VALUES (4935, 386, "Sawerigadi", "KDI20312", "63000", "55500");
INSERT INTO `oc_city` (city_id, zone_id, name, code, jnereg, jneoke) VALUES (4936, 386, "Tikep", "KDI20328", "63000", "55500");
INSERT INTO `oc_city` (city_id, zone_id, name, code, jnereg, jneoke) VALUES (4937, 386, "Tiworo Tengah", "KDI20329", "63000", "55500");
INSERT INTO `oc_city` (city_id, zone_id, name, code, jnereg, jneoke) VALUES (4938, 386, "Tongkuno", "KDI20314", "63000", "55500");
INSERT INTO `oc_city` (city_id, zone_id, name, code, jnereg, jneoke) VALUES (4939, 386, "Wakorumba", "KDI20330", "63000", "55500");
INSERT INTO `oc_city` (city_id, zone_id, name, code, jnereg, jneoke) VALUES (4940, 386, "Wakorumba Selatan", "KDI20316", "63000", "55500");
INSERT INTO `oc_city` (city_id, zone_id, name, code) VALUES (4941, 386, "Watopute", "KDI20334");
INSERT INTO `oc_zone` (zone_id, country_id, name, status) VALUES (387, 26, "Kab. Wakatobi", 1);
INSERT INTO `oc_city` (city_id, zone_id, name, code, jnereg, jneoke) VALUES (4942, 387, "Binongko", "KDI20904", "65000", "54000");
INSERT INTO `oc_city` (city_id, zone_id, name, code, jnereg, jneoke) VALUES (4943, 387, "Kaledupa", "KDI20902", "65000", "54000");
INSERT INTO `oc_city` (city_id, zone_id, name, code, jnereg, jneoke) VALUES (4944, 387, "Tomia", "KDI20903", "65000", "54000");
INSERT INTO `oc_city` (city_id, zone_id, name, code, jnereg, jneoke) VALUES (4945, 387, "Wangi-Wangi", "KDI20900", "55000", "44000");
INSERT INTO `oc_city` (city_id, zone_id, name, code, jnereg, jneoke) VALUES (4946, 387, "Wangi-Wangi Selatan", "KDI20901", "65000", "54000");
INSERT INTO `oc_zone` (zone_id, country_id, name, status) VALUES (388, 26, "Kab. Kota Bau-bau", 1);
INSERT INTO `oc_city` (city_id, zone_id, name, code, jnereg, jneoke) VALUES (4947, 388, "Bau - Bau", "KDI20100", "55000", "44000");
INSERT INTO `oc_city` (city_id, zone_id, name, code, jnereg, jneoke) VALUES (4948, 388, "Betoambari", "KDI20120", "55000", "44000");
INSERT INTO `oc_city` (city_id, zone_id, name, code, jnereg, jneoke) VALUES (4949, 388, "Bungi", "KDI20103", "55000", "44000");
INSERT INTO `oc_city` (city_id, zone_id, name, code, jnereg, jneoke) VALUES (4950, 388, "Kokalukuna", "KDI20121", "55000", "44000");
INSERT INTO `oc_city` (city_id, zone_id, name, code, jnereg, jneoke) VALUES (4951, 388, "Murhum", "KDI20122", "55000", "44000");
INSERT INTO `oc_city` (city_id, zone_id, name, code, jnereg, jneoke) VALUES (4952, 388, "Sorowalio", "KDI20123", "55000", "44000");
INSERT INTO `oc_city` (city_id, zone_id, name, code, jnereg, jneoke) VALUES (4953, 388, "Wolio", "KDI20124", "55000", "44000");
INSERT INTO `oc_zone` (zone_id, country_id, name, status) VALUES (389, 26, "Kota Kendari", 1);
INSERT INTO `oc_city` (city_id, zone_id, name, code, jnereg, jneoke) VALUES (4954, 389, "Abeli", "KDI10014", "39000", "29500");
INSERT INTO `oc_city` (city_id, zone_id, name, code, jnereg, jneoke) VALUES (4955, 389, "Baruga", "KDI10015", "39000", "29500");
INSERT INTO `oc_city` (city_id, zone_id, name, code, jnereg, jneoke) VALUES (4956, 389, "Kendari", "KDI10000", "39000", "29500");
INSERT INTO `oc_city` (city_id, zone_id, name, code, jnereg, jneoke) VALUES (4957, 389, "Kendar", "KDI10016", "39000", "29500");
INSERT INTO `oc_city` (city_id, zone_id, name, code, jnereg, jneoke) VALUES (4958, 389, "Barat", "KDI10017", "39000", "29500");
INSERT INTO `oc_city` (city_id, zone_id, name, code, jnereg, jneoke) VALUES (4959, 389, "Mandonga", "KDI10018", "39000", "29500");
INSERT INTO `oc_city` (city_id, zone_id, name, code, jnereg, jneoke) VALUES (4960, 389, "Poasia", "KDI10019", "39000", "29500");
INSERT INTO `oc_country` (country_id, name, iso_code_2, iso_code_3, postcode_required, status) VALUES (27, "Sulawesi Tengah", "ID", "IDN", 1, 1);
INSERT INTO `oc_zone` (zone_id, country_id, name, status) VALUES (390, 27, "Kab. Banggai", 1);
INSERT INTO `oc_city` (city_id, zone_id, name, code, jnereg, jneoke) VALUES (4961, 390, "Balantak", "PLW20101", "62000", "52500");
INSERT INTO `oc_city` (city_id, zone_id, name, code, jnereg, jneoke) VALUES (4962, 390, "Batui", "PLW20103", "62000", "52500");
INSERT INTO `oc_city` (city_id, zone_id, name, code, jnereg, jneoke) VALUES (4963, 390, "Boalemo", "PLW20116", "62000", "52500");
INSERT INTO `oc_city` (city_id, zone_id, name, code, jnereg, jneoke) VALUES (4964, 390, "Bunta", "PLW20106", "62000", "52500");
INSERT INTO `oc_city` (city_id, zone_id, name, code, jnereg, jneoke) VALUES (4965, 390, "Kintom", "PLW20107", "62000", "52500");
INSERT INTO `oc_city` (city_id, zone_id, name, code, jnereg, jneoke) VALUES (4966, 390, "Lamala", "PLW20109", "62000", "52500");
INSERT INTO `oc_city` (city_id, zone_id, name, code, jnereg, jneoke) VALUES (4967, 390, "Luwuk", "PLW20100", "48000", "38500");
INSERT INTO `oc_city` (city_id, zone_id, name, code, jnereg, jneoke) VALUES (4968, 390, "Pagimana", "PLW20111", "62000", "52500");
INSERT INTO `oc_city` (city_id, zone_id, name, code, jnereg, jneoke) VALUES (4969, 390, "Toili", "PLW20117", "62000", "52500");
INSERT INTO `oc_zone` (zone_id, country_id, name, status) VALUES (391, 27, "Kab. Banggai Kepulauan", 1);
INSERT INTO `oc_city` (city_id, zone_id, name, code, jnereg, jneoke) VALUES (4970, 391, "Banggai", "PLW20500", "58000", "46500");
INSERT INTO `oc_city` (city_id, zone_id, name, code, jnereg, jneoke) VALUES (4971, 391, "Bokan Kepulauan", "PLW20501", "62000", "50500");
INSERT INTO `oc_city` (city_id, zone_id, name, code, jnereg, jneoke) VALUES (4972, 391, "Buko", "PLW20502", "62000", "50500");
INSERT INTO `oc_city` (city_id, zone_id, name, code, jnereg, jneoke) VALUES (4973, 391, "Bulagi", "PLW20503", "62000", "50500");
INSERT INTO `oc_city` (city_id, zone_id, name, code, jnereg, jneoke) VALUES (4974, 391, "Bulagi Selatan", "PLW20504", "62000", "50500");
INSERT INTO `oc_city` (city_id, zone_id, name, code, jnereg, jneoke) VALUES (4975, 391, "Liang", "PLW20505", "62000", "50500");
INSERT INTO `oc_city` (city_id, zone_id, name, code, jnereg, jneoke) VALUES (4976, 391, "Lo Bangkurung", "PLW20506", "62000", "50500");
INSERT INTO `oc_city` (city_id, zone_id, name, code, jnereg, jneoke) VALUES (4977, 391, "Tinangkung", "PLW20507", "62000", "50500");
INSERT INTO `oc_city` (city_id, zone_id, name, code, jnereg, jneoke) VALUES (4978, 391, "Totikum", "PLW20508", "62000", "50500");
INSERT INTO `oc_zone` (zone_id, country_id, name, status) VALUES (392, 27, "Kab. Buol", 1);
INSERT INTO `oc_city` (city_id, zone_id, name, code, jnereg, jneoke) VALUES (4979, 392, "Biau", "PLW20601", "58000", "51500");
INSERT INTO `oc_city` (city_id, zone_id, name, code, jnereg, jneoke) VALUES (4980, 392, "Bokat", "PLW20602", "58000", "51500");
INSERT INTO `oc_city` (city_id, zone_id, name, code, jnereg, jneoke) VALUES (4981, 392, "Bukal", "PLW20603", "58000", "51500");
INSERT INTO `oc_city` (city_id, zone_id, name, code, jnereg, jneoke) VALUES (4982, 392, "Buol", "PLW20600", "53000", "46500");
INSERT INTO `oc_city` (city_id, zone_id, name, code, jnereg, jneoke) VALUES (4983, 392, "Bunobogu", "PLW20604", "58000", "51500");
INSERT INTO `oc_city` (city_id, zone_id, name, code, jnereg, jneoke) VALUES (4984, 392, "Gadung", "PLW20605", "58000", "51500");
INSERT INTO `oc_city` (city_id, zone_id, name, code, jnereg, jneoke) VALUES (4985, 392, "Lipunoto", "PLW20606", "58000", "51500");
INSERT INTO `oc_city` (city_id, zone_id, name, code, jnereg, jneoke) VALUES (4986, 392, "Momunu", "PLW20607", "58000", "51500");
INSERT INTO `oc_city` (city_id, zone_id, name, code, jnereg, jneoke) VALUES (4987, 392, "Paleleh", "PLW20608", "58000", "51500");
INSERT INTO `oc_city` (city_id, zone_id, name, code, jnereg, jneoke) VALUES (4988, 392, "Tiolan", "PLW20609", "58000", "51500");
INSERT INTO `oc_zone` (zone_id, country_id, name, status) VALUES (393, 27, "Kab. Donggala", 1);
INSERT INTO `oc_city` (city_id, zone_id, name, code, jnereg, jneoke) VALUES (4989, 393, "Balaesang", "PLW20701", "51000", "43000");
INSERT INTO `oc_city` (city_id, zone_id, name, code, jnereg, jneoke) VALUES (4990, 393, "Banawa", "PLW20700", "40000", "32000");
INSERT INTO `oc_city` (city_id, zone_id, name, code, jnereg, jneoke) VALUES (4991, 393, "Damsol", "PLW20702", "51000", "43000");
INSERT INTO `oc_city` (city_id, zone_id, name, code, jnereg, jneoke) VALUES (4992, 393, "Dolo", "PLW20703", "51000", "43000");
INSERT INTO `oc_city` (city_id, zone_id, name, code, jnereg, jneoke) VALUES (4993, 393, "Kulawi", "PLW20704", "51000", "43000");
INSERT INTO `oc_city` (city_id, zone_id, name, code, jnereg, jneoke) VALUES (4994, 393, "Marawola", "PLW20705", "51000", "43000");
INSERT INTO `oc_city` (city_id, zone_id, name, code, jnereg, jneoke) VALUES (4995, 393, "Palolo", "PLW20706", "51000", "43000");
INSERT INTO `oc_city` (city_id, zone_id, name, code, jnereg, jneoke) VALUES (4996, 393, "Pipikoro", "PLW20707", "51000", "43000");
INSERT INTO `oc_city` (city_id, zone_id, name, code, jnereg, jneoke) VALUES (4997, 393, "Riopakawa", "PLW20708", "51000", "43000");
INSERT INTO `oc_city` (city_id, zone_id, name, code, jnereg, jneoke) VALUES (4998, 393, "Sigi Biromaru", "PLW20709", "51000", "43000");
INSERT INTO `oc_city` (city_id, zone_id, name, code, jnereg, jneoke) VALUES (4999, 393, "Sindue", "PLW20710", "51000", "43000");
INSERT INTO `oc_city` (city_id, zone_id, name, code, jnereg, jneoke) VALUES (5000, 393, "Sirenja", "PLW20711", "51000", "43000");
INSERT INTO `oc_city` (city_id, zone_id, name, code, jnereg, jneoke) VALUES (5001, 393, "Sojol", "PLW20712", "51000", "43000");
INSERT INTO `oc_city` (city_id, zone_id, name, code, jnereg, jneoke) VALUES (5002, 393, "Tawaeli", "PLW20713", "51000", "43000");
INSERT INTO `oc_zone` (zone_id, country_id, name, status) VALUES (394, 27, "Kab. Morowali", 1);
INSERT INTO `oc_city` (city_id, zone_id, name, code, jnereg, jneoke) VALUES (5003, 394, "Bahodopi", "PLW20805", "60000", "49500");
INSERT INTO `oc_city` (city_id, zone_id, name, code, jnereg, jneoke) VALUES (5004, 394, "Bungku", "PLW20800", "53000", "42500");
INSERT INTO `oc_city` (city_id, zone_id, name, code, jnereg, jneoke) VALUES (5005, 394, "Bumi Raya", "PLW20806", "60000", "49500");
INSERT INTO `oc_city` (city_id, zone_id, name, code, jnereg, jneoke) VALUES (5006, 394, "Bungku Barat", "PLW20801", "60000", "42500");
INSERT INTO `oc_city` (city_id, zone_id, name, code, jnereg, jneoke) VALUES (5007, 394, "Bungku Selatan", "PLW20802", "60000", "42500");
INSERT INTO `oc_city` (city_id, zone_id, name, code, jnereg, jneoke) VALUES (5008, 394, "Bungku Tengah", "PLW20803", "60000", "42500");
INSERT INTO `oc_city` (city_id, zone_id, name, code, jnereg, jneoke) VALUES (5009, 394, "Bungku Utara", "PLW20804", "60000", "42500");
INSERT INTO `oc_city` (city_id, zone_id, name, code, jnereg, jneoke) VALUES (5010, 394, "Lembo", "PLW20807", "60000", "49500");
INSERT INTO `oc_city` (city_id, zone_id, name, code, jnereg, jneoke) VALUES (5011, 394, "Mamosalato", "PLW20808", "60000", "49500");
INSERT INTO `oc_city` (city_id, zone_id, name, code, jnereg, jneoke) VALUES (5012, 394, "Menui Kepulauan", "PLW20809", "60000", "49500");
INSERT INTO `oc_city` (city_id, zone_id, name, code, jnereg, jneoke) VALUES (5013, 394, "Mori Atas", "PLW20810", "60000", "49500");
INSERT INTO `oc_city` (city_id, zone_id, name, code, jnereg, jneoke) VALUES (5014, 394, "Petasia", "PLW20811", "60000", "49500");
INSERT INTO `oc_city` (city_id, zone_id, name, code, jnereg, jneoke) VALUES (5015, 394, "Soyo Jaya", "PLW20812", "60000", "49500");
INSERT INTO `oc_city` (city_id, zone_id, name, code, jnereg, jneoke) VALUES (5016, 394, "Wita Ponda", "PLW20813", "60000", "49500");
INSERT INTO `oc_zone` (zone_id, country_id, name, status) VALUES (395, 27, "Kab. Parigi Moutong", 1);
INSERT INTO `oc_city` (city_id, zone_id, name, code, jnereg, jneoke) VALUES (5017, 395, "Ampibabo", "PLW20901", "54000", "46500");
INSERT INTO `oc_city` (city_id, zone_id, name, code, jnereg, jneoke) VALUES (5018, 395, "Bolano Lambunu", "PLW20902", "54000", "46500");
INSERT INTO `oc_city` (city_id, zone_id, name, code, jnereg, jneoke) VALUES (5019, 395, "Kasimbar", "PLW20903", "54000", "46500");
INSERT INTO `oc_city` (city_id, zone_id, name, code, jnereg, jneoke) VALUES (5020, 395, "Moutong", "PLW20904", "54000", "46500");
INSERT INTO `oc_city` (city_id, zone_id, name, code, jnereg, jneoke) VALUES (5021, 395, "Parigi", "PLW20900", "43000", "34500");
INSERT INTO `oc_city` (city_id, zone_id, name, code, jnereg, jneoke) VALUES (5022, 395, "Sausu", "PLW20905", "54000", "46500");
INSERT INTO `oc_city` (city_id, zone_id, name, code, jnereg, jneoke) VALUES (5023, 395, "Tinombo", "PLW20906", "54000", "46500");
INSERT INTO `oc_city` (city_id, zone_id, name, code, jnereg, jneoke) VALUES (5024, 395, "Tinombo Selatan", "PLW20907", "54000", "46500");
INSERT INTO `oc_city` (city_id, zone_id, name, code, jnereg, jneoke) VALUES (5025, 395, "Tomini", "PLW20908", "54000", "46500");
INSERT INTO `oc_city` (city_id, zone_id, name, code, jnereg, jneoke) VALUES (5026, 395, "Torue", "PLW20909", "54000", "46500");
INSERT INTO `oc_zone` (zone_id, country_id, name, status) VALUES (396, 27, "Kab. Poso", 1);
INSERT INTO `oc_city` (city_id, zone_id, name, code, jnereg, jneoke) VALUES (5027, 396, "Lage", "PLW20206", "61000", "51500");
INSERT INTO `oc_city` (city_id, zone_id, name, code, jnereg, jneoke) VALUES (5028, 396, "Lore Selatan", "PLW20209", "61000", "51500");
INSERT INTO `oc_city` (city_id, zone_id, name, code, jnereg, jneoke) VALUES (5029, 396, "Lore Tengah", "PLW20221", "61000", "51500");
INSERT INTO `oc_city` (city_id, zone_id, name, code, jnereg, jneoke) VALUES (5030, 396, "Lore Utara", "PLW20208", "62500", "51500");
INSERT INTO `oc_city` (city_id, zone_id, name, code, jnereg, jneoke) VALUES (5031, 396, "Pamona Selatan", "PLW20212", "61000", "51500");
INSERT INTO `oc_city` (city_id, zone_id, name, code, jnereg, jneoke) VALUES (5032, 396, "Pamona Timur", "PLW20222", "61000", "51500");
INSERT INTO `oc_city` (city_id, zone_id, name, code, jnereg, jneoke) VALUES (5033, 396, "Pamona Utara", "PLW20213", "61000", "51500");
INSERT INTO `oc_city` (city_id, zone_id, name, code, jnereg, jneoke) VALUES (5034, 396, "Poso Kota", "PLW20200", "48000", "38500");
INSERT INTO `oc_city` (city_id, zone_id, name, code, jnereg, jneoke) VALUES (5035, 396, "Poso Pesisir", "PLW20215", "61000", "51500");
INSERT INTO `oc_zone` (zone_id, country_id, name, status) VALUES (397, 27, "Kab. Tojo Una-una", 1);
INSERT INTO `oc_city` (city_id, zone_id, name, code, jnereg, jneoke) VALUES (5036, 397, "Ampana Kota", "PLW21000", "48000", "38500");
INSERT INTO `oc_city` (city_id, zone_id, name, code, jnereg, jneoke) VALUES (5037, 397, "Ampana Tete", "PLW21001", "59000", "38500");
INSERT INTO `oc_city` (city_id, zone_id, name, code, jnereg, jneoke) VALUES (5038, 397, "Togean", "PLW21002", "59000", "49500");
INSERT INTO `oc_city` (city_id, zone_id, name, code, jnereg, jneoke) VALUES (5039, 397, "Tojo", "PLW21003", "59000", "49500");
INSERT INTO `oc_city` (city_id, zone_id, name, code, jnereg, jneoke) VALUES (5040, 397, "Tojo Barat", "PLW21004", "59000", "49500");
INSERT INTO `oc_city` (city_id, zone_id, name, code, jnereg, jneoke) VALUES (5041, 397, "Ulu Bongka", "PLW21005", "59000", "49500");
INSERT INTO `oc_city` (city_id, zone_id, name, code, jnereg, jneoke) VALUES (5042, 397, "Una-Una", "PLW21006", "59000", "49500");
INSERT INTO `oc_city` (city_id, zone_id, name, code, jnereg, jneoke) VALUES (5043, 397, "Walea Kepulauan", "PLW21007", "59000", "49500");
INSERT INTO `oc_zone` (zone_id, country_id, name, status) VALUES (398, 27, "Kab. Toli-toli", 1);
INSERT INTO `oc_city` (city_id, zone_id, name, code) VALUES (5044, 398, "Baolan", "PLW20311");
INSERT INTO `oc_city` (city_id, zone_id, name, code, jnereg, jneoke) VALUES (5045, 398, "Basidondo", "PLW20313", "59000", "49500");
INSERT INTO `oc_city` (city_id, zone_id, name, code, jnereg, jneoke) VALUES (5046, 398, "Dampal Selatan", "PLW20305", "59000", "49500");
INSERT INTO `oc_city` (city_id, zone_id, name, code, jnereg, jneoke) VALUES (5047, 398, "Dampal Utara", "PLW20304", "59000", "49500");
INSERT INTO `oc_city` (city_id, zone_id, name, code, jnereg, jneoke) VALUES (5048, 398, "Dondo", "PLW20306", "59000", "49500");
INSERT INTO `oc_city` (city_id, zone_id, name, code, jnereg, jneoke) VALUES (5049, 398, "Galang", "PLW20307", "59000", "49500");
INSERT INTO `oc_city` (city_id, zone_id, name, code, jnereg, jneoke) VALUES (5050, 398, "Lampasio", "PLW20314", "59000", "49500");
INSERT INTO `oc_city` (city_id, zone_id, name, code, jnereg, jneoke) VALUES (5051, 398, "Ogo Deide", "PLW20315", "59000", "49500");
INSERT INTO `oc_city` (city_id, zone_id, name, code, jnereg, jneoke) VALUES (5052, 398, "Utara Toli-Toli", "PLW20310", "59000", "49500");
INSERT INTO `oc_city` (city_id, zone_id, name, code, jnereg, jneoke) VALUES (5053, 398, "Toli - Toli", "PLW20300", "48000", "38500");
INSERT INTO `oc_zone` (zone_id, country_id, name, status) VALUES (399, 27, "Kota Palu", 1);
INSERT INTO `oc_city` (city_id, zone_id, name, code, jnereg, jneoke) VALUES (5054, 399, "Palu", "PLW10000", "37000", "28000");
INSERT INTO `oc_city` (city_id, zone_id, name, code, jnereg, jneoke) VALUES (5055, 399, "Palu Barat", "PLW10017", "37000", "28000");
INSERT INTO `oc_city` (city_id, zone_id, name, code, jnereg, jneoke) VALUES (5056, 399, "Palu Selatan", "PLW10018", "37000", "28000");
INSERT INTO `oc_city` (city_id, zone_id, name, code, jnereg, jneoke) VALUES (5057, 399, "Palu Timur", "PLW10019", "37000", "28000");
INSERT INTO `oc_city` (city_id, zone_id, name, code, jnereg, jneoke) VALUES (5058, 399, "Palu Utara", "PLW10020", "37000", "28000");
INSERT INTO `oc_country` (country_id, name, iso_code_2, iso_code_3, postcode_required, status) VALUES (28, "Sulawesi Utara", "ID", "IDN", 1, 1);
INSERT INTO `oc_zone` (zone_id, country_id, name, status) VALUES (400, 28, "Kab. Bolaang Mongondow", 1);
INSERT INTO `oc_city` (city_id, zone_id, name, code, jnereg, jneoke) VALUES (5059, 400, "Bintauna", "MDC20101", "72500", "60000");
INSERT INTO `oc_city` (city_id, zone_id, name, code, jnereg, jneoke) VALUES (5060, 400, "Bolaang", "MDC20102", "72500", "60000");
INSERT INTO `oc_city` (city_id, zone_id, name, code, jnereg, jneoke) VALUES (5061, 400, "Bolang Itang", "MDC20103", "72500", "60000");
INSERT INTO `oc_city` (city_id, zone_id, name, code, jnereg, jneoke) VALUES (5062, 400, "Bolang Uki", "MDC20104", "72500", "60000");
INSERT INTO `oc_city` (city_id, zone_id, name, code, jnereg, jneoke) VALUES (5063, 400, "Dumoga Barat", "MDC20115", "72500", "60000");
INSERT INTO `oc_city` (city_id, zone_id, name, code, jnereg, jneoke) VALUES (5064, 400, "Dumoga Timur", "MDC20116", "72500", "60000");
INSERT INTO `oc_city` (city_id, zone_id, name, code, jnereg, jneoke) VALUES (5065, 400, "Dumoga Utara", "MDC20117", "72500", "60000");
INSERT INTO `oc_city` (city_id, zone_id, name, code, jnereg, jneoke) VALUES (5066, 400, "Kaidipang", "MDC20106", "72500", "60000");
INSERT INTO `oc_city` (city_id, zone_id, name, code, jnereg, jneoke) VALUES (5067, 400, "Kotabunan", "MDC20107", "72500", "60000");
INSERT INTO `oc_city` (city_id, zone_id, name, code, jnereg, jneoke) VALUES (5068, 400, "Kotamobagu", "MDC20100", "65000", "52000");
INSERT INTO `oc_city` (city_id, zone_id, name, code, jnereg, jneoke) VALUES (5069, 400, "Lolak", "MDC20109", "72500", "60000");
INSERT INTO `oc_city` (city_id, zone_id, name, code, jnereg, jneoke) VALUES (5070, 400, "Lolayan", "MDC20108", "72500", "60000");
INSERT INTO `oc_city` (city_id, zone_id, name, code, jnereg, jneoke) VALUES (5071, 400, "Modayag", "MDC20110", "84500", "60000");
INSERT INTO `oc_city` (city_id, zone_id, name, code, jnereg, jneoke) VALUES (5072, 400, "Nuangan", "MDC20118", "72500", "60000");
INSERT INTO `oc_city` (city_id, zone_id, name, code, jnereg, jneoke) VALUES (5073, 400, "Passi", "MDC20111", "72500", "60000");
INSERT INTO `oc_city` (city_id, zone_id, name, code, jnereg, jneoke) VALUES (5074, 400, "Pinogaluman", "MDC20119", "72500", "60000");
INSERT INTO `oc_city` (city_id, zone_id, name, code, jnereg, jneoke) VALUES (5075, 400, "Pinolosian", "MDC20112", "72500", "60000");
INSERT INTO `oc_city` (city_id, zone_id, name, code, jnereg, jneoke) VALUES (5076, 400, "Poigar", "MDC20113", "72500", "60000");
INSERT INTO `oc_city` (city_id, zone_id, name, code, jnereg, jneoke) VALUES (5077, 400, "Posigadan", "MDC20120", "72500", "60000");
INSERT INTO `oc_city` (city_id, zone_id, name, code, jnereg, jneoke) VALUES (5078, 400, "Sangtombolang", "MDC20114", "72500", "60000");
INSERT INTO `oc_zone` (zone_id, country_id, name, status) VALUES (401, 28, "Kab. Bolaang Mongondow Utara", 1);
INSERT INTO `oc_city` (city_id, zone_id, name, code, jnereg, jneoke) VALUES (5079, 401, "Bintauna", "MDC20601", "83000", "68000");
INSERT INTO `oc_city` (city_id, zone_id, name, code, jnereg, jneoke) VALUES (5080, 401, "Bolaang Itang Barat", "MDC20602", "83000", "68000");
INSERT INTO `oc_city` (city_id, zone_id, name, code, jnereg, jneoke) VALUES (5081, 401, "Bolaang Itang Timur", "MDC20603", "83000", "68000");
INSERT INTO `oc_city` (city_id, zone_id, name, code, jnereg, jneoke) VALUES (5082, 401, "Boroko", "MDC20600", "75000", "60000");
INSERT INTO `oc_city` (city_id, zone_id, name, code, jnereg, jneoke) VALUES (5083, 401, "Kaidipang", "MDC20604", "83000", "68000");
INSERT INTO `oc_city` (city_id, zone_id, name, code, jnereg, jneoke) VALUES (5084, 401, "Pinogaluman", "MDC20605", "83000", "68000");
INSERT INTO `oc_city` (city_id, zone_id, name, code, jnereg, jneoke) VALUES (5085, 401, "Sangkub", "MDC20606", "83000", "68000");
INSERT INTO `oc_zone` (zone_id, country_id, name, status) VALUES (402, 28, "Kab. Kepulauan Sangihe", 1);
INSERT INTO `oc_city` (city_id, zone_id, name, code, jnereg, jneoke) VALUES (5086, 402, "Biaro", "MDC20216", "83000", "68000");
INSERT INTO `oc_city` (city_id, zone_id, name, code, jnereg, jneoke) VALUES (5087, 402, "Kendahe", "MDC20204", "83000", "68000");
INSERT INTO `oc_city` (city_id, zone_id, name, code, jnereg, jneoke) VALUES (5088, 402, "Manganitu", "MDC20206", "83000", "68000");
INSERT INTO `oc_city` (city_id, zone_id, name, code, jnereg, jneoke) VALUES (5089, 402, "Manganitu Selatan", "MDC20217", "83000", "68000");
INSERT INTO `oc_city` (city_id, zone_id, name, code, jnereg, jneoke) VALUES (5090, 402, "Nusa Tabukan", "MDC20218", "83000", "68000");
INSERT INTO `oc_city` (city_id, zone_id, name, code, jnereg, jneoke) VALUES (5091, 402, "Siau Barat", "MDC20210", "83000", "68000");
INSERT INTO `oc_city` (city_id, zone_id, name, code, jnereg, jneoke) VALUES (5092, 402, "Siau Barat Selatan", "MDC20219", "83000", "68000");
INSERT INTO `oc_city` (city_id, zone_id, name, code, jnereg, jneoke) VALUES (5093, 402, "Siau Timur", "MDC20209", "83000", "68000");
INSERT INTO `oc_city` (city_id, zone_id, name, code, jnereg, jneoke) VALUES (5094, 402, "Siau Timur Selatan", "MDC20220", "83000", "68000");
INSERT INTO `oc_city` (city_id, zone_id, name, code, jnereg, jneoke) VALUES (5095, 402, "Tabukan Selatan", "MDC20212", "83000", "68000");
INSERT INTO `oc_city` (city_id, zone_id, name, code, jnereg, jneoke) VALUES (5096, 402, "Tabukan Tengah", "MDC20213", "83000", "68000");
INSERT INTO `oc_city` (city_id, zone_id, name, code, jnereg, jneoke) VALUES (5097, 402, "Tabukan Utara", "MDC20211", "83000", "68000");
INSERT INTO `oc_city` (city_id, zone_id, name, code, jnereg, jneoke) VALUES (5098, 402, "Tagulandang", "MDC20214", "83000", "68000");
INSERT INTO `oc_city` (city_id, zone_id, name, code, jnereg, jneoke) VALUES (5099, 402, "Tagulandang Utara", "MDC20221", "83000", "68000");
INSERT INTO `oc_city` (city_id, zone_id, name, code, jnereg, jneoke) VALUES (5100, 402, "Tahuna", "MDC20200", "75000", "60000");
INSERT INTO `oc_city` (city_id, zone_id, name, code, jnereg, jneoke) VALUES (5101, 402, "Tamako", "MDC20215", "83000", "68000");
INSERT INTO `oc_city` (city_id, zone_id, name, code, jnereg, jneoke) VALUES (5102, 402, "Tatoareng", "MDC20222", "83000", "68000");
INSERT INTO `oc_zone` (zone_id, country_id, name, status) VALUES (403, 28, "Kab. Kepulauan Talaud", 1);
INSERT INTO `oc_city` (city_id, zone_id, name, code) VALUES (5103, 403, "Beo", "MDC20701");
INSERT INTO `oc_city` (city_id, zone_id, name, code) VALUES (5104, 403, "Essang", "MDC20702");
INSERT INTO `oc_city` (city_id, zone_id, name, code) VALUES (5105, 403, "Gemeh", "MDC20703");
INSERT INTO `oc_city` (city_id, zone_id, name, code) VALUES (5106, 403, "Kabaruan", "MDC20704");
INSERT INTO `oc_city` (city_id, zone_id, name, code) VALUES (5107, 403, "Lirung", "MDC20705");
INSERT INTO `oc_city` (city_id, zone_id, name, code) VALUES (5108, 403, "Melonguane", "MDC20700");
INSERT INTO `oc_city` (city_id, zone_id, name, code) VALUES (5109, 403, "Nanusa", "MDC20707");
INSERT INTO `oc_city` (city_id, zone_id, name, code) VALUES (5110, 403, "Rainis", "MDC20708");
INSERT INTO `oc_zone` (zone_id, country_id, name, status) VALUES (404, 28, "Kab. Minahasa", 1);
INSERT INTO `oc_city` (city_id, zone_id, name, code, jnereg, jneoke) VALUES (5111, 404, "Eris", "MDC20302", "62000", "62000");
INSERT INTO `oc_city` (city_id, zone_id, name, code, jnereg, jneoke) VALUES (5112, 404, "Kakas", "MDC20303", "62000", "62000");
INSERT INTO `oc_city` (city_id, zone_id, name, code, jnereg, jneoke) VALUES (5113, 404, "Kawangkoan", "MDC20304", "62000", "62000");
INSERT INTO `oc_city` (city_id, zone_id, name, code, jnereg, jneoke) VALUES (5114, 404, "Kombi", "MDC20305", "62000", "62000");
INSERT INTO `oc_city` (city_id, zone_id, name, code, jnereg, jneoke) VALUES (5115, 404, "Langowan Barat", "MDC20313", "62000", "62000");
INSERT INTO `oc_city` (city_id, zone_id, name, code, jnereg, jneoke) VALUES (5116, 404, "Langowan Selatan", "MDC20314", "62000", "62000");
INSERT INTO `oc_city` (city_id, zone_id, name, code, jnereg, jneoke) VALUES (5117, 404, "Langowan Timur", "MDC20315", "62000", "62000");
INSERT INTO `oc_city` (city_id, zone_id, name, code, jnereg, jneoke) VALUES (5118, 404, "Lembean Timur", "MDC20316", "62000", "62000");
INSERT INTO `oc_city` (city_id, zone_id, name, code, jnereg, jneoke) VALUES (5119, 404, "Pineleng", "MDC20317", "62000", "62000");
INSERT INTO `oc_city` (city_id, zone_id, name, code, jnereg, jneoke) VALUES (5120, 404, "Remboken", "MDC20308", "62000", "62000");
INSERT INTO `oc_city` (city_id, zone_id, name, code, jnereg, jneoke) VALUES (5121, 404, "Sonder", "MDC20309", "62000", "62000");
INSERT INTO `oc_city` (city_id, zone_id, name, code, jnereg, jneoke) VALUES (5122, 404, "Tombariri", "MDC20318", "62000", "62000");
INSERT INTO `oc_city` (city_id, zone_id, name, code, jnereg, jneoke) VALUES (5123, 404, "Tombulu", "MDC20319", "62000", "62000");
INSERT INTO `oc_city` (city_id, zone_id, name, code, jnereg, jneoke) VALUES (5124, 404, "Tompaso", "MDC20311", "62000", "62000");
INSERT INTO `oc_city` (city_id, zone_id, name, code, jnereg, jneoke) VALUES (5125, 404, "Tondano", "MDC20300", "50000", "40000");
INSERT INTO `oc_city` (city_id, zone_id, name, code, jnereg, jneoke) VALUES (5126, 404, "Tondano Barat", "MDC20320", "62000", "40000");
INSERT INTO `oc_city` (city_id, zone_id, name, code, jnereg, jneoke) VALUES (5127, 404, "Tondano Selatan", "MDC20321", "62000", "40000");
INSERT INTO `oc_city` (city_id, zone_id, name, code, jnereg, jneoke) VALUES (5128, 404, "Tondano Timur", "MDC20322", "62000", "40000");
INSERT INTO `oc_city` (city_id, zone_id, name, code, jnereg, jneoke) VALUES (5129, 404, "Tondano Utara", "MDC20323", "62000", "40000");
INSERT INTO `oc_zone` (zone_id, country_id, name, status) VALUES (405, 28, "Kab. Minahasa Utara", 1);
INSERT INTO `oc_city` (city_id, zone_id, name, code, jnereg, jneoke) VALUES (5130, 405, "Airmadidi", "MDC20800", "55000", "44000");
INSERT INTO `oc_city` (city_id, zone_id, name, code, jnereg, jneoke) VALUES (5131, 405, "Dimembe", "MDC20801", "57000", "46000");
INSERT INTO `oc_city` (city_id, zone_id, name, code, jnereg, jneoke) VALUES (5132, 405, "Kalawat", "MDC20802", "57000", "46000");
INSERT INTO `oc_city` (city_id, zone_id, name, code, jnereg, jneoke) VALUES (5133, 405, "Kauditan", "MDC20803", "57000", "46000");
INSERT INTO `oc_city` (city_id, zone_id, name, code, jnereg, jneoke) VALUES (5134, 405, "Kema", "MDC20804", "57000", "46000");
INSERT INTO `oc_city` (city_id, zone_id, name, code, jnereg, jneoke) VALUES (5135, 405, "Likupang Barat", "MDC20805", "57000", "46000");
INSERT INTO `oc_city` (city_id, zone_id, name, code, jnereg, jneoke) VALUES (5136, 405, "Likupang Timur", "MDC20806", "57000", "46000");
INSERT INTO `oc_city` (city_id, zone_id, name, code, jnereg, jneoke) VALUES (5137, 405, "Wori", "MDC20807", "57000", "46000");
INSERT INTO `oc_zone` (zone_id, country_id, name, status) VALUES (406, 28, "Kab. Minahasa Selatan", 1);
INSERT INTO `oc_city` (city_id, zone_id, name, code, jnereg, jneoke) VALUES (5138, 406, "Amurang", "MDC20900", "70000", "56000");
INSERT INTO `oc_city` (city_id, zone_id, name, code, jnereg, jneoke) VALUES (5139, 406, "Modoinding", "MDC20901", "83000", "69000");
INSERT INTO `oc_city` (city_id, zone_id, name, code, jnereg, jneoke) VALUES (5140, 406, "Motoling", "MDC20902", "83000", "69000");
INSERT INTO `oc_city` (city_id, zone_id, name, code, jnereg, jneoke) VALUES (5141, 406, "Ranoyapo", "MDC20903", "83000", "69000");
INSERT INTO `oc_city` (city_id, zone_id, name, code, jnereg, jneoke) VALUES (5142, 406, "Sinon Sayang", "MDC20904", "83000", "69000");
INSERT INTO `oc_city` (city_id, zone_id, name, code, jnereg, jneoke) VALUES (5143, 406, "Tareran", "MDC20905", "83000", "69000");
INSERT INTO `oc_city` (city_id, zone_id, name, code, jnereg, jneoke) VALUES (5144, 406, "Tenga", "MDC20906", "83000", "69000");
INSERT INTO `oc_city` (city_id, zone_id, name, code, jnereg, jneoke) VALUES (5145, 406, "Tombasian", "MDC20907", "83000", "69000");
INSERT INTO `oc_city` (city_id, zone_id, name, code, jnereg, jneoke) VALUES (5146, 406, "Tompaso Baru", "MDC20908", "83000", "69000");
INSERT INTO `oc_city` (city_id, zone_id, name, code, jnereg, jneoke) VALUES (5147, 406, "Tumpaan", "MDC20909", "83000", "69000");
INSERT INTO `oc_zone` (zone_id, country_id, name, status) VALUES (407, 28, "Kab. Minahasa Tenggara", 1);
INSERT INTO `oc_city` (city_id, zone_id, name, code, jnereg, jneoke) VALUES (5148, 407, "Ratahan", "MDC21000", "75000", "60000");
INSERT INTO `oc_city` (city_id, zone_id, name, code, jnereg, jneoke) VALUES (5149, 407, "Belang", "MDC21001", "77000", "62000");
INSERT INTO `oc_city` (city_id, zone_id, name, code, jnereg, jneoke) VALUES (5150, 407, "Tombatu", "MDC21002", "77000", "62000");
INSERT INTO `oc_city` (city_id, zone_id, name, code, jnereg, jneoke) VALUES (5151, 407, "Touluaan", "MDC21003", "77000", "62000");
INSERT INTO `oc_city` (city_id, zone_id, name, code, jnereg, jneoke) VALUES (5152, 407, "Ratatotok", "MDC21004", "77000", "62000");
INSERT INTO `oc_city` (city_id, zone_id, name, code, jnereg, jneoke) VALUES (5153, 407, "Pusomaen", "MDC21005", "77000", "62000");
INSERT INTO `oc_zone` (zone_id, country_id, name, status) VALUES (408, 28, "Kota Bitung", 1);
INSERT INTO `oc_city` (city_id, zone_id, name, code, jnereg, jneoke) VALUES (5154, 408, "Bitung", "MDC20400", "60000", "48000");
INSERT INTO `oc_city` (city_id, zone_id, name, code, jnereg, jneoke) VALUES (5155, 408, "Bitung Barat", "MDC20401", "64000", "48000");
INSERT INTO `oc_city` (city_id, zone_id, name, code, jnereg, jneoke) VALUES (5156, 408, "Bitung Selatan", "MDC20402", "64000", "48000");
INSERT INTO `oc_city` (city_id, zone_id, name, code, jnereg, jneoke) VALUES (5157, 408, "Bitung Tengah", "MDC20403", "64000", "48000");
INSERT INTO `oc_city` (city_id, zone_id, name, code, jnereg, jneoke) VALUES (5158, 408, "Bitung Timur", "MDC20404", "64000", "48000");
INSERT INTO `oc_city` (city_id, zone_id, name, code, jnereg, jneoke) VALUES (5159, 408, "Bitung Utara", "MDC20405", "64000", "48000");
INSERT INTO `oc_zone` (zone_id, country_id, name, status) VALUES (409, 28, "Kota Manado", 1);
INSERT INTO `oc_city` (city_id, zone_id, name, code, jnereg, jneoke) VALUES (5160, 409, "Bunaken", "MDC10021", "45000", "33500");
INSERT INTO `oc_city` (city_id, zone_id, name, code, jnereg, jneoke) VALUES (5161, 409, "Malalayang", "MDC10022", "45000", "33500");
INSERT INTO `oc_city` (city_id, zone_id, name, code, jnereg, jneoke) VALUES (5162, 409, "Manado", "MDC10000", "45000", "33500");
INSERT INTO `oc_city` (city_id, zone_id, name, code, jnereg, jneoke) VALUES (5163, 409, "Mapanget", "MDC10023", "45000", "33500");
INSERT INTO `oc_city` (city_id, zone_id, name, code, jnereg, jneoke) VALUES (5164, 409, "Sario", "MDC10024", "45000", "33500");
INSERT INTO `oc_city` (city_id, zone_id, name, code, jnereg, jneoke) VALUES (5165, 409, "Singkil", "MDC10025", "45000", "33500");
INSERT INTO `oc_city` (city_id, zone_id, name, code, jnereg, jneoke) VALUES (5166, 409, "Tikala", "MDC10026", "45000", "33500");
INSERT INTO `oc_city` (city_id, zone_id, name, code, jnereg, jneoke) VALUES (5167, 409, "Tuminting", "MDC10027", "45000", "33500");
INSERT INTO `oc_city` (city_id, zone_id, name, code, jnereg, jneoke) VALUES (5168, 409, "Wanea", "MDC10028", "45000", "33500");
INSERT INTO `oc_city` (city_id, zone_id, name, code, jnereg, jneoke) VALUES (5169, 409, "Wenang", "MDC10029", "45000", "33500");
INSERT INTO `oc_zone` (zone_id, country_id, name, status) VALUES (410, 28, "Kota Tomohon", 1);
INSERT INTO `oc_city` (city_id, zone_id, name, code, jnereg, jneoke) VALUES (5170, 410, "Tomohon", "MDC21100", "50000", "40000");
INSERT INTO `oc_city` (city_id, zone_id, name, code, jnereg, jneoke) VALUES (5171, 410, "Tomohon Barat", "MDC21101", "50000", "40000");
INSERT INTO `oc_city` (city_id, zone_id, name, code, jnereg, jneoke) VALUES (5172, 410, "Tomohon Selatan", "MDC21102", "50000", "40000");
INSERT INTO `oc_city` (city_id, zone_id, name, code, jnereg, jneoke) VALUES (5173, 410, "Tomohon Tengah", "MDC21103", "50000", "40000");
INSERT INTO `oc_city` (city_id, zone_id, name, code, jnereg, jneoke) VALUES (5174, 410, "Tomohon Timur", "MDC21104", "50000", "40000");
INSERT INTO `oc_city` (city_id, zone_id, name, code, jnereg, jneoke) VALUES (5175, 410, "Tomohon Utara", "MDC21105", "50000", "40000");
INSERT INTO `oc_country` (country_id, name, iso_code_2, iso_code_3, postcode_required, status) VALUES (29, "Sulawesi Barat", "ID", "IDN", 1, 1);
INSERT INTO `oc_zone` (zone_id, country_id, name, status) VALUES (411, 29, "Kab. Majene", 1);
INSERT INTO `oc_city` (city_id, zone_id, name, code, jnereg, jneoke) VALUES (5176, 411, "Banggae", "MJU20104", "67000", "56000");
INSERT INTO `oc_city` (city_id, zone_id, name, code, jnereg, jneoke) VALUES (5177, 411, "Majene", "MJU20100", "55000", "44000");
INSERT INTO `oc_city` (city_id, zone_id, name, code, jnereg, jneoke) VALUES (5178, 411, "Malunda", "MJU20101", "67000", "56000");
INSERT INTO `oc_city` (city_id, zone_id, name, code, jnereg, jneoke) VALUES (5179, 411, "Pamboang", "MJU20102", "67000", "56000");
INSERT INTO `oc_city` (city_id, zone_id, name, code, jnereg, jneoke) VALUES (5180, 411, "Sendana", "MJU20103", "67000", "56000");
INSERT INTO `oc_zone` (zone_id, country_id, name, status) VALUES (412, 29, "Kab. Mamasa", 1);
INSERT INTO `oc_city` (city_id, zone_id, name, code, jnereg, jneoke) VALUES (5181, 412, "Aralle", "MJU20201", "64000", "56000");
INSERT INTO `oc_city` (city_id, zone_id, name, code, jnereg, jneoke) VALUES (5182, 412, "Mamasa", "MJU20200", "55000", "44000");
INSERT INTO `oc_city` (city_id, zone_id, name, code, jnereg, jneoke) VALUES (5183, 412, "Mambi", "MJU20202", "64000", "56000");
INSERT INTO `oc_city` (city_id, zone_id, name, code, jnereg, jneoke) VALUES (5184, 412, "Messawa", "MJU20203", "64000", "56000");
INSERT INTO `oc_city` (city_id, zone_id, name, code, jnereg, jneoke) VALUES (5185, 412, "Pana", "MJU20204", "64000", "56000");
INSERT INTO `oc_city` (city_id, zone_id, name, code, jnereg, jneoke) VALUES (5186, 412, "Nosu", "MJU20205", "64000", "56000");
INSERT INTO `oc_city` (city_id, zone_id, name, code, jnereg, jneoke) VALUES (5187, 412, "Sesena Padang", "MJU20206", "64000", "56000");
INSERT INTO `oc_city` (city_id, zone_id, name, code, jnereg, jneoke) VALUES (5188, 412, "Sumarorong", "MJU20207", "64000", "56000");
INSERT INTO `oc_city` (city_id, zone_id, name, code, jnereg, jneoke) VALUES (5189, 412, "Tabang", "MJU20208", "64000", "56000");
INSERT INTO `oc_city` (city_id, zone_id, name, code, jnereg, jneoke) VALUES (5190, 412, "Tabulahan", "MJU20209", "64000", "56000");
INSERT INTO `oc_city` (city_id, zone_id, name, code, jnereg, jneoke) VALUES (5191, 412, "Tanduk Kalua", "MJU20210", "64000", "56000");
INSERT INTO `oc_zone` (zone_id, country_id, name, status) VALUES (413, 29, "Kab. Mamuju", 1);
INSERT INTO `oc_city` (city_id, zone_id, name, code, jnereg, jneoke) VALUES (5192, 413, "Bonehau", "MJU10006", "67000", "56000");
INSERT INTO `oc_city` (city_id, zone_id, name, code, jnereg, jneoke) VALUES (5193, 413, "Budong-Budong", "MJU10001", "67000", "56000");
INSERT INTO `oc_city` (city_id, zone_id, name, code, jnereg, jneoke) VALUES (5194, 413, "Kalukku", "MJU10003", "67000", "56000");
INSERT INTO `oc_city` (city_id, zone_id, name, code, jnereg, jneoke) VALUES (5195, 413, "Kalumpang", "MJU10002", "67000", "56000");
INSERT INTO `oc_city` (city_id, zone_id, name, code, jnereg, jneoke) VALUES (5196, 413, "Karossa", "MJU10007", "67000", "56000");
INSERT INTO `oc_city` (city_id, zone_id, name, code, jnereg, jneoke) VALUES (5197, 413, "Mamuju", "MJU10000", "55000", "44000");
INSERT INTO `oc_city` (city_id, zone_id, name, code, jnereg, jneoke) VALUES (5198, 413, "Pangale", "MJU10008", "67000", "56000");
INSERT INTO `oc_city` (city_id, zone_id, name, code, jnereg, jneoke) VALUES (5199, 413, "Papalang", "MJU10009", "67000", "56000");
INSERT INTO `oc_city` (city_id, zone_id, name, code, jnereg, jneoke) VALUES (5200, 413, "Sampaga", "MJU10010", "67000", "56000");
INSERT INTO `oc_city` (city_id, zone_id, name, code, jnereg, jneoke) VALUES (5201, 413, "Simboro dan Kepulauan", "MJU10011", "67000", "56000");
INSERT INTO `oc_city` (city_id, zone_id, name, code, jnereg, jneoke) VALUES (5202, 413, "Tappalang", "MJU10005", "67000", "56000");
INSERT INTO `oc_city` (city_id, zone_id, name, code, jnereg, jneoke) VALUES (5203, 413, "Tapalang Barat", "MJU10012", "67000", "56000");
INSERT INTO `oc_city` (city_id, zone_id, name, code, jnereg, jneoke) VALUES (5204, 413, "Tobadak", "MJU10013", "67000", "56000");
INSERT INTO `oc_city` (city_id, zone_id, name, code, jnereg, jneoke) VALUES (5205, 413, "Tommo", "MJU10014", "67000", "56000");
INSERT INTO `oc_city` (city_id, zone_id, name, code, jnereg, jneoke) VALUES (5206, 413, "Topoyo", "MJU10015", "67000", "56000");
INSERT INTO `oc_zone` (zone_id, country_id, name, status) VALUES (414, 29, "Kab. Mamuju Utara", 1);
INSERT INTO `oc_city` (city_id, zone_id, name, code, jnereg, jneoke) VALUES (5207, 414, "Bambalamotu", "MJU20301", "58000", "47000");
INSERT INTO `oc_city` (city_id, zone_id, name, code, jnereg, jneoke) VALUES (5208, 414, "Baras", "MJU20302", "58000", "47000");
INSERT INTO `oc_city` (city_id, zone_id, name, code, jnereg, jneoke) VALUES (5209, 414, "Pasangkayu", "MJU20300", "55000", "44000");
INSERT INTO `oc_city` (city_id, zone_id, name, code, jnereg, jneoke) VALUES (5210, 414, "Sarudu", "MJU20303", "58000", "47000");
INSERT INTO `oc_zone` (zone_id, country_id, name, status) VALUES (415, 29, "Kab. Polewali Mandar", 1);
INSERT INTO `oc_city` (city_id, zone_id, name, code, jnereg, jneoke) VALUES (5211, 415, "Allu", "MJU20405", "67000", "56000");
INSERT INTO `oc_city` (city_id, zone_id, name, code, jnereg, jneoke) VALUES (5212, 415, "Anreapi", "MJU20406", "67000", "56000");
INSERT INTO `oc_city` (city_id, zone_id, name, code, jnereg, jneoke) VALUES (5213, 415, "Balanipa", "MJU20407", "67000", "56000");
INSERT INTO `oc_city` (city_id, zone_id, name, code, jnereg, jneoke) VALUES (5214, 415, "Binuang", "MJU20408", "67000", "56000");
INSERT INTO `oc_city` (city_id, zone_id, name, code, jnereg, jneoke) VALUES (5215, 415, "Campalagian", "MJU20401", "67000", "56000");
INSERT INTO `oc_city` (city_id, zone_id, name, code, jnereg, jneoke) VALUES (5216, 415, "Limboro", "MJU20409", "67000", "56000");
INSERT INTO `oc_city` (city_id, zone_id, name, code, jnereg, jneoke) VALUES (5217, 415, "Luyo", "MJU20410", "67000", "56000");
INSERT INTO `oc_city` (city_id, zone_id, name, code, jnereg, jneoke) VALUES (5218, 415, "Mapilli", "MJU20411", "67000", "56000");
INSERT INTO `oc_city` (city_id, zone_id, name, code, jnereg, jneoke) VALUES (5219, 415, "Matakali", "MJU20412", "67000", "56000");
INSERT INTO `oc_city` (city_id, zone_id, name, code, jnereg, jneoke) VALUES (5220, 415, "Matangnga", "MJU20413", "67000", "56000");
INSERT INTO `oc_city` (city_id, zone_id, name, code, jnereg, jneoke) VALUES (5221, 415, "Polewali", "MJU20400", "55000", "44000");
INSERT INTO `oc_city` (city_id, zone_id, name, code, jnereg, jneoke) VALUES (5222, 415, "Tapango", "MJU20414", "67000", "56000");
INSERT INTO `oc_city` (city_id, zone_id, name, code, jnereg, jneoke) VALUES (5223, 415, "Tinambung", "MJU20402", "67000", "56000");
INSERT INTO `oc_city` (city_id, zone_id, name, code, jnereg, jneoke) VALUES (5224, 415, "Tutallu", "MJU20403", "67000", "56000");
INSERT INTO `oc_city` (city_id, zone_id, name, code, jnereg, jneoke) VALUES (5225, 415, "Wonomulyo", "MJU20404", "67000", "56000");
INSERT INTO `oc_country` (country_id, name, iso_code_2, iso_code_3, postcode_required, status) VALUES (30, "Maluku", "ID", "IDN", 1, 1);
INSERT INTO `oc_zone` (zone_id, country_id, name, status) VALUES (416, 30, "Kab. Buru", 1);
INSERT INTO `oc_city` (city_id, zone_id, name, code, jnereg, jneoke) VALUES (5226, 416, "Air Buaya / Buru Utara Barat", "AMQ20301", "127000", "105000");
INSERT INTO `oc_city` (city_id, zone_id, name, code, jnereg, jneoke) VALUES (5227, 416, "Leksula / Buru Selatan", "AMQ20302", "127000", "105000");
INSERT INTO `oc_city` (city_id, zone_id, name, code, jnereg, jneoke) VALUES (5228, 416, "Namlea", "AMQ20300", "110000", "88000");
INSERT INTO `oc_city` (city_id, zone_id, name, code, jnereg, jneoke) VALUES (5229, 416, "Waesama", "AMQ20303", "127000", "105000");
INSERT INTO `oc_city` (city_id, zone_id, name, code, jnereg, jneoke) VALUES (5230, 416, "Wayapo / Buru Utara Timur", "AMQ20304", "127000", "105000");
INSERT INTO `oc_zone` (zone_id, country_id, name, status) VALUES (417, 30, "Kab. Kepulauan Aru", 1);
INSERT INTO `oc_city` (city_id, zone_id, name, code, jnereg, jneoke) VALUES (5231, 417, "Dobo", "AMQ20400", "133000", "106500");
INSERT INTO `oc_city` (city_id, zone_id, name, code, jnereg, jneoke) VALUES (5232, 417, "Pulau-Pulau Aru", "AMQ20401", "142000", "111500");
INSERT INTO `oc_city` (city_id, zone_id, name, code, jnereg, jneoke) VALUES (5233, 417, "Pulau-Pulau Aru Selatan", "AMQ20402", "142000", "111500");
INSERT INTO `oc_city` (city_id, zone_id, name, code, jnereg, jneoke) VALUES (5234, 417, "Pulau-Pulau Aru Tengah", "AMQ20403", "142000", "111500");
INSERT INTO `oc_zone` (zone_id, country_id, name, status) VALUES (418, 30, "Kab. Maluku Tengah", 1);
INSERT INTO `oc_city` (city_id, zone_id, name, code, jnereg, jneoke) VALUES (5235, 418, "Amahai", "AMQ20118", "127000", "105000");
INSERT INTO `oc_city` (city_id, zone_id, name, code, jnereg, jneoke) VALUES (5236, 418, "Banda", "AMQ20101", "127000", "105000");
INSERT INTO `oc_city` (city_id, zone_id, name, code, jnereg, jneoke) VALUES (5237, 418, "Kota Masohi", "AMQ20100", "110000", "88000");
INSERT INTO `oc_city` (city_id, zone_id, name, code, jnereg, jneoke) VALUES (5238, 418, "Leihitu", "AMQ20107", "127000", "105000");
INSERT INTO `oc_city` (city_id, zone_id, name, code, jnereg, jneoke) VALUES (5239, 418, "Nusa Laut", "AMQ20119", "127000", "105000");
INSERT INTO `oc_city` (city_id, zone_id, name, code, jnereg, jneoke) VALUES (5240, 418, "Pulau Haruku", "AMQ20108", "127000", "105000");
INSERT INTO `oc_city` (city_id, zone_id, name, code, jnereg, jneoke) VALUES (5241, 418, "Sala Hutu", "AMQ20110", "127000", "105000");
INSERT INTO `oc_city` (city_id, zone_id, name, code, jnereg, jneoke) VALUES (5242, 418, "Saparua", "AMQ20121", "127000", "105000");
INSERT INTO `oc_city` (city_id, zone_id, name, code, jnereg, jneoke) VALUES (5243, 418, "Seram Utara", "AMQ20113", "127000", "105000");
INSERT INTO `oc_city` (city_id, zone_id, name, code, jnereg, jneoke) VALUES (5244, 418, "Tehoru", "AMQ20115", "127000", "105000");
INSERT INTO `oc_city` (city_id, zone_id, name, code, jnereg, jneoke) VALUES (5245, 418, "Teon Nila Serua", "AMQ20116", "127000", "105000");
INSERT INTO `oc_zone` (zone_id, country_id, name, status) VALUES (419, 30, "Kab. Maluku Tenggara", 1);
INSERT INTO `oc_city` (city_id, zone_id, name, code, jnereg, jneoke) VALUES (5246, 419, "Kei Besar", "AMQ20201", "142000", "115500");
INSERT INTO `oc_city` (city_id, zone_id, name, code, jnereg, jneoke) VALUES (5247, 419, "Kei Besar Selatan", "AMQ20208", "142000", "115500");
INSERT INTO `oc_city` (city_id, zone_id, name, code, jnereg, jneoke) VALUES (5248, 419, "Kei Besar Utara Timur", "AMQ20209", "142000", "115500");
INSERT INTO `oc_city` (city_id, zone_id, name, code, jnereg, jneoke) VALUES (5249, 419, "Kei Kecil", "AMQ20210", "142000", "115500");
INSERT INTO `oc_city` (city_id, zone_id, name, code, jnereg, jneoke) VALUES (5250, 419, "Pulau-Pulau Kur", "AMQ20211", "142000", "115500");
INSERT INTO `oc_city` (city_id, zone_id, name, code, jnereg, jneoke) VALUES (5251, 419, "Tual", "AMQ20200", "133000", "106500");
INSERT INTO `oc_zone` (zone_id, country_id, name, status) VALUES (420, 30, "Kab. Maluku Tenggara Barat", 1);
INSERT INTO `oc_city` (city_id, zone_id, name, code, jnereg, jneoke) VALUES (5252, 420, "Damer", "AMQ20801", "142000", "115500");
INSERT INTO `oc_city` (city_id, zone_id, name, code, jnereg, jneoke) VALUES (5253, 420, "Kormomolin", "AMQ20802", "142000", "115500");
INSERT INTO `oc_city` (city_id, zone_id, name, code, jnereg, jneoke) VALUES (5254, 420, "Luser", "AMQ20803", "142000", "115500");
INSERT INTO `oc_city` (city_id, zone_id, name, code, jnereg, jneoke) VALUES (5255, 420, "Mola", "AMQ20804", "142000", "115500");
INSERT INTO `oc_city` (city_id, zone_id, name, code, jnereg, jneoke) VALUES (5256, 420, "Nirunmas", "AMQ20805", "142000", "115500");
INSERT INTO `oc_city` (city_id, zone_id, name, code, jnereg, jneoke) VALUES (5257, 420, "Pulau-Pulau Babar", "AMQ20806", "142000", "115500");
INSERT INTO `oc_city` (city_id, zone_id, name, code, jnereg, jneoke) VALUES (5258, 420, "Pulau-Pulau Babar Timur", "AMQ20807", "142000", "115500");
INSERT INTO `oc_city` (city_id, zone_id, name, code, jnereg, jneoke) VALUES (5259, 420, "Pulau-Pulau Letimoa Lakor", "AMQ20808", "142000", "115500");
INSERT INTO `oc_city` (city_id, zone_id, name, code, jnereg, jneoke) VALUES (5260, 420, "Pulau-Pulau Terselatan", "AMQ20809", "142000", "115500");
INSERT INTO `oc_city` (city_id, zone_id, name, code, jnereg, jneoke) VALUES (5261, 420, "Pulau-Pulau Wetar", "AMQ20810", "142000", "115500");
INSERT INTO `oc_city` (city_id, zone_id, name, code, jnereg, jneoke) VALUES (5262, 420, "Saumlaki", "AMQ20800", "133000", "106500");
INSERT INTO `oc_city` (city_id, zone_id, name, code, jnereg, jneoke) VALUES (5263, 420, "Selaru", "AMQ20811", "142000", "115500");
INSERT INTO `oc_city` (city_id, zone_id, name, code, jnereg, jneoke) VALUES (5264, 420, "Tanimbar Selatan", "AMQ20812", "142000", "115500");
INSERT INTO `oc_city` (city_id, zone_id, name, code, jnereg, jneoke) VALUES (5265, 420, "Tanimbar Utara", "AMQ20813", "142000", "115500");
INSERT INTO `oc_city` (city_id, zone_id, name, code, jnereg, jneoke) VALUES (5266, 420, "Wer Makatian", "AMQ20814", "142000", "115500");
INSERT INTO `oc_city` (city_id, zone_id, name, code, jnereg, jneoke) VALUES (5267, 420, "Wertamrian", "AMQ20815", "142000", "115500");
INSERT INTO `oc_city` (city_id, zone_id, name, code, jnereg, jneoke) VALUES (5268, 420, "Wuarlabobar", "AMQ20816", "142000", "115500");
INSERT INTO `oc_city` (city_id, zone_id, name, code, jnereg, jneoke) VALUES (5269, 420, "Yaru", "AMQ20817", "142000", "115500");
INSERT INTO `oc_city` (city_id, zone_id, name, code, jnereg, jneoke) VALUES (5270, 420, "Serwaru", "AMQ20818", "142000", "115500");
INSERT INTO `oc_zone` (zone_id, country_id, name, status) VALUES (421, 30, "Kab. Seram Bagian Barat", 1);
INSERT INTO `oc_city` (city_id, zone_id, name, code, jnereg, jneoke) VALUES (5271, 421, "Kairatu", "AMQ20601", "138000", "111500");
INSERT INTO `oc_city` (city_id, zone_id, name, code, jnereg, jneoke) VALUES (5272, 421, "Seram Barat", "AMQ20602", "138000", "111500");
INSERT INTO `oc_city` (city_id, zone_id, name, code, jnereg, jneoke) VALUES (5273, 421, "Piru", "AMQ20600", "133000", "106500");
INSERT INTO `oc_city` (city_id, zone_id, name, code, jnereg, jneoke) VALUES (5274, 421, "Taniwel", "AMQ20603", "138000", "111500");
INSERT INTO `oc_city` (city_id, zone_id, name, code, jnereg, jneoke) VALUES (5275, 421, "Waisala", "AMQ20604", "138000", "111500");
INSERT INTO `oc_zone` (zone_id, country_id, name, status) VALUES (422, 30, "Kab. Seram Bagian Timur", 1);
INSERT INTO `oc_city` (city_id, zone_id, name, code, jnereg, jneoke) VALUES (5276, 422, "Bula", "AMQ20701", "138000", "111500");
INSERT INTO `oc_city` (city_id, zone_id, name, code, jnereg, jneoke) VALUES (5277, 422, "Dataran Hunimoa", "AMQ20700", "133000", "106500");
INSERT INTO `oc_city` (city_id, zone_id, name, code, jnereg, jneoke) VALUES (5278, 422, "Pulau-Pulau Gorong", "AMQ20702", "138000", "111500");
INSERT INTO `oc_city` (city_id, zone_id, name, code, jnereg, jneoke) VALUES (5279, 422, "Seram Timur", "AMQ20703", "138000", "111500");
INSERT INTO `oc_city` (city_id, zone_id, name, code, jnereg, jneoke) VALUES (5280, 422, "Werinama", "AMQ20704", "138000", "111500");
INSERT INTO `oc_zone` (zone_id, country_id, name, status) VALUES (423, 30, "Kota Ambon", 1);
INSERT INTO `oc_city` (city_id, zone_id, name, code, jnereg, jneoke) VALUES (5281, 423, "Ambon", "AMQ10000", "40000", "32000");
INSERT INTO `oc_city` (city_id, zone_id, name, code, jnereg, jneoke) VALUES (5282, 423, "Nusaniwe", "AMQ10005", "40000", "32000");
INSERT INTO `oc_city` (city_id, zone_id, name, code, jnereg, jneoke) VALUES (5283, 423, "Sirimau", "AMQ10006", "40000", "32000");
INSERT INTO `oc_city` (city_id, zone_id, name, code, jnereg, jneoke) VALUES (5284, 423, "Teluk Ambon Baguala", "AMQ10007", "40000", "32000");
INSERT INTO `oc_city` (city_id, zone_id, name, code, jnereg, jneoke) VALUES (5285, 423, "Teluk Ambon", "AMQ10008", "40000", "32000");
INSERT INTO `oc_city` (city_id, zone_id, name, code, jnereg, jneoke) VALUES (5286, 423, "Leitimur Selatan", "AMQ10009", "40000", "32000");
INSERT INTO `oc_country` (country_id, name, iso_code_2, iso_code_3, postcode_required, status) VALUES (31, "Maluku Utara", "ID", "IDN", 1, 1);
INSERT INTO `oc_zone` (zone_id, country_id, name, status) VALUES (424, 31, "Kab. Halmahera Barat", 1);
INSERT INTO `oc_city` (city_id, zone_id, name, code, jnereg, jneoke) VALUES (5287, 424, "Ibu", "TTE20202", "128000", "105000");
INSERT INTO `oc_city` (city_id, zone_id, name, code, jnereg, jneoke) VALUES (5288, 424, "Jailolo", "TTE20200", "115000", "92000");
INSERT INTO `oc_city` (city_id, zone_id, name, code, jnereg, jneoke) VALUES (5289, 424, "Jailolo Selatan", "TTE20201", "115000", "92000");
INSERT INTO `oc_city` (city_id, zone_id, name, code, jnereg, jneoke) VALUES (5290, 424, "Loloda", "TTE20203", "128000", "105000");
INSERT INTO `oc_city` (city_id, zone_id, name, code, jnereg, jneoke) VALUES (5291, 424, "Sahu", "TTE20204", "128000", "105000");
INSERT INTO `oc_zone` (zone_id, country_id, name, status) VALUES (425, 31, "Kab. Halmahera Selatan", 1);
INSERT INTO `oc_city` (city_id, zone_id, name, code, jnereg, jneoke) VALUES (5292, 425, "Bacan", "TTE20301", "165000", "133000");
INSERT INTO `oc_city` (city_id, zone_id, name, code, jnereg, jneoke) VALUES (5293, 425, "Bacan Selatan", "TTE20302", "165000", "133000");
INSERT INTO `oc_city` (city_id, zone_id, name, code, jnereg, jneoke) VALUES (5294, 425, "Bacan Timur", "TTE20303", "165000", "133000");
INSERT INTO `oc_city` (city_id, zone_id, name, code, jnereg, jneoke) VALUES (5295, 425, "Gane Barat", "TTE20304", "165000", "133000");
INSERT INTO `oc_city` (city_id, zone_id, name, code, jnereg, jneoke) VALUES (5296, 425, "Gane Timur", "TTE20305", "165000", "133000");
INSERT INTO `oc_city` (city_id, zone_id, name, code, jnereg, jneoke) VALUES (5297, 425, "Kayoa", "TTE20306", "165000", "133000");
INSERT INTO `oc_city` (city_id, zone_id, name, code, jnereg, jneoke) VALUES (5298, 425, "Labuha", "TTE20300", "160000", "128000");
INSERT INTO `oc_city` (city_id, zone_id, name, code, jnereg, jneoke) VALUES (5299, 425, "Obi", "TTE20307", "165000", "133000");
INSERT INTO `oc_city` (city_id, zone_id, name, code, jnereg, jneoke) VALUES (5300, 425, "Obi Selatan", "TTE20308", "165000", "133000");
INSERT INTO `oc_city` (city_id, zone_id, name, code, jnereg, jneoke) VALUES (5301, 425, "Pulau Makian", "TTE20309", "165000", "133000");
INSERT INTO `oc_zone` (zone_id, country_id, name, status) VALUES (426, 31, "Kab. Halmahera Tengah", 1);
INSERT INTO `oc_city` (city_id, zone_id, name, code, jnereg, jneoke) VALUES (5302, 426, "Gebe", "TTE20401", "183000", "131000");
INSERT INTO `oc_city` (city_id, zone_id, name, code, jnereg, jneoke) VALUES (5303, 426, "Patani", "TTE20402", "183000", "131000");
INSERT INTO `oc_city` (city_id, zone_id, name, code, jnereg, jneoke) VALUES (5304, 426, "Weda", "TTE20400", "160000", "128000");
INSERT INTO `oc_zone` (zone_id, country_id, name, status) VALUES (427, 31, "Kab. Halmahera Timur", 1);
INSERT INTO `oc_city` (city_id, zone_id, name, code, jnereg, jneoke) VALUES (5305, 427, "Maba", "TTE20500", "160000", "128000");
INSERT INTO `oc_city` (city_id, zone_id, name, code, jnereg, jneoke) VALUES (5306, 427, "Maba Selatan", "TTE20501", "180000", "130000");
INSERT INTO `oc_city` (city_id, zone_id, name, code, jnereg, jneoke) VALUES (5307, 427, "Wasile", "TTE20502", "180000", "130000");
INSERT INTO `oc_city` (city_id, zone_id, name, code, jnereg, jneoke) VALUES (5308, 427, "Wasile Selatan", "TTE20503", "180000", "130000");
INSERT INTO `oc_zone` (zone_id, country_id, name, status) VALUES (428, 31, "Kab. Halmahera Utara", 1);
INSERT INTO `oc_city` (city_id, zone_id, name, code, jnereg, jneoke) VALUES (5309, 428, "Galela", "TTE20602", "157000", "129000");
INSERT INTO `oc_city` (city_id, zone_id, name, code, jnereg, jneoke) VALUES (5310, 428, "Kao", "TTE20603", "157000", "129000");
INSERT INTO `oc_city` (city_id, zone_id, name, code, jnereg, jneoke) VALUES (5311, 428, "Loloda Utara", "TTE20604", "157000", "129000");
INSERT INTO `oc_city` (city_id, zone_id, name, code, jnereg, jneoke) VALUES (5312, 428, "Malifut", "TTE20605", "157000", "129000");
INSERT INTO `oc_city` (city_id, zone_id, name, code, jnereg, jneoke) VALUES (5313, 428, "Morotai Selatan", "TTE20606", "157000", "129000");
INSERT INTO `oc_city` (city_id, zone_id, name, code, jnereg, jneoke) VALUES (5314, 428, "Morotai Selatan Barat", "TTE20607", "157000", "129000");
INSERT INTO `oc_city` (city_id, zone_id, name, code, jnereg, jneoke) VALUES (5315, 428, "Morotai Utara", "TTE20608", "157000", "129000");
INSERT INTO `oc_city` (city_id, zone_id, name, code, jnereg, jneoke) VALUES (5316, 428, "Tobelo", "TTE20600", "140000", "112000");
INSERT INTO `oc_city` (city_id, zone_id, name, code, jnereg, jneoke) VALUES (5317, 428, "Tobelo Selatan", "TTE20601", "157000", "129000");
INSERT INTO `oc_zone` (zone_id, country_id, name, status) VALUES (429, 31, "Kab. Kepulauan Sula", 1);
INSERT INTO `oc_city` (city_id, zone_id, name, code, jnereg, jneoke) VALUES (5318, 429, "Mangoli Barat", "TTE20701", "183000", "147000");
INSERT INTO `oc_city` (city_id, zone_id, name, code, jnereg, jneoke) VALUES (5319, 429, "Mangoli Timur", "TTE20702", "183000", "147000");
INSERT INTO `oc_city` (city_id, zone_id, name, code, jnereg, jneoke) VALUES (5320, 429, "Nggele", "TTE20703", "183000", "147000");
INSERT INTO `oc_city` (city_id, zone_id, name, code, jnereg, jneoke) VALUES (5321, 429, "Sanana", "TTE20700", "180000", "144000");
INSERT INTO `oc_city` (city_id, zone_id, name, code, jnereg, jneoke) VALUES (5322, 429, "Sula Besi Barat", "TTE20704", "183000", "147000");
INSERT INTO `oc_city` (city_id, zone_id, name, code, jnereg, jneoke) VALUES (5323, 429, "Taliabu Barat", "TTE20705", "183000", "147000");
INSERT INTO `oc_city` (city_id, zone_id, name, code, jnereg, jneoke) VALUES (5324, 429, "Taliabu Timur", "TTE20706", "183000", "147000");
INSERT INTO `oc_zone` (zone_id, country_id, name, status) VALUES (430, 31, "Kota Ternate", 1);
INSERT INTO `oc_city` (city_id, zone_id, name, code, jnereg, jneoke) VALUES (5325, 430, "Moti", "TTE10021", "47000", "37500");
INSERT INTO `oc_city` (city_id, zone_id, name, code, jnereg, jneoke) VALUES (5326, 430, "Ternate", "TTE10000", "47000", "37500");
INSERT INTO `oc_city` (city_id, zone_id, name, code, jnereg, jneoke) VALUES (5327, 430, "Ternate Selatan", "TTE10022", "47000", "37500");
INSERT INTO `oc_city` (city_id, zone_id, name, code, jnereg, jneoke) VALUES (5328, 430, "Ternate Utara", "TTE10023", "47000", "37500");
INSERT INTO `oc_zone` (zone_id, country_id, name, status) VALUES (431, 31, "Kota Tidore", 1);
INSERT INTO `oc_city` (city_id, zone_id, name, code, jnereg, jneoke) VALUES (5329, 431, "Oba", "TTE20801", "47000", "37500");
INSERT INTO `oc_city` (city_id, zone_id, name, code, jnereg, jneoke) VALUES (5330, 431, "Oba Utara", "TTE20802", "47000", "37500");
INSERT INTO `oc_city` (city_id, zone_id, name, code, jnereg, jneoke) VALUES (5331, 431, "Tidore", "TTE20800", "47000", "37500");
INSERT INTO `oc_city` (city_id, zone_id, name, code, jnereg, jneoke) VALUES (5332, 431, "Tidore Selatan", "TTE20803", "47000", "37500");
INSERT INTO `oc_city` (city_id, zone_id, name, code, jnereg, jneoke) VALUES (5333, 431, "Tidore Utara", "TTE20804", "47000", "37500");
INSERT INTO `oc_country` (country_id, name, iso_code_2, iso_code_3, postcode_required, status) VALUES (32, "Papua Barat", "ID", "IDN", 1, 1);
INSERT INTO `oc_zone` (zone_id, country_id, name, status) VALUES (432, 32, "Kab. Fak-fak", 1);
INSERT INTO `oc_city` (city_id, zone_id, name, code, jnereg, jneoke) VALUES (5334, 432, "Fakfak", "SOQ20000", "230000", "120000");
INSERT INTO `oc_city` (city_id, zone_id, name, code, jnereg, jneoke) VALUES (5335, 432, "Fakfak Barat", "SOQ20001", "259000", "120000");
INSERT INTO `oc_city` (city_id, zone_id, name, code, jnereg, jneoke) VALUES (5336, 432, "Fakfak Timur", "SOQ20002", "259000", "120000");
INSERT INTO `oc_city` (city_id, zone_id, name, code, jnereg, jneoke) VALUES (5337, 432, "Kokas", "SOQ20003", "259000", "149000");
INSERT INTO `oc_zone` (zone_id, country_id, name, status) VALUES (433, 32, "Kab. Kaimana", 1);
INSERT INTO `oc_city` (city_id, zone_id, name, code, jnereg, jneoke) VALUES (5338, 433, "Buruwai", "SOQ20101", "179000", "213000");
INSERT INTO `oc_city` (city_id, zone_id, name, code, jnereg, jneoke) VALUES (5339, 433, "Kaimana", "SOQ20100", "150000", "184000");
INSERT INTO `oc_city` (city_id, zone_id, name, code, jnereg, jneoke) VALUES (5340, 433, "Teluk Arguni", "SOQ20102", "179000", "213000");
INSERT INTO `oc_city` (city_id, zone_id, name, code, jnereg, jneoke) VALUES (5341, 433, "Teluk Etna", "SOQ20103", "179000", "213000");
INSERT INTO `oc_zone` (zone_id, country_id, name, status) VALUES (434, 32, "Kab. Manokwari", 1);
INSERT INTO `oc_city` (city_id, zone_id, name, code, jnereg, jneoke) VALUES (5342, 434, "Amberbaken", "DJJ20301", "259000", "149000");
INSERT INTO `oc_city` (city_id, zone_id, name, code, jnereg, jneoke) VALUES (5343, 434, "Anggi", "DJJ20302", "259000", "149000");
INSERT INTO `oc_city` (city_id, zone_id, name, code, jnereg, jneoke) VALUES (5344, 434, "Kebar", "DJJ20305", "259000", "149000");
INSERT INTO `oc_city` (city_id, zone_id, name, code, jnereg, jneoke) VALUES (5345, 434, "Manokwari", "DJJ20300", "230000", "120000");
INSERT INTO `oc_city` (city_id, zone_id, name, code, jnereg, jneoke) VALUES (5346, 434, "Masni", "DJJ20312", "259000", "149000");
INSERT INTO `oc_city` (city_id, zone_id, name, code, jnereg, jneoke) VALUES (5347, 434, "Minyambouw", "DJJ20313", "259000", "149000");
INSERT INTO `oc_city` (city_id, zone_id, name, code, jnereg, jneoke) VALUES (5348, 434, "Oransbari", "DJJ20307", "259000", "149000");
INSERT INTO `oc_city` (city_id, zone_id, name, code, jnereg, jneoke) VALUES (5349, 434, "Prafi", "DJJ20314", "259000", "149000");
INSERT INTO `oc_city` (city_id, zone_id, name, code, jnereg, jneoke) VALUES (5350, 434, "Ransiki", "DJJ20308", "259000", "149000");
INSERT INTO `oc_city` (city_id, zone_id, name, code, jnereg, jneoke) VALUES (5351, 434, "Sugurey", "DJJ20315", "259000", "149000");
INSERT INTO `oc_city` (city_id, zone_id, name, code, jnereg, jneoke) VALUES (5352, 434, "Warmare", "DJJ20309", "259000", "149000");
INSERT INTO `oc_zone` (zone_id, country_id, name, status) VALUES (435, 32, "Kab. Raja Ampat", 1);
INSERT INTO `oc_city` (city_id, zone_id, name, code, jnereg, jneoke) VALUES (5353, 435, "Kepulauan Ayau", "SOQ20301", "176000", "210000");
INSERT INTO `oc_city` (city_id, zone_id, name, code, jnereg, jneoke) VALUES (5354, 435, "Kofiau", "SOQ20302", "176000", "210000");
INSERT INTO `oc_city` (city_id, zone_id, name, code, jnereg, jneoke) VALUES (5355, 435, "Misool", "SOQ20303", "176000", "210000");
INSERT INTO `oc_city` (city_id, zone_id, name, code, jnereg, jneoke) VALUES (5356, 435, "Misool Timur Selatan", "SOQ20304", "176000", "210000");
INSERT INTO `oc_city` (city_id, zone_id, name, code, jnereg, jneoke) VALUES (5357, 435, "Samate", "SOQ20305", "176000", "210000");
INSERT INTO `oc_city` (city_id, zone_id, name, code, jnereg, jneoke) VALUES (5358, 435, "Teluk Mayalibit", "SOQ20306", "176000", "210000");
INSERT INTO `oc_city` (city_id, zone_id, name, code, jnereg, jneoke) VALUES (5359, 435, "Waigeo Barat", "SOQ20307", "176000", "210000");
INSERT INTO `oc_city` (city_id, zone_id, name, code, jnereg, jneoke) VALUES (5360, 435, "Waigeo Selatan", "SOQ20308", "176000", "210000");
INSERT INTO `oc_city` (city_id, zone_id, name, code, jnereg, jneoke) VALUES (5361, 435, "Waigeo Timur", "SOQ20309", "176000", "210000");
INSERT INTO `oc_city` (city_id, zone_id, name, code, jnereg, jneoke) VALUES (5362, 435, "Waigeo Utara", "SOQ20310", "176000", "184000");
INSERT INTO `oc_city` (city_id, zone_id, name, code, jnereg, jneoke) VALUES (5363, 435, "Waisai", "SOQ20300", "150000", "184000");
INSERT INTO `oc_zone` (zone_id, country_id, name, status) VALUES (436, 32, "Kab. Sorong", 1);
INSERT INTO `oc_city` (city_id, zone_id, name, code, jnereg, jneoke) VALUES (5364, 436, "Abun", "SOQ10018", "170000", "148000");
INSERT INTO `oc_city` (city_id, zone_id, name, code, jnereg, jneoke) VALUES (5365, 436, "Aimas", "SOQ10019", "170000", "148000");
INSERT INTO `oc_city` (city_id, zone_id, name, code, jnereg, jneoke) VALUES (5366, 436, "Beraur", "SOQ10020", "170000", "148000");
INSERT INTO `oc_city` (city_id, zone_id, name, code, jnereg, jneoke) VALUES (5367, 436, "Fef", "SOQ10021", "170000", "148000");
INSERT INTO `oc_city` (city_id, zone_id, name, code, jnereg, jneoke) VALUES (5368, 436, "Klamono", "SOQ10022", "170000", "148000");
INSERT INTO `oc_city` (city_id, zone_id, name, code, jnereg, jneoke) VALUES (5369, 436, "Makbon", "SOQ10006", "170000", "88000");
INSERT INTO `oc_city` (city_id, zone_id, name, code, jnereg, jneoke) VALUES (5370, 436, "Moraid", "SOQ10008", "170000", "148000");
INSERT INTO `oc_city` (city_id, zone_id, name, code, jnereg, jneoke) VALUES (5371, 436, "Salawati", "SOQ10009", "170000", "148000");
INSERT INTO `oc_city` (city_id, zone_id, name, code, jnereg, jneoke) VALUES (5372, 436, "Sausapor", "SOQ10010", "170000", "148000");
INSERT INTO `oc_city` (city_id, zone_id, name, code, jnereg, jneoke) VALUES (5373, 436, "Sayosa", "SOQ10023", "170000", "148000");
INSERT INTO `oc_city` (city_id, zone_id, name, code, jnereg, jneoke) VALUES (5374, 436, "Seget", "SOQ10011", "170000", "148000");
INSERT INTO `oc_city` (city_id, zone_id, name, code, jnereg, jneoke) VALUES (5375, 436, "Segun", "SOQ10024", "170000", "148000");
INSERT INTO `oc_city` (city_id, zone_id, name, code, jnereg, jneoke) VALUES (5376, 436, "Sorong", "SOQ10000", "110000", "88000");
INSERT INTO `oc_zone` (zone_id, country_id, name, status) VALUES (437, 32, "Kab. Sorong Selatan", 1);
INSERT INTO `oc_city` (city_id, zone_id, name, code, jnereg, jneoke) VALUES (5377, 437, "Aifat", "SOQ20401", "276000", "230000");
INSERT INTO `oc_city` (city_id, zone_id, name, code, jnereg, jneoke) VALUES (5378, 437, "Aifat Timur", "SOQ20402", "276000", "230000");
INSERT INTO `oc_city` (city_id, zone_id, name, code, jnereg, jneoke) VALUES (5379, 437, "Aitinyo", "SOQ20403", "276000", "230000");
INSERT INTO `oc_city` (city_id, zone_id, name, code, jnereg, jneoke) VALUES (5380, 437, "Ayamaru", "SOQ20404", "276000", "230000");
INSERT INTO `oc_city` (city_id, zone_id, name, code, jnereg, jneoke) VALUES (5381, 437, "Ayamaru Utara", "SOQ20405", "276000", "230000");
INSERT INTO `oc_city` (city_id, zone_id, name, code, jnereg, jneoke) VALUES (5382, 437, "Inanwatan", "SOQ20406", "276000", "230000");
INSERT INTO `oc_city` (city_id, zone_id, name, code, jnereg, jneoke) VALUES (5383, 437, "Kais", "SOQ20407", "276000", "230000");
INSERT INTO `oc_city` (city_id, zone_id, name, code, jnereg, jneoke) VALUES (5384, 437, "Kokoda", "SOQ20408", "276000", "230000");
INSERT INTO `oc_city` (city_id, zone_id, name, code, jnereg, jneoke) VALUES (5385, 437, "Mare", "SOQ20409", "276000", "230000");
INSERT INTO `oc_city` (city_id, zone_id, name, code, jnereg, jneoke) VALUES (5386, 437, "Moswaren", "SOQ20410", "276000", "230000");
INSERT INTO `oc_city` (city_id, zone_id, name, code, jnereg, jneoke) VALUES (5387, 437, "Sawiat", "SOQ20411", "276000", "230000");
INSERT INTO `oc_city` (city_id, zone_id, name, code, jnereg, jneoke) VALUES (5388, 437, "Seremuk", "SOQ20412", "276000", "230000");
INSERT INTO `oc_city` (city_id, zone_id, name, code, jnereg, jneoke) VALUES (5389, 437, "Teminabuan", "SOQ20400", "230000", "184000");
INSERT INTO `oc_city` (city_id, zone_id, name, code, jnereg, jneoke) VALUES (5390, 437, "Wayer", "SOQ20413", "276000", "230000");
INSERT INTO `oc_zone` (zone_id, country_id, name, status) VALUES (438, 32, "Kab. Teluk Bintuni", 1);
INSERT INTO `oc_city` (city_id, zone_id, name, code, jnereg, jneoke) VALUES (5391, 438, "Aranday", "SOQ20501", "260000", "214000");
INSERT INTO `oc_city` (city_id, zone_id, name, code, jnereg, jneoke) VALUES (5392, 438, "Babo", "SOQ20502", "260000", "214000");
INSERT INTO `oc_city` (city_id, zone_id, name, code, jnereg, jneoke) VALUES (5393, 438, "Bintuni", "SOQ20500", "230000", "184000");
INSERT INTO `oc_city` (city_id, zone_id, name, code, jnereg, jneoke) VALUES (5394, 438, "Fafuwar", "SOQ20503", "260000", "214000");
INSERT INTO `oc_city` (city_id, zone_id, name, code, jnereg, jneoke) VALUES (5395, 438, "Door", "SOQ20504", "260000", "214000");
INSERT INTO `oc_city` (city_id, zone_id, name, code, jnereg, jneoke) VALUES (5396, 438, "Kuri", "SOQ20505", "260000", "214000");
INSERT INTO `oc_city` (city_id, zone_id, name, code, jnereg, jneoke) VALUES (5397, 438, "Merdey", "SOQ20506", "260000", "214000");
INSERT INTO `oc_city` (city_id, zone_id, name, code, jnereg, jneoke) VALUES (5398, 438, "Moskona Selatan", "SOQ20507", "260000", "214000");
INSERT INTO `oc_city` (city_id, zone_id, name, code, jnereg, jneoke) VALUES (5399, 438, "Moskona Utara", "SOQ20508", "260000", "214000");
INSERT INTO `oc_city` (city_id, zone_id, name, code, jnereg, jneoke) VALUES (5400, 438, "Tembuni", "SOQ20509", "260000", "214000");
INSERT INTO `oc_zone` (zone_id, country_id, name, status) VALUES (439, 32, "Kab. Teluk Wondama", 1);
INSERT INTO `oc_city` (city_id, zone_id, name, code, jnereg, jneoke) VALUES (5401, 439, "Rasei", "SOQ20600", "230000", "184000");
INSERT INTO `oc_city` (city_id, zone_id, name, code, jnereg, jneoke) VALUES (5402, 439, "Rumberpon", "SOQ20601", "260000", "214000");
INSERT INTO `oc_city` (city_id, zone_id, name, code, jnereg, jneoke) VALUES (5403, 439, "Wamesa", "SOQ20602", "260000", "214000");
INSERT INTO `oc_city` (city_id, zone_id, name, code, jnereg, jneoke) VALUES (5404, 439, "Wasior", "SOQ20603", "260000", "214000");
INSERT INTO `oc_city` (city_id, zone_id, name, code, jnereg, jneoke) VALUES (5405, 439, "Wasior Barat", "SOQ20604", "260000", "214000");
INSERT INTO `oc_city` (city_id, zone_id, name, code, jnereg, jneoke) VALUES (5406, 439, "Wasior Selatan", "SOQ20605", "260000", "214000");
INSERT INTO `oc_city` (city_id, zone_id, name, code, jnereg, jneoke) VALUES (5407, 439, "Wasior Utara", "SOQ20606", "260000", "214000");
INSERT INTO `oc_city` (city_id, zone_id, name, code, jnereg, jneoke) VALUES (5408, 439, "Windesi", "SOQ20607", "260000", "214000");
INSERT INTO `oc_zone` (zone_id, country_id, name, status) VALUES (440, 32, "Kota Sorong", 1);
INSERT INTO `oc_city` (city_id, zone_id, name, code, jnereg, jneoke) VALUES (5409, 440, "Sorong Barat", "SOQ10025", "170000", "88000");
INSERT INTO `oc_city` (city_id, zone_id, name, code, jnereg, jneoke) VALUES (5410, 440, "Sorong Timur", "SOQ10026", "170000", "88000");
INSERT INTO `oc_country` (country_id, name, iso_code_2, iso_code_3, postcode_required, status) VALUES (33, "Papua", "ID", "IDN", 1, 1);
INSERT INTO `oc_zone` (zone_id, country_id, name, status) VALUES (441, 33, "Kab. Asmat", 1);
INSERT INTO `oc_city` (city_id, zone_id, name, code, jnereg, jneoke) VALUES (5411, 441, "Agats", "DJJ20800", "185000", "148000");
INSERT INTO `oc_city` (city_id, zone_id, name, code, jnereg, jneoke) VALUES (5412, 441, "Akat", "DJJ20801", "225000", "188000");
INSERT INTO `oc_city` (city_id, zone_id, name, code, jnereg, jneoke) VALUES (5413, 441, "Atsy", "DJJ20802", "225000", "188000");
INSERT INTO `oc_city` (city_id, zone_id, name, code, jnereg, jneoke) VALUES (5414, 441, "Fayit", "DJJ20803", "225000", "188000");
INSERT INTO `oc_city` (city_id, zone_id, name, code, jnereg, jneoke) VALUES (5415, 441, "Pantai Kasuari", "DJJ20804", "225000", "188000");
INSERT INTO `oc_city` (city_id, zone_id, name, code, jnereg, jneoke) VALUES (5416, 441, "Sawaerma", "DJJ20805", "225000", "188000");
INSERT INTO `oc_city` (city_id, zone_id, name, code, jnereg, jneoke) VALUES (5417, 441, "Suator", "DJJ20806", "225000", "188000");
INSERT INTO `oc_zone` (zone_id, country_id, name, status) VALUES (442, 33, "Kab. Biak Numfor", 1);
INSERT INTO `oc_city` (city_id, zone_id, name, code, jnereg, jneoke) VALUES (5418, 442, "Biak Barat", "DJJ20101", "135000", "76000");
INSERT INTO `oc_city` (city_id, zone_id, name, code, jnereg, jneoke) VALUES (5419, 442, "Biak Kota", "DJJ20100", "95000", "76000");
INSERT INTO `oc_city` (city_id, zone_id, name, code, jnereg, jneoke) VALUES (5420, 442, "Biak Utara", "DJJ20103", "135000", "76000");
INSERT INTO `oc_city` (city_id, zone_id, name, code, jnereg, jneoke) VALUES (5421, 442, "Biak timur", "DJJ20102", "135000", "76000");
INSERT INTO `oc_city` (city_id, zone_id, name, code, jnereg, jneoke) VALUES (5422, 442, "Kepulauan Padaidio", "DJJ20109", "135000", "116000");
INSERT INTO `oc_city` (city_id, zone_id, name, code, jnereg, jneoke) VALUES (5423, 442, "Numfor Barat", "DJJ20104", "135000", "116000");
INSERT INTO `oc_city` (city_id, zone_id, name, code, jnereg, jneoke) VALUES (5424, 442, "Numfor Timur", "DJJ20105", "135000", "116000");
INSERT INTO `oc_city` (city_id, zone_id, name, code, jnereg, jneoke) VALUES (5425, 442, "Samofa", "DJJ20110", "135000", "116000");
INSERT INTO `oc_city` (city_id, zone_id, name, code, jnereg, jneoke) VALUES (5426, 442, "Warsa", "DJJ20111", "135000", "116000");
INSERT INTO `oc_city` (city_id, zone_id, name, code, jnereg, jneoke) VALUES (5427, 442, "Yendidori", "DJJ20112", "135000", "116000");
INSERT INTO `oc_zone` (zone_id, country_id, name, status) VALUES (443, 33, "Kab. Boven Digoel", 1);
INSERT INTO `oc_city` (city_id, zone_id, name, code, jnereg, jneoke) VALUES (5428, 443, "Distrik Bomakia", "DJJ20901", "215000", "178000");
INSERT INTO `oc_city` (city_id, zone_id, name, code, jnereg, jneoke) VALUES (5429, 443, "Jair", "DJJ20902", "215000", "178000");
INSERT INTO `oc_city` (city_id, zone_id, name, code, jnereg, jneoke) VALUES (5430, 443, "Kouh", "DJJ20903", "215000", "178000");
INSERT INTO `oc_city` (city_id, zone_id, name, code, jnereg, jneoke) VALUES (5431, 443, "Mandobo", "DJJ20904", "215000", "178000");
INSERT INTO `oc_city` (city_id, zone_id, name, code, jnereg, jneoke) VALUES (5432, 443, "Mindiptana", "DJJ20905", "215000", "178000");
INSERT INTO `oc_city` (city_id, zone_id, name, code, jnereg, jneoke) VALUES (5433, 443, "Tanah Merah/ Boven Digoel", "DJJ20900", "185000", "148000");
INSERT INTO `oc_city` (city_id, zone_id, name, code, jnereg, jneoke) VALUES (5434, 443, "Waropko", "DJJ20906", "215000", "178000");
INSERT INTO `oc_zone` (zone_id, country_id, name, status) VALUES (444, 33, "Kab. Jayapura", 1);
INSERT INTO `oc_city` (city_id, zone_id, name, code, jnereg, jneoke) VALUES (5435, 444, "Demta", "DJJ10004", "75000", "60000");
INSERT INTO `oc_city` (city_id, zone_id, name, code, jnereg, jneoke) VALUES (5436, 444, "Depapre", "DJJ10005", "75000", "60000");
INSERT INTO `oc_city` (city_id, zone_id, name, code, jnereg, jneoke) VALUES (5437, 444, "Jayapura", "DJJ10000", "75000", "60000");
INSERT INTO `oc_city` (city_id, zone_id, name, code, jnereg, jneoke) VALUES (5438, 444, "Kareuh", "DJJ10006", "75000", "60000");
INSERT INTO `oc_city` (city_id, zone_id, name, code, jnereg, jneoke) VALUES (5439, 444, "Kemtuk", "DJJ10025", "75000", "60000");
INSERT INTO `oc_city` (city_id, zone_id, name, code, jnereg, jneoke) VALUES (5440, 444, "Kemtuk Gresie", "DJJ10007", "75000", "60000");
INSERT INTO `oc_city` (city_id, zone_id, name, code, jnereg, jneoke) VALUES (5441, 444, "Nimbokrang", "DJJ10026", "75000", "60000");
INSERT INTO `oc_city` (city_id, zone_id, name, code, jnereg, jneoke) VALUES (5442, 444, "Nimboran", "DJJ10011", "75000", "60000");
INSERT INTO `oc_city` (city_id, zone_id, name, code, jnereg, jneoke) VALUES (5443, 444, "Sentani", "DJJ10015", "85000", "68000");
INSERT INTO `oc_city` (city_id, zone_id, name, code, jnereg, jneoke) VALUES (5444, 444, "Sentani Barat", "DJJ10027", "75000", "60000");
INSERT INTO `oc_city` (city_id, zone_id, name, code, jnereg, jneoke) VALUES (5445, 444, "Sentani Timur", "DJJ10028", "75000", "60000");
INSERT INTO `oc_city` (city_id, zone_id, name, code, jnereg, jneoke) VALUES (5446, 444, "Unurum Guay", "DJJ10018", "75000", "60000");
INSERT INTO `oc_zone` (zone_id, country_id, name, status) VALUES (445, 33, "Kab. Jayawijaya", 1);
INSERT INTO `oc_city` (city_id, zone_id, name, code, jnereg, jneoke) VALUES (5447, 445, "Abenaho", "DJJ20712", "135000", "116000");
INSERT INTO `oc_city` (city_id, zone_id, name, code, jnereg, jneoke) VALUES (5448, 445, "Apalapsili", "DJJ20713", "135000", "116000");
INSERT INTO `oc_city` (city_id, zone_id, name, code, jnereg, jneoke) VALUES (5449, 445, "Asologaima", "DJJ20701", "135000", "116000");
INSERT INTO `oc_city` (city_id, zone_id, name, code, jnereg, jneoke) VALUES (5450, 445, "Bolakma", "DJJ20714", "135000", "116000");
INSERT INTO `oc_city` (city_id, zone_id, name, code, jnereg, jneoke) VALUES (5451, 445, "Gamelia", "DJJ20715", "135000", "116000");
INSERT INTO `oc_city` (city_id, zone_id, name, code, jnereg, jneoke) VALUES (5452, 445, "Hubikosi", "DJJ20716", "135000", "116000");
INSERT INTO `oc_city` (city_id, zone_id, name, code, jnereg, jneoke) VALUES (5453, 445, "Kelila", "DJJ20704", "135000", "116000");
INSERT INTO `oc_city` (city_id, zone_id, name, code, jnereg, jneoke) VALUES (5454, 445, "Kenyam", "DJJ20717", "135000", "116000");
INSERT INTO `oc_city` (city_id, zone_id, name, code, jnereg, jneoke) VALUES (5455, 445, "Kobakma", "DJJ20718", "135000", "116000");
INSERT INTO `oc_city` (city_id, zone_id, name, code, jnereg, jneoke) VALUES (5456, 445, "Kurulu", "DJJ20705", "135000", "116000");
INSERT INTO `oc_city` (city_id, zone_id, name, code, jnereg, jneoke) VALUES (5457, 445, "Maki", "DJJ20708", "135000", "116000");
INSERT INTO `oc_city` (city_id, zone_id, name, code, jnereg, jneoke) VALUES (5458, 445, "Mapenduma", "DJJ20719", "135000", "116000");
INSERT INTO `oc_city` (city_id, zone_id, name, code, jnereg, jneoke) VALUES (5459, 445, "Pirime", "DJJ20720", "135000", "116000");
INSERT INTO `oc_city` (city_id, zone_id, name, code, jnereg, jneoke) VALUES (5460, 445, "Tiom", "DJJ20711", "135000", "116000");
INSERT INTO `oc_city` (city_id, zone_id, name, code, jnereg, jneoke) VALUES (5461, 445, "Wamena", "DJJ20700", "95000", "76000");
INSERT INTO `oc_zone` (zone_id, country_id, name, status) VALUES (446, 33, "Kab. Keerom", 1);
INSERT INTO `oc_city` (city_id, zone_id, name, code, jnereg, jneoke) VALUES (5462, 446, "Arso", "DJJ21001", "115000", "100000");
INSERT INTO `oc_city` (city_id, zone_id, name, code, jnereg, jneoke) VALUES (5463, 446, "Senggi", "DJJ21002", "115000", "100000");
INSERT INTO `oc_city` (city_id, zone_id, name, code, jnereg, jneoke) VALUES (5464, 446, "Skanto", "DJJ21003", "115000", "100000");
INSERT INTO `oc_city` (city_id, zone_id, name, code, jnereg, jneoke) VALUES (5465, 446, "Waris", "DJJ21000", "75000", "60000");
INSERT INTO `oc_city` (city_id, zone_id, name, code, jnereg, jneoke) VALUES (5466, 446, "Web", "DJJ21004", "115000", "100000");
INSERT INTO `oc_zone` (zone_id, country_id, name, status) VALUES (447, 33, "Kab. Mappi", 1);
INSERT INTO `oc_city` (city_id, zone_id, name, code, jnereg, jneoke) VALUES (5467, 447, "Assue", "DJJ21101", "235000", "196000");
INSERT INTO `oc_city` (city_id, zone_id, name, code, jnereg, jneoke) VALUES (5468, 447, "Citak Mitak", "DJJ21102", "235000", "196000");
INSERT INTO `oc_city` (city_id, zone_id, name, code, jnereg, jneoke) VALUES (5469, 447, "Edera", "DJJ21103", "235000", "196000");
INSERT INTO `oc_city` (city_id, zone_id, name, code, jnereg, jneoke) VALUES (5470, 447, "Haju", "DJJ21104", "235000", "196000");
INSERT INTO `oc_city` (city_id, zone_id, name, code, jnereg, jneoke) VALUES (5471, 447, "Kepi", "DJJ21100", "195000", "156000");
INSERT INTO `oc_city` (city_id, zone_id, name, code, jnereg, jneoke) VALUES (5472, 447, "Nambioman Bapai", "DJJ21105", "235000", "196000");
INSERT INTO `oc_city` (city_id, zone_id, name, code, jnereg, jneoke) VALUES (5473, 447, "Obaa", "DJJ21106", "235000", "196000");
INSERT INTO `oc_zone` (zone_id, country_id, name, status) VALUES (448, 33, "Kab. Merauke", 1);
INSERT INTO `oc_city` (city_id, zone_id, name, code, jnereg, jneoke) VALUES (5474, 448, "Distrik Ulilin", "DJJ20418", "135000", "80000");
INSERT INTO `oc_city` (city_id, zone_id, name, code, jnereg, jneoke) VALUES (5475, 448, "Eligobel", "DJJ20419", "135000", "80000");
INSERT INTO `oc_city` (city_id, zone_id, name, code, jnereg, jneoke) VALUES (5476, 448, "Jagebob", "DJJ20420", "135000", "80000");
INSERT INTO `oc_city` (city_id, zone_id, name, code, jnereg, jneoke) VALUES (5477, 448, "Kimaam", "DJJ20407", "135000", "80000");
INSERT INTO `oc_city` (city_id, zone_id, name, code, jnereg, jneoke) VALUES (5478, 448, "Kurik", "DJJ20421", "135000", "80000");
INSERT INTO `oc_city` (city_id, zone_id, name, code, jnereg, jneoke) VALUES (5479, 448, "Merauke", "DJJ20400", "95000", "76000");
INSERT INTO `oc_city` (city_id, zone_id, name, code, jnereg, jneoke) VALUES (5480, 448, "Muting", "DJJ20411", "135000", "80000");
INSERT INTO `oc_city` (city_id, zone_id, name, code, jnereg, jneoke) VALUES (5481, 448, "Okaba", "DJJ20414", "135000", "80000");
INSERT INTO `oc_city` (city_id, zone_id, name, code, jnereg, jneoke) VALUES (5482, 448, "Semangga", "DJJ20422", "135000", "80000");
INSERT INTO `oc_city` (city_id, zone_id, name, code, jnereg, jneoke) VALUES (5483, 448, "Sota", "DJJ20423", "135000", "80000");
INSERT INTO `oc_city` (city_id, zone_id, name, code, jnereg, jneoke) VALUES (5484, 448, "Tanah Miring", "DJJ20424", "135000", "80000");
INSERT INTO `oc_zone` (zone_id, country_id, name, status) VALUES (449, 33, "Kab. Mimika", 1);
INSERT INTO `oc_city` (city_id, zone_id, name, code, jnereg, jneoke) VALUES (5485, 449, "Agimuga", "TIM10001", "145000", "145000");
INSERT INTO `oc_city` (city_id, zone_id, name, code, jnereg, jneoke) VALUES (5486, 449, "Jila", "TIM10002", "145000", "145000");
INSERT INTO `oc_city` (city_id, zone_id, name, code, jnereg, jneoke) VALUES (5487, 449, "Jita", "TIM10003", "145000", "145000");
INSERT INTO `oc_city` (city_id, zone_id, name, code, jnereg, jneoke) VALUES (5488, 449, "Kuala Kencana", "TIM10004", "145000", "145000");
INSERT INTO `oc_city` (city_id, zone_id, name, code, jnereg, jneoke) VALUES (5489, 449, "Mimika Barat", "TIM10005", "145000", "145000");
INSERT INTO `oc_city` (city_id, zone_id, name, code, jnereg, jneoke) VALUES (5490, 449, "Mimika Barat Jauh", "TIM10006", "145000", "145000");
INSERT INTO `oc_city` (city_id, zone_id, name, code, jnereg, jneoke) VALUES (5491, 449, "Mimika Barat Tengah", "TIM10007", "145000", "145000");
INSERT INTO `oc_city` (city_id, zone_id, name, code, jnereg, jneoke) VALUES (5492, 449, "Mimika Baru", "TIM10008", "145000", "145000");
INSERT INTO `oc_city` (city_id, zone_id, name, code, jnereg, jneoke) VALUES (5493, 449, "Mimika Timur", "TIM10009", "145000", "145000");
INSERT INTO `oc_city` (city_id, zone_id, name, code, jnereg, jneoke) VALUES (5494, 449, "Mimika Timur Jauh", "TIM10010", "145000", "145000");
INSERT INTO `oc_city` (city_id, zone_id, name, code, jnereg, jneoke) VALUES (5495, 449, "Mimika Timur Tengah", "TIM10011", "145000", "145000");
INSERT INTO `oc_city` (city_id, zone_id, name, code, jnereg, jneoke) VALUES (5496, 449, "Tembaga Pura", "TIM10012", "95000", "145000");
INSERT INTO `oc_city` (city_id, zone_id, name, code, jnereg, jneoke) VALUES (5497, 449, "Timika", "TIM10000", "95000", "95000");
INSERT INTO `oc_zone` (zone_id, country_id, name, status) VALUES (450, 33, "Kab. Nabire", 1);
INSERT INTO `oc_city` (city_id, zone_id, name, code, jnereg, jneoke) VALUES (5498, 450, "Kamu", "DJJ20506", "135000", "116000");
INSERT INTO `oc_city` (city_id, zone_id, name, code, jnereg, jneoke) VALUES (5499, 450, "Kamu Utara", "DJJ20519", "135000", "116000");
INSERT INTO `oc_city` (city_id, zone_id, name, code, jnereg, jneoke) VALUES (5500, 450, "Makimi", "DJJ20520", "135000", "116000");
INSERT INTO `oc_city` (city_id, zone_id, name, code, jnereg, jneoke) VALUES (5501, 450, "Mapia", "DJJ20507", "135000", "156000");
INSERT INTO `oc_city` (city_id, zone_id, name, code, jnereg, jneoke) VALUES (5502, 450, "Nabire", "DJJ20500", "135000", "76000");
INSERT INTO `oc_city` (city_id, zone_id, name, code, jnereg, jneoke) VALUES (5503, 450, "Napan", "DJJ20509", "135000", "116000");
INSERT INTO `oc_city` (city_id, zone_id, name, code, jnereg, jneoke) VALUES (5504, 450, "Siriwo", "DJJ20521", "135000", "116000");
INSERT INTO `oc_city` (city_id, zone_id, name, code, jnereg, jneoke) VALUES (5505, 450, "Sukikai", "DJJ20522", "135000", "116000");
INSERT INTO `oc_city` (city_id, zone_id, name, code, jnereg, jneoke) VALUES (5506, 450, "Teluk Umar", "DJJ20523", "135000", "116000");
INSERT INTO `oc_city` (city_id, zone_id, name, code) VALUES (5507, 450, "Uwapa", "DJJ20524");
INSERT INTO `oc_city` (city_id, zone_id, name, code, jnereg, jneoke) VALUES (5508, 450, "Wanggar", "DJJ20525", "135000", "116000");
INSERT INTO `oc_city` (city_id, zone_id, name, code, jnereg, jneoke) VALUES (5509, 450, "Yaur", "DJJ20516", "135000", "116000");
INSERT INTO `oc_zone` (zone_id, country_id, name, status) VALUES (451, 33, "Kab. Paniai", 1);
INSERT INTO `oc_city` (city_id, zone_id, name, code, jnereg, jneoke) VALUES (5510, 451, "Agisiga", "DJJ21201", "225000", "188000");
INSERT INTO `oc_city` (city_id, zone_id, name, code, jnereg, jneoke) VALUES (5511, 451, "Aradide", "DJJ21202", "225000", "188000");
INSERT INTO `oc_city` (city_id, zone_id, name, code, jnereg, jneoke) VALUES (5512, 451, "Biandoga", "DJJ21203", "225000", "188000");
INSERT INTO `oc_city` (city_id, zone_id, name, code, jnereg, jneoke) VALUES (5513, 451, "Bibida", "DJJ21204", "225000", "188000");
INSERT INTO `oc_city` (city_id, zone_id, name, code, jnereg, jneoke) VALUES (5514, 451, "Bogoboida", "DJJ21205", "225000", "188000");
INSERT INTO `oc_city` (city_id, zone_id, name, code, jnereg, jneoke) VALUES (5515, 451, "Enarotari", "DJJ21200", "185000", "148000");
INSERT INTO `oc_city` (city_id, zone_id, name, code, jnereg, jneoke) VALUES (5516, 451, "Homeyo", "DJJ21206", "225000", "188000");
INSERT INTO `oc_city` (city_id, zone_id, name, code) VALUES (5517, 451, "Paniai Barat", "DJJ21207");
INSERT INTO `oc_city` (city_id, zone_id, name, code) VALUES (5518, 451, "Paniai Timur", "DJJ21208");
INSERT INTO `oc_city` (city_id, zone_id, name, code, jnereg, jneoke) VALUES (5519, 451, "Sugapa", "DJJ21209", "225000", "188000");
INSERT INTO `oc_city` (city_id, zone_id, name, code, jnereg, jneoke) VALUES (5520, 451, "Tigi", "DJJ21210", "225000", "188000");
INSERT INTO `oc_city` (city_id, zone_id, name, code, jnereg, jneoke) VALUES (5521, 451, "Tigi Timur", "DJJ21211", "225000", "188000");
INSERT INTO `oc_zone` (zone_id, country_id, name, status) VALUES (452, 33, "Kab. Pegunungan Bintang", 1);
INSERT INTO `oc_city` (city_id, zone_id, name, code, jnereg, jneoke) VALUES (5522, 452, "Batom", "DJJ21301", "135000", "188000");
INSERT INTO `oc_city` (city_id, zone_id, name, code, jnereg, jneoke) VALUES (5523, 452, "Borme", "DJJ21302", "135000", "188000");
INSERT INTO `oc_city` (city_id, zone_id, name, code, jnereg, jneoke) VALUES (5524, 452, "Iwur", "DJJ21303", "135000", "188000");
INSERT INTO `oc_city` (city_id, zone_id, name, code, jnereg, jneoke) VALUES (5525, 452, "Kiwirok", "DJJ21304", "135000", "188000");
INSERT INTO `oc_city` (city_id, zone_id, name, code, jnereg, jneoke) VALUES (5526, 452, "Okbibab", "DJJ21305", "135000", "188000");
INSERT INTO `oc_city` (city_id, zone_id, name, code, jnereg, jneoke) VALUES (5527, 452, "Oksibil", "DJJ21300", "95000", "148000");
INSERT INTO `oc_zone` (zone_id, country_id, name, status) VALUES (453, 33, "Kab. Puncak Jaya", 1);
INSERT INTO `oc_city` (city_id, zone_id, name, code, jnereg, jneoke) VALUES (5528, 453, "Beoga", "DJJ21401", "120000", "193000");
INSERT INTO `oc_city` (city_id, zone_id, name, code, jnereg, jneoke) VALUES (5529, 453, "Fawi", "DJJ21402", "120000", "193000");
INSERT INTO `oc_city` (city_id, zone_id, name, code, jnereg, jneoke) VALUES (5530, 453, "Ilaga", "DJJ21403", "120000", "193000");
INSERT INTO `oc_city` (city_id, zone_id, name, code, jnereg, jneoke) VALUES (5531, 453, "Ilu", "DJJ21404", "120000", "193000");
INSERT INTO `oc_city` (city_id, zone_id, name, code, jnereg, jneoke) VALUES (5532, 453, "Mulia", "DJJ21400", "95000", "148000");
INSERT INTO `oc_city` (city_id, zone_id, name, code, jnereg, jneoke) VALUES (5533, 453, "Sinak", "DJJ21405", "120000", "193000");
INSERT INTO `oc_zone` (zone_id, country_id, name, status) VALUES (454, 33, "Kab. Sarmi", 1);
INSERT INTO `oc_city` (city_id, zone_id, name, code, jnereg, jneoke) VALUES (5534, 454, "Bonggo", "DJJ21501", "225000", "188000");
INSERT INTO `oc_city` (city_id, zone_id, name, code, jnereg, jneoke) VALUES (5535, 454, "Pantai Barat", "DJJ21502", "225000", "148000");
INSERT INTO `oc_city` (city_id, zone_id, name, code, jnereg, jneoke) VALUES (5536, 454, "Pantai Timur", "DJJ21503", "225000", "148000");
INSERT INTO `oc_city` (city_id, zone_id, name, code, jnereg, jneoke) VALUES (5537, 454, "Sarmi", "DJJ21500", "185000", "148000");
INSERT INTO `oc_city` (city_id, zone_id, name, code, jnereg, jneoke) VALUES (5538, 454, "Tor Atas", "DJJ21504", "225000", "188000");
INSERT INTO `oc_zone` (zone_id, country_id, name, status) VALUES (455, 33, "Kab. Supiori", 1);
INSERT INTO `oc_city` (city_id, zone_id, name, code, jnereg, jneoke) VALUES (5539, 455, "Sorendiweri", "DJJ21600", "185000", "148000");
INSERT INTO `oc_city` (city_id, zone_id, name, code, jnereg, jneoke) VALUES (5540, 455, "Supiori Selatan", "DJJ21601", "215000", "178000");
INSERT INTO `oc_city` (city_id, zone_id, name, code, jnereg, jneoke) VALUES (5541, 455, "Supiori Timur", "DJJ21602", "215000", "178000");
INSERT INTO `oc_city` (city_id, zone_id, name, code, jnereg, jneoke) VALUES (5542, 455, "Supiori Utara", "DJJ21603", "215000", "178000");
INSERT INTO `oc_zone` (zone_id, country_id, name, status) VALUES (456, 33, "Kab. Talikora", 1);
INSERT INTO `oc_city` (city_id, zone_id, name, code, jnereg, jneoke) VALUES (5543, 456, "Bokondini", "DJJ21701", "185000", "148000");
INSERT INTO `oc_city` (city_id, zone_id, name, code, jnereg, jneoke) VALUES (5544, 456, "Kanggime", "DJJ21702", "185000", "148000");
INSERT INTO `oc_city` (city_id, zone_id, name, code, jnereg, jneoke) VALUES (5545, 456, "Karubaga", "DJJ21700", "185000", "148000");
INSERT INTO `oc_city` (city_id, zone_id, name, code) VALUES (5546, 456, "Kembu", "DJJ21703");
INSERT INTO `oc_zone` (zone_id, country_id, name, status) VALUES (457, 33, "Kab. Waropen", 1);
INSERT INTO `oc_city` (city_id, zone_id, name, code, jnereg, jneoke) VALUES (5547, 457, "Botawa", "DJJ21800", "185000", "148000");
INSERT INTO `oc_city` (city_id, zone_id, name, code, jnereg, jneoke) VALUES (5548, 457, "Masirei", "DJJ21801", "215000", "178000");
INSERT INTO `oc_city` (city_id, zone_id, name, code, jnereg, jneoke) VALUES (5549, 457, "Waropen Bawah", "DJJ21802", "215000", "178000");
INSERT INTO `oc_zone` (zone_id, country_id, name, status) VALUES (458, 33, "Kab. Yahukimo", 1);
INSERT INTO `oc_city` (city_id, zone_id, name, code, jnereg, jneoke) VALUES (5550, 458, "Anggruk", "DJJ21901", "125000", "106000");
INSERT INTO `oc_city` (city_id, zone_id, name, code, jnereg, jneoke) VALUES (5551, 458, "Kurima", "DJJ21902", "125000", "106000");
INSERT INTO `oc_city` (city_id, zone_id, name, code, jnereg, jneoke) VALUES (5552, 458, "Ninia", "DJJ21903", "125000", "106000");
INSERT INTO `oc_city` (city_id, zone_id, name, code, jnereg, jneoke) VALUES (5553, 458, "Sumohai", "DJJ21900", "95000", "78000");
INSERT INTO `oc_zone` (zone_id, country_id, name, status) VALUES (459, 33, "Kab. Yapen Waropen", 1);
INSERT INTO `oc_city` (city_id, zone_id, name, code, jnereg, jneoke) VALUES (5554, 459, "Angkaisera", "DJJ20606", "215000", "178000");
INSERT INTO `oc_city` (city_id, zone_id, name, code, jnereg, jneoke) VALUES (5555, 459, "Poom", "DJJ20607", "215000", "178000");
INSERT INTO `oc_city` (city_id, zone_id, name, code, jnereg, jneoke) VALUES (5556, 459, "Serui", "DJJ20600", "185000", "148000");
INSERT INTO `oc_city` (city_id, zone_id, name, code, jnereg, jneoke) VALUES (5557, 459, "Yapen Barat", "DJJ20603", "215000", "148000");
INSERT INTO `oc_city` (city_id, zone_id, name, code, jnereg, jneoke) VALUES (5558, 459, "Yapen Selatan", "DJJ20609", "215000", "148000");
INSERT INTO `oc_city` (city_id, zone_id, name, code, jnereg, jneoke) VALUES (5559, 459, "Yapen Timur", "DJJ20604", "215000", "148000");
INSERT INTO `oc_zone` (zone_id, country_id, name, status) VALUES (460, 33, "Kab. Mamberamo Raya", 1);
INSERT INTO `oc_city` (city_id, zone_id, name, code, jnereg, jneoke) VALUES (5560, 460, "Burmeso", "DJJ22000", "185000", "148000");
INSERT INTO `oc_city` (city_id, zone_id, name, code, jnereg, jneoke) VALUES (5561, 460, "Mamberamo Tengah", "DJJ22001", "215000", "148000");
INSERT INTO `oc_city` (city_id, zone_id, name, code, jnereg, jneoke) VALUES (5562, 460, "Mamberamo Ilir", "DJJ22002", "215000", "148000");
INSERT INTO `oc_city` (city_id, zone_id, name, code, jnereg, jneoke) VALUES (5563, 460, "Mamberamo Ulu", "DJJ22003", "215000", "148000");
INSERT INTO `oc_city` (city_id, zone_id, name, code, jnereg, jneoke) VALUES (5564, 460, "Mamberamo Tengah Timur", "DJJ22004", "215000", "148000");
INSERT INTO `oc_city` (city_id, zone_id, name, code, jnereg, jneoke) VALUES (5565, 460, "Rufaer", "DJJ22005", "215000", "178000");
INSERT INTO `oc_city` (city_id, zone_id, name, code, jnereg, jneoke) VALUES (5566, 460, "Waropen Atas", "DJJ22006", "215000", "178000");
INSERT INTO `oc_city` (city_id, zone_id, name, code, jnereg, jneoke) VALUES (5567, 460, "Benuki", "DJJ22007", "215000", "178000");
INSERT INTO `oc_city` (city_id, zone_id, name, code, jnereg, jneoke) VALUES (5568, 460, "Sawai", "DJJ22008", "215000", "178000");
INSERT INTO `oc_zone` (zone_id, country_id, name, status) VALUES (461, 33, "Kota Jayapura", 1);
INSERT INTO `oc_city` (city_id, zone_id, name, code, jnereg, jneoke) VALUES (5569, 461, "Abepura", "DJJ10001", "75000", "60000");
INSERT INTO `oc_city` (city_id, zone_id, name, code, jnereg, jneoke) VALUES (5570, 461, "Jayapura Selatan", "DJJ10029", "75000", "60000");
INSERT INTO `oc_city` (city_id, zone_id, name, code, jnereg, jneoke) VALUES (5571, 461, "Jayapura Utara", "DJJ10030", "75000", "60000");
INSERT INTO `oc_city` (city_id, zone_id, name, code, jnereg, jneoke) VALUES (5572, 461, "Muara Tam", "DJJ10031", "75000", "60000");
